ISO-10303-21;
HEADER;
FILE_DESCRIPTION (( 'STEP AP214' ),
    '1' );
FILE_NAME ('couvercle_xiao.STEP',
    '2026-08-20T21:21:27',
    ( '' ),
    ( '' ),
    'SwSTEP 2.0',
    'SolidWorks 2025',
    '' );
FILE_SCHEMA (( 'AUTOMOTIVE_DESIGN' ));
ENDSEC;

DATA;
#1 = DIRECTION ( 'NONE',  ( 0.7071067811865439090, 0.000000000000000000, -0.7071067811865512365 ) ) ;
#2 = CARTESIAN_POINT ( 'NONE',  ( 97.77817459305201453, 15.60000000000000320, -3.798275605729727555 ) ) ;
#3 = DIRECTION ( 'NONE',  ( -0.7071067811865474617, 0.000000000000000000, 0.7071067811865474617 ) ) ;
#4 = DIRECTION ( 'NONE',  ( 9.376883653928788436E-17, -1.000000000000000000, 9.376883653928691061E-17 ) ) ;
#5 = ORIENTED_EDGE ( 'NONE', *, *, #1036, .T. ) ;
#6 = CARTESIAN_POINT ( 'NONE',  ( 102.5350288425443495, 22.55147186257614678, -7.706601717798256423 ) ) ;
#7 = PLANE ( 'NONE',  #8263 ) ;
#8 = ORIENTED_EDGE ( 'NONE', *, *, #8367, .T. ) ;
#9 = FACE_OUTER_BOUND ( 'NONE', #1975, .T. ) ;
#10 = ORIENTED_EDGE ( 'NONE', *, *, #9632, .F. ) ;
#11 = DIRECTION ( 'NONE',  ( 0.000000000000000000, 1.000000000000000000, -0.000000000000000000 ) ) ;
#12 = LINE ( 'NONE', #9742, #1078 ) ;
#13 = ORIENTED_EDGE ( 'NONE', *, *, #2990, .F. ) ;
#14 = VECTOR ( 'NONE', #6118, 999.9999999999998863 ) ;
#15 = ADVANCED_FACE ( 'NONE', ( #1655 ), #7436, .T. ) ;
#16 = CARTESIAN_POINT ( 'NONE',  ( 60.14436877094388478, -30.11650471912472327, 2.000000000000003553 ) ) ;
#17 = DIRECTION ( 'NONE',  ( -0.7071067811865384689, 0.000000000000000000, 0.7071067811865565655 ) ) ;
#18 = ORIENTED_EDGE ( 'NONE', *, *, #7655, .T. ) ;
#19 = ORIENTED_EDGE ( 'NONE', *, *, #6534, .T. ) ;
#20 = CARTESIAN_POINT ( 'NONE',  ( 102.7721530505683774, -13.12392199089529043, -8.792254063246151219 ) ) ;
#21 = DIRECTION ( 'NONE',  ( -0.5388421462631894920, -0.6475324569633190697, 0.5388421462631953762 ) ) ;
#22 = EDGE_LOOP ( 'NONE', ( #4551, #7284, #1792, #8875 ) ) ;
#23 = DIRECTION ( 'NONE',  ( -0.7071067811865514585, -2.775557561562890858E-16, -0.7071067811865437980 ) ) ;
#24 = VECTOR ( 'NONE', #8701, 1000.000000000000000 ) ;
#25 = FACE_OUTER_BOUND ( 'NONE', #2274, .T. ) ;
#26 = EDGE_LOOP ( 'NONE', ( #1056, #2142, #7470, #10172 ) ) ;
#27 =( NAMED_UNIT ( * ) SI_UNIT ( $, .STERADIAN. ) SOLID_ANGLE_UNIT ( ) );
#28 = CARTESIAN_POINT ( 'NONE',  ( 104.5057339290722211, -17.83185802076771154, -10.52583494174989909 ) ) ;
#29 = AXIS2_PLACEMENT_3D ( 'NONE', #217, #4102, #6588 ) ;
#30 = VERTEX_POINT ( 'NONE', #3517 ) ;
#31 = CARTESIAN_POINT ( 'NONE',  ( 51.50000000000002132, 43.99999999999998579, 0.000000000000000000 ) ) ;
#32 = LINE ( 'NONE', #4040, #3851 ) ;
#33 = CARTESIAN_POINT ( 'NONE',  ( 97.12106941901767243, -16.17465732226597197, -2.292642294271638015 ) ) ;
#34 = DIRECTION ( 'NONE',  ( 5.578232639531830225E-15, -1.000000000000000000, -5.338960435948879175E-15 ) ) ;
#35 = DIRECTION ( 'NONE',  ( 0.5038461287570181746, 0.7016253680370506673, -0.5038461287570238367 ) ) ;
#36 = TOROIDAL_SURFACE ( 'NONE', #743, 6.999999999999996447, 1.000000000000000000 ) ;
#37 = ADVANCED_FACE ( 'NONE', ( #8291 ), #7319, .F. ) ;
#38 = ORIENTED_EDGE ( 'NONE', *, *, #328, .F. ) ;
#39 = CARTESIAN_POINT ( 'NONE',  ( 110.9303607231217370, 13.00000000000001421, -18.93036072312193596 ) ) ;
#40 = EDGE_CURVE ( 'NONE', #10079, #2326, #159, .T. ) ;
#41 = DIRECTION ( 'NONE',  ( 7.891197274167559081E-15, -1.000000000000000000, -7.651925070584634063E-15 ) ) ;
#42 = CARTESIAN_POINT ( 'NONE',  ( 90.28840462579145765, 15.49999999999898748, -0.7632783599442070077 ) ) ;
#43 = ADVANCED_FACE ( 'NONE', ( #6739 ), #1758, .F. ) ;
#44 = EDGE_CURVE ( 'NONE', #9308, #10139, #813, .T. ) ;
#45 = COLOUR_RGB ( '',0.7921568627450980005, 0.8196078431372548767, 0.9333333333333333481 ) ;
#46 = EDGE_CURVE ( 'NONE', #4073, #2744, #48, .T. ) ;
#47 = EDGE_CURVE ( 'NONE', #3713, #8035, #6517, .T. ) ;
#48 = LINE ( 'NONE', #9933, #9795 ) ;
#49 = CARTESIAN_POINT ( 'NONE',  ( 99.05703369612034237, -8.153829598535178746, -5.077134708798053175 ) ) ;
#50 = ORIENTED_EDGE ( 'NONE', *, *, #10252, .F. ) ;
#51 = EDGE_LOOP ( 'NONE', ( #5731, #8891, #991, #9148 ) ) ;
#52 = DIRECTION ( 'NONE',  ( 1.196361017915046142E-16, -1.000000000000000000, 1.196361017915046142E-16 ) ) ;
#53 = DIRECTION ( 'NONE',  ( -0.7071067811865513475, -1.691909977029939647E-16, -0.7071067811865437980 ) ) ;
#54 = CIRCLE ( 'NONE', #5983, 2.000000000000001776 ) ;
#55 = CYLINDRICAL_SURFACE ( 'NONE', #6827, 0.09999999999999154010 ) ;
#56 = DIRECTION ( 'NONE',  ( 0.7071067811865513475, 0.000000000000000000, 0.7071067811865436870 ) ) ;
#57 = DIRECTION ( 'NONE',  ( 0.7071067811865439090, 1.691909977029921404E-16, -0.7071067811865512365 ) ) ;
#58 = EDGE_CURVE ( 'NONE', #9391, #10110, #8104, .T. ) ;
#59 = VERTEX_POINT ( 'NONE', #1025 ) ;
#60 = FACE_OUTER_BOUND ( 'NONE', #5244, .T. ) ;
#61 = VECTOR ( 'NONE', #6109, 1000.000000000000227 ) ;
#62 = DIRECTION ( 'NONE',  ( 0.7071067811865426878, 0.000000000000000000, -0.7071067811865524577 ) ) ;
#63 = EDGE_LOOP ( 'NONE', ( #8895, #6687, #9985, #4135 ) ) ;
#64 = CARTESIAN_POINT ( 'NONE',  ( 97.55091604368882940, -12.74734812099879910, -2.722488918942655101 ) ) ;
#65 = CARTESIAN_POINT ( 'NONE',  ( 115.6016838179026536, 10.60000000000001208, -2.662486416881705065 ) ) ;
#66 = LINE ( 'NONE', #8362, #7322 ) ;
#67 = VERTEX_POINT ( 'NONE', #966 ) ;
#68 = CARTESIAN_POINT ( 'NONE',  ( 102.4919849806735783, -7.531112851764137694, -8.512085993351359292 ) ) ;
#69 = FACE_OUTER_BOUND ( 'NONE', #7823, .T. ) ;
#70 = ORIENTED_EDGE ( 'NONE', *, *, #4505, .T. ) ;
#71 = VECTOR ( 'NONE', #1832, 1000.000000000000000 ) ;
#72 = CARTESIAN_POINT ( 'NONE',  ( 105.0808319783567555, -12.84495593624679977, -11.10093299103449205 ) ) ;
#73 = CARTESIAN_POINT ( 'NONE',  ( 98.23495689301984157, -12.37008508985941369, -4.255057905697558596 ) ) ;
#74 = VERTEX_POINT ( 'NONE', #5885 ) ;
#75 =( LENGTH_UNIT ( ) NAMED_UNIT ( * ) SI_UNIT ( .MILLI., .METRE. ) );
#76 = LINE ( 'NONE', #5705, #4861 ) ;
#77 = PLANE ( 'NONE',  #4105 ) ;
#78 = EDGE_LOOP ( 'NONE', ( #10190, #5273, #3946, #4518 ) ) ;
#79 = AXIS2_PLACEMENT_3D ( 'NONE', #5240, #5339, #3727 ) ;
#80 = LINE ( 'NONE', #2486, #1932 ) ;
#81 = DIRECTION ( 'NONE',  ( 1.000000000000000000, 4.088160239089628984E-15, 0.000000000000000000 ) ) ;
#82 = EDGE_LOOP ( 'NONE', ( #440, #6107, #8475, #1094 ) ) ;
#83 = EDGE_CURVE ( 'NONE', #8028, #10184, #3545, .T. ) ;
#84 = CARTESIAN_POINT ( 'NONE',  ( 99.49336167961111244, -7.132193610202082645, -5.513462692288853439 ) ) ;
#85 = CARTESIAN_POINT ( 'NONE',  ( 87.00000000000001421, -28.53337520964456431, -162.2337144733732259 ) ) ;
#86 = LINE ( 'NONE', #6568, #2336 ) ;
#87 = CARTESIAN_POINT ( 'NONE',  ( 89.15000000000001990, 30.53337520964456786, 0.000000000000000000 ) ) ;
#88 = LINE ( 'NONE', #1018, #8780 ) ;
#89 = AXIS2_PLACEMENT_3D ( 'NONE', #7855, #7147, #691 ) ;
#90 = EDGE_CURVE ( 'NONE', #3424, #4109, #8973, .T. ) ;
#91 = EDGE_LOOP ( 'NONE', ( #4380, #5549, #6856, #9412, #10019, #2012 ) ) ;
#92 = DIRECTION ( 'NONE',  ( 0.7071067811865513475, 1.691909977029939400E-16, 0.7071067811865436870 ) ) ;
#93 = DIRECTION ( 'NONE',  ( 0.7071067811865512365, 1.691909977029939647E-16, 0.7071067811865437980 ) ) ;
#94 = VECTOR ( 'NONE', #2171, 1000.000000000000000 ) ;
#95 = EDGE_LOOP ( 'NONE', ( #5144, #4452, #2879, #5187 ) ) ;
#96 = PLANE ( 'NONE',  #6730 ) ;
#97 = CYLINDRICAL_SURFACE ( 'NONE', #10303, 1.300000000000006040 ) ;
#98 = CARTESIAN_POINT ( 'NONE',  ( 91.62983259169686789, -28.86986338288314613, -47.71847913284316434 ) ) ;
#99 = AXIS2_PLACEMENT_3D ( 'NONE', #5377, #1415, #2953 ) ;
#100 = LINE ( 'NONE', #2819, #2662 ) ;
#101 = VERTEX_POINT ( 'NONE', #8181 ) ;
#102 = ADVANCED_FACE ( 'NONE', ( #7374 ), #97, .F. ) ;
#103 = ORIENTED_EDGE ( 'NONE', *, *, #2758, .F. ) ;
#104 = PLANE ( 'NONE',  #5720 ) ;
#105 = AXIS2_PLACEMENT_3D ( 'NONE', #4469, #9407, #2938 ) ;
#106 = AXIS2_PLACEMENT_3D ( 'NONE', #4596, #4748, #7140 ) ;
#107 = DIRECTION ( 'NONE',  ( -0.7071067811865512365, -2.775557561562891844E-16, -0.7071067811865439090 ) ) ;
#108 = ADVANCED_FACE ( 'NONE', ( #8233 ), #4198, .F. ) ;
#109 = DIRECTION ( 'NONE',  ( -0.7071067811865513475, -1.691909977029939400E-16, -0.7071067811865436870 ) ) ;
#110 = AXIS2_PLACEMENT_3D ( 'NONE', #6715, #2427, #6662 ) ;
#111 = LINE ( 'NONE', #925, #9736 ) ;
#112 = LINE ( 'NONE', #9147, #1144 ) ;
#113 = AXIS2_PLACEMENT_3D ( 'NONE', #1340, #5246, #421 ) ;
#114 = ORIENTED_EDGE ( 'NONE', *, *, #10061, .F. ) ;
#115 = CARTESIAN_POINT ( 'NONE',  ( 103.9300035893749623, 8.199999999999993960, -9.950104602052700642 ) ) ;
#116 = CARTESIAN_POINT ( 'NONE',  ( 103.8258443999125689, -8.525132138761835066, -9.845945412590330292 ) ) ;
#117 = ADVANCED_FACE ( 'NONE', ( #10090 ), #2816, .T. ) ;
#118 = CIRCLE ( 'NONE', #4695, 7.999999999999992895 ) ;
#119 = VECTOR ( 'NONE', #6016, 1000.000000000000000 ) ;
#120 = ORIENTED_EDGE ( 'NONE', *, *, #1115, .F. ) ;
#121 = CARTESIAN_POINT ( 'NONE',  ( 97.92976791516494472, -11.86216094775716101, -3.949868927842542732 ) ) ;
#122 = ORIENTED_EDGE ( 'NONE', *, *, #6094, .F. ) ;
#123 = AXIS2_PLACEMENT_3D ( 'NONE', #9686, #670, #8722 ) ;
#124 = DIRECTION ( 'NONE',  ( -0.7071067811865514585, -2.775557561562890858E-16, -0.7071067811865437980 ) ) ;
#125 = EDGE_CURVE ( 'NONE', #6294, #4317, #5209, .T. ) ;
#126 = CIRCLE ( 'NONE', #6058, 0.8500000000000170752 ) ;
#127 = ADVANCED_FACE ( 'NONE', ( #8493 ), #1232, .F. ) ;
#128 = CARTESIAN_POINT ( 'NONE',  ( 100.5091694411710677, -14.69140301790534942, -6.529270453848779354 ) ) ;
#129 = AXIS2_PLACEMENT_3D ( 'NONE', #1208, #4430, #1104 ) ;
#130 = ORIENTED_EDGE ( 'NONE', *, *, #6120, .F. ) ;
#131 = CIRCLE ( 'NONE', #4207, 2.499999999999988454 ) ;
#132 = CARTESIAN_POINT ( 'NONE',  ( 100.4998078087685229, -11.16003313723816781, -6.519908821446274594 ) ) ;
#133 = LINE ( 'NONE', #6602, #2656 ) ;
#134 = ORIENTED_EDGE ( 'NONE', *, *, #2903, .T. ) ;
#135 = VERTEX_POINT ( 'NONE', #486 ) ;
#136 = CARTESIAN_POINT ( 'NONE',  ( 118.2842712474618025, -28.99999999999997868, -24.87005768508894477 ) ) ;
#137 = CARTESIAN_POINT ( 'NONE',  ( 103.7235003112175207, -13.32262416908941205, -9.743601323895275002 ) ) ;
#138 = DIRECTION ( 'NONE',  ( 1.895787117473065560E-14, 1.000000000000000000, -9.478935587365327799E-15 ) ) ;
#139 = ORIENTED_EDGE ( 'NONE', *, *, #10323, .F. ) ;
#140 = CARTESIAN_POINT ( 'NONE',  ( 101.8944026629646942, -6.159600610020007139, -7.914503675642441394 ) ) ;
#141 = VERTEX_POINT ( 'NONE', #4560 ) ;
#142 = VECTOR ( 'NONE', #4881, 1000.000000000000000 ) ;
#143 = CARTESIAN_POINT ( 'NONE',  ( 73.63603992884834781, -20.50000000000105516, 13.69705531532066267 ) ) ;
#144 = DIRECTION ( 'NONE',  ( -0.000000000000000000, -9.376883653928688596E-17, -1.000000000000000000 ) ) ;
#145 = VERTEX_POINT ( 'NONE', #9346 ) ;
#146 = PRESENTATION_STYLE_ASSIGNMENT (( #6455 ) ) ;
#147 = CARTESIAN_POINT ( 'NONE',  ( 102.1312545858668415, -17.56833855368435238, -8.151355598544478553 ) ) ;
#148 = CARTESIAN_POINT ( 'NONE',  ( 100.3486271151704869, -6.704420284902468552, -5.520199990424393022 ) ) ;
#149 = DIRECTION ( 'NONE',  ( 1.000000000000000000, 0.000000000000000000, 0.000000000000000000 ) ) ;
#150 = CARTESIAN_POINT ( 'NONE',  ( 101.0651803615608912, 17.40000000000001279, -7.085281374238633134 ) ) ;
#151 = FACE_OUTER_BOUND ( 'NONE', #8635, .T. ) ;
#152 = DIRECTION ( 'NONE',  ( 0.7071067811865439090, 0.000000000000000000, -0.7071067811865512365 ) ) ;
#153 = EDGE_LOOP ( 'NONE', ( #3219, #4573, #9862, #3330 ) ) ;
#154 = CARTESIAN_POINT ( 'NONE',  ( 89.40452114930819505, 15.49999999999898748, -1.647161836427473158 ) ) ;
#155 = FACE_OUTER_BOUND ( 'NONE', #201, .T. ) ;
#156 = EDGE_CURVE ( 'NONE', #7377, #6178, #4371, .T. ) ;
#157 = CARTESIAN_POINT ( 'NONE',  ( 104.1876913256177062, -8.316731036941829913, -9.359264200871656669 ) ) ;
#158 = LINE ( 'NONE', #863, #1489 ) ;
#159 = LINE ( 'NONE', #3462, #9286 ) ;
#160 = CARTESIAN_POINT ( 'NONE',  ( 90.86910030639887736, -27.07273360092282033, -52.28287284467461404 ) ) ;
#161 = CARTESIAN_POINT ( 'NONE',  ( 103.0107647738324204, 19.40000000000000924, -9.030865786510185345 ) ) ;
#162 = CARTESIAN_POINT ( 'NONE',  ( 101.1952798768673318, -12.99999999999998579, -7.215380889545056853 ) ) ;
#163 = ORIENTED_EDGE ( 'NONE', *, *, #6066, .F. ) ;
#164 = ORIENTED_EDGE ( 'NONE', *, *, #7629, .F. ) ;
#165 = CARTESIAN_POINT ( 'NONE',  ( 105.9545061178774006, -13.32181596742723606, -11.12607899313135285 ) ) ;
#166 = EDGE_LOOP ( 'NONE', ( #5212, #9751, #4442, #5517, #6140, #7011, #3898, #4052 ) ) ;
#167 = CARTESIAN_POINT ( 'NONE',  ( 105.8128538457954306, -16.92215494435891898, -10.98442672104949125 ) ) ;
#168 = PLANE ( 'NONE',  #571 ) ;
#169 = CARTESIAN_POINT ( 'NONE',  ( 103.4238634264962826, -6.632082894133788820, -8.595436301750192243 ) ) ;
#170 = CARTESIAN_POINT ( 'NONE',  ( 75.15075759508263786, -23.99999999999998224, 19.67766952966377403 ) ) ;
#171 = ORIENTED_EDGE ( 'NONE', *, *, #946, .T. ) ;
#172 = DIRECTION ( 'NONE',  ( -0.7071067811865512365, -1.326091603618060524E-16, -0.7071067811865439090 ) ) ;
#173 = CARTESIAN_POINT ( 'NONE',  ( 100.0237590053235976, 16.17573593128808440, -5.195331880577462869 ) ) ;
#174 = ORIENTED_EDGE ( 'NONE', *, *, #5080, .T. ) ;
#175 = CARTESIAN_POINT ( 'NONE',  ( 99.51756377015297517, -16.35126104846348838, -5.537664782830693966 ) ) ;
#176 = ORIENTED_EDGE ( 'NONE', *, *, #1115, .T. ) ;
#177 = CARTESIAN_POINT ( 'NONE',  ( 90.28840462579145765, 15.49999999999898748, -0.6132783599442153122 ) ) ;
#178 = LINE ( 'NONE', #6598, #2253 ) ;
#179 = ADVANCED_FACE ( 'NONE', ( #2975 ), #4356, .T. ) ;
#180 = CARTESIAN_POINT ( 'NONE',  ( 99.84498388333480534, -9.120834165463255871, -5.865084896012597859 ) ) ;
#181 = CARTESIAN_POINT ( 'NONE',  ( 43.66654762208498397, -1.332267629550187060E-16, 43.66654762208442264 ) ) ;
#182 = ADVANCED_FACE ( 'NONE', ( #5349, #6786 ), #2131, .T. ) ;
#183 = CARTESIAN_POINT ( 'NONE',  ( 47.41421356237359674, 28.00000000000001776, 47.41421356237309936 ) ) ;
#184 = ADVANCED_FACE ( 'NONE', ( #8072 ), #7152, .T. ) ;
#185 = ADVANCED_FACE ( 'NONE', ( #7206 ), #6416, .T. ) ;
#186 = DIRECTION ( 'NONE',  ( 0.7071067811865456854, -9.562886442340736991E-16, -0.7071067811865493491 ) ) ;
#187 = CARTESIAN_POINT ( 'NONE',  ( 103.4350288425443551, 23.40000000000001279, -8.606601717798264772 ) ) ;
#188 = LINE ( 'NONE', #9110, #3705 ) ;
#189 = VERTEX_POINT ( 'NONE', #10297 ) ;
#190 = PLANE ( 'NONE',  #4031 ) ;
#191 = DIRECTION ( 'NONE',  ( -0.7071067811865513475, -1.691909977029939400E-16, -0.7071067811865436870 ) ) ;
#192 = ORIENTED_EDGE ( 'NONE', *, *, #9378, .F. ) ;
#193 = FILL_AREA_STYLE ('',( #5808 ) ) ;
#194 = CARTESIAN_POINT ( 'NONE',  ( 105.4588545881046144, -17.27644674173570039, -10.63042746335853828 ) ) ;
#195 = CARTESIAN_POINT ( 'NONE',  ( 100.2577201069552331, -10.17301288377232460, -6.277821119632985614 ) ) ;
#197 = ORIENTED_EDGE ( 'NONE', *, *, #10480, .T. ) ;
#196 = VECTOR ( 'NONE', #5689, 1000.000000000000000 ) ;
#198 = CYLINDRICAL_SURFACE ( 'NONE', #10294, 2.499999999999988454 ) ;
#199 = DIRECTION ( 'NONE',  ( -0.000000000000000000, -0.000000000000000000, 1.000000000000000000 ) ) ;
#200 = CARTESIAN_POINT ( 'NONE',  ( 75.46711511670021366, 21.49999999999887379, 12.69970337842665487 ) ) ;
#201 = EDGE_LOOP ( 'NONE', ( #831, #520, #6910, #1526 ) ) ;
#202 = CIRCLE ( 'NONE', #9702, 2.600000000000008527 ) ;
#203 = PLANE ( 'NONE',  #7172 ) ;
#204 = CARTESIAN_POINT ( 'NONE',  ( 92.23294827405450746, -14.00000000000019185, -0.2329482740545049668 ) ) ;
#205 = CARTESIAN_POINT ( 'NONE',  ( 97.35391052434009396, 8.200000000000002842, -3.374011537017794993 ) ) ;
#206 = DIRECTION ( 'NONE',  ( 0.7071067811865513475, 1.691909977029939893E-16, 0.7071067811865437980 ) ) ;
#207 = CARTESIAN_POINT ( 'NONE',  ( 96.65684644824457905, -15.56395264824424274, -2.676947460922278310 ) ) ;
#208 = FACE_OUTER_BOUND ( 'NONE', #4892, .T. ) ;
#209 = AXIS2_PLACEMENT_3D ( 'NONE', #2098, #8564, #10267 ) ;
#210 = DIRECTION ( 'NONE',  ( -0.7071067811865412445, 0.000000000000000000, 0.7071067811865539010 ) ) ;
#211 = EDGE_LOOP ( 'NONE', ( #9201, #164, #3774, #895 ) ) ;
#212 = ORIENTED_EDGE ( 'NONE', *, *, #2240, .T. ) ;
#213 = CARTESIAN_POINT ( 'NONE',  ( 105.2969434160950897, -13.02812432834024570, -10.46851629134902595 ) ) ;
#214 = ADVANCED_FACE ( 'NONE', ( #2233 ), #639, .F. ) ;
#215 = DIRECTION ( 'NONE',  ( 0.000000000000000000, 0.000000000000000000, 1.000000000000000000 ) ) ;
#216 = ORIENTED_EDGE ( 'NONE', *, *, #3989, .T. ) ;
#217 = CARTESIAN_POINT ( 'NONE',  ( 118.2842712474617883, 24.00000000000002132, -24.87005768508894477 ) ) ;
#218 = LINE ( 'NONE', #4212, #3809 ) ;
#219 = AXIS2_PLACEMENT_3D ( 'NONE', #7384, #109, #1767 ) ;
#220 = ORIENTED_EDGE ( 'NONE', *, *, #6192, .F. ) ;
#221 = CARTESIAN_POINT ( 'NONE',  ( 89.44782665443680969, 29.00000000000001776, 3.966386907936310990 ) ) ;
#222 = ORIENTED_EDGE ( 'NONE', *, *, #3220, .F. ) ;
#223 = DIRECTION ( 'NONE',  ( -4.282972444135817679E-15, 1.000000000000000000, 4.043700240552853219E-15 ) ) ;
#224 = EDGE_CURVE ( 'NONE', #5755, #6117, #5075, .T. ) ;
#225 = CARTESIAN_POINT ( 'NONE',  ( 103.5444117030307183, -7.644507458764771002, -9.564512715708444190 ) ) ;
#226 = VERTEX_POINT ( 'NONE', #5018 ) ;
#227 = FACE_OUTER_BOUND ( 'NONE', #3855, .T. ) ;
#228 = VECTOR ( 'NONE', #3669, 1000.000000000000000 ) ;
#229 = ORIENTED_EDGE ( 'NONE', *, *, #3960, .F. ) ;
#230 = EDGE_CURVE ( 'NONE', #226, #2732, #9733, .T. ) ;
#231 = CARTESIAN_POINT ( 'NONE',  ( 50.50000000000001421, 44.99999999999998579, 2.000000000000000000 ) ) ;
#232 = CARTESIAN_POINT ( 'NONE',  ( 74.41385738815336026, 21.49999999999885958, 13.34350192472751395 ) ) ;
#233 = FACE_OUTER_BOUND ( 'NONE', #4023, .T. ) ;
#234 = LINE ( 'NONE', #1842, #2995 ) ;
#235 = VECTOR ( 'NONE', #8931, 999.9999999999998863 ) ;
#236 = ORIENTED_EDGE ( 'NONE', *, *, #458, .T. ) ;
#237 = DIRECTION ( 'NONE',  ( 0.7071067811865513475, 1.691909977029939893E-16, 0.7071067811865437980 ) ) ;
#238 = PLANE ( 'NONE',  #2520 ) ;
#239 = CARTESIAN_POINT ( 'NONE',  ( 104.0350288425443352, 22.12720779386421555, -9.206601717798262641 ) ) ;
#240 = ORIENTED_EDGE ( 'NONE', *, *, #5180, .T. ) ;
#241 = CARTESIAN_POINT ( 'NONE',  ( 104.0007142674936205, 7.600000000000005862, -10.02081528017136769 ) ) ;
#242 = VERTEX_POINT ( 'NONE', #7363 ) ;
#243 = EDGE_CURVE ( 'NONE', #8844, #10333, #86, .T. ) ;
#244 = DIRECTION ( 'NONE',  ( 0.000000000000000000, 9.376883653928688596E-17, 1.000000000000000000 ) ) ;
#245 = CARTESIAN_POINT ( 'NONE',  ( 103.9490811982822009, -9.569500498558465296, -9.120654073536108797 ) ) ;
#246 = ORIENTED_EDGE ( 'NONE', *, *, #5133, .T. ) ;
#247 = EDGE_CURVE ( 'NONE', #10084, #1967, #5874, .T. ) ;
#248 = EDGE_CURVE ( 'NONE', #5285, #7795, #7049, .T. ) ;
#249 = EDGE_CURVE ( 'NONE', #2913, #3663, #3034, .T. ) ;
#250 = DIRECTION ( 'NONE',  ( 0.000000000000000000, 0.5773502691896306160, -0.8164965809277225928 ) ) ;
#251 = CARTESIAN_POINT ( 'NONE',  ( 100.7651803615609083, 17.82426406871194402, -6.785281374238623542 ) ) ;
#252 = AXIS2_PLACEMENT_3D ( 'NONE', #10054, #7450, #3537 ) ;
#253 = VERTEX_POINT ( 'NONE', #7104 ) ;
#254 = CARTESIAN_POINT ( 'NONE',  ( 102.4566270271187989, -15.10532799608344590, -8.476728039796563863 ) ) ;
#255 = B_SPLINE_CURVE_WITH_KNOTS ( 'NONE', 3,
 ( #3677, #1342, #6896, #4561, #7047, #5985, #2344, #4042 ),
 .UNSPECIFIED., .F., .F.,
 ( 4, 1, 1, 1, 1, 4 ),
 ( 0.000000000000000000, 0.2317113570506716957, 0.3869881936420744850, 0.5493815465833487011, 0.7225508604132591106, 1.000000000000000000 ),
 .UNSPECIFIED. ) ;
#256 = CARTESIAN_POINT ( 'NONE',  ( 87.85000000000002274, 33.58337520964456502, -162.2337144733732259 ) ) ;
#257 = CARTESIAN_POINT ( 'NONE',  ( 110.1752267978220203, -17.15322309509429743, 2.763970603199012555 ) ) ;
#258 = VECTOR ( 'NONE', #7207, 1000.000000000000000 ) ;
#259 = EDGE_LOOP ( 'NONE', ( #1774, #816, #1618, #3479 ) ) ;
#260 = ADVANCED_FACE ( 'NONE', ( #8757 ), #3934, .F. ) ;
#261 = CARTESIAN_POINT ( 'NONE',  ( 118.9913780286483274, 28.00000000000001776, -25.57716446627550511 ) ) ;
#262 = DIRECTION ( 'NONE',  ( 0.7071067811865471286, 0.000000000000000000, -0.7071067811865477948 ) ) ;
#263 = AXIS2_PLACEMENT_3D ( 'NONE', #4918, #41, #9021 ) ;
#264 = CARTESIAN_POINT ( 'NONE',  ( 101.7112819791297369, -5.806184949683045105, -6.882854854383606558 ) ) ;
#265 = CARTESIAN_POINT ( 'NONE',  ( 98.00746156225470429, -12.15039280264173982, -3.179034437508539312 ) ) ;
#266 = CARTESIAN_POINT ( 'NONE',  ( 90.60660267732536965, -20.50000000000091305, -3.273507433156548352 ) ) ;
#267 = DIRECTION ( 'NONE',  ( 0.7071067811865436870, 0.000000000000000000, -0.7071067811865513475 ) ) ;
#268 = ORIENTED_EDGE ( 'NONE', *, *, #1536, .F. ) ;
#269 = EDGE_LOOP ( 'NONE', ( #2910, #7663, #176, #1853 ) ) ;
#270 = DIRECTION ( 'NONE',  ( 0.7071067811865520136, -8.881784197001254296E-16, 0.7071067811865431318 ) ) ;
#271 = ORIENTED_EDGE ( 'NONE', *, *, #1953, .F. ) ;
#272 = LINE ( 'NONE', #3527, #8177 ) ;
#273 = ORIENTED_EDGE ( 'NONE', *, *, #10513, .T. ) ;
#274 = AXIS2_PLACEMENT_3D ( 'NONE', #9855, #6493, #2582 ) ;
#275 = DIRECTION ( 'NONE',  ( 0.7071067811865474617, 0.000000000000000000, -0.7071067811865474617 ) ) ;
#276 = CARTESIAN_POINT ( 'NONE',  ( 103.0611838965949403, -9.689317062940421721, -9.081284909272707040 ) ) ;
#277 = VERTEX_POINT ( 'NONE', #2065 ) ;
#278 = CARTESIAN_POINT ( 'NONE',  ( 100.6955775909725901, -17.15322309509430099, -6.715678603650333756 ) ) ;
#279 = AXIS2_PLACEMENT_3D ( 'NONE', #6685, #9025, #4976 ) ;
#280 = VECTOR ( 'NONE', #3650, 1000.000000000000000 ) ;
#281 = VERTEX_POINT ( 'NONE', #10241 ) ;
#282 = CARTESIAN_POINT ( 'NONE',  ( 112.2782819463258619, 19.40000000000001634, 0.6609154546951302445 ) ) ;
#283 = CARTESIAN_POINT ( 'NONE',  ( 103.9780269662109617, -9.212481796862576289, -9.998127978888719625 ) ) ;
#284 = VECTOR ( 'NONE', #1258, 1000.000000000000000 ) ;
#285 = VERTEX_POINT ( 'NONE', #2968 ) ;
#286 = CARTESIAN_POINT ( 'NONE',  ( 97.60626546847333884, -16.11036491588398079, -2.777838343727204062 ) ) ;
#287 = EDGE_LOOP ( 'NONE', ( #8067, #2380, #5055, #5514 ) ) ;
#288 = CARTESIAN_POINT ( 'NONE',  ( 106.1220346110532375, 17.40000000000001634, -12.14213562373103095 ) ) ;
#289 = B_SPLINE_CURVE_WITH_KNOTS ( 'NONE', 3,
 ( #6777, #4342, #2914, #5923, #4445, #7690, #9122, #1858, #412, #3611, #9224, #5973, #4494, #3664, #7528, #10143, #4290, #2866, #5286 ),
 .UNSPECIFIED., .F., .F.,
 ( 4, 1, 1, 1, 1, 1, 1, 1, 1, 1, 1, 1, 1, 1, 1, 1, 4 ),
 ( 0.000000000000000000, 0.1047763618991324197, 0.1566628469313914307, 0.2096650427055426480, 0.2449224382293686553, 0.2665868483314293158, 0.2773180179477281460, 0.2971053170208720617, 0.3253324117022814432, 0.3594046459838958762, 0.4145480382561923527, 0.4843931664128275916, 0.5585732515988123259, 0.6351685080609651424, 0.7000371107622971323, 0.7819458582267565516, 1.000000000000000000 ),
 .UNSPECIFIED. ) ;
#290 = CLOSED_SHELL ( 'NONE', ( #7799, #1880, #1565, #2859, #5882, #4725, #4945, #8592 ) ) ;
#291 = DIRECTION ( 'NONE',  ( 0.7071067811865461294, 0.000000000000000000, -0.7071067811865489050 ) ) ;
#292 = AXIS2_PLACEMENT_3D ( 'NONE', #9333, #5238, #1221 ) ;
#293 = CARTESIAN_POINT ( 'NONE',  ( 99.81346531722564919, -6.840930012152708350, -5.833566329903370651 ) ) ;
#294 = CARTESIAN_POINT ( 'NONE',  ( 100.0516383837999541, -8.847115551107986420, -5.223211259053811339 ) ) ;
#295 = EDGE_CURVE ( 'NONE', #5606, #5283, #7123, .T. ) ;
#296 = CIRCLE ( 'NONE', #8272, 4.000000000000002665 ) ;
#297 = VECTOR ( 'NONE', #2316, 1000.000000000000000 ) ;
#298 = ADVANCED_FACE ( 'NONE', ( #8663 ), #4623, .F. ) ;
#299 = AXIS2_PLACEMENT_3D ( 'NONE', #4973, #4299, #6682 ) ;
#300 = CARTESIAN_POINT ( 'NONE',  ( 105.9099025766972773, 23.00000000000001421, -13.90990257669742469 ) ) ;
#301 = CARTESIAN_POINT ( 'NONE',  ( 91.96638690793633941, 29.00000000000001776, 1.447826654436765281 ) ) ;
#302 = VERTEX_POINT ( 'NONE', #716 ) ;
#303 = CARTESIAN_POINT ( 'NONE',  ( 103.9300035893749055, -2.999999999999984901, -19.42533546995246496 ) ) ;
#304 = VERTEX_POINT ( 'NONE', #4736 ) ;
#305 = VECTOR ( 'NONE', #1124, 1000.000000000000000 ) ;
#306 = DIRECTION ( 'NONE',  ( 0.000000000000000000, -7.605055345402044554E-16, -1.000000000000000000 ) ) ;
#307 = AXIS2_PLACEMENT_3D ( 'NONE', #8024, #1597, #1439 ) ;
#308 = CARTESIAN_POINT ( 'NONE',  ( 92.23294827405450746, -18.50000000000092726, -0.2329482740545043007 ) ) ;
#309 =( GEOMETRIC_REPRESENTATION_CONTEXT ( 3 ) GLOBAL_UNCERTAINTY_ASSIGNED_CONTEXT ( ( #3876 ) ) GLOBAL_UNIT_ASSIGNED_CONTEXT ( ( #75, #10501, #2001 ) ) REPRESENTATION_CONTEXT ( 'NONE', 'WORKASPACE' ) );
#310 = ORIENTED_EDGE ( 'NONE', *, *, #7133, .F. ) ;
#311 = CARTESIAN_POINT ( 'NONE',  ( 75.12096416934004139, 3.364761400031479305E-13, 15.46482226828704754 ) ) ;
#312 = CARTESIAN_POINT ( 'NONE',  ( 105.8963361818992581, -15.48077086870394048, -11.06790905715328321 ) ) ;
#313 = EDGE_LOOP ( 'NONE', ( #2223, #9340, #736, #504 ) ) ;
#314 = CARTESIAN_POINT ( 'NONE',  ( 105.9789689731115772, -16.70926321126091452, -11.15054184836562889 ) ) ;
#315 = DIRECTION ( 'NONE',  ( -0.7071067811865513475, -1.691909977029939893E-16, -0.7071067811865437980 ) ) ;
#316 = AXIS2_PLACEMENT_3D ( 'NONE', #8310, #5104, #1931 ) ;
#317 = DIRECTION ( 'NONE',  ( 0.7071067811865513475, 1.691909977029939893E-16, 0.7071067811865436870 ) ) ;
#318 = VECTOR ( 'NONE', #5828, 999.9999999999998863 ) ;
#319 = ORIENTED_EDGE ( 'NONE', *, *, #5883, .T. ) ;
#320 = CARTESIAN_POINT ( 'NONE',  ( 89.00000000000001421, 36.99999999999999289, 2.000000000000000000 ) ) ;
#321 = ADVANCED_FACE ( 'NONE', ( #6484 ), #828, .T. ) ;
#322 = CIRCLE ( 'NONE', #6254, 0.6000000000000050848 ) ;
#323 = PLANE ( 'NONE',  #113 ) ;
#324 = PLANE ( 'NONE',  #3338 ) ;
#325 = DIRECTION ( 'NONE',  ( -1.000000000000000000, 0.000000000000000000, 0.000000000000000000 ) ) ;
#326 = LINE ( 'NONE', #3621, #994 ) ;
#327 = DIRECTION ( 'NONE',  ( 0.7071067811865456854, 0.000000000000000000, -0.7071067811865493491 ) ) ;
#328 = EDGE_CURVE ( 'NONE', #2732, #6879, #8710, .T. ) ;
#329 = FACE_OUTER_BOUND ( 'NONE', #5750, .T. ) ;
#330 = DIRECTION ( 'NONE',  ( 0.7071067811865507924, -6.661338147750937270E-16, 0.7071067811865443531 ) ) ;
#331 = EDGE_CURVE ( 'NONE', #8819, #8327, #1996, .T. ) ;
#332 = EDGE_CURVE ( 'NONE', #5860, #7871, #7935, .T. ) ;
#333 = ORIENTED_EDGE ( 'NONE', *, *, #8692, .T. ) ;
#334 = DIRECTION ( 'NONE',  ( 0.7071067811865435759, -4.851374680098142706E-16, -0.7071067811865513475 ) ) ;
#335 = DIRECTION ( 'NONE',  ( 0.1882815193062847003, 0.9638984069783668174, -0.1882815193062875869 ) ) ;
#336 = VERTEX_POINT ( 'NONE', #3908 ) ;
#337 = CARTESIAN_POINT ( 'NONE',  ( 109.0918830920367100, 13.00000000000001421, -17.09188309203689826 ) ) ;
#338 = CARTESIAN_POINT ( 'NONE',  ( 99.47523086789972524, 10.60000000000001030, -5.495331880577451145 ) ) ;
#339 = ORIENTED_EDGE ( 'NONE', *, *, #8308, .F. ) ;
#340 = CARTESIAN_POINT ( 'NONE',  ( 107.5716035124856802, 23.00000000000001421, -16.98581707485888259 ) ) ;
#341 = DIRECTION ( 'NONE',  ( 0.000000000000000000, 1.000000000000000000, 3.469446951953611033E-15 ) ) ;
#342 = CARTESIAN_POINT ( 'NONE',  ( 102.1266459545821874, -6.012099112276168000, -8.146746967259781869 ) ) ;
#343 = ORIENTED_EDGE ( 'NONE', *, *, #4624, .F. ) ;
#344 = PLANE ( 'NONE',  #3879 ) ;
#345 = PLANE ( 'NONE',  #3938 ) ;
#346 = CARTESIAN_POINT ( 'NONE',  ( 99.59949493661166287, 16.17573593128808440, -5.619595949289388770 ) ) ;
#347 = CARTESIAN_POINT ( 'NONE',  ( 99.49917369254424671, -8.661324871665039282, -5.519274705221944188 ) ) ;
#348 = DIRECTION ( 'NONE',  ( 1.196361017915052058E-16, -1.000000000000000000, 1.196361017915039486E-16 ) ) ;
#349 = CARTESIAN_POINT ( 'NONE',  ( 99.13158871091418689, 15.00000000000000178, -5.151689723591896808 ) ) ;
#350 = CARTESIAN_POINT ( 'NONE',  ( 82.00000000000001421, 36.99999999999998579, 0.000000000000000000 ) ) ;
#351 = EDGE_LOOP ( 'NONE', ( #310, #9394, #1924, #1969, #1626, #4671, #7087, #8153, #709, #4486, #2359 ) ) ;
#352 = DIRECTION ( 'NONE',  ( -0.7071067811865735520, 0.000000000000000000, 0.7071067811865214825 ) ) ;
#353 = EDGE_LOOP ( 'NONE', ( #785, #4234 ) ) ;
#354 = LINE ( 'NONE', #2110, #9106 ) ;
#355 = ADVANCED_FACE ( 'NONE', ( #4108 ), #7, .F. ) ;
#356 = DIRECTION ( 'NONE',  ( 0.7071067811865513475, 1.691909977029939893E-16, 0.7071067811865436870 ) ) ;
#357 = EDGE_LOOP ( 'NONE', ( #600, #13, #2873, #9857 ) ) ;
#358 = CARTESIAN_POINT ( 'NONE',  ( 43.87867965644109347, -5.075729931072498759E-16, 43.87867965644036161 ) ) ;
#359 = CARTESIAN_POINT ( 'NONE',  ( 102.2241501882607935, -11.24750411939341177, -7.395723063514699547 ) ) ;
#360 = ORIENTED_EDGE ( 'NONE', *, *, #2517, .F. ) ;
#361 = CARTESIAN_POINT ( 'NONE',  ( 91.87939488346114558, 9.999999999999818812, 2.949032241285090006 ) ) ;
#362 = DIRECTION ( 'NONE',  ( 0.7071067811865512365, 1.691909977029939647E-16, 0.7071067811865437980 ) ) ;
#363 = EDGE_CURVE ( 'NONE', #673, #5620, #7418, .T. ) ;
#364 = CARTESIAN_POINT ( 'NONE',  ( 101.6308657865101281, 15.45147186257616845, -6.802438661763998695 ) ) ;
#365 = ORIENTED_EDGE ( 'NONE', *, *, #6607, .F. ) ;
#366 = DIRECTION ( 'NONE',  ( -0.7071067811865512365, -2.775557561562891351E-16, -0.7071067811865437980 ) ) ;
#367 = VECTOR ( 'NONE', #6395, 1000.000000000000000 ) ;
#368 = CARTESIAN_POINT ( 'NONE',  ( 104.3542676580868829, 8.300000000000004263, -9.525840533340788951 ) ) ;
#369 = LINE ( 'NONE', #7700, #3846 ) ;
#370 =( NAMED_UNIT ( * ) PLANE_ANGLE_UNIT ( ) SI_UNIT ( $, .RADIAN. ) );
#371 = DIRECTION ( 'NONE',  ( -0.7071067811865512365, -2.775557561562891351E-16, -0.7071067811865439090 ) ) ;
#372 = ORIENTED_EDGE ( 'NONE', *, *, #9649, .T. ) ;
#373 = CARTESIAN_POINT ( 'NONE',  ( 106.0637859353192027, -13.84948761128133121, -11.23535881057313723 ) ) ;
#374 = VECTOR ( 'NONE', #3717, 1000.000000000000000 ) ;
#375 = EDGE_CURVE ( 'NONE', #5620, #6594, #5530, .T. ) ;
#376 = DIRECTION ( 'NONE',  ( 0.000000000000000000, 0.000000000000000000, 1.000000000000000000 ) ) ;
#377 = EDGE_LOOP ( 'NONE', ( #1352, #10008, #584, #8296 ) ) ;
#378 = PLANE ( 'NONE',  #907 ) ;
#379 = ADVANCED_FACE ( 'NONE', ( #10373 ), #10425, .F. ) ;
#380 = CARTESIAN_POINT ( 'NONE',  ( 90.61869708651855149, -29.03850503232430924, 3.071690653800300375 ) ) ;
#381 = EDGE_CURVE ( 'NONE', #6844, #6098, #4197, .T. ) ;
#382 = ADVANCED_FACE ( 'NONE', ( #4684 ), #3162, .F. ) ;
#383 = ORIENTED_EDGE ( 'NONE', *, *, #4660, .F. ) ;
#384 = LINE ( 'NONE', #499, #8257 ) ;
#385 = VECTOR ( 'NONE', #5675, 999.9999999999998863 ) ;
#386 = ORIENTED_EDGE ( 'NONE', *, *, #2607, .F. ) ;
#387 = CARTESIAN_POINT ( 'NONE',  ( 103.6471608769003154, 19.40000000000000924, -8.818733752154226835 ) ) ;
#388 = ORIENTED_EDGE ( 'NONE', *, *, #1811, .T. ) ;
#389 = DIRECTION ( 'NONE',  ( -0.7071067811865457964, 0.000000000000000000, -0.7071067811865492381 ) ) ;
#390 = ORIENTED_EDGE ( 'NONE', *, *, #906, .T. ) ;
#391 = CARTESIAN_POINT ( 'NONE',  ( 103.9300035893749623, 3.000000000000012879, -19.42533546995246496 ) ) ;
#392 = AXIS2_PLACEMENT_3D ( 'NONE', #337, #5994, #9243 ) ;
#393 = CARTESIAN_POINT ( 'NONE',  ( 97.18200139976141827, -16.11036491588398079, -3.202102412439120194 ) ) ;
#394 = EDGE_CURVE ( 'NONE', #403, #8926, #4190, .T. ) ;
#395 = CARTESIAN_POINT ( 'NONE',  ( 90.15493343562339135, 29.00000000000001776, 4.673493689122858008 ) ) ;
#396 = CARTESIAN_POINT ( 'NONE',  ( 99.64913408724937938, -7.529869328087566593, -4.820706962503294335 ) ) ;
#397 = VECTOR ( 'NONE', #3927, 1000.000000000000000 ) ;
#398 = DIRECTION ( 'NONE',  ( -0.7071067811865512365, -2.775557561562891351E-16, -0.7071067811865437980 ) ) ;
#399 = DIRECTION ( 'NONE',  ( 0.7071067811865436870, 5.887846720064151957E-15, -0.7071067811865513475 ) ) ;
#400 = CARTESIAN_POINT ( 'NONE',  ( 97.93404945922937088, -12.57279707635200516, -3.954150471907065700 ) ) ;
#401 = EDGE_LOOP ( 'NONE', ( #3586, #8995 ) ) ;
#402 = CARTESIAN_POINT ( 'NONE',  ( 96.83867076346095359, -12.60141920110376823, -2.858771776138609333 ) ) ;
#403 = VERTEX_POINT ( 'NONE', #6437 ) ;
#404 = FACE_OUTER_BOUND ( 'NONE', #2113, .T. ) ;
#405 = LINE ( 'NONE', #3807, #374 ) ;
#406 = ORIENTED_EDGE ( 'NONE', *, *, #3899, .T. ) ;
#407 = VECTOR ( 'NONE', #767, 1000.000000000000000 ) ;
#408 = CYLINDRICAL_SURFACE ( 'NONE', #9048, 1.000000000000000888 ) ;
#409 = CARTESIAN_POINT ( 'NONE',  ( 51.50000000000002132, 36.99999999999997868, 1.000000000000000000 ) ) ;
#410 = ORIENTED_EDGE ( 'NONE', *, *, #5424, .F. ) ;
#411 = ORIENTED_EDGE ( 'NONE', *, *, #7381, .T. ) ;
#412 = CARTESIAN_POINT ( 'NONE',  ( 99.52948968425720011, -7.861201327428839036, -4.701062559511060002 ) ) ;
#413 = FACE_OUTER_BOUND ( 'NONE', #10169, .T. ) ;
#414 = PLANE ( 'NONE',  #10298 ) ;
#415 = VECTOR ( 'NONE', #8078, 1000.000000000000000 ) ;
#416 = ORIENTED_EDGE ( 'NONE', *, *, #4977, .F. ) ;
#417 = CARTESIAN_POINT ( 'NONE',  ( 104.6169211135489121, -18.39378958353815463, -9.788493988802853707 ) ) ;
#418 = ADVANCED_FACE ( 'NONE', ( #876 ), #2464, .F. ) ;
#419 = LINE ( 'NONE', #10150, #9431 ) ;
#420 = ORIENTED_EDGE ( 'NONE', *, *, #6701, .F. ) ;
#421 = DIRECTION ( 'NONE',  ( 0.7071067811865513475, 0.000000000000000000, 0.7071067811865436870 ) ) ;
#422 = EDGE_CURVE ( 'NONE', #4637, #1762, #1671, .T. ) ;
#423 = DIRECTION ( 'NONE',  ( 0.7071067811865437980, -1.232595164407830946E-32, -0.7071067811865512365 ) ) ;
#424 = CARTESIAN_POINT ( 'NONE',  ( 104.0350288425443352, 22.12720779386421555, -9.206601717798260864 ) ) ;
#425 = DIRECTION ( 'NONE',  ( 3.526954805532193347E-15, -1.000000000000000000, -3.287682601949221392E-15 ) ) ;
#426 = DIRECTION ( 'NONE',  ( 0.7071067811865513475, 1.691909977029939893E-16, 0.7071067811865436870 ) ) ;
#427 = CARTESIAN_POINT ( 'NONE',  ( 102.7986327394764601, 22.67573593128807019, -8.818733752154200189 ) ) ;
#428 = VECTOR ( 'NONE', #9568, 1000.000000000000114 ) ;
#429 = VERTEX_POINT ( 'NONE', #9638 ) ;
#430 = DIRECTION ( 'NONE',  ( -1.000000000000000000, -8.163404592831866333E-15, -0.000000000000000000 ) ) ;
#431 = DIRECTION ( 'NONE',  ( 0.7071067811865513475, 1.691909977029939400E-16, 0.7071067811865436870 ) ) ;
#432 = DIRECTION ( 'NONE',  ( -0.000000000000000000, -0.000000000000000000, 1.000000000000000000 ) ) ;
#433 = LINE ( 'NONE', #3684, #61 ) ;
#434 = AXIS2_PLACEMENT_3D ( 'NONE', #2177, #362, #7691 ) ;
#435 = ORIENTED_EDGE ( 'NONE', *, *, #5119, .T. ) ;
#436 = CARTESIAN_POINT ( 'NONE',  ( 103.7890396901517249, -18.04529317793438636, -9.809140702829385106 ) ) ;
#437 = ORIENTED_EDGE ( 'NONE', *, *, #4332, .F. ) ;
#438 = EDGE_CURVE ( 'NONE', #5257, #2403, #1521, .T. ) ;
#439 = CARTESIAN_POINT ( 'NONE',  ( 98.20243866176396352, 8.300000000000002487, -3.374011537017811868 ) ) ;
#440 = ORIENTED_EDGE ( 'NONE', *, *, #5981, .F. ) ;
#441 = CARTESIAN_POINT ( 'NONE',  ( 103.9300035893749623, 8.300000000000004263, -9.950104602052700642 ) ) ;
#442 = VECTOR ( 'NONE', #7805, 1000.000000000000000 ) ;
#443 = EDGE_CURVE ( 'NONE', #8844, #7220, #2368, .T. ) ;
#444 = CARTESIAN_POINT ( 'NONE',  ( 65.12994231491109076, 29.00000000000001776, 3.999999999999996447 ) ) ;
#445 = PLANE ( 'NONE',  #6993 ) ;
#446 = AXIS2_PLACEMENT_3D ( 'NONE', #73, #21, #3390 ) ;
#447 = AXIS2_PLACEMENT_3D ( 'NONE', #1413, #1366, #6072 ) ;
#448 = PLANE ( 'NONE',  #7564 ) ;
#449 = EDGE_CURVE ( 'NONE', #7015, #1637, #1509, .T. ) ;
#450 = AXIS2_PLACEMENT_3D ( 'NONE', #3016, #5484, #10438 ) ;
#451 = EDGE_LOOP ( 'NONE', ( #5453, #3316, #5155, #3285 ) ) ;
#452 = CARTESIAN_POINT ( 'NONE',  ( 101.7998861195488587, -11.24750411939341177, -7.819987132226636106 ) ) ;
#453 = DIRECTION ( 'NONE',  ( 0.7071067811865456854, -9.063262435035590279E-16, -0.7071067811865493491 ) ) ;
#454 = CARTESIAN_POINT ( 'NONE',  ( 56.64466094066700208, 24.65461647244352861, 2.585786437621429457 ) ) ;
#455 = CARTESIAN_POINT ( 'NONE',  ( 102.6774278794841848, -18.39387274456696986, -7.849000754738193919 ) ) ;
#456 = ORIENTED_EDGE ( 'NONE', *, *, #6419, .T. ) ;
#457 = DIRECTION ( 'NONE',  ( -0.7071067811865514585, -2.775557561562890858E-16, -0.7071067811865437980 ) ) ;
#458 = EDGE_CURVE ( 'NONE', #7314, #9135, #10055, .T. ) ;
#459 = ORIENTED_EDGE ( 'NONE', *, *, #850, .T. ) ;
#460 = ADVANCED_FACE ( 'NONE', ( #6757 ), #2729, .T. ) ;
#461 = ADVANCED_FACE ( 'NONE', ( #9037 ), #1773, .T. ) ;
#462 = DIRECTION ( 'NONE',  ( 0.7071067811865512365, 1.691909977029939893E-16, 0.7071067811865439090 ) ) ;
#463 = VECTOR ( 'NONE', #2407, 1000.000000000000000 ) ;
#464 = CARTESIAN_POINT ( 'NONE',  ( 104.9466086916000194, -13.15615792883040314, -10.11818156685399117 ) ) ;
#465 = VECTOR ( 'NONE', #9063, 1000.000000000000000 ) ;
#466 = ORIENTED_EDGE ( 'NONE', *, *, #5991, .F. ) ;
#467 = VECTOR ( 'NONE', #6129, 1000.000000000000000 ) ;
#468 = CARTESIAN_POINT ( 'NONE',  ( 107.3139282839580915, -12.99460872837454239, -3.854380089786461738 ) ) ;
#469 = VECTOR ( 'NONE', #1462, 1000.000000000000000 ) ;
#470 = ORIENTED_EDGE ( 'NONE', *, *, #9082, .F. ) ;
#471 = ORIENTED_EDGE ( 'NONE', *, *, #6986, .T. ) ;
#472 = CIRCLE ( 'NONE', #3011, 0.3000000000000065392 ) ;
#473 = CARTESIAN_POINT ( 'NONE',  ( 56.64466094067247326, 26.92893218813453515, 2.585786437626897083 ) ) ;
#474 = LINE ( 'NONE', #5391, #1957 ) ;
#475 = DIRECTION ( 'NONE',  ( -4.710277376051348426E-16, -1.000000000000000000, -4.710277376051299123E-16 ) ) ;
#476 = CIRCLE ( 'NONE', #2680, 0.9999999999999988898 ) ;
#477 = AXIS2_PLACEMENT_3D ( 'NONE', #2482, #4857, #3329 ) ;
#478 = AXIS2_PLACEMENT_3D ( 'NONE', #989, #4217, #9897 ) ;
#479 = ORIENTED_EDGE ( 'NONE', *, *, #6665, .T. ) ;
#480 = DIRECTION ( 'NONE',  ( 0.7071067811865466846, 0.000000000000000000, -0.7071067811865482389 ) ) ;
#481 = PLANE ( 'NONE',  #3674 ) ;
#482 = ORIENTED_EDGE ( 'NONE', *, *, #6194, .F. ) ;
#483 = AXIS2_PLACEMENT_3D ( 'NONE', #552, #7016, #7066 ) ;
#484 = FACE_OUTER_BOUND ( 'NONE', #9540, .T. ) ;
#485 = DIRECTION ( 'NONE',  ( 0.4999999999999867883, -0.7071067811865625607, -0.4999999999999918954 ) ) ;
#486 = CARTESIAN_POINT ( 'NONE',  ( 98.23495689301985578, -12.37008508985941546, -4.255057905697544385 ) ) ;
#487 = DIRECTION ( 'NONE',  ( -0.7071067811865436870, 0.000000000000000000, 0.7071067811865513475 ) ) ;
#488 = VECTOR ( 'NONE', #4008, 1000.000000000000000 ) ;
#489 = CARTESIAN_POINT ( 'NONE',  ( 88.00000000000001421, 36.99999999999999289, 0.000000000000000000 ) ) ;
#490 = FACE_OUTER_BOUND ( 'NONE', #3692, .T. ) ;
#491 = DIRECTION ( 'NONE',  ( 4.440892098500625373E-15, -1.000000000000000000, -3.885780586188047103E-15 ) ) ;
#492 = DIRECTION ( 'NONE',  ( -1.738237980425714693E-15, 1.000000000000000000, 1.345714865754787677E-15 ) ) ;
#493 = CARTESIAN_POINT ( 'NONE',  ( 103.0107647738324204, 19.40000000000000924, -9.030865786510185345 ) ) ;
#494 = VERTEX_POINT ( 'NONE', #173 ) ;
#495 = EDGE_CURVE ( 'NONE', #6790, #2490, #2347, .T. ) ;
#496 = CARTESIAN_POINT ( 'NONE',  ( 106.8335597311895100, 15.00000000000000355, 6.105637669831538439 ) ) ;
#497 = CARTESIAN_POINT ( 'NONE',  ( 92.49270671493684404, -28.95386826718350193, 2.335720409805405406 ) ) ;
#498 = ORIENTED_EDGE ( 'NONE', *, *, #4724, .T. ) ;
#499 = CARTESIAN_POINT ( 'NONE',  ( 88.00000000000001421, -28.53337520964456431, -162.2337144733732259 ) ) ;
#500 = ORIENTED_EDGE ( 'NONE', *, *, #4015, .F. ) ;
#501 = LINE ( 'NONE', #3747, #599 ) ;
#502 = ORIENTED_EDGE ( 'NONE', *, *, #1380, .T. ) ;
#503 = CARTESIAN_POINT ( 'NONE',  ( 108.9548800747491555, 15.75147186257616205, 3.984317326271868076 ) ) ;
#504 = ORIENTED_EDGE ( 'NONE', *, *, #1855, .F. ) ;
#505 = CARTESIAN_POINT ( 'NONE',  ( 102.0129865116493448, -6.230425079589403836, -8.033087524326923301 ) ) ;
#506 = CARTESIAN_POINT ( 'NONE',  ( 92.00000000000001421, -23.99999999999998579, -55.39696961966971855 ) ) ;
#507 = ADVANCED_BREP_SHAPE_REPRESENTATION ( 'couvercle_xiao', ( #2471, #5978, #2766, #2448, #6163, #5998, #6034, #6095, #2600, #5900, #9453, #2497 ), #9955 ) ;
#508 = CARTESIAN_POINT ( 'NONE',  ( 118.2842712474617883, 27.00000000000001776, -26.28427124746203347 ) ) ;
#509 = CARTESIAN_POINT ( 'NONE',  ( 102.2781152033536358, -10.40250754864332983, -7.449688078607580977 ) ) ;
#510 = CARTESIAN_POINT ( 'NONE',  ( 90.74802403356274283, -18.50000000000092726, -1.717872514546246787 ) ) ;
#511 = CARTESIAN_POINT ( 'NONE',  ( 63.83386782301963791, 30.99999999999776890, 1.999999999999996669 ) ) ;
#512 = CARTESIAN_POINT ( 'NONE',  ( 75.46711511670025629, 15.49999999999887734, 12.69970337842661223 ) ) ;
#513 = ORIENTED_EDGE ( 'NONE', *, *, #1057, .T. ) ;
#514 = CARTESIAN_POINT ( 'NONE',  ( 97.18200139976140406, -16.11036491588398079, -3.202102412439129964 ) ) ;
#515 = VERTEX_POINT ( 'NONE', #1833 ) ;
#516 = EDGE_CURVE ( 'NONE', #9287, #9716, #6944, .T. ) ;
#517 = DIRECTION ( 'NONE',  ( -0.7071067811865513475, -1.691909977029939400E-16, -0.7071067811865436870 ) ) ;
#518 = ADVANCED_FACE ( 'NONE', ( #9318 ), #6249, .F. ) ;
#519 = CARTESIAN_POINT ( 'NONE',  ( 104.9986555687505074, -17.05437323195199539, -10.17022844400445436 ) ) ;
#520 = ORIENTED_EDGE ( 'NONE', *, *, #1912, .F. ) ;
#521 = EDGE_CURVE ( 'NONE', #5254, #4460, #5725, .T. ) ;
#522 = CARTESIAN_POINT ( 'NONE',  ( 75.46711511670021366, 21.49999999999887379, 12.69970337842665664 ) ) ;
#523 = EDGE_CURVE ( 'NONE', #6879, #5089, #326, .T. ) ;
#524 = EDGE_CURVE ( 'NONE', #3713, #6646, #8276, .T. ) ;
#525 = EDGE_LOOP ( 'NONE', ( #6291, #1080, #1813, #1589 ) ) ;
#526 = EDGE_LOOP ( 'NONE', ( #8227, #569, #2297, #10516 ) ) ;
#527 = CARTESIAN_POINT ( 'NONE',  ( 102.5741036805333550, -12.99460872837455305, -8.594204693211114687 ) ) ;
#528 = DIRECTION ( 'NONE',  ( 1.975420881607341553E-17, 1.000000000000000000, -2.590264123990841754E-16 ) ) ;
#529 = SURFACE_STYLE_USAGE ( .BOTH. , #7142 ) ;
#530 = VERTEX_POINT ( 'NONE', #8494 ) ;
#531 = CARTESIAN_POINT ( 'NONE',  ( 97.46756543363356684, -12.19630914884918482, -2.639138308887414297 ) ) ;
#532 = CARTESIAN_POINT ( 'NONE',  ( 101.7112819791297369, -5.806184949683045105, -6.882854854383603893 ) ) ;
#533 = ORIENTED_EDGE ( 'NONE', *, *, #1300, .T. ) ;
#534 = CARTESIAN_POINT ( 'NONE',  ( 50.50000000000001421, 43.99999999999998579, 2.000000000000000000 ) ) ;
#535 = DIRECTION ( 'NONE',  ( 0.7071067811865513475, 1.691909977029939893E-16, 0.7071067811865436870 ) ) ;
#536 = DIRECTION ( 'NONE',  ( -0.7071067811865513475, -2.775557561562890858E-16, -0.7071067811865436870 ) ) ;
#537 = PRESENTATION_STYLE_ASSIGNMENT (( #6042 ) ) ;
#538 = LINE ( 'NONE', #10204, #7615 ) ;
#540 = B_SPLINE_CURVE_WITH_KNOTS ( 'NONE', 3,
 ( #9359, #9307, #654, #1555, #6467, #10359, #3041, #8823 ),
 .UNSPECIFIED., .F., .F.,
 ( 4, 1, 1, 1, 1, 4 ),
 ( 0.000000000000000000, 0.2317113570506716957, 0.3869881936420744850, 0.5493815465833487011, 0.7225508604132591106, 1.000000000000000000 ),
 .UNSPECIFIED. ) ;
#539 = SHAPE_DEFINITION_REPRESENTATION ( #2099, #507 ) ;
#541 = DIRECTION ( 'NONE',  ( 1.000000000000000000, 3.822684353404161240E-15, 0.000000000000000000 ) ) ;
#542 = VERTEX_POINT ( 'NONE', #424 ) ;
#543 = CIRCLE ( 'NONE', #2931, 2.600000000000008527 ) ;
#544 = DIRECTION ( 'NONE',  ( -1.000000000000000000, 0.000000000000000000, 0.000000000000000000 ) ) ;
#545 = CARTESIAN_POINT ( 'NONE',  ( 91.63861103976712741, -28.87828660134467285, 3.189816084980134026 ) ) ;
#546 = VERTEX_POINT ( 'NONE', #8849 ) ;
#547 = DIRECTION ( 'NONE',  ( 0.7071067811865512365, 1.691909977029939647E-16, 0.7071067811865437980 ) ) ;
#548 = ORIENTED_EDGE ( 'NONE', *, *, #2470, .F. ) ;
#549 = CARTESIAN_POINT ( 'NONE',  ( 77.52512722537439060, -20.50000000000091305, 9.807968018794575471 ) ) ;
#550 = AXIS2_PLACEMENT_3D ( 'NONE', #8549, #9240, #10207 ) ;
#551 = VERTEX_POINT ( 'NONE', #7462 ) ;
#552 = CARTESIAN_POINT ( 'NONE',  ( 89.44782665443680969, 28.00000000000001776, 3.966386907936310990 ) ) ;
#553 = FACE_OUTER_BOUND ( 'NONE', #8855, .T. ) ;
#554 = LINE ( 'NONE', #9254, #6471 ) ;
#555 = CIRCLE ( 'NONE', #3265, 0.8500000000000170752 ) ;
#556 = ADVANCED_FACE ( 'NONE', ( #3549 ), #9909, .F. ) ;
#557 = DIRECTION ( 'NONE',  ( 0.7071067811865513475, 1.691909977029939893E-16, 0.7071067811865437980 ) ) ;
#558 = CARTESIAN_POINT ( 'NONE',  ( 98.81094444436429569, -13.17439489622473658, -4.831045457041956759 ) ) ;
#559 = CARTESIAN_POINT ( 'NONE',  ( 104.4249783362055410, 8.200000000000004619, -9.596551211459448893 ) ) ;
#560 = CARTESIAN_POINT ( 'NONE',  ( 60.85659356293731292, 28.36893194223020487, 3.287775208004663163 ) ) ;
#561 = ADVANCED_FACE ( 'NONE', ( #2791 ), #5001, .T. ) ;
#562 = DIRECTION ( 'NONE',  ( 0.000000000000000000, -1.000000000000000000, 0.000000000000000000 ) ) ;
#563 = ORIENTED_EDGE ( 'NONE', *, *, #10441, .T. ) ;
#564 = CARTESIAN_POINT ( 'NONE',  ( 99.72100586341088047, -18.04189124437491287, -4.892578738664763449 ) ) ;
#565 = AXIS2_PLACEMENT_3D ( 'NONE', #1456, #5418, #4675 ) ;
#566 = VERTEX_POINT ( 'NONE', #6606 ) ;
#567 = CARTESIAN_POINT ( 'NONE',  ( 89.44782665443688074, -28.99999999999998579, 3.966386907936300332 ) ) ;
#568 = CARTESIAN_POINT ( 'NONE',  ( 99.47523086789972524, 15.75147186257615850, -5.495331880577453809 ) ) ;
#569 = ORIENTED_EDGE ( 'NONE', *, *, #7985, .F. ) ;
#570 = CARTESIAN_POINT ( 'NONE',  ( 92.46334410252133296, 28.00000000000001421, 2.365083022224905296 ) ) ;
#571 = AXIS2_PLACEMENT_3D ( 'NONE', #2672, #5894, #4309 ) ;
#572 = EDGE_CURVE ( 'NONE', #1680, #5977, #9209, .T. ) ;
#573 = EDGE_LOOP ( 'NONE', ( #1403, #8992, #8019, #5624 ) ) ;
#574 = B_SPLINE_SURFACE_WITH_KNOTS ( 'NONE', 3, 1, ( 
 ( #9972, #245 ),
 ( #1791, #2593 ),
 ( #4177, #9115 ),
 ( #5805, #9005 ),
 ( #2697, #3396 ),
 ( #3333, #6559 ),
 ( #8423, #5918 ),
 ( #1852, #3557 ) ),
 .UNSPECIFIED., .F., .F., .F.,
 ( 4, 1, 1, 1, 1, 4 ),
 ( 2, 2 ),
 ( 0.000000000000000000, 0.3229897812743756091, 0.4792975582790477418, 0.6505341425111021980, 0.8217426296412351228, 1.000000000000000000 ),
 ( 0.000000000000000000, 1.000000000000000000 ),
 .UNSPECIFIED. ) ;
#575 = ORIENTED_EDGE ( 'NONE', *, *, #8739, .T. ) ;
#576 = CARTESIAN_POINT ( 'NONE',  ( 74.44365081389608463, -23.99999999999998224, 18.97056274847722079 ) ) ;
#577 = EDGE_CURVE ( 'NONE', #494, #7177, #2153, .T. ) ;
#578 = CARTESIAN_POINT ( 'NONE',  ( 99.91762574832301880, -7.132193610202082645, -5.089198623576931091 ) ) ;
#579 = FILL_AREA_STYLE_COLOUR ( '', #8444 ) ;
#580 = ADVANCED_FACE ( 'NONE', ( #1997 ), #1891, .T. ) ;
#581 = VECTOR ( 'NONE', #1696, 1000.000000000000000 ) ;
#582 = ADVANCED_FACE ( 'NONE', ( #4169 ), #1001, .T. ) ;
#583 = EDGE_CURVE ( 'NONE', #4126, #8610, #6707, .T. ) ;
#584 = ORIENTED_EDGE ( 'NONE', *, *, #8113, .T. ) ;
#585 = CARTESIAN_POINT ( 'NONE',  ( 100.3237590053235806, 10.60000000000001030, -5.495331880577457362 ) ) ;
#586 = LINE ( 'NONE', #1592, #8913 ) ;
#587 = DIRECTION ( 'NONE',  ( 0.7071067811865513475, 1.691909977029939400E-16, 0.7071067811865436870 ) ) ;
#588 = VECTOR ( 'NONE', #5420, 1000.000000000000000 ) ;
#589 = CARTESIAN_POINT ( 'NONE',  ( 114.0935983190578042, -15.00000000000018119, 25.16323567688129970 ) ) ;
#590 = CARTESIAN_POINT ( 'NONE',  ( 103.8085749430515392, -8.143294783059557673, -8.980147818305452390 ) ) ;
#591 = LINE ( 'NONE', #3826, #5216 ) ;
#592 = ADVANCED_FACE ( 'NONE', ( #6654 ), #8569, .F. ) ;
#593 = ADVANCED_FACE ( 'NONE', ( #10330 ), #2257, .F. ) ;
#594 = DIRECTION ( 'NONE',  ( 0.7071067811865513475, 1.691909977029939893E-16, 0.7071067811865436870 ) ) ;
#595 = CARTESIAN_POINT ( 'NONE',  ( 98.05525128526190315, -11.34900446756577352, -3.226824160515742612 ) ) ;
#596 = DIRECTION ( 'NONE',  ( 0.7071067811865513475, 1.691909977029939893E-16, 0.7071067811865436870 ) ) ;
#597 = ORIENTED_EDGE ( 'NONE', *, *, #2268, .T. ) ;
#598 = DIRECTION ( 'NONE',  ( -1.196361017915055756E-16, 1.000000000000000000, -1.196361017915036035E-16 ) ) ;
#599 = VECTOR ( 'NONE', #7716, 1000.000000000000000 ) ;
#600 = ORIENTED_EDGE ( 'NONE', *, *, #6990, .T. ) ;
#601 = DIRECTION ( 'NONE',  ( -0.7071067811865513475, -1.691909977029939647E-16, -0.7071067811865437980 ) ) ;
#602 = ORIENTED_EDGE ( 'NONE', *, *, #9142, .T. ) ;
#603 = DIRECTION ( 'NONE',  ( 0.000000000000000000, 1.196361017915046388E-16, 1.000000000000000000 ) ) ;
#604 = VECTOR ( 'NONE', #10401, 1000.000000000000114 ) ;
#605 = CARTESIAN_POINT ( 'NONE',  ( 90.00000000000001421, 27.52533286008550206, -54.14751861172405256 ) ) ;
#606 = CARTESIAN_POINT ( 'NONE',  ( 91.05856227628142108, -29.03842637646311076, 2.631478324517344536 ) ) ;
#607 = CARTESIAN_POINT ( 'NONE',  ( 90.57460134719832467, 28.01574602870728015, 4.253825777547889153 ) ) ;
#608 = ORIENTED_EDGE ( 'NONE', *, *, #4543, .T. ) ;
#609 = CARTESIAN_POINT ( 'NONE',  ( 98.92492529655211797, -18.13643490802113689, -4.945026309229832329 ) ) ;
#610 = CARTESIAN_POINT ( 'NONE',  ( 99.47523086789972524, 10.60000000000001030, -5.495331880577451145 ) ) ;
#611 = VECTOR ( 'NONE', #6732, 999.9999999999998863 ) ;
#612 = CARTESIAN_POINT ( 'NONE',  ( 65.12994231491109076, 29.00000000000001776, 3.999999999999996447 ) ) ;
#613 = FACE_OUTER_BOUND ( 'NONE', #5123, .T. ) ;
#614 = ORIENTED_EDGE ( 'NONE', *, *, #5899, .F. ) ;
#615 = CARTESIAN_POINT ( 'NONE',  ( 74.41385738815336026, 21.49999999999885958, 13.34350192472751395 ) ) ;
#616 = ORIENTED_EDGE ( 'NONE', *, *, #9840, .F. ) ;
#617 = CARTESIAN_POINT ( 'NONE',  ( 90.46518132108805332, 3.999999999999820588, 1.534818678911954670 ) ) ;
#618 = CARTESIAN_POINT ( 'NONE',  ( 75.26238552557721562, 21.49999999999887379, 12.49497378730366215 ) ) ;
#619 = VERTEX_POINT ( 'NONE', #3800 ) ;
#620 = EDGE_CURVE ( 'NONE', #3528, #3610, #5353, .T. ) ;
#621 = ADVANCED_FACE ( 'NONE', ( #7883 ), #6968, .F. ) ;
#622 = FACE_OUTER_BOUND ( 'NONE', #4548, .T. ) ;
#623 = ORIENTED_EDGE ( 'NONE', *, *, #5044, .T. ) ;
#624 = ORIENTED_EDGE ( 'NONE', *, *, #5107, .T. ) ;
#625 = VECTOR ( 'NONE', #8472, 1000.000000000000000 ) ;
#626 = VECTOR ( 'NONE', #453, 1000.000000000000000 ) ;
#627 = CARTESIAN_POINT ( 'NONE',  ( 102.6207511266600534, -16.22547153867668968, -8.640852139337852122 ) ) ;
#628 = CARTESIAN_POINT ( 'NONE',  ( 103.3642187185693189, -7.176240401769854671, -8.535791593823219614 ) ) ;
#629 = CARTESIAN_POINT ( 'NONE',  ( 101.1198416596845107, -17.15322309509430099, -6.291414534938407854 ) ) ;
#630 = VECTOR ( 'NONE', #2275, 1000.000000000000000 ) ;
#631 = CIRCLE ( 'NONE', #3863, 0.1499999999999973577 ) ;
#632 = ORIENTED_EDGE ( 'NONE', *, *, #8115, .T. ) ;
#633 = SURFACE_STYLE_USAGE ( .BOTH. , #3073 ) ;
#634 = CARTESIAN_POINT ( 'NONE',  ( 87.56604351822331012, -20.50000000000091305, 1.464108000793260089 ) ) ;
#635 = VERTEX_POINT ( 'NONE', #5474 ) ;
#636 = AXIS2_PLACEMENT_3D ( 'NONE', #6869, #10017, #6655 ) ;
#637 = CYLINDRICAL_SURFACE ( 'NONE', #8604, 0.2999999999999869438 ) ;
#638 = DIRECTION ( 'NONE',  ( 0.7071067811865513475, 1.691909977029939893E-16, 0.7071067811865436870 ) ) ;
#639 = PLANE ( 'NONE',  #3186 ) ;
#640 = DIRECTION ( 'NONE',  ( 4.081702296416017574E-15, -1.000000000000000000, -2.040851148208008787E-15 ) ) ;
#641 = AXIS2_PLACEMENT_3D ( 'NONE', #5303, #4030, #7143 ) ;
#642 = LINE ( 'NONE', #3194, #2855 ) ;
#643 = ORIENTED_EDGE ( 'NONE', *, *, #3044, .T. ) ;
#644 = CIRCLE ( 'NONE', #1500, 1.949958776210930056 ) ;
#645 = AXIS2_PLACEMENT_3D ( 'NONE', #6073, #9321, #2052 ) ;
#646 = DIRECTION ( 'NONE',  ( 0.7071067811865431318, 0.000000000000000000, -0.7071067811865520136 ) ) ;
#647 = VERTEX_POINT ( 'NONE', #10271 ) ;
#648 = EDGE_CURVE ( 'NONE', #8811, #1556, #7742, .T. ) ;
#649 = CARTESIAN_POINT ( 'NONE',  ( 101.0651803615608912, 18.00000000000001421, -7.085281374238633134 ) ) ;
#650 = VECTOR ( 'NONE', #5503, 1000.000000000000000 ) ;
#651 = CIRCLE ( 'NONE', #7416, 0.8500000000000170752 ) ;
#652 = DIRECTION ( 'NONE',  ( 1.000000000000000000, 0.000000000000000000, 0.000000000000000000 ) ) ;
#653 = VERTEX_POINT ( 'NONE', #6236 ) ;
#654 = CARTESIAN_POINT ( 'NONE',  ( 97.46756543363356684, -12.19630914884918482, -2.639138308887414741 ) ) ;
#655 = EDGE_CURVE ( 'NONE', #937, #2465, #6175, .T. ) ;
#656 = EDGE_CURVE ( 'NONE', #7611, #938, #1207, .T. ) ;
#657 = EDGE_CURVE ( 'NONE', #6031, #8305, #7727, .T. ) ;
#658 = EDGE_LOOP ( 'NONE', ( #9794, #6512 ) ) ;
#659 = CARTESIAN_POINT ( 'NONE',  ( 99.98191803932446931, -9.269595278418758966, -6.002019052002192545 ) ) ;
#660 = FACE_OUTER_BOUND ( 'NONE', #8132, .T. ) ;
#661 = ORIENTED_EDGE ( 'NONE', *, *, #3709, .F. ) ;
#662 = AXIS2_PLACEMENT_3D ( 'NONE', #4980, #1714, #8187 ) ;
#663 = EDGE_LOOP ( 'NONE', ( #4871, #9247, #4800, #5264 ) ) ;
#664 = CARTESIAN_POINT ( 'NONE',  ( 103.9107647738324403, 22.55147186257611480, -9.930865786510201687 ) ) ;
#665 = DIRECTION ( 'NONE',  ( -0.7071067811865512365, -2.775557561562891351E-16, -0.7071067811865437980 ) ) ;
#666 = DIRECTION ( 'NONE',  ( -0.7071067811865513475, -1.691909977029939647E-16, -0.7071067811865437980 ) ) ;
#667 = CARTESIAN_POINT ( 'NONE',  ( 91.81465161202328318, 29.00000000000002132, 1.666373302327512240 ) ) ;
#668 = ORIENTED_EDGE ( 'NONE', *, *, #5427, .T. ) ;
#669 = CARTESIAN_POINT ( 'NONE',  ( 97.10486049396227770, -14.55524031880274194, -3.124961506639888142 ) ) ;
#670 = DIRECTION ( 'NONE',  ( -0.7071067811865512365, -1.691909977029938907E-16, -0.7071067811865437980 ) ) ;
#671 = DIRECTION ( 'NONE',  ( 0.000000000000000000, 0.000000000000000000, -1.000000000000000000 ) ) ;
#672 = FACE_BOUND ( 'NONE', #4168, .T. ) ;
#673 = VERTEX_POINT ( 'NONE', #7078 ) ;
#674 = CARTESIAN_POINT ( 'NONE',  ( 97.96199212814778434, -16.99759392308838812, -3.133565003401645122 ) ) ;
#675 = VERTEX_POINT ( 'NONE', #5270 ) ;
#676 = FACE_BOUND ( 'NONE', #8370, .T. ) ;
#677 = CARTESIAN_POINT ( 'NONE',  ( 102.9995993577843905, -6.632082894133788820, -9.019700370462068406 ) ) ;
#678 = EDGE_LOOP ( 'NONE', ( #3805, #502, #6347, #5438 ) ) ;
#679 = CARTESIAN_POINT ( 'NONE',  ( 101.8689968076705412, -6.819636064247828422, -7.889097820348333734 ) ) ;
#680 = CYLINDRICAL_SURFACE ( 'NONE', #3842, 0.6000000000000047518 ) ;
#681 = EDGE_LOOP ( 'NONE', ( #7897, #1216, #4202, #6001 ) ) ;
#682 = ORIENTED_EDGE ( 'NONE', *, *, #9338, .F. ) ;
#683 = FACE_OUTER_BOUND ( 'NONE', #7105, .T. ) ;
#684 = CARTESIAN_POINT ( 'NONE',  ( 102.4127745452638720, -6.834263753685235088, -7.584347420517814520 ) ) ;
#685 =( NAMED_UNIT ( * ) PLANE_ANGLE_UNIT ( ) SI_UNIT ( $, .RADIAN. ) );
#686 = ADVANCED_FACE ( 'NONE', ( #9320 ), #5425, .F. ) ;
#687 = DIRECTION ( 'NONE',  ( 0.7071067811865439090, 5.612340657572024066E-15, -0.7071067811865512365 ) ) ;
#688 = ORIENTED_EDGE ( 'NONE', *, *, #1981, .T. ) ;
#689 = UNCERTAINTY_MEASURE_WITH_UNIT (LENGTH_MEASURE( 1.000000000000000082E-05 ), #9497, 'distance_accuracy_value', 'NONE');
#690 = CARTESIAN_POINT ( 'NONE',  ( 110.2448295684103243, 17.82426406871194757, 2.694367832610695235 ) ) ;
#691 = DIRECTION ( 'NONE',  ( 1.000000000000000000, 0.000000000000000000, 0.000000000000000000 ) ) ;
#692 = EDGE_CURVE ( 'NONE', #6605, #4879, #4628, .T. ) ;
#693 = CARTESIAN_POINT ( 'NONE',  ( 97.77817459305201453, 15.60000000000000320, -3.798275605729727555 ) ) ;
#694 = DIRECTION ( 'NONE',  ( 0.7071067811865475727, 0.000000000000000000, 0.7071067811865475727 ) ) ;
#695 = DIRECTION ( 'NONE',  ( -0.7071067811865426878, 0.000000000000000000, 0.7071067811865524577 ) ) ;
#696 = LINE ( 'NONE', #9558, #7075 ) ;
#697 = DIRECTION ( 'NONE',  ( -0.7071067811865454633, 0.000000000000000000, 0.7071067811865495711 ) ) ;
#698 = VERTEX_POINT ( 'NONE', #4429 ) ;
#699 = CARTESIAN_POINT ( 'NONE',  ( 96.58115618565111049, -14.63853261203153266, -2.601257198328772891 ) ) ;
#700 = ORIENTED_EDGE ( 'NONE', *, *, #10313, .T. ) ;
#701 = CARTESIAN_POINT ( 'NONE',  ( 99.89949493661166002, 10.60000000000001030, -5.919595949289384151 ) ) ;
#702 = CARTESIAN_POINT ( 'NONE',  ( 76.14626900206054927, 15.07573593128707401, 13.37885726378688211 ) ) ;
#703 = VERTEX_POINT ( 'NONE', #9370 ) ;
#704 = CARTESIAN_POINT ( 'NONE',  ( 103.3140675572616374, -13.23750878621948068, -8.485640432515699771 ) ) ;
#705 = ORIENTED_EDGE ( 'NONE', *, *, #3180, .T. ) ;
#706 = DIRECTION ( 'NONE',  ( -0.7071067811865436870, -5.887846720064150379E-15, 0.7071067811865513475 ) ) ;
#707 = ORIENTED_EDGE ( 'NONE', *, *, #4593, .T. ) ;
#708 = EDGE_CURVE ( 'NONE', #8926, #403, #7571, .T. ) ;
#709 = ORIENTED_EDGE ( 'NONE', *, *, #243, .F. ) ;
#710 = PLANE ( 'NONE',  #4216 ) ;
#711 = EDGE_CURVE ( 'NONE', #8660, #4978, #3055, .T. ) ;
#712 = EDGE_CURVE ( 'NONE', #7973, #4743, #6867, .T. ) ;
#713 = EDGE_CURVE ( 'NONE', #9350, #848, #8584, .T. ) ;
#714 = CARTESIAN_POINT ( 'NONE',  ( 91.13089969360019893, 27.99833421094127672, -50.71207652144440914 ) ) ;
#715 = CARTESIAN_POINT ( 'NONE',  ( 105.3904642356275048, -15.64079648507916964, -11.41056524830532481 ) ) ;
#716 = CARTESIAN_POINT ( 'NONE',  ( 77.52512722537439060, -14.00000000000016698, 9.807968018794575471 ) ) ;
#717 = LINE ( 'NONE', #3256, #7750 ) ;
#718 = CIRCLE ( 'NONE', #7829, 0.8500000000000170752 ) ;
#719 = ORIENTED_EDGE ( 'NONE', *, *, #9463, .T. ) ;
#720 = CARTESIAN_POINT ( 'NONE',  ( 96.39358322798061351, -13.97412752232801658, -2.413684240658305225 ) ) ;
#721 = CARTESIAN_POINT ( 'NONE',  ( 82.00000000000001421, -44.99999999999999289, 2.000000000000000000 ) ) ;
#722 = DIRECTION ( 'NONE',  ( 0.000000000000000000, -1.000000000000000000, 0.000000000000000000 ) ) ;
#723 = FACE_BOUND ( 'NONE', #9537, .T. ) ;
#724 = ORIENTED_EDGE ( 'NONE', *, *, #2214, .F. ) ;
#725 = PRESENTATION_STYLE_ASSIGNMENT (( #8574 ) ) ;
#726 = ORIENTED_EDGE ( 'NONE', *, *, #10007, .T. ) ;
#727 = CARTESIAN_POINT ( 'NONE',  ( 99.55585277962610746, 15.59999999999999964, -4.727425654879964689 ) ) ;
#728 = AXIS2_PLACEMENT_3D ( 'NONE', #1193, #10163, #7652 ) ;
#729 = EDGE_CURVE ( 'NONE', #3487, #9127, #2325, .T. ) ;
#730 = CARTESIAN_POINT ( 'NONE',  ( 104.3936609690503730, -9.007425705138800254, -9.565233844304298572 ) ) ;
#731 = ORIENTED_EDGE ( 'NONE', *, *, #1217, .T. ) ;
#732 = CARTESIAN_POINT ( 'NONE',  ( 62.90893786512990715, -28.86986338288235032, 3.629832591703473721 ) ) ;
#733 = LINE ( 'NONE', #7034, #94 ) ;
#734 = EDGE_LOOP ( 'NONE', ( #1801, #220, #10140, #6538 ) ) ;
#736 = ORIENTED_EDGE ( 'NONE', *, *, #8820, .T. ) ;
#735 = VECTOR ( 'NONE', #9154, 1000.000000000000000 ) ;
#737 = CARTESIAN_POINT ( 'NONE',  ( 103.9490811982822152, -9.569500498558463519, -9.120654073536108797 ) ) ;
#738 = DIRECTION ( 'NONE',  ( 0.7071067811865513475, 1.691909977029939893E-16, 0.7071067811865436870 ) ) ;
#739 = B_SPLINE_CURVE_WITH_KNOTS ( 'NONE', 3,
 ( #3493, #9967, #10020, #9213, #7514, #402, #8371, #3553, #1211, #8474, #1944, #5964, #7732, #8523, #7626, #3601, #9261, #6926 ),
 .UNSPECIFIED., .F., .F.,
 ( 4, 2, 2, 2, 2, 2, 2, 2, 4 ),
 ( 0.000000000000000000, 0.0007202108005266996075, 0.001440421601053399215, 0.002160632401580099039, 0.002880843202106798430, 0.003601054002633498254, 0.004321264803160198079, 0.005041475603686897469, 0.005761686404213602064 ),
 .UNSPECIFIED. ) ;
#740 = MECHANICAL_DESIGN_GEOMETRIC_PRESENTATION_REPRESENTATION (  '', ( #6313 ), #2514 ) ;
#741 = FACE_OUTER_BOUND ( 'NONE', #2625, .T. ) ;
#742 = ORIENTED_EDGE ( 'NONE', *, *, #1498, .T. ) ;
#743 = AXIS2_PLACEMENT_3D ( 'NONE', #1665, #5735, #8981 ) ;
#744 = CARTESIAN_POINT ( 'NONE',  ( 103.9300035893749197, -22.99999999999998579, -19.42533546995248628 ) ) ;
#745 =( BOUNDED_CURVE ( )  B_SPLINE_CURVE ( 3, ( #6822, #10073, #6018, #9265 ),
 .UNSPECIFIED., .F., .F. ) 
 B_SPLINE_CURVE_WITH_KNOTS ( ( 4, 4 ),
 ( 1.570796326794897890, 3.141592653589793560 ),
 .UNSPECIFIED. ) 
 CURVE ( )  GEOMETRIC_REPRESENTATION_ITEM ( )  RATIONAL_B_SPLINE_CURVE ( ( 1.000000000000000000, 0.8047378541243652705, 0.8047378541243652705, 1.000000000000000000 ) ) 
 REPRESENTATION_ITEM ( '' )  );
#746 = ORIENTED_EDGE ( 'NONE', *, *, #1887, .T. ) ;
#747 = LINE ( 'NONE', #10456, #3019 ) ;
#748 = CARTESIAN_POINT ( 'NONE',  ( 106.9705627484771071, -2.999999999999983569, -16.38477631085029529 ) ) ;
#749 = LINE ( 'NONE', #857, #258 ) ;
#750 = CARTESIAN_POINT ( 'NONE',  ( 114.8007051002443148, -9.000000000000179412, 24.45612889569477488 ) ) ;
#751 = AXIS2_PLACEMENT_3D ( 'NONE', #8906, #2547, #9010 ) ;
#752 = VERTEX_POINT ( 'NONE', #3917 ) ;
#753 = CARTESIAN_POINT ( 'NONE',  ( 96.69680535030580870, -16.17465732226597197, -2.716906362983502632 ) ) ;
#754 = EDGE_CURVE ( 'NONE', #9140, #1690, #7219, .T. ) ;
#755 = ORIENTED_EDGE ( 'NONE', *, *, #9898, .F. ) ;
#756 = DIRECTION ( 'NONE',  ( -0.7071067811865513475, -1.691909977029939893E-16, -0.7071067811865437980 ) ) ;
#757 = DIRECTION ( 'NONE',  ( 0.7071067811865513475, 1.691909977029939400E-16, 0.7071067811865436870 ) ) ;
#758 = AXIS2_PLACEMENT_3D ( 'NONE', #3472, #9842, #56 ) ;
#759 = EDGE_CURVE ( 'NONE', #3249, #3080, #10284, .T. ) ;
#760 = DIRECTION ( 'NONE',  ( 0.000000000000000000, 1.000000000000000000, -0.000000000000000000 ) ) ;
#761 = ORIENTED_EDGE ( 'NONE', *, *, #8115, .F. ) ;
#762 = CARTESIAN_POINT ( 'NONE',  ( 112.3404139806818591, 23.61213203435598729, 0.5987834203391335652 ) ) ;
#763 = ORIENTED_EDGE ( 'NONE', *, *, #5046, .F. ) ;
#764 = VERTEX_POINT ( 'NONE', #8677 ) ;
#765 = DIRECTION ( 'NONE',  ( 0.7071067811865436870, 0.000000000000000000, -0.7071067811865513475 ) ) ;
#766 = CARTESIAN_POINT ( 'NONE',  ( 92.58650166464771303, 3.999999999999831690, 2.241925460098516343 ) ) ;
#767 = DIRECTION ( 'NONE',  ( 0.7071067811865513475, 1.691909977029937675E-16, 0.7071067811865436870 ) ) ;
#768 = CARTESIAN_POINT ( 'NONE',  ( 104.4249783362055410, 7.600000000000005862, -9.596551211459450670 ) ) ;
#769 = ORIENTED_EDGE ( 'NONE', *, *, #5047, .F. ) ;
#770 = CARTESIAN_POINT ( 'NONE',  ( 100.3309568786160213, -14.86930633687767234, -6.351057891293680591 ) ) ;
#771 = DIRECTION ( 'NONE',  ( -0.7071067811865513475, -1.691909977029939647E-16, -0.7071067811865437980 ) ) ;
#772 = EDGE_CURVE ( 'NONE', #6017, #7314, #3170, .T. ) ;
#773 = DIRECTION ( 'NONE',  ( 0.000000000000000000, 0.000000000000000000, 1.000000000000000000 ) ) ;
#774 = EDGE_LOOP ( 'NONE', ( #5541, #8438, #9635, #8595 ) ) ;
#775 = DIRECTION ( 'NONE',  ( -1.000000000000000000, 0.000000000000000000, 0.000000000000000000 ) ) ;
#776 = ORIENTED_EDGE ( 'NONE', *, *, #7449, .F. ) ;
#777 = VECTOR ( 'NONE', #7392, 999.9999999999998863 ) ;
#778 = CARTESIAN_POINT ( 'NONE',  ( 113.0904139806818449, 22.12720779386421910, -0.1512165796608601342 ) ) ;
#779 = CARTESIAN_POINT ( 'NONE',  ( 92.37436963029169590, 21.49999999999898392, -0.3743696302917071117 ) ) ;
#780 = ORIENTED_EDGE ( 'NONE', *, *, #10123, .F. ) ;
#781 = EDGE_CURVE ( 'NONE', #10105, #9968, #7893, .T. ) ;
#782 = CARTESIAN_POINT ( 'NONE',  ( 56.47989838624502568, -27.52533286008374702, 2.000000000000003553 ) ) ;
#783 = DIRECTION ( 'NONE',  ( -0.7071067811865454633, 0.000000000000000000, 0.7071067811865495711 ) ) ;
#784 = VECTOR ( 'NONE', #2807, 1000.000000000000000 ) ;
#785 = ORIENTED_EDGE ( 'NONE', *, *, #9215, .T. ) ;
#786 = EDGE_CURVE ( 'NONE', #5283, #6844, #2114, .T. ) ;
#787 = ORIENTED_EDGE ( 'NONE', *, *, #5371, .F. ) ;
#788 = ADVANCED_FACE ( 'NONE', ( #660 ), #3092, .F. ) ;
#789 = EDGE_CURVE ( 'NONE', #3610, #2282, #4930, .T. ) ;
#790 = CARTESIAN_POINT ( 'NONE',  ( 103.1986805596047674, -17.19737090986756556, -9.218781572282585657 ) ) ;
#791 = CARTESIAN_POINT ( 'NONE',  ( 99.17066732507518623, -8.351923368053016716, -5.190768337752894368 ) ) ;
#792 = DIRECTION ( 'NONE',  ( 0.000000000000000000, 0.000000000000000000, -1.000000000000000000 ) ) ;
#793 = CARTESIAN_POINT ( 'NONE',  ( 56.64466094067247326, -26.92893218813451028, 2.585786437626898859 ) ) ;
#794 = CIRCLE ( 'NONE', #263, 3.000000000000002665 ) ;
#795 = ORIENTED_EDGE ( 'NONE', *, *, #8500, .F. ) ;
#796 = CARTESIAN_POINT ( 'NONE',  ( 102.8808910958306910, -15.10532799608344590, -8.052463971084680594 ) ) ;
#797 = AXIS2_PLACEMENT_3D ( 'NONE', #6610, #5003, #8207 ) ;
#798 = AXIS2_PLACEMENT_3D ( 'NONE', #8544, #10037, #1284 ) ;
#799 = CARTESIAN_POINT ( 'NONE',  ( 105.6977705423412459, -2.999999999999984901, -21.19310242291883739 ) ) ;
#800 = AXIS2_PLACEMENT_3D ( 'NONE', #7244, #8157, #1530 ) ;
#801 = DIRECTION ( 'NONE',  ( 1.196361017915052058E-16, -1.000000000000000000, 1.196361017915039239E-16 ) ) ;
#802 = DIRECTION ( 'NONE',  ( 0.000000000000000000, 0.000000000000000000, 1.000000000000000000 ) ) ;
#803 = DIRECTION ( 'NONE',  ( -1.162102763705878009E-15, -1.000000000000000000, 1.401374967288901240E-15 ) ) ;
#804 = LINE ( 'NONE', #4044, #1163 ) ;
#805 = VECTOR ( 'NONE', #7704, 1000.000000000000000 ) ;
#806 = ORIENTED_EDGE ( 'NONE', *, *, #5341, .T. ) ;
#807 =( BOUNDED_SURFACE ( )  B_SPLINE_SURFACE ( 3, 2, ( 
 ( #3486, #8318, #5909 ),
 ( #5112, #10016, #1051 ),
 ( #2739, #9906, #4271 ),
 ( #4797, #9695, #782 ),
 ( #3321, #10436, #1681 ),
 ( #7291, #8896, #4071 ),
 ( #838, #4018, #16 ),
 ( #732, #1580, #4896 ),
 ( #2378, #5596, #8058 ),
 ( #3268, #5544, #2419 ) ),
 .UNSPECIFIED., .F., .F., .F. ) 
 B_SPLINE_SURFACE_WITH_KNOTS ( ( 4, 2, 2, 2, 4 ),
 ( 3, 3 ),
 ( 3.141592653589793116, 3.534291735288517255, 3.926990816987241395, 4.319689898685965090, 4.712388980384689674 ),
 ( 0.000000000000000000, 1.000000000000000000 ),
 .UNSPECIFIED. ) 
 GEOMETRIC_REPRESENTATION_ITEM ( )  RATIONAL_B_SPLINE_SURFACE ( (
 ( 1.000000000000000000, 0.9238795325112881818, 1.000000000000000000),
 ( 1.000000000000000000, 0.9238886108758345150, 1.000000000000000000),
 ( 1.000000000000000000, 0.9189375406521760326, 1.000000000000000000),
 ( 1.000000000000000000, 0.8994581711983506978, 1.000000000000000000),
 ( 1.000000000000000000, 0.8849191471437676260, 1.000000000000000000),
 ( 1.000000000000000000, 0.8471316604251115656, 1.000000000000000000),
 ( 1.000000000000000000, 0.8238783972959352608, 1.000000000000000000),
 ( 1.000000000000000000, 0.7702345535786884190, 1.000000000000000000),
 ( 1.000000000000000000, 0.7398497524013011306, 1.000000000000000000),
 ( 1.000000000000000000, 0.7071067811865475727, 1.000000000000000000) ) ) 
 REPRESENTATION_ITEM ( '' )  SURFACE ( )  );
#808 = CARTESIAN_POINT ( 'NONE',  ( 99.89949493661166002, 10.60000000000001030, -5.919595949289384151 ) ) ;
#809 = VECTOR ( 'NONE', #6886, 999.9999999999998863 ) ;
#810 = DIRECTION ( 'NONE',  ( -0.000000000000000000, 1.000000000000000000, 0.000000000000000000 ) ) ;
#811 = VECTOR ( 'NONE', #687, 999.9999999999998863 ) ;
#812 = CARTESIAN_POINT ( 'NONE',  ( 87.48793039687154760, 15.49999999999898748, 0.6788880982551681598 ) ) ;
#813 = CIRCLE ( 'NONE', #6899, 0.8500000000000170752 ) ;
#814 = DIRECTION ( 'NONE',  ( -0.7071067811865514585, -2.775557561562890858E-16, -0.7071067811865437980 ) ) ;
#815 = ORIENTED_EDGE ( 'NONE', *, *, #9472, .F. ) ;
#816 = ORIENTED_EDGE ( 'NONE', *, *, #10223, .F. ) ;
#817 = PLANE ( 'NONE',  #8799 ) ;
#818 = ORIENTED_EDGE ( 'NONE', *, *, #4447, .T. ) ;
#819 = EDGE_CURVE ( 'NONE', #6561, #3811, #6985, .T. ) ;
#820 = CIRCLE ( 'NONE', #1662, 2.499999999999988454 ) ;
#821 = DIRECTION ( 'NONE',  ( 0.000000000000000000, 0.000000000000000000, -1.000000000000000000 ) ) ;
#822 = CARTESIAN_POINT ( 'NONE',  ( 106.3695219844685340, -2.999999999999983569, -15.78373554684171509 ) ) ;
#823 = LINE ( 'NONE', #10326, #4963 ) ;
#824 = CARTESIAN_POINT ( 'NONE',  ( 105.4588545881046144, -17.27644674173570039, -10.63042746335854538 ) ) ;
#825 = ORIENTED_EDGE ( 'NONE', *, *, #8230, .T. ) ;
#826 = LINE ( 'NONE', #4062, #10306 ) ;
#827 = VECTOR ( 'NONE', #8406, 999.9999999999998863 ) ;
#828 = CYLINDRICAL_SURFACE ( 'NONE', #6727, 2.499999999999988454 ) ;
#829 = LINE ( 'NONE', #4788, #318 ) ;
#830 = AXIS2_PLACEMENT_3D ( 'NONE', #6843, #1234, #10158 ) ;
#831 = ORIENTED_EDGE ( 'NONE', *, *, #1433, .T. ) ;
#832 = CARTESIAN_POINT ( 'NONE',  ( 99.43612069262580633, -16.99672652006153939, -5.456221705303527791 ) ) ;
#833 = VERTEX_POINT ( 'NONE', #10203 ) ;
#834 = CARTESIAN_POINT ( 'NONE',  ( 106.1220346110532375, 10.60000000000001208, -12.14213562373103095 ) ) ;
#835 = DIRECTION ( 'NONE',  ( 0.7071067811865439090, -1.232595164407831220E-32, -0.7071067811865512365 ) ) ;
#836 = ORIENTED_EDGE ( 'NONE', *, *, #125, .F. ) ;
#837 = VECTOR ( 'NONE', #2755, 1000.000000000000114 ) ;
#838 = CARTESIAN_POINT ( 'NONE',  ( 60.85659356293786004, -28.36893194223047843, 3.287775208004128036 ) ) ;
#839 = DIRECTION ( 'NONE',  ( -7.891197274167559081E-15, 1.000000000000000000, 7.651925070584632485E-15 ) ) ;
#840 = ORIENTED_EDGE ( 'NONE', *, *, #3050, .F. ) ;
#841 = VERTEX_POINT ( 'NONE', #7536 ) ;
#842 = CARTESIAN_POINT ( 'NONE',  ( 105.6578318467669959, -14.38716469878853843, -11.67793285944477688 ) ) ;
#843 = CARTESIAN_POINT ( 'NONE',  ( 103.6471608769003439, 22.67573593128805243, -8.818733752154239269 ) ) ;
#844 = VERTEX_POINT ( 'NONE', #4454 ) ;
#845 = EDGE_CURVE ( 'NONE', #8056, #8560, #369, .T. ) ;
#846 = DIRECTION ( 'NONE',  ( 0.000000000000000000, -7.958342869011112699E-16, -1.000000000000000000 ) ) ;
#847 = CARTESIAN_POINT ( 'NONE',  ( 90.46518132108802490, 9.999999999999818812, 1.534818678911982426 ) ) ;
#848 = VERTEX_POINT ( 'NONE', #2073 ) ;
#849 = ADVANCED_FACE ( 'NONE', ( #9233 ), #10154, .T. ) ;
#850 = EDGE_CURVE ( 'NONE', #9968, #542, #2875, .T. ) ;
#851 = EDGE_CURVE ( 'NONE', #8035, #253, #5189, .T. ) ;
#852 = EDGE_CURVE ( 'NONE', #8379, #5285, #3675, .T. ) ;
#853 = DIRECTION ( 'NONE',  ( -0.7071067811865513475, -1.691909977029939647E-16, -0.7071067811865437980 ) ) ;
#854 = CARTESIAN_POINT ( 'NONE',  ( 106.9705627484771355, 3.000000000000014211, -16.38477631085032371 ) ) ;
#855 = ORIENTED_EDGE ( 'NONE', *, *, #1365, .F. ) ;
#856 = DIRECTION ( 'NONE',  ( 0.000000000000000000, 1.000000000000000000, 0.000000000000000000 ) ) ;
#857 = CARTESIAN_POINT ( 'NONE',  ( 76.25233501923852941, 15.07573593128707401, 13.48492328096485693 ) ) ;
#858 = CARTESIAN_POINT ( 'NONE',  ( 96.74411681578455102, -16.48455183905596400, -2.764217828462042004 ) ) ;
#859 = ORIENTED_EDGE ( 'NONE', *, *, #3352, .T. ) ;
#860 = EDGE_CURVE ( 'NONE', #5559, #4823, #6895, .T. ) ;
#861 = LINE ( 'NONE', #4136, #1927 ) ;
#862 = CARTESIAN_POINT ( 'NONE',  ( 107.3285344780201171, 15.00000000000001421, 5.610662923000938385 ) ) ;
#863 = CARTESIAN_POINT ( 'NONE',  ( 99.89949493661166002, 10.00000000000001243, -5.919595949289384151 ) ) ;
#864 = DIRECTION ( 'NONE',  ( 2.392722035830078972E-16, -1.000000000000000000, -3.231026779835484926E-32 ) ) ;
#865 = CARTESIAN_POINT ( 'NONE',  ( 106.3695219844685340, 23.00000000000001421, -15.78373554684172397 ) ) ;
#866 = ORIENTED_EDGE ( 'NONE', *, *, #3996, .T. ) ;
#867 = ORIENTED_EDGE ( 'NONE', *, *, #9049, .F. ) ;
#868 = FACE_OUTER_BOUND ( 'NONE', #5250, .T. ) ;
#869 = LINE ( 'NONE', #8929, #10215 ) ;
#870 = DIRECTION ( 'NONE',  ( -0.7071067811865331398, 0.000000000000000000, 0.7071067811865620056 ) ) ;
#871 = FACE_OUTER_BOUND ( 'NONE', #10191, .T. ) ;
#872 = CARTESIAN_POINT ( 'NONE',  ( 104.3135164091591491, -18.04866127958090871, -9.485089284413080080 ) ) ;
#873 = CIRCLE ( 'NONE', #7300, 2.600000000000008527 ) ;
#874 = VERTEX_POINT ( 'NONE', #2927 ) ;
#875 = CARTESIAN_POINT ( 'NONE',  ( 99.36533554232104848, -17.39203438475406571, -5.385436554998803693 ) ) ;
#876 = FACE_OUTER_BOUND ( 'NONE', #2574, .T. ) ;
#877 = ORIENTED_EDGE ( 'NONE', *, *, #9867, .F. ) ;
#878 = CARTESIAN_POINT ( 'NONE',  ( 100.3571548444903243, -15.56176507793671782, -5.528727719744220614 ) ) ;
#879 = EDGE_LOOP ( 'NONE', ( #795, #1883, #2066, #3653 ) ) ;
#880 = CARTESIAN_POINT ( 'NONE',  ( 100.2440606532845777, -13.13575954536769252, -5.415633528538438490 ) ) ;
#881 = CARTESIAN_POINT ( 'NONE',  ( 99.51771241656753375, -18.12918257376988507, -4.689285291821498447 ) ) ;
#882 = ORIENTED_EDGE ( 'NONE', *, *, #8126, .T. ) ;
#883 = ADVANCED_FACE ( 'NONE', ( #6738 ), #324, .F. ) ;
#884 = CARTESIAN_POINT ( 'NONE',  ( 97.68985016559659584, -10.91229507811548949, -2.861423040850421984 ) ) ;
#885 = CARTESIAN_POINT ( 'NONE',  ( 55.23044737829938100, 24.00000000000000711, 4.000000000000000000 ) ) ;
#886 = EDGE_CURVE ( 'NONE', #8904, #5559, #6841, .T. ) ;
#887 = ORIENTED_EDGE ( 'NONE', *, *, #6905, .F. ) ;
#888 = VERTEX_POINT ( 'NONE', #6785 ) ;
#889 = CARTESIAN_POINT ( 'NONE',  ( 104.4716926935876415, -17.06495587392226909, -10.49179370626541186 ) ) ;
#890 = CARTESIAN_POINT ( 'NONE',  ( 51.50000000000002842, -43.99999999999998579, 2.000000000000000000 ) ) ;
#891 = ORIENTED_EDGE ( 'NONE', *, *, #9706, .F. ) ;
#892 = SURFACE_SIDE_STYLE ('',( #9001 ) ) ;
#893 = VECTOR ( 'NONE', #5434, 1000.000000000000000 ) ;
#894 = LINE ( 'NONE', #5008, #8601 ) ;
#895 = ORIENTED_EDGE ( 'NONE', *, *, #4089, .T. ) ;
#896 =( NAMED_UNIT ( * ) PLANE_ANGLE_UNIT ( ) SI_UNIT ( $, .RADIAN. ) );
#897 = CARTESIAN_POINT ( 'NONE',  ( 87.00000000000002842, 33.58337520964456502, -96.50000000000000000 ) ) ;
#898 = AXIS2_PLACEMENT_3D ( 'NONE', #1562, #8881, #1610 ) ;
#899 = EDGE_CURVE ( 'NONE', #2727, #4743, #5195, .T. ) ;
#900 = ORIENTED_EDGE ( 'NONE', *, *, #7456, .F. ) ;
#901 = CARTESIAN_POINT ( 'NONE',  ( 99.48129776483224873, -8.153829598535178746, -4.652870640086154808 ) ) ;
#902 = CARTESIAN_POINT ( 'NONE',  ( 89.15000000000000568, -33.58337520964456502, -162.2337144733732259 ) ) ;
#903 = PLANE ( 'NONE',  #949 ) ;
#904 = LINE ( 'NONE', #9923, #3539 ) ;
#905 = ADVANCED_FACE ( 'NONE', ( #7755 ), #9295, .F. ) ;
#906 = EDGE_CURVE ( 'NONE', #8711, #5824, #6148, .T. ) ;
#907 = AXIS2_PLACEMENT_3D ( 'NONE', #496, #3683, #8397 ) ;
#908 = ORIENTED_EDGE ( 'NONE', *, *, #2891, .T. ) ;
#909 = CARTESIAN_POINT ( 'NONE',  ( 101.7015764646287721, 15.55147186257616809, -6.873149339882658637 ) ) ;
#910 = CARTESIAN_POINT ( 'NONE',  ( 50.50000000000001421, 43.99999999999998579, 1.000000000000000000 ) ) ;
#911 = ADVANCED_FACE ( 'NONE', ( #1184 ), #1915, .T. ) ;
#912 = EDGE_LOOP ( 'NONE', ( #1103, #7542, #420, #2579 ) ) ;
#913 = LINE ( 'NONE', #205, #4363 ) ;
#914 = PRESENTATION_LAYER_ASSIGNMENT (  '', '', ( #5976 ) ) ;
#915 = CARTESIAN_POINT ( 'NONE',  ( 91.24793161653840912, 29.03165803352285224, 2.414416756109320161 ) ) ;
#916 = CARTESIAN_POINT ( 'NONE',  ( 90.76427943876487348, -26.51809490006043291, -52.91179805048210483 ) ) ;
#917 = CARTESIAN_POINT ( 'NONE',  ( 100.7148386732320517, -6.541571229526563336, -6.734939685909800744 ) ) ;
#918 = ADVANCED_FACE ( 'NONE', ( #2762 ), #8388, .T. ) ;
#919 = VERTEX_POINT ( 'NONE', #8599 ) ;
#920 = VERTEX_POINT ( 'NONE', #9993 ) ;
#921 = DIRECTION ( 'NONE',  ( 1.000000000000000000, 1.196361017915058714E-16, 0.000000000000000000 ) ) ;
#922 = DIRECTION ( 'NONE',  ( 1.000000000000000000, 0.000000000000000000, 0.000000000000000000 ) ) ;
#923 = VECTOR ( 'NONE', #7576, 1000.000000000000000 ) ;
#924 = DIRECTION ( 'NONE',  ( -0.7071067811865513475, -1.691909977029939647E-16, -0.7071067811865437980 ) ) ;
#925 = CARTESIAN_POINT ( 'NONE',  ( 92.58650166464776987, -9.000000000000184741, 2.241925460098454614 ) ) ;
#926 = LINE ( 'NONE', #5154, #10288 ) ;
#927 = DIRECTION ( 'NONE',  ( 0.000000000000000000, -0.7054896156758588832, -0.7087202566411722193 ) ) ;
#928 = AXIS2_PLACEMENT_3D ( 'NONE', #3144, #10314, #1505 ) ;
#929 = ORIENTED_EDGE ( 'NONE', *, *, #8863, .F. ) ;
#930 = CARTESIAN_POINT ( 'NONE',  ( 89.00000000000001421, -28.99999999999998579, 4.000000000000003553 ) ) ;
#931 = VERTEX_POINT ( 'NONE', #1341 ) ;
#932 = DIRECTION ( 'NONE',  ( -0.7071067811865192621, 0.000000000000000000, 0.7071067811865756614 ) ) ;
#933 = CARTESIAN_POINT ( 'NONE',  ( 97.48053672174235373, -16.81763228539419330, -3.500637734420074310 ) ) ;
#934 = VERTEX_POINT ( 'NONE', #2027 ) ;
#935 = LINE ( 'NONE', #9046, #8752 ) ;
#936 = CARTESIAN_POINT ( 'NONE',  ( 99.13158871091418689, 15.59999999999999964, -5.151689723591888814 ) ) ;
#937 = VERTEX_POINT ( 'NONE', #1126 ) ;
#938 = VERTEX_POINT ( 'NONE', #264 ) ;
#939 = VECTOR ( 'NONE', #3043, 1000.000000000000000 ) ;
#940 = CARTESIAN_POINT ( 'NONE',  ( 104.7998128379924339, -13.04519774629031303, -10.81991385067012601 ) ) ;
#941 = DIRECTION ( 'NONE',  ( 0.7071067811865513475, 1.691909977029939893E-16, 0.7071067811865436870 ) ) ;
#942 = VERTEX_POINT ( 'NONE', #8492 ) ;
#943 = CARTESIAN_POINT ( 'NONE',  ( 106.9705627484771355, 3.000000000000014211, -16.38477631085032371 ) ) ;
#944 = EDGE_LOOP ( 'NONE', ( #3075, #4272, #8400, #724 ) ) ;
#945 = PLANE ( 'NONE',  #2673 ) ;
#946 = EDGE_CURVE ( 'NONE', #874, #1532, #7597, .T. ) ;
#947 = CARTESIAN_POINT ( 'NONE',  ( 92.00000000000001421, -28.99999999999998934, -47.49747468305808695 ) ) ;
#948 = VERTEX_POINT ( 'NONE', #9610 ) ;
#949 = AXIS2_PLACEMENT_3D ( 'NONE', #1798, #3287, #1859 ) ;
#950 = FILL_AREA_STYLE ('',( #8216 ) ) ;
#951 = PLANE ( 'NONE',  #4830 ) ;
#952 = CARTESIAN_POINT ( 'NONE',  ( 99.79806677376934942, -8.482061694257355455, -4.969639649023257277 ) ) ;
#953 = SPHERICAL_SURFACE ( 'NONE', #1822, 1.000000000000000000 ) ;
#954 = DIRECTION ( 'NONE',  ( 0.7071067811865436870, 0.000000000000000000, -0.7071067811865513475 ) ) ;
#955 = CARTESIAN_POINT ( 'NONE',  ( 97.42717010526735066, -12.38965022513504799, -3.447271117944996632 ) ) ;
#956 = DIRECTION ( 'NONE',  ( 0.7071067811865513475, 1.691909977029939893E-16, 0.7071067811865436870 ) ) ;
#957 = VECTOR ( 'NONE', #2388, 1000.000000000000000 ) ;
#958 = ORIENTED_EDGE ( 'NONE', *, *, #789, .T. ) ;
#959 = CIRCLE ( 'NONE', #9093, 3.000000000000002665 ) ;
#960 = CIRCLE ( 'NONE', #6885, 0.2999999999999893308 ) ;
#961 = CARTESIAN_POINT ( 'NONE',  ( 100.3571548444902675, -15.56176507793671782, -5.528727719744267688 ) ) ;
#962 = DIRECTION ( 'NONE',  ( -0.7071067811865456854, -1.099064721078642582E-14, 0.7071067811865493491 ) ) ;
#963 = VECTOR ( 'NONE', #5647, 1000.000000000000114 ) ;
#964 = ORIENTED_EDGE ( 'NONE', *, *, #243, .T. ) ;
#965 = FACE_OUTER_BOUND ( 'NONE', #8693, .T. ) ;
#966 = CARTESIAN_POINT ( 'NONE',  ( 88.00000000000001421, -26.99999999999998579, -53.74011537017730689 ) ) ;
#967 = CARTESIAN_POINT ( 'NONE',  ( 97.92976791516488788, -11.86216094775716101, -3.949868927842596467 ) ) ;
#968 = AXIS2_PLACEMENT_3D ( 'NONE', #4146, #5476, #5429 ) ;
#969 = DIRECTION ( 'NONE',  ( 0.7071067811865450192, -4.599880250050133754E-16, -0.7071067811865500152 ) ) ;
#970 = ORIENTED_EDGE ( 'NONE', *, *, #9939, .T. ) ;
#971 = VERTEX_POINT ( 'NONE', #7808 ) ;
#972 = DIRECTION ( 'NONE',  ( -0.7071067811865439090, -2.465190328815662439E-32, 0.7071067811865512365 ) ) ;
#973 = EDGE_CURVE ( 'NONE', #2282, #6941, #2285, .T. ) ;
#974 = VECTOR ( 'NONE', #8972, 1000.000000000000000 ) ;
#975 = CARTESIAN_POINT ( 'NONE',  ( 102.6774489793977807, -6.799385742242939124, -8.697549992075456871 ) ) ;
#976 = ORIENTED_EDGE ( 'NONE', *, *, #9007, .T. ) ;
#977 = CARTESIAN_POINT ( 'NONE',  ( 98.20243866176394931, 15.60000000000000497, -3.374011537017787443 ) ) ;
#978 = AXIS2_PLACEMENT_3D ( 'NONE', #2592, #9113, #1058 ) ;
#979 = EDGE_CURVE ( 'NONE', #7896, #3542, #960, .T. ) ;
#980 = DIRECTION ( 'NONE',  ( -1.000000000000000000, -9.376883653928788436E-17, 0.000000000000000000 ) ) ;
#981 = VECTOR ( 'NONE', #10093, 1000.000000000000000 ) ;
#982 = AXIS2_PLACEMENT_3D ( 'NONE', #2188, #5400, #7859 ) ;
#983 = EDGE_CURVE ( 'NONE', #5037, #7359, #3881, .T. ) ;
#984 = ADVANCED_FACE ( 'NONE', ( #7858 ), #3030, .T. ) ;
#985 = FACE_OUTER_BOUND ( 'NONE', #153, .T. ) ;
#986 = AXIS2_PLACEMENT_3D ( 'NONE', #1756, #4140, #8180 ) ;
#987 = ORIENTED_EDGE ( 'NONE', *, *, #6214, .F. ) ;
#988 = CARTESIAN_POINT ( 'NONE',  ( 51.50000000000002132, 43.99999999999998579, 1.000000000000000000 ) ) ;
#989 = CARTESIAN_POINT ( 'NONE',  ( 101.4894444302728118, 17.40000000000001279, -6.661017305526701016 ) ) ;
#990 = CIRCLE ( 'NONE', #8608, 0.1499999999999973577 ) ;
#991 = ORIENTED_EDGE ( 'NONE', *, *, #711, .T. ) ;
#992 = DIRECTION ( 'NONE',  ( 0.5764689886713847411, 0.5791088068751626405, -0.5764689886713910694 ) ) ;
#993 = EDGE_LOOP ( 'NONE', ( #3148, #5479, #1984, #212 ) ) ;
#994 = VECTOR ( 'NONE', #5933, 1000.000000000000114 ) ;
#995 = FACE_OUTER_BOUND ( 'NONE', #4050, .T. ) ;
#996 = CARTESIAN_POINT ( 'NONE',  ( 97.68985016559658163, -10.91229507811548949, -2.861423040850424648 ) ) ;
#997 = ORIENTED_EDGE ( 'NONE', *, *, #8853, .T. ) ;
#998 = VECTOR ( 'NONE', #3300, 1000.000000000000000 ) ;
#999 = DIRECTION ( 'NONE',  ( -0.7071067811865513475, -1.691909977029939647E-16, -0.7071067811865437980 ) ) ;
#1000 = CARTESIAN_POINT ( 'NONE',  ( 102.2781152033536642, -10.40250754864332983, -7.449688078607554331 ) ) ;
#1001 = CYLINDRICAL_SURFACE ( 'NONE', #6033, 1.000000000000000888 ) ;
#1002 = CARTESIAN_POINT ( 'NONE',  ( 102.9794190537283924, -13.20430052049268177, -8.999520066406200058 ) ) ;
#1003 = FACE_OUTER_BOUND ( 'NONE', #9734, .T. ) ;
#1004 = ORIENTED_EDGE ( 'NONE', *, *, #5382, .F. ) ;
#1005 = DIRECTION ( 'NONE',  ( -0.7071067811865512365, -2.775557561562891351E-16, -0.7071067811865437980 ) ) ;
#1006 = ORIENTED_EDGE ( 'NONE', *, *, #2399, .T. ) ;
#1007 = VECTOR ( 'NONE', #6430, 1000.000000000000000 ) ;
#1008 = CARTESIAN_POINT ( 'NONE',  ( 103.2228968081883949, 19.40000000000000924, -9.242997820866150960 ) ) ;
#1009 = DIRECTION ( 'NONE',  ( -0.2395108329543915726, 0.9408874118591373792, 0.2395108329543939873 ) ) ;
#1010 = ORIENTED_EDGE ( 'NONE', *, *, #1380, .F. ) ;
#1011 = CARTESIAN_POINT ( 'NONE',  ( 104.4385797148871546, -9.230980157769057115, -10.45868072756492317 ) ) ;
#1012 = DIRECTION ( 'NONE',  ( 0.7071067811865443531, 0.000000000000000000, -0.7071067811865506814 ) ) ;
#1013 = ORIENTED_EDGE ( 'NONE', *, *, #7880, .F. ) ;
#1014 = ADVANCED_FACE ( 'NONE', ( #6201 ), #10350, .F. ) ;
#1015 = LINE ( 'NONE', #902, #8424 ) ;
#1016 = CARTESIAN_POINT ( 'NONE',  ( 98.00746156225463324, -12.15039280264173982, -3.179034437508601485 ) ) ;
#1017 = DIRECTION ( 'NONE',  ( -0.7071067811865454633, 0.000000000000000000, 0.7071067811865495711 ) ) ;
#1018 = CARTESIAN_POINT ( 'NONE',  ( 41.73333539013160731, 27.00000000000001421, 0.000000000000000000 ) ) ;
#1019 = ORIENTED_EDGE ( 'NONE', *, *, #10120, .T. ) ;
#1020 = LINE ( 'NONE', #808, #6487 ) ;
#1021 = ADVANCED_FACE ( 'NONE', ( #7151 ), #1492, .F. ) ;
#1022 = CARTESIAN_POINT ( 'NONE',  ( 105.7814602361295755, -17.16669888734009675, -10.95303311138363611 ) ) ;
#1023 = DIRECTION ( 'NONE',  ( 0.7071067811865513475, 1.110223024625155924E-16, 0.7071067811865436870 ) ) ;
#1024 = EDGE_CURVE ( 'NONE', #8240, #2263, #8022, .T. ) ;
#1025 = CARTESIAN_POINT ( 'NONE',  ( 103.2228968081883522, 22.67573593128807019, -8.394469683442265406 ) ) ;
#1026 = CARTESIAN_POINT ( 'NONE',  ( 102.1312545858667846, -17.56833855368435238, -8.151355598544538950 ) ) ;
#1027 = DIRECTION ( 'NONE',  ( 0.7071067811865512365, 1.691909977029938907E-16, 0.7071067811865437980 ) ) ;
#1028 = CARTESIAN_POINT ( 'NONE',  ( 101.1198416596845107, -17.15322309509429743, -6.291414534938389203 ) ) ;
#1029 = ORIENTED_EDGE ( 'NONE', *, *, #6214, .T. ) ;
#1030 = EDGE_LOOP ( 'NONE', ( #4471, #9111, #4707, #4118 ) ) ;
#1031 = CARTESIAN_POINT ( 'NONE',  ( 97.00542025436304527, -14.63853261203153266, -2.176993129616846989 ) ) ;
#1032 = CARTESIAN_POINT ( 'NONE',  ( 103.5085262164668052, -9.123880003327377253, -9.528627229144557731 ) ) ;
#1033 = VERTEX_POINT ( 'NONE', #3077 ) ;
#1034 = LINE ( 'NONE', #9892, #8191 ) ;
#1035 = DIRECTION ( 'NONE',  ( 1.196361017915052058E-16, -1.000000000000000000, 1.196361017915039486E-16 ) ) ;
#1036 = EDGE_CURVE ( 'NONE', #2940, #9391, #3783, .T. ) ;
#1037 = ORIENTED_EDGE ( 'NONE', *, *, #2607, .T. ) ;
#1038 = CARTESIAN_POINT ( 'NONE',  ( 99.89949493661166002, 10.60000000000001030, -5.919595949289384151 ) ) ;
#1039 = ORIENTED_EDGE ( 'NONE', *, *, #2121, .F. ) ;
#1040 = ADVANCED_FACE ( 'NONE', ( #7046 ), #10247, .T. ) ;
#1041 = DIRECTION ( 'NONE',  ( -0.7071067811865442421, 1.210272192541961722E-15, 0.7071067811865507924 ) ) ;
#1042 = EDGE_CURVE ( 'NONE', #5559, #9912, #9661, .T. ) ;
#1043 = ORIENTED_EDGE ( 'NONE', *, *, #10489, .F. ) ;
#1044 = LINE ( 'NONE', #9200, #9466 ) ;
#1045 = ORIENTED_EDGE ( 'NONE', *, *, #4332, .T. ) ;
#1046 = EDGE_CURVE ( 'NONE', #9446, #3090, #5501, .T. ) ;
#1047 = EDGE_CURVE ( 'NONE', #253, #1317, #2390, .T. ) ;
#1048 = CARTESIAN_POINT ( 'NONE',  ( 103.9300035893749197, 3.000000000000011990, -19.42533546995249694 ) ) ;
#1049 = DIRECTION ( 'NONE',  ( -0.7071067811865513475, -1.691909977029939647E-16, -0.7071067811865437980 ) ) ;
#1050 = CARTESIAN_POINT ( 'NONE',  ( 100.5876979129208877, -6.552259277488113653, -6.607798925598570960 ) ) ;
#1051 = CARTESIAN_POINT ( 'NONE',  ( 55.23044737829938100, -24.91646306141861089, 2.000000000000003553 ) ) ;
#1052 = ORIENTED_EDGE ( 'NONE', *, *, #224, .F. ) ;
#1053 = DIRECTION ( 'NONE',  ( 0.7071067811865513475, 1.691909977029939893E-16, 0.7071067811865436870 ) ) ;
#1054 = PLANE ( 'NONE',  #446 ) ;
#1055 = FACE_OUTER_BOUND ( 'NONE', #1569, .T. ) ;
#1056 = ORIENTED_EDGE ( 'NONE', *, *, #6542, .T. ) ;
#1057 = EDGE_CURVE ( 'NONE', #9594, #7546, #4758, .T. ) ;
#1058 = DIRECTION ( 'NONE',  ( 0.7071067811865443531, 0.000000000000000000, -0.7071067811865506814 ) ) ;
#1059 = DIRECTION ( 'NONE',  ( 0.000000000000000000, -1.000000000000000000, -0.000000000000000000 ) ) ;
#1060 = ORIENTED_EDGE ( 'NONE', *, *, #6634, .T. ) ;
#1061 = PLANE ( 'NONE',  #8886 ) ;
#1062 = DIRECTION ( 'NONE',  ( -0.7071067811865426878, 0.000000000000000000, 0.7071067811865524577 ) ) ;
#1063 = CARTESIAN_POINT ( 'NONE',  ( 100.5025665088975160, -11.31398825372005668, -6.522667521575277405 ) ) ;
#1065 = ORIENTED_EDGE ( 'NONE', *, *, #1214, .T. ) ;
#1064 = AXIS2_PLACEMENT_3D ( 'NONE', #7240, #10492, #8312 ) ;
#1066 = CARTESIAN_POINT ( 'NONE',  ( 60.15937956643392681, 29.00000000000002132, 3.171572875253804380 ) ) ;
#1067 = DIRECTION ( 'NONE',  ( -0.7071067811865388020, 0.000000000000000000, 0.7071067811865561215 ) ) ;
#1068 = CARTESIAN_POINT ( 'NONE',  ( 97.66502766365606192, -12.10492340764647601, -3.685128676333668363 ) ) ;
#1069 = EDGE_LOOP ( 'NONE', ( #6937, #4668, #7631, #2315, #10334, #5226, #5136, #3195 ) ) ;
#1070 = B_SPLINE_CURVE_WITH_KNOTS ( 'NONE', 3,
 ( #2493, #5713, #5813, #5017, #8966, #1701, #4912, #8170 ),
 .UNSPECIFIED., .F., .F.,
 ( 4, 1, 1, 1, 1, 4 ),
 ( 0.000000000000000000, 0.1782573703587648772, 0.3494658574888978020, 0.5207024417209522582, 0.6770102187256243909, 1.000000000000000000 ),
 .UNSPECIFIED. ) ;
#1071 = AXIS2_PLACEMENT_3D ( 'NONE', #6795, #2771, #5990 ) ;
#1072 = FILL_AREA_STYLE ('',( #8541 ) ) ;
#1073 = LINE ( 'NONE', #7534, #9599 ) ;
#1074 = CARTESIAN_POINT ( 'NONE',  ( 100.5025665088975302, -11.31398825372005312, -6.522667521575254312 ) ) ;
#1075 = CARTESIAN_POINT ( 'NONE',  ( 89.93879780604918039, 29.01225850744667412, 3.621794369598526409 ) ) ;
#1076 = CARTESIAN_POINT ( 'NONE',  ( 90.00000000000000000, -25.53282984317180038, -54.31812848962769635 ) ) ;
#1077 = CYLINDRICAL_SURFACE ( 'NONE', #5043, 0.3000000000000065392 ) ;
#1078 = VECTOR ( 'NONE', #835, 999.9999999999998863 ) ;
#1079 = CARTESIAN_POINT ( 'NONE',  ( 118.9913780286483558, -23.99999999999998224, -24.16295090390239864 ) ) ;
#1080 = ORIENTED_EDGE ( 'NONE', *, *, #4694, .F. ) ;
#1081 = ORIENTED_EDGE ( 'NONE', *, *, #10316, .T. ) ;
#1082 = DIRECTION ( 'NONE',  ( -0.7071067811865561215, 0.000000000000000000, 0.7071067811865388020 ) ) ;
#1083 = DIRECTION ( 'NONE',  ( 0.000000000000000000, -0.000000000000000000, -1.000000000000000000 ) ) ;
#1084 = VERTEX_POINT ( 'NONE', #8753 ) ;
#1085 = EDGE_CURVE ( 'NONE', #10234, #4823, #6999, .T. ) ;
#1086 = FACE_OUTER_BOUND ( 'NONE', #7673, .T. ) ;
#1087 = EDGE_CURVE ( 'NONE', #4073, #5257, #3526, .T. ) ;
#1088 = CARTESIAN_POINT ( 'NONE',  ( 118.2842712474618025, -28.99999999999997868, -24.87005768508894477 ) ) ;
#1089 = AXIS2_PLACEMENT_3D ( 'NONE', #10048, #3630, #1925 ) ;
#1090 = ORIENTED_EDGE ( 'NONE', *, *, #4882, .F. ) ;
#1091 = DIRECTION ( 'NONE',  ( 0.000000000000000000, 4.681118783104540843E-16, 1.000000000000000000 ) ) ;
#1092 = CARTESIAN_POINT ( 'NONE',  ( 91.17228810227464919, -9.000000000000184741, 0.8277118977253611343 ) ) ;
#1093 = CARTESIAN_POINT ( 'NONE',  ( 101.9640917498829680, -5.941491606012205828, -7.984192762560540224 ) ) ;
#1094 = ORIENTED_EDGE ( 'NONE', *, *, #2538, .T. ) ;
#1095 = CARTESIAN_POINT ( 'NONE',  ( 97.96199212814779855, -16.99759392308838812, -3.133565003401630911 ) ) ;
#1096 = PRESENTATION_LAYER_ASSIGNMENT (  '', '', ( #9220 ) ) ;
#1097 = EDGE_LOOP ( 'NONE', ( #5992, #8871, #2215, #6198 ) ) ;
#1098 = DIRECTION ( 'NONE',  ( -1.541976423090495880E-16, 1.000000000000000000, 0.000000000000000000 ) ) ;
#1099 = CARTESIAN_POINT ( 'NONE',  ( 40.31912182775851505, -26.99999999999999645, -101.4209935424183016 ) ) ;
#1100 = CARTESIAN_POINT ( 'NONE',  ( 99.76846052462585135, -9.018406921271957088, -5.788561537303595905 ) ) ;
#1101 = CARTESIAN_POINT ( 'NONE',  ( 102.4127745452639004, -6.834263753685235088, -7.584347420517792315 ) ) ;
#1102 = VECTOR ( 'NONE', #4832, 1000.000000000000114 ) ;
#1103 = ORIENTED_EDGE ( 'NONE', *, *, #4462, .T. ) ;
#1104 = DIRECTION ( 'NONE',  ( 0.7071067811865513475, 0.000000000000000000, 0.7071067811865436870 ) ) ;
#1105 = DIRECTION ( 'NONE',  ( -0.7071067811865388020, 0.000000000000000000, 0.7071067811865561215 ) ) ;
#1106 = ORIENTED_EDGE ( 'NONE', *, *, #8602, .F. ) ;
#1107 = ORIENTED_EDGE ( 'NONE', *, *, #8279, .F. ) ;
#1108 = FACE_OUTER_BOUND ( 'NONE', #774, .T. ) ;
#1109 = EDGE_CURVE ( 'NONE', #4489, #281, #9503, .T. ) ;
#1110 = CARTESIAN_POINT ( 'NONE',  ( 104.4385797148871546, -9.230980157769057115, -10.45868072756491607 ) ) ;
#1111 = VERTEX_POINT ( 'NONE', #8696 ) ;
#1112 = EDGE_CURVE ( 'NONE', #10002, #5268, #1437, .T. ) ;
#1113 = CARTESIAN_POINT ( 'NONE',  ( 105.9545061178773580, -13.32181596742723606, -11.12607899313139370 ) ) ;
#1114 = VECTOR ( 'NONE', #3793, 1000.000000000000000 ) ;
#1115 = EDGE_CURVE ( 'NONE', #3025, #2273, #1015, .T. ) ;
#1116 = ORIENTED_EDGE ( 'NONE', *, *, #5073, .T. ) ;
#1117 = DIRECTION ( 'NONE',  ( 0.7071067811865417996, -6.694020509638551589E-15, -0.7071067811865532349 ) ) ;
#1118 = CARTESIAN_POINT ( 'NONE',  ( 92.00000000000001421, 31.00000000000002132, -45.49747468305808695 ) ) ;
#1119 = PLANE ( 'NONE',  #1349 ) ;
#1120 = AXIS2_PLACEMENT_3D ( 'NONE', #9123, #4132, #1017 ) ;
#1121 = ORIENTED_EDGE ( 'NONE', *, *, #1367, .F. ) ;
#1122 = FILL_AREA_STYLE ('',( #7748 ) ) ;
#1123 = CARTESIAN_POINT ( 'NONE',  ( 103.8779727512074800, -7.349759618135095707, -9.049545626461386050 ) ) ;
#1124 = DIRECTION ( 'NONE',  ( 0.7071067811865513475, 1.691909977029939400E-16, 0.7071067811865436870 ) ) ;
#1125 = VECTOR ( 'NONE', #1638, 1000.000000000000114 ) ;
#1126 = CARTESIAN_POINT ( 'NONE',  ( 99.32607574579570553, -10.31138064058062476, -4.497648621049552098 ) ) ;
#1127 = DIRECTION ( 'NONE',  ( -0.7071067811865522357, -6.106226635438359986E-16, -0.7071067811865427988 ) ) ;
#1128 = CARTESIAN_POINT ( 'NONE',  ( 87.85000000000002274, -30.53337520964456431, -162.2337144733732259 ) ) ;
#1129 = FACE_OUTER_BOUND ( 'NONE', #7978, .T. ) ;
#1130 = ORIENTED_EDGE ( 'NONE', *, *, #9061, .T. ) ;
#1131 = EDGE_LOOP ( 'NONE', ( #3920, #9430, #9809, #8402 ) ) ;
#1132 = CARTESIAN_POINT ( 'NONE',  ( 97.84888527117067270, 14.90000000000000213, -3.868986283848387497 ) ) ;
#1133 = LINE ( 'NONE', #7763, #8018 ) ;
#1134 = ORIENTED_EDGE ( 'NONE', *, *, #8053, .T. ) ;
#1135 = AXIS2_PLACEMENT_3D ( 'NONE', #3386, #9854, #5796 ) ;
#1136 = DIRECTION ( 'NONE',  ( -2.066169305673153137E-16, -1.000000000000000000, 0.000000000000000000 ) ) ;
#1137 = LINE ( 'NONE', #10256, #1430 ) ;
#1138 = CARTESIAN_POINT ( 'NONE',  ( 97.77817459305201453, 7.600000000000001421, -3.798275605729727555 ) ) ;
#1139 = VECTOR ( 'NONE', #9911, 1000.000000000000114 ) ;
#1140 = AXIS2_PLACEMENT_3D ( 'NONE', #2376, #2221, #5595 ) ;
#1141 = ORIENTED_EDGE ( 'NONE', *, *, #5439, .T. ) ;
#1142 = LINE ( 'NONE', #1771, #71 ) ;
#1143 = CARTESIAN_POINT ( 'NONE',  ( 89.40452114930819505, 21.49999999999898392, -1.647161836427473158 ) ) ;
#1144 = VECTOR ( 'NONE', #5838, 1000.000000000000000 ) ;
#1145 = EDGE_CURVE ( 'NONE', #942, #7294, #6460, .T. ) ;
#1146 = ORIENTED_EDGE ( 'NONE', *, *, #10509, .F. ) ;
#1147 = DIRECTION ( 'NONE',  ( 1.000000000000000000, 8.673617379884027583E-15, 6.938893903907222067E-15 ) ) ;
#1148 = ORIENTED_EDGE ( 'NONE', *, *, #6835, .T. ) ;
#1149 = FACE_OUTER_BOUND ( 'NONE', #6927, .T. ) ;
#1150 = CARTESIAN_POINT ( 'NONE',  ( 97.60626546847328200, -16.11036491588398079, -2.777838343727259574 ) ) ;
#1151 =( BOUNDED_SURFACE ( )  B_SPLINE_SURFACE ( 3, 2, ( 
 ( #8553, #5308, #5358 ),
 ( #1294, #497, #10210 ),
 ( #3743, #2936, #6851 ),
 ( #2037, #8609, #6159 ),
 ( #9405, #545, #2139 ),
 ( #7657, #3789, #380 ),
 ( #7009, #2984, #6212 ),
 ( #3631, #8398, #9244 ),
 ( #4370, #6054, #3585 ),
 ( #9306, #7711, #7610 ) ),
 .UNSPECIFIED., .F., .F., .T. ) 
 B_SPLINE_SURFACE_WITH_KNOTS ( ( 4, 2, 2, 2, 4 ),
 ( 3, 3 ),
 ( -1.886511780124777715E-17, 0.0008903543697135087162, 0.001780708739427036297, 0.002671063109140564204, 0.003561417478854091677 ),
 ( 0.000000000000000000, 1.000000000000000000 ),
 .UNSPECIFIED. ) 
 GEOMETRIC_REPRESENTATION_ITEM ( )  RATIONAL_B_SPLINE_SURFACE ( (
 ( 1.000000000000000000, 0.7071067811865476838, 1.000000000000000000),
 ( 1.000000000000000000, 0.7237427488319917446, 1.000000000000000000),
 ( 1.000000000000000000, 0.7403769102272493852, 1.000000000000000000),
 ( 1.000000000000000000, 0.7652461837592506866, 1.000000000000000000),
 ( 1.000000000000000000, 0.7730587378498692264, 1.000000000000000000),
 ( 1.000000000000000000, 0.7730732934586810323, 1.000000000000000000),
 ( 1.000000000000000000, 0.7652721699971608560, 1.000000000000000000),
 ( 1.000000000000000000, 0.7404028117551703092, 1.000000000000000000),
 ( 1.000000000000000000, 0.7237653265878364328, 1.000000000000000000),
 ( 1.000000000000000000, 0.7071067811865486830, 1.000000000000000000) ) ) 
 REPRESENTATION_ITEM ( '' )  SURFACE ( )  );
#1152 = VECTOR ( 'NONE', #6027, 1000.000000000000000 ) ;
#1153 = CARTESIAN_POINT ( 'NONE',  ( 134.5577777210914121, -12.99999999999997868, 4.697056274847486890 ) ) ;
#1154 = VECTOR ( 'NONE', #9055, 1000.000000000000000 ) ;
#1155 = VECTOR ( 'NONE', #4085, 1000.000000000000114 ) ;
#1156 = DIRECTION ( 'NONE',  ( -1.000000000000000000, -9.376883653928788436E-17, 0.000000000000000000 ) ) ;
#1157 = DIRECTION ( 'NONE',  ( -0.000000000000000000, -0.000000000000000000, 1.000000000000000000 ) ) ;
#1158 = ORIENTED_EDGE ( 'NONE', *, *, #1381, .F. ) ;
#1159 = LINE ( 'NONE', #4330, #6235 ) ;
#1160 = ORIENTED_EDGE ( 'NONE', *, *, #2247, .F. ) ;
#1161 = VECTOR ( 'NONE', #172, 999.9999999999998863 ) ;
#1162 = CARTESIAN_POINT ( 'NONE',  ( 77.24228451289977215, -14.00000000000030020, 14.75771548710040726 ) ) ;
#1163 = VECTOR ( 'NONE', #10402, 1000.000000000000000 ) ;
#1164 = CARTESIAN_POINT ( 'NONE',  ( 112.2782819463258761, 22.67573593128807374, 0.6609154546951094833 ) ) ;
#1165 = VECTOR ( 'NONE', #9861, 1000.000000000000000 ) ;
#1166 = ORIENTED_EDGE ( 'NONE', *, *, #3588, .F. ) ;
#1167 =( NAMED_UNIT ( * ) PLANE_ANGLE_UNIT ( ) SI_UNIT ( $, .RADIAN. ) );
#1168 = LINE ( 'NONE', #2116, #1961 ) ;
#1169 = B_SPLINE_SURFACE_WITH_KNOTS ( 'NONE', 3, 1, ( 
 ( #2759, #7642 ),
 ( #8386, #4451 ),
 ( #7696, #6097 ),
 ( #2068, #1123 ),
 ( #1959, #1338 ),
 ( #4352, #5293 ),
 ( #8542, #6143 ),
 ( #1281, #532 ) ),
 .UNSPECIFIED., .F., .F., .F.,
 ( 4, 1, 1, 1, 1, 4 ),
 ( 2, 2 ),
 ( 0.000000000000000000, 0.2317113570506716957, 0.3869881936420744850, 0.5493815465833487011, 0.7225508604132591106, 1.000000000000000000 ),
 ( 0.000000000000000000, 1.000000000000000000 ),
 .UNSPECIFIED. ) ;
#1170 = ORIENTED_EDGE ( 'NONE', *, *, #2247, .T. ) ;
#1171 = CARTESIAN_POINT ( 'NONE',  ( 105.6395218666072680, -13.84948761128133121, -11.65962287928506314 ) ) ;
#1172 = EDGE_CURVE ( 'NONE', #10110, #2730, #4960, .T. ) ;
#1173 = CARTESIAN_POINT ( 'NONE',  ( 47.41421356237359674, 1.134490336022446682E-14, 47.41421356237309936 ) ) ;
#1174 = VECTOR ( 'NONE', #1560, 1000.000000000000000 ) ;
#1175 = DIRECTION ( 'NONE',  ( -0.7071067811865439090, 0.000000000000000000, 0.7071067811865512365 ) ) ;
#1176 = VECTOR ( 'NONE', #3164, 1000.000000000000000 ) ;
#1177 = ADVANCED_FACE ( 'NONE', ( #7308 ), #7262, .T. ) ;
#1178 = EDGE_CURVE ( 'NONE', #336, #6871, #6673, .T. ) ;
#1179 = EDGE_CURVE ( 'NONE', #2326, #9091, #9921, .T. ) ;
#1180 = ORIENTED_EDGE ( 'NONE', *, *, #5313, .F. ) ;
#1181 =( NAMED_UNIT ( * ) PLANE_ANGLE_UNIT ( ) SI_UNIT ( $, .RADIAN. ) );
#1182 = DIRECTION ( 'NONE',  ( -0.7071067811865454633, 0.000000000000000000, 0.7071067811865495711 ) ) ;
#1183 = CARTESIAN_POINT ( 'NONE',  ( 96.74411681578446576, -16.48455183905596400, -2.764217828462138371 ) ) ;
#1184 = FACE_OUTER_BOUND ( 'NONE', #4746, .T. ) ;
#1185 = CARTESIAN_POINT ( 'NONE',  ( 104.3542676580868829, 8.199999999999993960, -9.525840533340788951 ) ) ;
#1186 = CARTESIAN_POINT ( 'NONE',  ( 106.5462986797651723, 10.60000000000001208, -12.56639969244296218 ) ) ;
#1187 = CARTESIAN_POINT ( 'NONE',  ( 74.41385738815340289, 15.49999999999886313, 13.34350192472748553 ) ) ;
#1188 = FACE_OUTER_BOUND ( 'NONE', #10395, .T. ) ;
#1189 = VERTEX_POINT ( 'NONE', #2435 ) ;
#1190 = CARTESIAN_POINT ( 'NONE',  ( 102.8808910958307337, -15.10532799608344590, -8.052463971084639738 ) ) ;
#1191 = ORIENTED_EDGE ( 'NONE', *, *, #9528, .F. ) ;
#1192 = EDGE_CURVE ( 'NONE', #8770, #30, #8909, .T. ) ;
#1193 = CARTESIAN_POINT ( 'NONE',  ( 115.4558441227156180, -23.99999999999998224, -22.04163056034274959 ) ) ;
#1194 = ORIENTED_EDGE ( 'NONE', *, *, #516, .F. ) ;
#1195 = DIRECTION ( 'NONE',  ( 0.7071067811865496822, 0.000000000000000000, -0.7071067811865453523 ) ) ;
#1196 = CARTESIAN_POINT ( 'NONE',  ( 56.64466094067247326, 24.00000000000001066, 2.585786437626906409 ) ) ;
#1197 = EDGE_LOOP ( 'NONE', ( #7410, #8540, #8322, #1548 ) ) ;
#1198 = CARTESIAN_POINT ( 'NONE',  ( 104.8683450756500264, -17.45152651191344262, -10.88844608832764749 ) ) ;
#1199 = EDGE_LOOP ( 'NONE', ( #6086, #482, #2248, #8076 ) ) ;
#1200 = DIRECTION ( 'NONE',  ( 0.000000000000000000, 1.000000000000000000, 0.000000000000000000 ) ) ;
#1201 = ORIENTED_EDGE ( 'NONE', *, *, #10315, .F. ) ;
#1202 = CARTESIAN_POINT ( 'NONE',  ( 100.3571548444903385, -15.56176507793671782, -5.528727719744205515 ) ) ;
#1203 = ORIENTED_EDGE ( 'NONE', *, *, #1861, .F. ) ;
#1204 = DIRECTION ( 'NONE',  ( 0.7071067811865513475, 1.691909977029939400E-16, 0.7071067811865436870 ) ) ;
#1205 = CARTESIAN_POINT ( 'NONE',  ( 89.15000000000000568, -30.53337520964456431, 0.000000000000000000 ) ) ;
#1206 = DIRECTION ( 'NONE',  ( 0.7071067811865442421, 0.000000000000000000, -0.7071067811865509034 ) ) ;
#1207 = LINE ( 'NONE', #3708, #1640 ) ;
#1208 = CARTESIAN_POINT ( 'NONE',  ( 113.4680995693950223, -11.53539626432506893, -0.5289021683740312563 ) ) ;
#1209 = CARTESIAN_POINT ( 'NONE',  ( 104.0007142674936205, 9.664066052554728614, -10.02081528017136769 ) ) ;
#1210 = ORIENTED_EDGE ( 'NONE', *, *, #3748, .F. ) ;
#1211 = CARTESIAN_POINT ( 'NONE',  ( 96.51814323100101944, -13.44747405879144431, -2.538244243678722256 ) ) ;
#1212 = ORIENTED_EDGE ( 'NONE', *, *, #9138, .T. ) ;
#1213 = PLANE ( 'NONE',  #5022 ) ;
#1214 = EDGE_CURVE ( 'NONE', #8103, #937, #2647, .T. ) ;
#1215 = CARTESIAN_POINT ( 'NONE',  ( 105.4720721131873660, -15.48077086870394048, -11.49217312586515938 ) ) ;
#1216 = ORIENTED_EDGE ( 'NONE', *, *, #2328, .T. ) ;
#1217 = EDGE_CURVE ( 'NONE', #3941, #546, #4868, .T. ) ;
#1218 = DIRECTION ( 'NONE',  ( -1.000000000000000000, 0.000000000000000000, 0.000000000000000000 ) ) ;
#1219 = ORIENTED_EDGE ( 'NONE', *, *, #4660, .T. ) ;
#1220 = ORIENTED_EDGE ( 'NONE', *, *, #9521, .T. ) ;
#1221 = DIRECTION ( 'NONE',  ( -0.7071067811865329178, 0.000000000000000000, 0.7071067811865621167 ) ) ;
#1222 = FACE_OUTER_BOUND ( 'NONE', #6126, .T. ) ;
#1223 = DIRECTION ( 'NONE',  ( 1.000000000000000000, 0.000000000000000000, 0.000000000000000000 ) ) ;
#1224 = ORIENTED_EDGE ( 'NONE', *, *, #5382, .T. ) ;
#1225 = DIRECTION ( 'NONE',  ( 2.590264123990840275E-16, -1.000000000000000000, -1.975420881607622276E-17 ) ) ;
#1226 = ADVANCED_FACE ( 'NONE', ( #3453 ), #198, .T. ) ;
#1227 = CARTESIAN_POINT ( 'NONE',  ( 107.2578237999014732, 8.300000000000004263, 5.681373601119591221 ) ) ;
#1228 = AXIS2_PLACEMENT_3D ( 'NONE', #4426, #4477, #9313 ) ;
#1229 = CARTESIAN_POINT ( 'NONE',  ( 104.4385797148871546, -9.230980157769057115, -10.45868072756492317 ) ) ;
#1230 = ADVANCED_FACE ( 'NONE', ( #1746 ), #953, .T. ) ;
#1231 = CARTESIAN_POINT ( 'NONE',  ( 77.97918471982879396, -23.99999999999998224, 16.84924240491756819 ) ) ;
#1232 = PLANE ( 'NONE',  #7239 ) ;
#1233 =( LENGTH_UNIT ( ) NAMED_UNIT ( * ) SI_UNIT ( .MILLI., .METRE. ) );
#1234 = DIRECTION ( 'NONE',  ( -0.7071067811865512365, -1.691909977029938907E-16, -0.7071067811865437980 ) ) ;
#1235 = DIRECTION ( 'NONE',  ( 0.7071067811865456854, -9.063262435035590279E-16, -0.7071067811865493491 ) ) ;
#1236 = ORIENTED_EDGE ( 'NONE', *, *, #4646, .F. ) ;
#1237 = CARTESIAN_POINT ( 'NONE',  ( 87.00000000000002842, 33.58337520964456502, -96.50000000000000000 ) ) ;
#1238 = VECTOR ( 'NONE', #7916, 1000.000000000000000 ) ;
#1239 = CARTESIAN_POINT ( 'NONE',  ( 97.26558609688466106, -10.91229507811548949, -3.285687109562347885 ) ) ;
#1240 = ORIENTED_EDGE ( 'NONE', *, *, #8853, .F. ) ;
#1241 = ADVANCED_FACE ( 'NONE', ( #1643 ), #3401, .F. ) ;
#1242 = DIRECTION ( 'NONE',  ( 0.7071067811865436870, 1.443099686290225968E-15, -0.7071067811865513475 ) ) ;
#1243 = LINE ( 'NONE', #4418, #3648 ) ;
#1244 = PLANE ( 'NONE',  #105 ) ;
#1245 = EDGE_CURVE ( 'NONE', #635, #515, #32, .T. ) ;
#1246 = VECTOR ( 'NONE', #4227, 1000.000000000000000 ) ;
#1247 = ORIENTED_EDGE ( 'NONE', *, *, #6905, .T. ) ;
#1248 = EDGE_CURVE ( 'NONE', #302, #752, #9873, .T. ) ;
#1249 = VERTEX_POINT ( 'NONE', #3235 ) ;
#1250 = DIRECTION ( 'NONE',  ( 1.196361017915049840E-16, -1.000000000000000000, 1.196361017915043430E-16 ) ) ;
#1251 = COLOUR_RGB ( '',0.7921568627450980005, 0.8196078431372548767, 0.9333333333333333481 ) ;
#1252 = VERTEX_POINT ( 'NONE', #3286 ) ;
#1253 = LINE ( 'NONE', #4474, #6244 ) ;
#1254 = VERTEX_POINT ( 'NONE', #9760 ) ;
#1255 = PLANE ( 'NONE',  #7489 ) ;
#1256 = CIRCLE ( 'NONE', #7165, 1.000000000000000888 ) ;
#1257 = CARTESIAN_POINT ( 'NONE',  ( 100.1116269709676203, 16.05147186257617165, -6.131727983645356872 ) ) ;
#1258 = DIRECTION ( 'NONE',  ( -0.7071067811865513475, -1.691909977029939893E-16, -0.7071067811865436870 ) ) ;
#1259 = ORIENTED_EDGE ( 'NONE', *, *, #8441, .F. ) ;
#1260 = LINE ( 'NONE', #5473, #5711 ) ;
#1261 = CARTESIAN_POINT ( 'NONE',  ( 103.5261169389625309, -18.59111928802864711, -9.546217951640310062 ) ) ;
#1262 = DIRECTION ( 'NONE',  ( 0.7071067811865778818, 0.000000000000000000, -0.7071067811865171526 ) ) ;
#1263 = CARTESIAN_POINT ( 'NONE',  ( 100.5091694411710534, -14.69140301790533520, -6.529270453848774913 ) ) ;
#1264 = ORIENTED_EDGE ( 'NONE', *, *, #2141, .T. ) ;
#1265 = CARTESIAN_POINT ( 'NONE',  ( 89.00000000000001421, 29.00000000000001776, 1.000000000000000222 ) ) ;
#1266 = ORIENTED_EDGE ( 'NONE', *, *, #3710, .T. ) ;
#1267 = DIRECTION ( 'NONE',  ( -0.7071067811865512365, -2.775557561562891351E-16, -0.7071067811865437980 ) ) ;
#1268 = CARTESIAN_POINT ( 'NONE',  ( 107.5716035124856802, -2.999999999999983569, -16.98581707485887193 ) ) ;
#1269 = EDGE_LOOP ( 'NONE', ( #5228, #3988, #7739, #2092 ) ) ;
#1270 = DIRECTION ( 'NONE',  ( 0.7071067811865513475, 1.691909977029939893E-16, 0.7071067811865436870 ) ) ;
#1271 = AXIS2_PLACEMENT_3D ( 'NONE', #8717, #1457, #5583 ) ;
#1272 = DIRECTION ( 'NONE',  ( 0.7071067811865513475, 1.691909977029939893E-16, 0.7071067811865436870 ) ) ;
#1273 = EDGE_LOOP ( 'NONE', ( #8303, #9279, #2742, #4955 ) ) ;
#1274 = ORIENTED_EDGE ( 'NONE', *, *, #6932, .F. ) ;
#1275 = FACE_OUTER_BOUND ( 'NONE', #3947, .T. ) ;
#1276 = DIRECTION ( 'NONE',  ( -0.7071067811865439090, 0.000000000000000000, 0.7071067811865512365 ) ) ;
#1277 = CARTESIAN_POINT ( 'NONE',  ( 0.000000000000000000, 0.000000000000000000, -96.50000000000000000 ) ) ;
#1278 = EDGE_CURVE ( 'NONE', #9127, #9311, #1070, .T. ) ;
#1279 = ORIENTED_EDGE ( 'NONE', *, *, #1805, .T. ) ;
#1280 = PRESENTATION_STYLE_ASSIGNMENT (( #5190 ) ) ;
#1281 = CARTESIAN_POINT ( 'NONE',  ( 101.2870179104178021, -5.806184949683045105, -7.307118923095532459 ) ) ;
#1282 = ORIENTED_EDGE ( 'NONE', *, *, #3754, .F. ) ;
#1283 = CARTESIAN_POINT ( 'NONE',  ( 41.73333539013160731, -30.99999999999998934, 4.000000000000003553 ) ) ;
#1284 = DIRECTION ( 'NONE',  ( -0.7071067811865447972, 0.000000000000000000, 0.7071067811865501263 ) ) ;
#1285 = DIRECTION ( 'NONE',  ( -1.000000000000000000, -6.938893903907222067E-15, 2.081668171172166620E-14 ) ) ;
#1286 = LINE ( 'NONE', #6150, #7722 ) ;
#1287 = DIRECTION ( 'NONE',  ( 0.7071067811865456854, 1.099064721078642582E-14, -0.7071067811865493491 ) ) ;
#1288 = CARTESIAN_POINT ( 'NONE',  ( 115.6016838179026536, 17.40000000000001990, -2.662486416881705065 ) ) ;
#1289 = EDGE_LOOP ( 'NONE', ( #9953, #2375, #9584, #6713 ) ) ;
#1290 = CARTESIAN_POINT ( 'NONE',  ( 65.12994231491109076, -28.99999999999998579, 3.999999999999989786 ) ) ;
#1291 = LINE ( 'NONE', #5092, #5284 ) ;
#1292 = ORIENTED_EDGE ( 'NONE', *, *, #6469, .F. ) ;
#1293 = CARTESIAN_POINT ( 'NONE',  ( 102.3059378875420720, -18.85672476411543030, -7.477510762795971822 ) ) ;
#1294 = CARTESIAN_POINT ( 'NONE',  ( 92.46363245270109132, -28.00000001269865990, 2.364794672045135826 ) ) ;
#1295 = VECTOR ( 'NONE', #9335, 1000.000000000000114 ) ;
#1296 = VERTEX_POINT ( 'NONE', #7636 ) ;
#1297 = DIRECTION ( 'NONE',  ( 0.7071067811865415775, 0.000000000000000000, -0.7071067811865535679 ) ) ;
#1298 = VERTEX_POINT ( 'NONE', #9282 ) ;
#1299 = CARTESIAN_POINT ( 'NONE',  ( 97.77817459305201453, 8.300000000000002487, -3.798275605729727555 ) ) ;
#1300 = EDGE_CURVE ( 'NONE', #8904, #9876, #2014, .T. ) ;
#1301 = ORIENTED_EDGE ( 'NONE', *, *, #6090, .F. ) ;
#1302 = CARTESIAN_POINT ( 'NONE',  ( 101.7998861195488729, -11.24750411939341177, -7.819987132226615678 ) ) ;
#1303 = VECTOR ( 'NONE', #8971, 1000.000000000000000 ) ;
#1304 = DIRECTION ( 'NONE',  ( -0.7071067811865512365, -1.691909977029938907E-16, -0.7071067811865437980 ) ) ;
#1305 = EDGE_CURVE ( 'NONE', #74, #4640, #3563, .T. ) ;
#1306 = EDGE_CURVE ( 'NONE', #6646, #6554, #8534, .T. ) ;
#1307 = EDGE_CURVE ( 'NONE', #6167, #4634, #3503, .T. ) ;
#1308 = CARTESIAN_POINT ( 'NONE',  ( 90.00000000000001421, 30.81780873603544535, -48.08864654114197634 ) ) ;
#1309 = VECTOR ( 'NONE', #9750, 1000.000000000000000 ) ;
#1310 = AXIS2_PLACEMENT_3D ( 'NONE', #8666, #7786, #5375 ) ;
#1311 = CARTESIAN_POINT ( 'NONE',  ( 91.18981608498317826, 28.87828660134624670, 3.638611039765761390 ) ) ;
#1312 = CIRCLE ( 'NONE', #7223, 2.000000000000000000 ) ;
#1313 = CARTESIAN_POINT ( 'NONE',  ( 98.11454246660939305, -17.77190528905910583, -4.134643479287078982 ) ) ;
#1314 = CARTESIAN_POINT ( 'NONE',  ( 116.1629509039021428, 24.00000000000002132, -21.33452377915620346 ) ) ;
#1315 = DIRECTION ( 'NONE',  ( -0.7071067811865520136, 0.000000000000000000, -0.7071067811865431318 ) ) ;
#1316 = DIRECTION ( 'NONE',  ( -1.000000000000000000, 0.000000000000000000, 0.000000000000000000 ) ) ;
#1317 = VERTEX_POINT ( 'NONE', #10192 ) ;
#1318 = CARTESIAN_POINT ( 'NONE',  ( 100.5091694411710677, -14.69140301790534942, -6.529270453848774913 ) ) ;
#1319 = VECTOR ( 'NONE', #5087, 1000.000000000000000 ) ;
#1320 = EDGE_LOOP ( 'NONE', ( #8135, #8082, #3896, #7625 ) ) ;
#1321 = CARTESIAN_POINT ( 'NONE',  ( 104.4249783362055410, 9.664066052554728614, -9.596551211459445341 ) ) ;
#1322 = AXIS2_PLACEMENT_3D ( 'NONE', #9578, #4, #1458 ) ;
#1323 = CARTESIAN_POINT ( 'NONE',  ( 105.5302420491654800, -13.32181596742723606, -11.55034306184327164 ) ) ;
#1324 = VERTEX_POINT ( 'NONE', #361 ) ;
#1325 = CIRCLE ( 'NONE', #6726, 0.1000000000000078049 ) ;
#1326 = DIRECTION ( 'NONE',  ( 0.000000000000000000, 0.000000000000000000, 1.000000000000000000 ) ) ;
#1327 = VECTOR ( 'NONE', #3956, 1000.000000000000000 ) ;
#1328 = ORIENTED_EDGE ( 'NONE', *, *, #3100, .F. ) ;
#1329 = ORIENTED_EDGE ( 'NONE', *, *, #2696, .F. ) ;
#1330 = AXIS2_PLACEMENT_3D ( 'NONE', #3076, #7966, #3134 ) ;
#1331 = CARTESIAN_POINT ( 'NONE',  ( 82.00000000000001421, -36.99999999999998579, 2.000000000000000000 ) ) ;
#1332 = DIRECTION ( 'NONE',  ( 0.7071067811865426878, 0.000000000000000000, -0.7071067811865524577 ) ) ;
#1333 = CARTESIAN_POINT ( 'NONE',  ( 82.00000000000001421, -44.99999999999999289, 0.000000000000000000 ) ) ;
#1334 = AXIS2_PLACEMENT_3D ( 'NONE', #5663, #7477, #5767 ) ;
#1335 = VECTOR ( 'NONE', #8640, 999.9999999999998863 ) ;
#1336 = ORIENTED_EDGE ( 'NONE', *, *, #8825, .F. ) ;
#1337 = CARTESIAN_POINT ( 'NONE',  ( 102.5741036805333835, -12.99460872837454595, -8.594204693211080937 ) ) ;
#1338 = CARTESIAN_POINT ( 'NONE',  ( 103.4238634264962826, -6.632082894133788820, -8.595436301750188690 ) ) ;
#1339 = ADVANCED_FACE ( 'NONE', ( #1275 ), #6829, .F. ) ;
#1340 = CARTESIAN_POINT ( 'NONE',  ( 77.52512722537439060, -20.50000000000091305, 9.807968018794575471 ) ) ;
#1341 = CARTESIAN_POINT ( 'NONE',  ( 97.77817459305201453, 7.600000000000001421, -3.798275605729727555 ) ) ;
#1342 = CARTESIAN_POINT ( 'NONE',  ( 103.9693969003384524, -9.007425705138800254, -9.989497913016217367 ) ) ;
#1343 = DIRECTION ( 'NONE',  ( 0.2395108329543981784, -0.9408874118591340485, -0.2395108329544005377 ) ) ;
#1344 =( LENGTH_UNIT ( ) NAMED_UNIT ( * ) SI_UNIT ( .MILLI., .METRE. ) );
#1345 = CARTESIAN_POINT ( 'NONE',  ( 98.90181167708377075, -10.31138064058062476, -4.921912689761477999 ) ) ;
#1346 = EDGE_CURVE ( 'NONE', #7440, #7298, #289, .T. ) ;
#1347 = ORIENTED_EDGE ( 'NONE', *, *, #906, .F. ) ;
#1348 = DIRECTION ( 'NONE',  ( 0.7071067811865513475, 1.691909977029939400E-16, 0.7071067811865436870 ) ) ;
#1349 = AXIS2_PLACEMENT_3D ( 'NONE', #1277, #4344, #1223 ) ;
#1350 = DIRECTION ( 'NONE',  ( 0.000000000000000000, 0.000000000000000000, 1.000000000000000000 ) ) ;
#1351 = EDGE_CURVE ( 'NONE', #59, #3095, #8332, .T. ) ;
#1352 = ORIENTED_EDGE ( 'NONE', *, *, #2004, .F. ) ;
#1353 = CARTESIAN_POINT ( 'NONE',  ( 102.8559439195610423, -17.97698773318991528, -8.876044932238722041 ) ) ;
#1354 = VERTEX_POINT ( 'NONE', #314 ) ;
#1355 = DIRECTION ( 'NONE',  ( 1.000000000000000000, 1.196361017915049840E-16, 0.000000000000000000 ) ) ;
#1356 = ORIENTED_EDGE ( 'NONE', *, *, #7604, .F. ) ;
#1357 = LINE ( 'NONE', #6961, #7605 ) ;
#1358 = VERTEX_POINT ( 'NONE', #5183 ) ;
#1359 = CYLINDRICAL_SURFACE ( 'NONE', #2239, 0.1499999999999915012 ) ;
#1360 = CARTESIAN_POINT ( 'NONE',  ( 98.87722015309543622, -18.01831877851650532, -4.048793028349387590 ) ) ;
#1361 = EDGE_CURVE ( 'NONE', #1324, #6561, #9168, .T. ) ;
#1362 = CARTESIAN_POINT ( 'NONE',  ( 105.9099025766972915, -22.99999999999998579, -13.90990257669743535 ) ) ;
#1363 = ORIENTED_EDGE ( 'NONE', *, *, #5547, .T. ) ;
#1364 = CARTESIAN_POINT ( 'NONE',  ( 99.22772953945870711, -18.06494120220563460, -5.247830552136405480 ) ) ;
#1365 = EDGE_CURVE ( 'NONE', #4109, #6554, #3732, .T. ) ;
#1366 = DIRECTION ( 'NONE',  ( -1.196361017915046142E-16, 1.000000000000000000, -1.196361017915046142E-16 ) ) ;
#1367 = EDGE_CURVE ( 'NONE', #5437, #2220, #9783, .T. ) ;
#1368 = EDGE_CURVE ( 'NONE', #4346, #1872, #2176, .T. ) ;
#1369 = LINE ( 'NONE', #4582, #7609 ) ;
#1370 = DIRECTION ( 'NONE',  ( -5.026175035178150888E-15, 1.000000000000000000, 4.786902831595195105E-15 ) ) ;
#1371 = VERTEX_POINT ( 'NONE', #2327 ) ;
#1372 = FACE_OUTER_BOUND ( 'NONE', #5397, .T. ) ;
#1373 = ORIENTED_EDGE ( 'NONE', *, *, #4723, .F. ) ;
#1374 = FACE_BOUND ( 'NONE', #9886, .T. ) ;
#1375 = CARTESIAN_POINT ( 'NONE',  ( 103.8194928165802082, -13.26522203829090607, -8.991065691834144502 ) ) ;
#1376 = ORIENTED_EDGE ( 'NONE', *, *, #7985, .T. ) ;
#1377 = LINE ( 'NONE', #6979, #7393 ) ;
#1378 = ORIENTED_EDGE ( 'NONE', *, *, #1614, .T. ) ;
#1379 = ORIENTED_EDGE ( 'NONE', *, *, #6120, .T. ) ;
#1380 = EDGE_CURVE ( 'NONE', #6117, #9287, #5727, .T. ) ;
#1381 = EDGE_CURVE ( 'NONE', #1719, #7891, #4859, .T. ) ;
#1382 = DIRECTION ( 'NONE',  ( -0.000000000000000000, -1.084202172485503325E-16, -1.000000000000000000 ) ) ;
#1383 = LINE ( 'NONE', #6553, #4843 ) ;
#1384 = CARTESIAN_POINT ( 'NONE',  ( 103.9300035893749055, 23.00000000000001421, -19.42533546995247562 ) ) ;
#1385 = EDGE_LOOP ( 'NONE', ( #5466, #2783 ) ) ;
#1386 = FACE_OUTER_BOUND ( 'NONE', #6748, .T. ) ;
#1387 = CARTESIAN_POINT ( 'NONE',  ( 108.6676190233248036, 13.00000000000001421, -13.83919189857876120 ) ) ;
#1388 = ORIENTED_EDGE ( 'NONE', *, *, #572, .T. ) ;
#1389 = CYLINDRICAL_SURFACE ( 'NONE', #1330, 0.5999999999999935385 ) ;
#1390 = CARTESIAN_POINT ( 'NONE',  ( 82.00000000000001421, -36.99999999999998579, 1.000000000000000000 ) ) ;
#1391 = SURFACE_STYLE_FILL_AREA ( #6947 ) ;
#1392 = CARTESIAN_POINT ( 'NONE',  ( 90.25304928673203619, 21.49999999999898392, -2.495689973851338284 ) ) ;
#1393 = DIRECTION ( 'NONE',  ( 0.7071067811865513475, 1.691909977029939893E-16, 0.7071067811865436870 ) ) ;
#1394 = CARTESIAN_POINT ( 'NONE',  ( 102.3904209951923576, -14.61673633523884952, -7.561993870446245936 ) ) ;
#1395 = ORIENTED_EDGE ( 'NONE', *, *, #4141, .F. ) ;
#1396 = CARTESIAN_POINT ( 'NONE',  ( 90.00000000000001421, 36.99999999999999289, 0.000000000000000000 ) ) ;
#1397 = DIRECTION ( 'NONE',  ( 0.7071067811865426878, 0.000000000000000000, -0.7071067811865524577 ) ) ;
#1398 = ORIENTED_EDGE ( 'NONE', *, *, #2217, .F. ) ;
#1399 = DIRECTION ( 'NONE',  ( -1.000000000000000000, -1.196361017915055756E-16, 0.000000000000000000 ) ) ;
#1400 = ORIENTED_EDGE ( 'NONE', *, *, #9202, .T. ) ;
#1401 = DIRECTION ( 'NONE',  ( 0.000000000000000000, -1.000000000000000000, 0.000000000000000000 ) ) ;
#1402 = VECTOR ( 'NONE', #6106, 1000.000000000000000 ) ;
#1403 = ORIENTED_EDGE ( 'NONE', *, *, #7661, .T. ) ;
#1404 = LINE ( 'NONE', #2994, #7951 ) ;
#1405 = ORIENTED_EDGE ( 'NONE', *, *, #9796, .F. ) ;
#1406 = EDGE_CURVE ( 'NONE', #1033, #10234, #5441, .T. ) ;
#1407 = ADVANCED_FACE ( 'NONE', ( #683 ), #8768, .F. ) ;
#1408 = CYLINDRICAL_SURFACE ( 'NONE', #898, 0.3000000000000024314 ) ;
#1409 = DIRECTION ( 'NONE',  ( -0.7071067811865533459, -2.662405555120915404E-29, -0.7071067811865417996 ) ) ;
#1410 = VECTOR ( 'NONE', #9031, 1000.000000000000114 ) ;
#1411 = CARTESIAN_POINT ( 'NONE',  ( 90.53768988548129926, 28.92253597173382929, 4.290737239266226410 ) ) ;
#1412 = CARTESIAN_POINT ( 'NONE',  ( 102.4127745452638720, -6.834263753685235088, -7.584347420517818961 ) ) ;
#1413 = CARTESIAN_POINT ( 'NONE',  ( 87.48793039687154760, 15.07573593128707401, 0.6788880982551681598 ) ) ;
#1414 = CARTESIAN_POINT ( 'NONE',  ( 59.04624017012877601, 29.59766789531717990, 1.999999999999996669 ) ) ;
#1415 = DIRECTION ( 'NONE',  ( -1.000000000000000000, 0.000000000000000000, 0.000000000000000000 ) ) ;
#1416 = ORIENTED_EDGE ( 'NONE', *, *, #4385, .F. ) ;
#1417 = CARTESIAN_POINT ( 'NONE',  ( 99.27536146884138191, -13.49216445527318164, -5.295462481519110476 ) ) ;
#1418 = VECTOR ( 'NONE', #8767, 1000.000000000000000 ) ;
#1419 = ORIENTED_EDGE ( 'NONE', *, *, #5306, .T. ) ;
#1420 = FACE_BOUND ( 'NONE', #8080, .T. ) ;
#1421 = CARTESIAN_POINT ( 'NONE',  ( 106.5462986797651581, 17.40000000000001634, -12.56639969244296218 ) ) ;
#1422 = ORIENTED_EDGE ( 'NONE', *, *, #10122, .F. ) ;
#1423 = DIRECTION ( 'NONE',  ( -1.196361017915046142E-16, 1.000000000000000000, -1.196361017915046142E-16 ) ) ;
#1424 = DIRECTION ( 'NONE',  ( -1.000000000000000000, 0.000000000000000000, 0.000000000000000000 ) ) ;
#1425 = VERTEX_POINT ( 'NONE', #9595 ) ;
#1426 = ORIENTED_EDGE ( 'NONE', *, *, #7060, .T. ) ;
#1427 = CARTESIAN_POINT ( 'NONE',  ( 103.9458611660724614, -9.000924224658467310, -9.117434041326387018 ) ) ;
#1428 = CARTESIAN_POINT ( 'NONE',  ( 101.9247085719245263, -5.903187733375055757, -7.096281447178407475 ) ) ;
#1429 = EDGE_CURVE ( 'NONE', #429, #8185, #1651, .T. ) ;
#1430 = VECTOR ( 'NONE', #5996, 1000.000000000000000 ) ;
#1431 = ORIENTED_EDGE ( 'NONE', *, *, #5039, .T. ) ;
#1432 = UNCERTAINTY_MEASURE_WITH_UNIT (LENGTH_MEASURE( 1.000000000000000082E-05 ), #2384, 'distance_accuracy_value', 'NONE');
#1433 = EDGE_CURVE ( 'NONE', #8035, #6499, #9780, .T. ) ;
#1434 = ADVANCED_FACE ( 'NONE', ( #4553 ), #7800, .F. ) ;
#1435 = CARTESIAN_POINT ( 'NONE',  ( 99.81979658457265714, -13.13575954536769252, -5.839897597250341299 ) ) ;
#1436 = CARTESIAN_POINT ( 'NONE',  ( 74.48456806627220317, -14.00000000000029843, 14.54558345274449316 ) ) ;
#1437 = LINE ( 'NONE', #4654, #7064 ) ;
#1438 = CARTESIAN_POINT ( 'NONE',  ( 98.20243866176396352, 8.300000000000002487, -3.374011537017801210 ) ) ;
#1439 = DIRECTION ( 'NONE',  ( 0.7071067811865434649, 0.000000000000000000, -0.7071067811865515695 ) ) ;
#1440 = DIRECTION ( 'NONE',  ( 0.7071067811865436870, 4.818676322157620078E-15, -0.7071067811865513475 ) ) ;
#1441 = VERTEX_POINT ( 'NONE', #8009 ) ;
#1442 = CARTESIAN_POINT ( 'NONE',  ( 98.20243866176394931, 7.600000000000008527, -3.374011537017789220 ) ) ;
#1443 = ORIENTED_EDGE ( 'NONE', *, *, #8169, .F. ) ;
#1444 = DIRECTION ( 'NONE',  ( 0.7071067811865436870, 0.000000000000000000, -0.7071067811865513475 ) ) ;
#1445 = PLANE ( 'NONE',  #9056 ) ;
#1446 = ORIENTED_EDGE ( 'NONE', *, *, #4021, .T. ) ;
#1447 = CARTESIAN_POINT ( 'NONE',  ( 105.5308849235747033, -16.36005977435968362, -10.70245779882882786 ) ) ;
#1448 = AXIS2_PLACEMENT_3D ( 'NONE', #5463, #2890, #6114 ) ;
#1449 = ORIENTED_EDGE ( 'NONE', *, *, #10171, .T. ) ;
#1450 = LINE ( 'NONE', #2447, #1612 ) ;
#1451 = VERTEX_POINT ( 'NONE', #7091 ) ;
#1452 = ORIENTED_EDGE ( 'NONE', *, *, #4780, .T. ) ;
#1453 = CARTESIAN_POINT ( 'NONE',  ( 104.4249783362055410, 9.064066052554728969, -9.596551211459448893 ) ) ;
#1454 = EDGE_LOOP ( 'NONE', ( #9044, #5447, #4304, #8615, #9928, #5182 ) ) ;
#1455 = AXIS2_PLACEMENT_3D ( 'NONE', #8220, #954, #7364 ) ;
#1456 = CARTESIAN_POINT ( 'NONE',  ( 101.0651803615608912, 17.40000000000001279, -7.085281374238618035 ) ) ;
#1457 = DIRECTION ( 'NONE',  ( -9.376883653928788436E-17, 1.000000000000000000, -9.376883653928688596E-17 ) ) ;
#1458 = DIRECTION ( 'NONE',  ( 1.000000000000000000, 9.376883653928788436E-17, 0.000000000000000000 ) ) ;
#1459 = EDGE_CURVE ( 'NONE', #6605, #3224, #10391, .T. ) ;
#1460 = EDGE_LOOP ( 'NONE', ( #7098, #3858, #2260, #3625 ) ) ;
#1461 = CARTESIAN_POINT ( 'NONE',  ( 97.62322528790429033, -13.35496925659141709, -3.643326300581906541 ) ) ;
#1462 = DIRECTION ( 'NONE',  ( -0.7071067811865513475, -1.691909977029939647E-16, -0.7071067811865437980 ) ) ;
#1463 = CIRCLE ( 'NONE', #3833, 1.299999999999990719 ) ;
#1464 = CARTESIAN_POINT ( 'NONE',  ( 60.71177185794991971, 28.84464733119891733, 1.999999999999998446 ) ) ;
#1465 = DIRECTION ( 'NONE',  ( -1.000000000000000000, 2.312964634635743450E-16, -0.000000000000000000 ) ) ;
#1466 = ORIENTED_EDGE ( 'NONE', *, *, #10197, .T. ) ;
#1467 = CARTESIAN_POINT ( 'NONE',  ( 97.93404945922937088, -12.57279707635200516, -3.954150471907065700 ) ) ;
#1468 = ORIENTED_EDGE ( 'NONE', *, *, #6211, .T. ) ;
#1469 = DIRECTION ( 'NONE',  ( -0.7071067811865437980, 0.000000000000000000, 0.7071067811865513475 ) ) ;
#1470 = AXIS2_PLACEMENT_3D ( 'NONE', #4728, #7168, #2458 ) ;
#1471 = CARTESIAN_POINT ( 'NONE',  ( 103.7634272569058282, -8.316731036941829913, -9.783528269583522174 ) ) ;
#1472 = ORIENTED_EDGE ( 'NONE', *, *, #331, .F. ) ;
#1473 = EDGE_CURVE ( 'NONE', #8627, #7666, #9495, .T. ) ;
#1474 = AXIS2_PLACEMENT_3D ( 'NONE', #8114, #839, #8158 ) ;
#1475 = CARTESIAN_POINT ( 'NONE',  ( 92.25348939523114211, 28.01577115648689897, 2.574937729515046847 ) ) ;
#1476 = VERTEX_POINT ( 'NONE', #7038 ) ;
#1477 = ORIENTED_EDGE ( 'NONE', *, *, #3685, .F. ) ;
#1478 = VECTOR ( 'NONE', #1999, 1000.000000000000227 ) ;
#1479 = VECTOR ( 'NONE', #8579, 1000.000000000000000 ) ;
#1480 = CARTESIAN_POINT ( 'NONE',  ( 103.3642187185693047, -7.176240401769854671, -8.535791593823226719 ) ) ;
#1481 = CARTESIAN_POINT ( 'NONE',  ( 101.8944026629646942, -6.159600610020007139, -7.914503675642441394 ) ) ;
#1482 = AXIS2_PLACEMENT_3D ( 'NONE', #6433, #8932, #4886 ) ;
#1483 = VECTOR ( 'NONE', #7956, 1000.000000000000114 ) ;
#1484 = CARTESIAN_POINT ( 'NONE',  ( 104.5310443533835354, 3.000000000000012879, -20.02637623396104871 ) ) ;
#1485 = AXIS2_PLACEMENT_3D ( 'NONE', #4237, #5067, #7352 ) ;
#1486 = VERTEX_POINT ( 'NONE', #4642 ) ;
#1487 = CARTESIAN_POINT ( 'NONE',  ( 108.3814608839331868, -10.31138064058062476, 4.557736517087848327 ) ) ;
#1488 = DIRECTION ( 'NONE',  ( 0.7071067811865513475, 1.691909977029939154E-16, 0.7071067811865435759 ) ) ;
#1489 = VECTOR ( 'NONE', #8228, 1000.000000000000000 ) ;
#1490 = EDGE_CURVE ( 'NONE', #10455, #1994, #9387, .T. ) ;
#1491 = DIRECTION ( 'NONE',  ( 0.7071067811865512365, 1.326091603618060524E-16, 0.7071067811865437980 ) ) ;
#1492 = CYLINDRICAL_SURFACE ( 'NONE', #5704, 0.8500000000000170752 ) ;
#1493 = VECTOR ( 'NONE', #7365, 1000.000000000000000 ) ;
#1494 = CARTESIAN_POINT ( 'NONE',  ( 108.6112379177636029, 15.60000000000000142, 4.327959483257429518 ) ) ;
#1495 = CIRCLE ( 'NONE', #9458, 0.6000000000000064171 ) ;
#1496 = EDGE_CURVE ( 'NONE', #9249, #6020, #9274, .T. ) ;
#1497 = DIRECTION ( 'NONE',  ( -0.7071067811865512365, -2.775557561562891844E-16, -0.7071067811865439090 ) ) ;
#1498 = EDGE_CURVE ( 'NONE', #8457, #6444, #3351, .T. ) ;
#1499 = ORIENTED_EDGE ( 'NONE', *, *, #3525, .F. ) ;
#1500 = AXIS2_PLACEMENT_3D ( 'NONE', #6436, #7334, #8147 ) ;
#1501 = CARTESIAN_POINT ( 'NONE',  ( 100.1116269709676203, 16.05147186257617165, -6.131727983645356872 ) ) ;
#1502 = VERTEX_POINT ( 'NONE', #300 ) ;
#1503 = CARTESIAN_POINT ( 'NONE',  ( 99.89949493661166002, 10.60000000000001030, -5.919595949289384151 ) ) ;
#1504 = VECTOR ( 'NONE', #775, 1000.000000000000000 ) ;
#1505 = DIRECTION ( 'NONE',  ( -0.7071067811865439090, 0.000000000000000000, 0.7071067811865512365 ) ) ;
#1506 = DIRECTION ( 'NONE',  ( 0.7071067811865443531, 0.000000000000000000, -0.7071067811865506814 ) ) ;
#1507 = EDGE_LOOP ( 'NONE', ( #5534, #4807, #5665, #5599, #8987, #987, #4236, #6837 ) ) ;
#1508 = FACE_OUTER_BOUND ( 'NONE', #4752, .T. ) ;
#1509 = B_SPLINE_CURVE_WITH_KNOTS ( 'NONE', 3,
 ( #7554, #283, #7451, #116, #8356, #9846, #225, #1722, #3538, #3375, #5052, #3423, #8307, #342, #1093, #6593, #7500, #5786 ),
 .UNSPECIFIED., .F., .F.,
 ( 4, 2, 2, 2, 2, 2, 2, 2, 4 ),
 ( 0.000000000000000000, 0.0007202108005266876813, 0.001440421601053375363, 0.002160632401580063044, 0.002880843202106750725, 0.003601054002633437973, 0.004321264803160126088, 0.005041475603686814203, 0.005761686404213498848 ),
 .UNSPECIFIED. ) ;
#1510 = ADVANCED_FACE ( 'NONE', ( #7565 ), #3651, .T. ) ;
#1511 = ORIENTED_EDGE ( 'NONE', *, *, #620, .T. ) ;
#1512 = AXIS2_PLACEMENT_3D ( 'NONE', #5732, #2404, #4777 ) ;
#1513 = VERTEX_POINT ( 'NONE', #349 ) ;
#1514 = FACE_OUTER_BOUND ( 'NONE', #3722, .T. ) ;
#1515 = PLANE ( 'NONE',  #1583 ) ;
#1516 = B_SPLINE_SURFACE_WITH_KNOTS ( 'NONE', 3, 1, ( 
 ( #5279, #6131 ),
 ( #3657, #9379 ),
 ( #10186, #1375 ),
 ( #4438, #2909 ),
 ( #6878, #464 ),
 ( #2856, #2112 ),
 ( #2006, #9268 ),
 ( #8477, #5232 ),
 ( #3605, #2058 ),
 ( #1323, #9429 ),
 ( #8528, #10278 ),
 ( #6823, #2167 ),
 ( #1215, #3012 ),
 ( #4488, #7630 ),
 ( #6977, #519 ),
 ( #7682, #3765 ),
 ( #9489, #7031 ),
 ( #5383, #10074 ),
 ( #10233, #7839 ) ),
 .UNSPECIFIED., .F., .F., .F.,
 ( 4, 1, 1, 1, 1, 1, 1, 1, 1, 1, 1, 1, 1, 1, 1, 1, 4 ),
 ( 2, 2 ),
 ( 0.000000000000000000, 0.1047763618991324197, 0.1566628469313914307, 0.2096650427055426480, 0.2449224382293686553, 0.2665868483314293158, 0.2773180179477281460, 0.2971053170208720617, 0.3253324117022814432, 0.3594046459838958762, 0.4145480382561923527, 0.4843931664128275916, 0.5585732515988123259, 0.6351685080609651424, 0.7000371107622971323, 0.7819458582267565516, 1.000000000000000000 ),
 ( 0.000000000000000000, 1.000000000000000000 ),
 .UNSPECIFIED. ) ;
#1517 = FACE_OUTER_BOUND ( 'NONE', #2183, .T. ) ;
#1518 = FACE_OUTER_BOUND ( 'NONE', #1921, .T. ) ;
#1519 = ORIENTED_EDGE ( 'NONE', *, *, #6701, .T. ) ;
#1520 = CARTESIAN_POINT ( 'NONE',  ( 100.1098271394681518, -15.19910978997715212, -6.129928152145815545 ) ) ;
#1521 = LINE ( 'NONE', #721, #1327 ) ;
#1522 = CARTESIAN_POINT ( 'NONE',  ( 90.00000000000001421, 24.00000000000001776, -55.39696961966971855 ) ) ;
#1523 = DIRECTION ( 'NONE',  ( 0.7071067811865537900, -8.142381057058957527E-16, 0.7071067811865412445 ) ) ;
#1524 = ORIENTED_EDGE ( 'NONE', *, *, #4761, .F. ) ;
#1525 = DIRECTION ( 'NONE',  ( -0.7071067811865513475, -1.691909977029939647E-16, -0.7071067811865437980 ) ) ;
#1526 = ORIENTED_EDGE ( 'NONE', *, *, #851, .F. ) ;
#1527 = CARTESIAN_POINT ( 'NONE',  ( 102.1622366364085650, -22.99999999999998579, -17.65756851698611385 ) ) ;
#1528 = CARTESIAN_POINT ( 'NONE',  ( 91.87939488346124506, -15.00000000000018652, 2.949032241284984757 ) ) ;
#1529 = ORIENTED_EDGE ( 'NONE', *, *, #2333, .T. ) ;
#1530 = DIRECTION ( 'NONE',  ( 0.7071067811865461294, 0.000000000000000000, -0.7071067811865489050 ) ) ;
#1531 = FACE_OUTER_BOUND ( 'NONE', #5365, .T. ) ;
#1532 = VERTEX_POINT ( 'NONE', #8414 ) ;
#1533 = VERTEX_POINT ( 'NONE', #3490 ) ;
#1534 = CARTESIAN_POINT ( 'NONE',  ( 104.4249783362055410, 9.664066052554728614, -10.44507934888330780 ) ) ;
#1535 = CARTESIAN_POINT ( 'NONE',  ( 101.7214814446895588, -6.529575309756275203, -6.893054319943506592 ) ) ;
#1536 = EDGE_CURVE ( 'NONE', #10105, #7575, #1998, .T. ) ;
#1537 = PRESENTATION_STYLE_ASSIGNMENT (( #8011 ) ) ;
#1538 = LINE ( 'NONE', #6299, #10468 ) ;
#1539 = ADVANCED_FACE ( 'NONE', ( #1892 ), #3022, .T. ) ;
#1540 = ORIENTED_EDGE ( 'NONE', *, *, #5370, .T. ) ;
#1541 = PRESENTATION_STYLE_ASSIGNMENT (( #633 ) ) ;
#1542 = DIRECTION ( 'NONE',  ( 0.7071067811865331398, 0.000000000000000000, -0.7071067811865620056 ) ) ;
#1543 = ORIENTED_EDGE ( 'NONE', *, *, #1307, .T. ) ;
#1544 = DIRECTION ( 'NONE',  ( -0.3535533905932728427, 0.8660254037844367092, 0.3535533905932795040 ) ) ;
#1545 = DIRECTION ( 'NONE',  ( -0.7071067811865331398, 0.000000000000000000, 0.7071067811865620056 ) ) ;
#1546 = LINE ( 'NONE', #4813, #7035 ) ;
#1547 = DIRECTION ( 'NONE',  ( 0.7071067811865436870, 5.348730717595157837E-15, -0.7071067811865513475 ) ) ;
#1548 = ORIENTED_EDGE ( 'NONE', *, *, #5106, .F. ) ;
#1549 = CARTESIAN_POINT ( 'NONE',  ( 96.75663264029735444, -13.77509831864917622, -2.776733652975031497 ) ) ;
#1550 = ORIENTED_EDGE ( 'NONE', *, *, #5679, .F. ) ;
#1551 =( BOUNDED_CURVE ( )  B_SPLINE_CURVE ( 3, ( #5531, #8792, #8571, #1522 ),
 .UNSPECIFIED., .F., .F. ) 
 B_SPLINE_CURVE_WITH_KNOTS ( ( 4, 4 ),
 ( 1.570796326794895892, 3.141592653589793116 ),
 .UNSPECIFIED. ) 
 CURVE ( )  GEOMETRIC_REPRESENTATION_ITEM ( )  RATIONAL_B_SPLINE_CURVE ( ( 1.000000000000000000, 0.8047378541243649375, 0.8047378541243649375, 1.000000000000000000 ) ) 
 REPRESENTATION_ITEM ( '' )  );
#1552 = CARTESIAN_POINT ( 'NONE',  ( 97.77817459305202874, 8.300000000000002487, -3.798275605729727111 ) ) ;
#1553 = DIRECTION ( 'NONE',  ( -0.7071067811865512365, -1.691909977029938907E-16, -0.7071067811865437980 ) ) ;
#1554 = ADVANCED_FACE ( 'NONE', ( #1941 ), #5961, .F. ) ;
#1555 = CARTESIAN_POINT ( 'NONE',  ( 97.03027807785579739, -13.05912109383622344, -2.201850953109624420 ) ) ;
#1556 = VERTEX_POINT ( 'NONE', #7623 ) ;
#1557 = CARTESIAN_POINT ( 'NONE',  ( 99.49336167961112665, -7.132193610202082645, -5.513462692288834788 ) ) ;
#1558 = ORIENTED_EDGE ( 'NONE', *, *, #3187, .T. ) ;
#1559 = ORIENTED_EDGE ( 'NONE', *, *, #3418, .T. ) ;
#1560 = DIRECTION ( 'NONE',  ( -0.000000000000000000, 9.376883653928691061E-17, 1.000000000000000000 ) ) ;
#1561 = ADVANCED_FACE ( 'NONE', ( #6765 ), #5113, .F. ) ;
#1562 = CARTESIAN_POINT ( 'NONE',  ( 113.2404139806818364, 22.33933982822017583, -0.3012165796608574642 ) ) ;
#1563 = ADVANCED_FACE ( 'NONE', ( #8368 ), #4483, .T. ) ;
#1564 = LINE ( 'NONE', #4782, #1102 ) ;
#1565 = ADVANCED_FACE ( 'NONE', ( #1846 ), #7675, .F. ) ;
#1566 = ADVANCED_FACE ( 'NONE', ( #2847 ), #4326, .F. ) ;
#1567 = DIRECTION ( 'NONE',  ( 0.7071067811865513475, 1.691909977029939893E-16, 0.7071067811865437980 ) ) ;
#1568 = VECTOR ( 'NONE', #5221, 1000.000000000000000 ) ;
#1569 = EDGE_LOOP ( 'NONE', ( #5160, #1090, #2193, #3830, #10317, #9560 ) ) ;
#1570 = CARTESIAN_POINT ( 'NONE',  ( 97.63098721654996837, -11.34900446756577352, -3.651088229227668513 ) ) ;
#1571 = CARTESIAN_POINT ( 'NONE',  ( 99.38644791299766723, -17.24663491475273958, -5.406548925675378037 ) ) ;
#1572 = CARTESIAN_POINT ( 'NONE',  ( 87.00000000000002842, 33.58337520964456502, -162.2337144733732259 ) ) ;
#1573 = CARTESIAN_POINT ( 'NONE',  ( 102.3059378875420720, -18.85672476411543030, -7.477510762795964716 ) ) ;
#1574 = ORIENTED_EDGE ( 'NONE', *, *, #8548, .F. ) ;
#1575 = CARTESIAN_POINT ( 'NONE',  ( 96.74411681578450839, -16.48455183905596400, -2.764217828462085080 ) ) ;
#1576 = ORIENTED_EDGE ( 'NONE', *, *, #2826, .F. ) ;
#1577 = DIRECTION ( 'NONE',  ( -0.7071067811865513475, -1.691909977029939647E-16, -0.7071067811865437980 ) ) ;
#1578 = CARTESIAN_POINT ( 'NONE',  ( 104.1876913256177062, -8.316731036941829913, -9.359264200871651340 ) ) ;
#1579 = VERTEX_POINT ( 'NONE', #8520 ) ;
#1580 = CARTESIAN_POINT ( 'NONE',  ( 62.89677143864733466, -29.19289801128801898, 2.000000000003360423 ) ) ;
#1581 = LINE ( 'NONE', #7461, #9440 ) ;
#1582 = ORIENTED_EDGE ( 'NONE', *, *, #8880, .F. ) ;
#1584 = EDGE_LOOP ( 'NONE', ( #10344, #5585, #9693, #787, #7371, #38 ) ) ;
#1583 = AXIS2_PLACEMENT_3D ( 'NONE', #4058, #2251, #9575 ) ;
#1585 = CARTESIAN_POINT ( 'NONE',  ( 105.6375772007223759, -14.66997528342993995, -11.65767821340011601 ) ) ;
#1586 = CARTESIAN_POINT ( 'NONE',  ( 100.0516383837999257, -8.847115551107986420, -5.223211259053834432 ) ) ;
#1587 = CARTESIAN_POINT ( 'NONE',  ( 102.9983730192721794, -13.00000000000001066, -8.169945894526090768 ) ) ;
#1588 = FACE_OUTER_BOUND ( 'NONE', #993, .T. ) ;
#1589 = ORIENTED_EDGE ( 'NONE', *, *, #5899, .T. ) ;
#1590 = AXIS2_PLACEMENT_3D ( 'NONE', #4567, #5206, #1195 ) ;
#1591 = CARTESIAN_POINT ( 'NONE',  ( 91.45513081474923922, -20.50000000000092371, -2.424979295732722306 ) ) ;
#1592 = CARTESIAN_POINT ( 'NONE',  ( 98.27314933988260748, 15.00000000000000355, -3.444722215136461596 ) ) ;
#1593 = CARTESIAN_POINT ( 'NONE',  ( 91.66726284910515687, 15.49999999999898748, -1.081476411478263788 ) ) ;
#1594 = ADVANCED_FACE ( 'NONE', ( #2636 ), #10124, .F. ) ;
#1595 = CARTESIAN_POINT ( 'NONE',  ( 106.9705627484771071, 10.60000000000001208, -12.14213562373103805 ) ) ;
#1596 = PLANE ( 'NONE',  #6868 ) ;
#1597 = DIRECTION ( 'NONE',  ( 0.7071067811865512365, 1.326091603618060771E-16, 0.7071067811865437980 ) ) ;
#1598 = MECHANICAL_DESIGN_GEOMETRIC_PRESENTATION_REPRESENTATION (  '', ( #5648 ), #5807 ) ;
#1599 = EDGE_LOOP ( 'NONE', ( #466, #9820, #9251, #866 ) ) ;
#1600 = DIRECTION ( 'NONE',  ( -0.7071067811865512365, -2.775557561562891351E-16, -0.7071067811865437980 ) ) ;
#1601 = CYLINDRICAL_SURFACE ( 'NONE', #7709, 2.499999999999988454 ) ;
#1602 = VECTOR ( 'NONE', #9165, 1000.000000000000000 ) ;
#1603 = CARTESIAN_POINT ( 'NONE',  ( 102.8808910958306484, -15.10532799608344590, -8.052463971084716121 ) ) ;
#1604 = ORIENTED_EDGE ( 'NONE', *, *, #9195, .F. ) ;
#1605 = DIRECTION ( 'NONE',  ( -0.7071067811865426878, 0.000000000000000000, 0.7071067811865524577 ) ) ;
#1606 = ORIENTED_EDGE ( 'NONE', *, *, #8824, .F. ) ;
#1607 = ORIENTED_EDGE ( 'NONE', *, *, #850, .F. ) ;
#1608 = DIRECTION ( 'NONE',  ( 0.000000000000000000, 0.000000000000000000, 1.000000000000000000 ) ) ;
#1609 = CARTESIAN_POINT ( 'NONE',  ( 91.52584149286784054, 15.49999999999898748, 0.4741585071321580136 ) ) ;
#1610 = DIRECTION ( 'NONE',  ( -0.7071067811865485719, 0.000000000000000000, 0.7071067811865464625 ) ) ;
#1611 = CARTESIAN_POINT ( 'NONE',  ( 82.00000000000000000, -43.99999999999999289, 1.000000000000000000 ) ) ;
#1612 = VECTOR ( 'NONE', #2508, 1000.000000000000000 ) ;
#1613 = CARTESIAN_POINT ( 'NONE',  ( 105.0345905193926797, -17.27644674173570039, -11.05469153207046951 ) ) ;
#1614 = EDGE_CURVE ( 'NONE', #971, #1513, #5271, .T. ) ;
#1615 = CARTESIAN_POINT ( 'NONE',  ( 78.44436604091679044, 9.999999999999735323, 13.55563395908335877 ) ) ;
#1616 = CARTESIAN_POINT ( 'NONE',  ( 96.98701425385256414, -16.01393618834264032, -2.158587129106536384 ) ) ;
#1617 = CARTESIAN_POINT ( 'NONE',  ( 113.9182289217365707, -9.230980157769055339, -0.9790315207155974031 ) ) ;
#1618 = ORIENTED_EDGE ( 'NONE', *, *, #8496, .T. ) ;
#1619 = CARTESIAN_POINT ( 'NONE',  ( 83.12350647363079759, 51.10056633785148250, 10.85639251369163816 ) ) ;
#1620 = EDGE_CURVE ( 'NONE', #6548, #2227, #3435, .T. ) ;
#1621 = ORIENTED_EDGE ( 'NONE', *, *, #9278, .F. ) ;
#1622 = CIRCLE ( 'NONE', #10103, 2.600000000000008527 ) ;
#1623 = ADVANCED_FACE ( 'NONE', ( #8320 ), #238, .F. ) ;
#1624 = CARTESIAN_POINT ( 'NONE',  ( 98.27314933988262169, 8.300000000000002487, -3.444722215136458043 ) ) ;
#1625 = CARTESIAN_POINT ( 'NONE',  ( 101.7112819791297227, -5.806184949683045105, -6.882854854383615439 ) ) ;
#1626 = ORIENTED_EDGE ( 'NONE', *, *, #40, .F. ) ;
#1627 = CARTESIAN_POINT ( 'NONE',  ( 104.0007142674936063, 7.600000000000003197, -10.02081528017137479 ) ) ;
#1628 = CARTESIAN_POINT ( 'NONE',  ( 88.00000000000001421, 36.99999999999999289, -93.00000000000000000 ) ) ;
#1629 = VERTEX_POINT ( 'NONE', #9158 ) ;
#1630 = EDGE_LOOP ( 'NONE', ( #5456, #3145, #2043, #2883 ) ) ;
#1631 = CARTESIAN_POINT ( 'NONE',  ( 105.2614479935018323, -15.98135938734529482, -11.28154900617960088 ) ) ;
#1632 = DIRECTION ( 'NONE',  ( 0.000000000000000000, 0.5773502691896219563, 0.8164965809277286990 ) ) ;
#1633 = CARTESIAN_POINT ( 'NONE',  ( 102.4989495158786923, -6.529609367200701620, -8.519050528556441293 ) ) ;
#1634 = ADVANCED_FACE ( 'NONE', ( #6332 ), #9889, .F. ) ;
#1635 = LINE ( 'NONE', #4860, #3531 ) ;
#1636 = B_SPLINE_CURVE_WITH_KNOTS ( 'NONE', 3,
 ( #6689, #1765, #7382, #8980, #5733, #4257, #167, #7277 ),
 .UNSPECIFIED., .F., .F.,
 ( 4, 1, 1, 1, 1, 4 ),
 ( 0.000000000000000000, 0.3229897812743756091, 0.4792975582790477418, 0.6505341425111021980, 0.8217426296412351228, 1.000000000000000000 ),
 .UNSPECIFIED. ) ;
#1637 = VERTEX_POINT ( 'NONE', #3801 ) ;
#1638 = DIRECTION ( 'NONE',  ( -0.7071067811865474617, 0.000000000000000000, 0.7071067811865474617 ) ) ;
#1639 = VECTOR ( 'NONE', #1465, 1000.000000000000000 ) ;
#1640 = VECTOR ( 'NONE', #8519, 1000.000000000000000 ) ;
#1641 = CARTESIAN_POINT ( 'NONE',  ( 99.52948968425717169, -7.861201327428839036, -4.701062559511090200 ) ) ;
#1642 = VECTOR ( 'NONE', #5898, 1000.000000000000000 ) ;
#1643 = FACE_OUTER_BOUND ( 'NONE', #4620, .T. ) ;
#1644 = CARTESIAN_POINT ( 'NONE',  ( 97.00542025436297422, -14.63853261203153266, -2.176993129616908274 ) ) ;
#1645 = DIRECTION ( 'NONE',  ( 0.000000000000000000, 1.000000000000000000, 0.000000000000000000 ) ) ;
#1646 = CARTESIAN_POINT ( 'NONE',  ( 96.70017128797096007, -14.06887713552973018, -2.720272300648590491 ) ) ;
#1647 = DIRECTION ( 'NONE',  ( -0.7071067811865512365, -2.775557561562891351E-16, -0.7071067811865437980 ) ) ;
#1648 = EDGE_LOOP ( 'NONE', ( #5554, #7680, #4098, #3769 ) ) ;
#1649 = VECTOR ( 'NONE', #2987, 1000.000000000000000 ) ;
#1650 = CARTESIAN_POINT ( 'NONE',  ( 99.25499163161084937, -18.14831470448512007, -4.426564506864841597 ) ) ;
#1651 = CIRCLE ( 'NONE', #2495, 2.000000000000001776 ) ;
#1652 = VECTOR ( 'NONE', #492, 1000.000000000000000 ) ;
#1653 = DIRECTION ( 'NONE',  ( -1.000000000000000000, 0.000000000000000000, 0.000000000000000000 ) ) ;
#1654 = AXIS2_PLACEMENT_3D ( 'NONE', #8912, #1647, #697 ) ;
#1655 = FACE_OUTER_BOUND ( 'NONE', #3245, .T. ) ;
#1656 = DIRECTION ( 'NONE',  ( -0.7071067811865474617, 0.000000000000000000, 0.7071067811865474617 ) ) ;
#1657 = VECTOR ( 'NONE', #7807, 1000.000000000000000 ) ;
#1658 = VERTEX_POINT ( 'NONE', #4629 ) ;
#1659 = EDGE_CURVE ( 'NONE', #6241, #8560, #9371, .T. ) ;
#1660 = ORIENTED_EDGE ( 'NONE', *, *, #9353, .T. ) ;
#1661 = FACE_OUTER_BOUND ( 'NONE', #9095, .T. ) ;
#1662 = AXIS2_PLACEMENT_3D ( 'NONE', #1787, #23, #6659 ) ;
#1663 = DIRECTION ( 'NONE',  ( -0.7071067811865512365, -2.775557561562891844E-16, -0.7071067811865439090 ) ) ;
#1664 = ADVANCED_FACE ( 'NONE', ( #6923 ), #10273, .F. ) ;
#1665 = CARTESIAN_POINT ( 'NONE',  ( 82.00000000000001421, 36.99999999999998579, 1.000000000000000000 ) ) ;
#1666 = PLANE ( 'NONE',  #10410 ) ;
#1667 = PLANE ( 'NONE',  #7579 ) ;
#1668 = ORIENTED_EDGE ( 'NONE', *, *, #8229, .F. ) ;
#1669 = CARTESIAN_POINT ( 'NONE',  ( 96.60601400914387682, -13.05912109383622344, -2.626115021821549878 ) ) ;
#1670 = VECTOR ( 'NONE', #3046, 1000.000000000000000 ) ;
#1671 = LINE ( 'NONE', #9581, #7587 ) ;
#1672 = AXIS2_PLACEMENT_3D ( 'NONE', #4457, #10092, #7703 ) ;
#1673 = ORIENTED_EDGE ( 'NONE', *, *, #3748, .T. ) ;
#1674 = CARTESIAN_POINT ( 'NONE',  ( 100.9334335098829740, -14.69140301790534942, -6.105006385136877434 ) ) ;
#1675 = ORIENTED_EDGE ( 'NONE', *, *, #8694, .F. ) ;
#1676 = EDGE_CURVE ( 'NONE', #4594, #5283, #7602, .T. ) ;
#1677 = DIRECTION ( 'NONE',  ( -0.7071067811865513475, 0.000000000000000000, -0.7071067811865436870 ) ) ;
#1678 = CARTESIAN_POINT ( 'NONE',  ( 99.78549621306922290, -17.80367215533594560, -4.957069088323190265 ) ) ;
#1679 = EDGE_CURVE ( 'NONE', #242, #1658, #1551, .T. ) ;
#1680 = VERTEX_POINT ( 'NONE', #10374 ) ;
#1681 = CARTESIAN_POINT ( 'NONE',  ( 57.21364445969333445, -28.30182704129448723, 2.000000000000003553 ) ) ;
#1682 = EDGE_CURVE ( 'NONE', #4024, #7220, #7729, .T. ) ;
#1683 = DIRECTION ( 'NONE',  ( -0.7071067811865513475, -1.691909977029939893E-16, -0.7071067811865437980 ) ) ;
#1684 = EDGE_CURVE ( 'NONE', #3165, #285, #6124, .T. ) ;
#1685 = EDGE_CURVE ( 'NONE', #2362, #8407, #6176, .T. ) ;
#1686 = ORIENTED_EDGE ( 'NONE', *, *, #224, .T. ) ;
#1687 = ORIENTED_EDGE ( 'NONE', *, *, #9338, .T. ) ;
#1688 = CARTESIAN_POINT ( 'NONE',  ( 104.5485093189098080, -13.15458766704903759, -10.56861033158753926 ) ) ;
#1689 = PLANE ( 'NONE',  #7218 ) ;
#1690 = VERTEX_POINT ( 'NONE', #5376 ) ;
#1691 = DIRECTION ( 'NONE',  ( -2.392722035830078972E-16, 1.000000000000000000, 3.231026779835494231E-32 ) ) ;
#1692 = DIRECTION ( 'NONE',  ( -0.3535533905932657373, -0.8660254037844429265, 0.3535533905932711218 ) ) ;
#1693 = VECTOR ( 'NONE', #2930, 1000.000000000000000 ) ;
#1694 = EDGE_CURVE ( 'NONE', #4978, #2109, #1369, .T. ) ;
#1695 = ORIENTED_EDGE ( 'NONE', *, *, #7660, .T. ) ;
#1696 = DIRECTION ( 'NONE',  ( -0.7071067811865513475, -1.691909977029939647E-16, -0.7071067811865437980 ) ) ;
#1697 = CARTESIAN_POINT ( 'NONE',  ( 105.3885897770836095, -16.92215494435891898, -11.40869078976129813 ) ) ;
#1698 = EDGE_CURVE ( 'NONE', #3552, #4540, #8343, .T. ) ;
#1699 = EDGE_CURVE ( 'NONE', #2403, #2744, #3032, .T. ) ;
#1700 = CARTESIAN_POINT ( 'NONE',  ( 100.6819841756671536, -10.17301288377232460, -5.853557050921069482 ) ) ;
#1701 = CARTESIAN_POINT ( 'NONE',  ( 103.0748767812854396, -18.10935709594162191, -9.094977793963211710 ) ) ;
#1702 = LINE ( 'NONE', #4913, #2300 ) ;
#1703 = PLANE ( 'NONE',  #2343 ) ;
#1704 = EDGE_LOOP ( 'NONE', ( #7715, #7556, #4950, #6936 ) ) ;
#1705 = LINE ( 'NONE', #8915, #8366 ) ;
#1706 = CARTESIAN_POINT ( 'NONE',  ( 104.6169211135488553, -18.39378958353815463, -9.788493988802906998 ) ) ;
#1707 = EDGE_LOOP ( 'NONE', ( #1107, #9569, #1224, #1141 ) ) ;
#1708 = CARTESIAN_POINT ( 'NONE',  ( 41.73333539013160731, -26.99999999999998579, 0.000000000000000000 ) ) ;
#1709 = DIRECTION ( 'NONE',  ( -1.000000000000000000, -9.376883653928788436E-17, 0.000000000000000000 ) ) ;
#1710 = FACE_OUTER_BOUND ( 'NONE', #7036, .T. ) ;
#1711 = DIRECTION ( 'NONE',  ( -0.7071067811865513475, 0.000000000000000000, -0.7071067811865435759 ) ) ;
#1712 = EDGE_LOOP ( 'NONE', ( #1687, #7339, #6603, #10379, #4681, #6056, #1519 ) ) ;
#1713 = EDGE_LOOP ( 'NONE', ( #9027, #726, #3018, #5687 ) ) ;
#1714 = DIRECTION ( 'NONE',  ( 0.7071067811865527908, 0.000000000000000000, -0.7071067811865423547 ) ) ;
#1715 = CARTESIAN_POINT ( 'NONE',  ( 103.4127179561221084, -8.477616364011524297, -9.432818968799807635 ) ) ;
#1716 = LINE ( 'NONE', #4259, #9383 ) ;
#1717 = LINE ( 'NONE', #5896, #5149 ) ;
#1718 = LINE ( 'NONE', #6694, #3181 ) ;
#1719 = VERTEX_POINT ( 'NONE', #5588 ) ;
#1720 = CARTESIAN_POINT ( 'NONE',  ( 96.60601400914387682, -13.05912109383622344, -2.626115021821549878 ) ) ;
#1721 = CARTESIAN_POINT ( 'NONE',  ( 102.3059378875420720, -18.85672476411543030, -7.477510762795971822 ) ) ;
#1722 = CARTESIAN_POINT ( 'NONE',  ( 103.3663234922108245, -7.237302161450434923, -9.386424504888505993 ) ) ;
#1723 = ADVANCED_FACE ( 'NONE', ( #5935 ), #6628, .F. ) ;
#1724 = ORIENTED_EDGE ( 'NONE', *, *, #8230, .F. ) ;
#1725 = LINE ( 'NONE', #9739, #7252 ) ;
#1726 = CARTESIAN_POINT ( 'NONE',  ( 103.9300035893749197, -22.99999999999998579, -19.42533546995248628 ) ) ;
#1727 = DIRECTION ( 'NONE',  ( 0.7071067811865513475, 1.691909977029939893E-16, 0.7071067811865437980 ) ) ;
#1728 = ORIENTED_EDGE ( 'NONE', *, *, #4447, .F. ) ;
#1729 = VECTOR ( 'NONE', #4223, 1000.000000000000114 ) ;
#1730 = FACE_OUTER_BOUND ( 'NONE', #3761, .T. ) ;
#1731 = DIRECTION ( 'NONE',  ( 0.000000000000000000, -1.000000000000000000, -0.000000000000000000 ) ) ;
#1732 = ORIENTED_EDGE ( 'NONE', *, *, #6859, .F. ) ;
#1733 = CARTESIAN_POINT ( 'NONE',  ( 104.8774857039751680, -16.64172263062819468, -10.89758671665292766 ) ) ;
#1734 = LINE ( 'NONE', #2691, #1309 ) ;
#1735 = ORIENTED_EDGE ( 'NONE', *, *, #7629, .T. ) ;
#1736 = FACE_OUTER_BOUND ( 'NONE', #10208, .T. ) ;
#1737 = VECTOR ( 'NONE', #8395, 1000.000000000000000 ) ;
#1738 = EDGE_LOOP ( 'NONE', ( #3325, #9838, #1356, #855 ) ) ;
#1739 = LINE ( 'NONE', #4953, #9620 ) ;
#1740 = DIRECTION ( 'NONE',  ( 0.000000000000000000, 0.000000000000000000, -1.000000000000000000 ) ) ;
#1741 = ORIENTED_EDGE ( 'NONE', *, *, #3571, .T. ) ;
#1742 = LINE ( 'NONE', #9866, #6666 ) ;
#1743 = CARTESIAN_POINT ( 'NONE',  ( 99.89949493661166002, 15.75147186257615850, -5.071067811865527020 ) ) ;
#1744 = CARTESIAN_POINT ( 'NONE',  ( 99.91762574832301880, -7.132193610202082645, -5.089198623576937308 ) ) ;
#1745 = EDGE_CURVE ( 'NONE', #703, #833, #9935, .T. ) ;
#1746 = FACE_OUTER_BOUND ( 'NONE', #9919, .T. ) ;
#1747 = PLANE ( 'NONE',  #1455 ) ;
#1748 = CARTESIAN_POINT ( 'NONE',  ( 116.1629509039021855, -23.99999999999998224, -21.33452377915619280 ) ) ;
#1749 = EDGE_CURVE ( 'NONE', #874, #10057, #5887, .T. ) ;
#1750 = AXIS2_PLACEMENT_3D ( 'NONE', #3831, #6366, #544 ) ;
#1751 = EDGE_CURVE ( 'NONE', #4073, #7891, #6579, .T. ) ;
#1752 = EDGE_CURVE ( 'NONE', #1249, #6305, #9640, .T. ) ;
#1753 = ORIENTED_EDGE ( 'NONE', *, *, #8602, .T. ) ;
#1754 = CARTESIAN_POINT ( 'NONE',  ( 98.35831352794123461, -12.57279707635200516, -3.529886403195201083 ) ) ;
#1755 = CARTESIAN_POINT ( 'NONE',  ( 99.89949493661166002, 15.75147186257615850, -5.919595949289369052 ) ) ;
#1756 = CARTESIAN_POINT ( 'NONE',  ( 52.00000000000002132, -44.99999999999998579, 2.000000000000000000 ) ) ;
#1757 = VECTOR ( 'NONE', #6942, 1000.000000000000000 ) ;
#1758 = PLANE ( 'NONE',  #299 ) ;
#1759 = CARTESIAN_POINT ( 'NONE',  ( 90.00000000000001421, -28.99999999999998579, -45.49747468305810116 ) ) ;
#1760 = FACE_OUTER_BOUND ( 'NONE', #1273, .T. ) ;
#1761 = ORIENTED_EDGE ( 'NONE', *, *, #648, .T. ) ;
#1762 = VERTEX_POINT ( 'NONE', #3957 ) ;
#1763 = DIRECTION ( 'NONE',  ( -1.000000000000000000, 0.000000000000000000, 0.000000000000000000 ) ) ;
#1764 = ORIENTED_EDGE ( 'NONE', *, *, #6678, .T. ) ;
#1765 = CARTESIAN_POINT ( 'NONE',  ( 102.9053091084105063, -17.84868297269977333, -8.076881983664534914 ) ) ;
#1766 = VECTOR ( 'NONE', #3532, 1000.000000000000114 ) ;
#1767 = DIRECTION ( 'NONE',  ( -0.7071067811865447972, 0.000000000000000000, 0.7071067811865501263 ) ) ;
#1768 = FACE_OUTER_BOUND ( 'NONE', #3362, .T. ) ;
#1769 = CARTESIAN_POINT ( 'NONE',  ( 107.2578237999014448, 7.600000000000010303, 5.681373601119605432 ) ) ;
#1770 = ORIENTED_EDGE ( 'NONE', *, *, #5363, .F. ) ;
#1771 = CARTESIAN_POINT ( 'NONE',  ( 101.7015764646287721, 15.55147186257616809, -6.873149339882658637 ) ) ;
#1772 = CIRCLE ( 'NONE', #5823, 6.999999999999992006 ) ;
#1773 = CYLINDRICAL_SURFACE ( 'NONE', #7768, 0.5999999999999873213 ) ;
#1774 = ORIENTED_EDGE ( 'NONE', *, *, #7632, .F. ) ;
#1775 = CARTESIAN_POINT ( 'NONE',  ( 106.9705627484771071, -2.999999999999983569, -16.38477631085029529 ) ) ;
#1776 = EDGE_LOOP ( 'NONE', ( #4470, #1862, #6377, #6883 ) ) ;
#1777 = DIRECTION ( 'NONE',  ( -1.196361017915046142E-16, 1.000000000000000000, -1.196361017915046142E-16 ) ) ;
#1778 = CARTESIAN_POINT ( 'NONE',  ( 101.1952798768673034, -12.99999999999998579, -7.215380889545049747 ) ) ;
#1779 = ORIENTED_EDGE ( 'NONE', *, *, #2506, .T. ) ;
#1780 = EDGE_CURVE ( 'NONE', #2094, #2781, #5034, .T. ) ;
#1781 = CARTESIAN_POINT ( 'NONE',  ( 100.4283182957847913, -10.71273443304433037, -6.448419308462583821 ) ) ;
#1782 = CYLINDRICAL_SURFACE ( 'NONE', #274, 1.949958776210933609 ) ;
#1783 = EDGE_LOOP ( 'NONE', ( #1582, #2298, #3177, #6248 ) ) ;
#1784 = VECTOR ( 'NONE', #1200, 1000.000000000000000 ) ;
#1785 = CARTESIAN_POINT ( 'NONE',  ( 103.4034615155688073, -13.27954332542438287, -9.423562528246611336 ) ) ;
#1786 = DIRECTION ( 'NONE',  ( 0.7071067811865512365, 0.000000000000000000, 0.7071067811865437980 ) ) ;
#1787 = CARTESIAN_POINT ( 'NONE',  ( 107.6776695296636177, -2.999999999999984013, -15.67766952966378291 ) ) ;
#1788 = ORIENTED_EDGE ( 'NONE', *, *, #7133, .T. ) ;
#1789 = CARTESIAN_POINT ( 'NONE',  ( 90.58578643762692195, 24.00000000000001776, -53.98275605729659787 ) ) ;
#1790 = EDGE_CURVE ( 'NONE', #2576, #1254, #2613, .T. ) ;
#1791 = CARTESIAN_POINT ( 'NONE',  ( 103.5215970973606119, -9.000924224658467310, -9.541698110038241865 ) ) ;
#1792 = ORIENTED_EDGE ( 'NONE', *, *, #524, .F. ) ;
#1793 = VECTOR ( 'NONE', #1645, 1000.000000000000000 ) ;
#1794 = ADVANCED_FACE ( 'NONE', ( #208 ), #8838, .F. ) ;
#1795 = FACE_OUTER_BOUND ( 'NONE', #1030, .T. ) ;
#1796 = DIRECTION ( 'NONE',  ( -1.196361017915046142E-16, 1.000000000000000000, -1.196361017915046142E-16 ) ) ;
#1797 = CARTESIAN_POINT ( 'NONE',  ( 77.52512722537439060, -14.00000000000016698, 9.807968018794575471 ) ) ;
#1798 = CARTESIAN_POINT ( 'NONE',  ( 87.85000000000002274, 30.53337520964456786, -162.2337144733732259 ) ) ;
#1799 = FACE_OUTER_BOUND ( 'NONE', #8676, .T. ) ;
#1800 = AXIS2_PLACEMENT_3D ( 'NONE', #9879, #5822, #8134 ) ;
#1801 = ORIENTED_EDGE ( 'NONE', *, *, #5150, .F. ) ;
#1802 = VECTOR ( 'NONE', #941, 1000.000000000000000 ) ;
#1803 = AXIS2_PLACEMENT_3D ( 'NONE', #9421, #7023, #2901 ) ;
#1804 = CARTESIAN_POINT ( 'NONE',  ( 99.69962553755324564, -13.49216445527318164, -4.871198412807245859 ) ) ;
#1805 = EDGE_CURVE ( 'NONE', #4634, #226, #829, .T. ) ;
#1806 = LINE ( 'NONE', #2557, #1303 ) ;
#1807 = VECTOR ( 'NONE', #8580, 1000.000000000000000 ) ;
#1808 = ORIENTED_EDGE ( 'NONE', *, *, #1912, .T. ) ;
#1809 = CARTESIAN_POINT ( 'NONE',  ( 78.44436604091679044, 9.999999999999735323, 13.55563395908335877 ) ) ;
#1810 = ADVANCED_FACE ( 'NONE', ( #1816 ), #1077, .F. ) ;
#1811 = EDGE_CURVE ( 'NONE', #8610, #3713, #9126, .T. ) ;
#1812 = EDGE_CURVE ( 'NONE', #4594, #1533, #8047, .T. ) ;
#1813 = ORIENTED_EDGE ( 'NONE', *, *, #7195, .F. ) ;
#1814 = CARTESIAN_POINT ( 'NONE',  ( 96.56275018514070041, -16.01393618834264032, -2.582851197818390787 ) ) ;
#1815 = CARTESIAN_POINT ( 'NONE',  ( 90.00000000000001421, -26.91365409133643638, -53.37806274660692196 ) ) ;
#1816 = FACE_OUTER_BOUND ( 'NONE', #4898, .T. ) ;
#1817 = DIRECTION ( 'NONE',  ( 0.7071067811865513475, 1.691909977029939893E-16, 0.7071067811865436870 ) ) ;
#1818 = ORIENTED_EDGE ( 'NONE', *, *, #9227, .T. ) ;
#1819 = ORIENTED_EDGE ( 'NONE', *, *, #2798, .T. ) ;
#1820 = LINE ( 'NONE', #5145, #9962 ) ;
#1821 = VECTOR ( 'NONE', #9193, 1000.000000000000000 ) ;
#1822 = AXIS2_PLACEMENT_3D ( 'NONE', #4184, #856, #149 ) ;
#1823 = DIRECTION ( 'NONE',  ( -0.7071067811865513475, -1.691909977029939400E-16, -0.7071067811865436870 ) ) ;
#1824 = ORIENTED_EDGE ( 'NONE', *, *, #3643, .T. ) ;
#1825 = DIRECTION ( 'NONE',  ( 0.000000000000000000, -9.376883653928688596E-17, -1.000000000000000000 ) ) ;
#1826 = AXIS2_PLACEMENT_3D ( 'NONE', #8547, #8854, #10502 ) ;
#1827 = CARTESIAN_POINT ( 'NONE',  ( 115.4558441227156038, 24.00000000000002132, -22.04163056034273538 ) ) ;
#1828 = ORIENTED_EDGE ( 'NONE', *, *, #4203, .F. ) ;
#1829 = DIRECTION ( 'NONE',  ( -0.7039826708764757024, -0.09389780727590882337, 0.7039826708764924668 ) ) ;
#1830 = VECTOR ( 'NONE', #2231, 1000.000000000000000 ) ;
#1831 = EDGE_CURVE ( 'NONE', #9912, #6636, #7235, .T. ) ;
#1832 = DIRECTION ( 'NONE',  ( 0.000000000000000000, 1.000000000000000000, 0.000000000000000000 ) ) ;
#1833 = CARTESIAN_POINT ( 'NONE',  ( 103.2228968081883664, 19.40000000000001279, -8.394469683442274288 ) ) ;
#1834 = AXIS2_PLACEMENT_3D ( 'NONE', #2917, #8537, #7692 ) ;
#1835 = PRESENTATION_LAYER_ASSIGNMENT (  '', '', ( #6400 ) ) ;
#1836 = ORIENTED_EDGE ( 'NONE', *, *, #7751, .F. ) ;
#1837 = CARTESIAN_POINT ( 'NONE',  ( 106.5462986797651723, 18.00000000000001066, -11.71787155501909972 ) ) ;
#1838 = DIRECTION ( 'NONE',  ( 0.7071067811865512365, 1.326091603618060524E-16, 0.7071067811865437980 ) ) ;
#1839 = LINE ( 'NONE', #1099, #9375 ) ;
#1840 = CIRCLE ( 'NONE', #3197, 1.000000000000000888 ) ;
#1841 = CARTESIAN_POINT ( 'NONE',  ( 100.9878981282631685, -6.529301759263170801, -7.007999140940854410 ) ) ;
#1842 = CARTESIAN_POINT ( 'NONE',  ( 90.00000000000002842, 33.58337520964457212, 0.000000000000000000 ) ) ;
#1843 = VERTEX_POINT ( 'NONE', #2411 ) ;
#1844 = AXIS2_PLACEMENT_3D ( 'NONE', #3410, #9883, #7283 ) ;
#1845 = DIRECTION ( 'NONE',  ( 0.000000000000000000, -1.000000000000000000, 0.000000000000000000 ) ) ;
#1846 = FACE_OUTER_BOUND ( 'NONE', #4294, .T. ) ;
#1847 = DIRECTION ( 'NONE',  ( -1.000000000000000000, 0.000000000000000000, 0.000000000000000000 ) ) ;
#1848 = ORIENTED_EDGE ( 'NONE', *, *, #713, .F. ) ;
#1849 = CARTESIAN_POINT ( 'NONE',  ( 115.4558441227156180, 29.00000000000001776, -22.04163056034273538 ) ) ;
#1850 = ORIENTED_EDGE ( 'NONE', *, *, #249, .T. ) ;
#1851 = CARTESIAN_POINT ( 'NONE',  ( 103.3289628253663608, -2.999999999999984901, -18.82429470594385279 ) ) ;
#1852 = CARTESIAN_POINT ( 'NONE',  ( 101.2870179104178732, -5.806184949683045105, -7.307118923095467622 ) ) ;
#1853 = ORIENTED_EDGE ( 'NONE', *, *, #5178, .T. ) ;
#1854 = FACE_OUTER_BOUND ( 'NONE', #7113, .T. ) ;
#1855 = EDGE_CURVE ( 'NONE', #9829, #8345, #5639, .T. ) ;
#1856 = DIRECTION ( 'NONE',  ( 0.7071067811865359154, 0.000000000000000000, -0.7071067811865590080 ) ) ;
#1857 = ORIENTED_EDGE ( 'NONE', *, *, #7162, .F. ) ;
#1858 = CARTESIAN_POINT ( 'NONE',  ( 99.48129776483227715, -8.153829598535178746, -4.652870640086124610 ) ) ;
#1859 = DIRECTION ( 'NONE',  ( 0.000000000000000000, 0.000000000000000000, 1.000000000000000000 ) ) ;
#1860 = CARTESIAN_POINT ( 'NONE',  ( 96.87333080693979070, -13.45384066718863814, -2.893431819617437561 ) ) ;
#1861 = EDGE_CURVE ( 'NONE', #4526, #673, #6388, .T. ) ;
#1862 = ORIENTED_EDGE ( 'NONE', *, *, #5688, .F. ) ;
#1863 = PLANE ( 'NONE',  #9901 ) ;
#1864 = VECTOR ( 'NONE', #4358, 1000.000000000000000 ) ;
#1865 = CARTESIAN_POINT ( 'NONE',  ( 104.1926570448370342, -18.39378958353815463, -10.21275805751471921 ) ) ;
#1866 = LINE ( 'NONE', #3515, #7927 ) ;
#1867 = CARTESIAN_POINT ( 'NONE',  ( 89.44782665443680969, 29.00000000000001776, 3.966386907936310990 ) ) ;
#1868 = CARTESIAN_POINT ( 'NONE',  ( 97.77817459305201453, 15.60000000000000497, -3.798275605729713345 ) ) ;
#1869 = DIRECTION ( 'NONE',  ( -0.7071067811865441310, 0.000000000000000000, 0.7071067811865510144 ) ) ;
#1870 = DIRECTION ( 'NONE',  ( 0.7071067811865389130, 0.000000000000000000, -0.7071067811865562325 ) ) ;
#1871 = ORIENTED_EDGE ( 'NONE', *, *, #230, .T. ) ;
#1872 = VERTEX_POINT ( 'NONE', #6438 ) ;
#1873 = CARTESIAN_POINT ( 'NONE',  ( 97.16838088449638633, -16.48455183905596400, -2.339953759750212914 ) ) ;
#1874 = DIRECTION ( 'NONE',  ( -0.7071067811865436870, 0.000000000000000000, 0.7071067811865513475 ) ) ;
#1875 = FACE_OUTER_BOUND ( 'NONE', #4915, .T. ) ;
#1876 = LINE ( 'NONE', #4931, #9396 ) ;
#1877 = ORIENTED_EDGE ( 'NONE', *, *, #3637, .T. ) ;
#1878 = FACE_OUTER_BOUND ( 'NONE', #912, .T. ) ;
#1879 = CARTESIAN_POINT ( 'NONE',  ( 91.87939488346114558, 9.999999999999818812, 2.949032241285090006 ) ) ;
#1880 = ADVANCED_FACE ( 'NONE', ( #4838 ), #8888, .F. ) ;
#1881 = ORIENTED_EDGE ( 'NONE', *, *, #331, .T. ) ;
#1882 = CARTESIAN_POINT ( 'NONE',  ( 103.9884503625456063, -11.53539626432507070, -10.00855137522334992 ) ) ;
#1883 = ORIENTED_EDGE ( 'NONE', *, *, #9019, .T. ) ;
#1884 = CARTESIAN_POINT ( 'NONE',  ( 92.00000000000000000, -28.99999999999998934, -45.49747468305810827 ) ) ;
#1885 = EDGE_CURVE ( 'NONE', #1690, #4346, #1917, .T. ) ;
#1886 = EDGE_CURVE ( 'NONE', #281, #4024, #5895, .T. ) ;
#1887 = EDGE_CURVE ( 'NONE', #10279, #9683, #5351, .T. ) ;
#1888 = CARTESIAN_POINT ( 'NONE',  ( 111.8904139806818563, 22.12720779386423331, 1.048783420339139516 ) ) ;
#1889 = CARTESIAN_POINT ( 'NONE',  ( 100.4827297014176111, -11.00677167222701769, -6.502830714095365394 ) ) ;
#1890 = CARTESIAN_POINT ( 'NONE',  ( 99.91762574832304722, -7.132193610202082645, -5.089198623576908886 ) ) ;
#1891 = PLANE ( 'NONE',  #9264 ) ;
#1892 = FACE_OUTER_BOUND ( 'NONE', #7495, .T. ) ;
#1893 = CARTESIAN_POINT ( 'NONE',  ( 103.2033750774863989, -18.48695981420894796, -8.374947952740418700 ) ) ;
#1894 = ORIENTED_EDGE ( 'NONE', *, *, #6026, .T. ) ;
#1895 = CARTESIAN_POINT ( 'NONE',  ( 96.47424921728695324, -13.68077595878874320, -2.494350229964601873 ) ) ;
#1896 = ORIENTED_EDGE ( 'NONE', *, *, #6600, .T. ) ;
#1897 = LINE ( 'NONE', #3764, #467 ) ;
#1898 = VECTOR ( 'NONE', #10112, 1000.000000000000000 ) ;
#1899 = PLANE ( 'NONE',  #2246 ) ;
#1900 = ORIENTED_EDGE ( 'NONE', *, *, #4756, .F. ) ;
#1901 = CARTESIAN_POINT ( 'NONE',  ( 75.82807095052646673, 21.49999999999884892, 16.17192904947369314 ) ) ;
#1902 = CYLINDRICAL_SURFACE ( 'NONE', #8408, 2.600000000000008527 ) ;
#1904 = ORIENTED_EDGE ( 'NONE', *, *, #10370, .F. ) ;
#1903 = VECTOR ( 'NONE', #3936, 1000.000000000000000 ) ;
#1905 = CARTESIAN_POINT ( 'NONE',  ( 114.0935983190576906, 9.999999999999824141, 25.16323567688139562 ) ) ;
#1906 = DIRECTION ( 'NONE',  ( 0.000000000000000000, -0.000000000000000000, -1.000000000000000000 ) ) ;
#1907 = FACE_OUTER_BOUND ( 'NONE', #2320, .T. ) ;
#1908 = VERTEX_POINT ( 'NONE', #9399 ) ;
#1909 = VECTOR ( 'NONE', #4323, 1000.000000000000000 ) ;
#1910 = PRESENTATION_STYLE_ASSIGNMENT (( #9172 ) ) ;
#1911 = DIRECTION ( 'NONE',  ( -0.000000000000000000, 1.000000000000000000, -0.000000000000000000 ) ) ;
#1912 = EDGE_CURVE ( 'NONE', #10053, #6499, #9983, .T. ) ;
#1913 = ORIENTED_EDGE ( 'NONE', *, *, #2141, .F. ) ;
#1914 = PLANE ( 'NONE',  #8933 ) ;
#1915 = PLANE ( 'NONE',  #10453 ) ;
#1916 = CARTESIAN_POINT ( 'NONE',  ( 92.00000000000001421, -28.99999999999998934, -45.49747468305809406 ) ) ;
#1917 = LINE ( 'NONE', #3678, #9305 ) ;
#1918 = VECTOR ( 'NONE', #92, 1000.000000000000000 ) ;
#1919 = DIRECTION ( 'NONE',  ( -2.432600736427236330E-15, 1.000000000000000000, 2.193328532844251753E-15 ) ) ;
#1920 = VERTEX_POINT ( 'NONE', #10040 ) ;
#1921 = EDGE_LOOP ( 'NONE', ( #2692, #3741, #10339, #5220 ) ) ;
#1922 = FACE_OUTER_BOUND ( 'NONE', #7491, .T. ) ;
#1923 = PLANE ( 'NONE',  #3093 ) ;
#1924 = ORIENTED_EDGE ( 'NONE', *, *, #7311, .F. ) ;
#1925 = DIRECTION ( 'NONE',  ( -0.7071067811865513475, 0.000000000000000000, -0.7071067811865437980 ) ) ;
#1926 = CARTESIAN_POINT ( 'NONE',  ( 100.3237590053235806, 10.60000000000001030, -5.495331880577457362 ) ) ;
#1927 = VECTOR ( 'NONE', #8133, 999.9999999999998863 ) ;
#1928 = PLANE ( 'NONE',  #7054 ) ;
#1929 = CARTESIAN_POINT ( 'NONE',  ( 103.9884503625455920, -11.53539626432507070, -10.00855137522334992 ) ) ;
#1930 = EDGE_LOOP ( 'NONE', ( #2969, #5359, #7658, #5893 ) ) ;
#1931 = DIRECTION ( 'NONE',  ( 0.000000000000000000, 0.000000000000000000, 1.000000000000000000 ) ) ;
#1932 = VECTOR ( 'NONE', #3281, 1000.000000000000000 ) ;
#1933 = CARTESIAN_POINT ( 'NONE',  ( 106.9705627484771355, -22.99999999999998579, -16.38477631085031305 ) ) ;
#1934 = CARTESIAN_POINT ( 'NONE',  ( 99.27536146884139612, -13.49216445527318164, -5.295462481519100706 ) ) ;
#1935 = ADVANCED_FACE ( 'NONE', ( #2133 ), #6788, .F. ) ;
#1936 = CARTESIAN_POINT ( 'NONE',  ( 99.07742466492102551, -8.057782213950936523, -5.097525677598721217 ) ) ;
#1937 = AXIS2_PLACEMENT_3D ( 'NONE', #1827, #4984, #8243 ) ;
#1938 = EDGE_CURVE ( 'NONE', #931, #9140, #8546, .T. ) ;
#1939 = ADVANCED_FACE ( 'NONE', ( #7810 ), #8390, .T. ) ;
#1940 = ADVANCED_FACE ( 'NONE', ( #6948 ), #6102, .F. ) ;
#1941 = FACE_OUTER_BOUND ( 'NONE', #5050, .T. ) ;
#1942 = LINE ( 'NONE', #5168, #3680 ) ;
#1943 = ORIENTED_EDGE ( 'NONE', *, *, #5757, .T. ) ;
#1944 = CARTESIAN_POINT ( 'NONE',  ( 96.40601110646993277, -14.15326649959325422, -2.426112119147561863 ) ) ;
#1945 = ORIENTED_EDGE ( 'NONE', *, *, #1685, .F. ) ;
#1946 = DIRECTION ( 'NONE',  ( -0.7071067811865513475, -1.691909977029939893E-16, -0.7071067811865437980 ) ) ;
#1947 = LINE ( 'NONE', #9057, #2751 ) ;
#1948 = ORIENTED_EDGE ( 'NONE', *, *, #10199, .T. ) ;
#1949 = FILL_AREA_STYLE_COLOUR ( '', #4134 ) ;
#1950 = CARTESIAN_POINT ( 'NONE',  ( 106.0637859353191601, -13.84948761128133121, -11.23535881057317809 ) ) ;
#1951 = AXIS2_PLACEMENT_3D ( 'NONE', #3150, #814, #1605 ) ;
#1952 = VERTEX_POINT ( 'NONE', #7758 ) ;
#1953 = EDGE_CURVE ( 'NONE', #7448, #4070, #5986, .T. ) ;
#1954 = CARTESIAN_POINT ( 'NONE',  ( 105.6859777763229715, -14.59124098754031884, -11.70607878900075605 ) ) ;
#1955 = CARTESIAN_POINT ( 'NONE',  ( 87.56604351822331012, -20.50000000000091305, 1.464108000793260089 ) ) ;
#1956 = CARTESIAN_POINT ( 'NONE',  ( 101.2066017177981934, 15.55147186257616809, -7.226702730475925485 ) ) ;
#1957 = VECTOR ( 'NONE', #6138, 1000.000000000000000 ) ;
#1958 = ORIENTED_EDGE ( 'NONE', *, *, #3082, .T. ) ;
#1959 = CARTESIAN_POINT ( 'NONE',  ( 102.9995993577843478, -6.632082894133788820, -9.019700370462118144 ) ) ;
#1960 = DIRECTION ( 'NONE',  ( 0.7071067811865512365, 1.691909977029939647E-16, 0.7071067811865437980 ) ) ;
#1961 = VECTOR ( 'NONE', #5921, 1000.000000000000000 ) ;
#1962 = DIRECTION ( 'NONE',  ( -4.122844123276417613E-15, 1.000000000000000000, 3.883571919693450786E-15 ) ) ;
#1963 = DIRECTION ( 'NONE',  ( -0.7071067811865512365, -2.775557561562891351E-16, -0.7071067811865437980 ) ) ;
#1964 = CARTESIAN_POINT ( 'NONE',  ( 118.9913780286483274, 24.00000000000002132, -24.16295090390240219 ) ) ;
#1965 = PLANE ( 'NONE',  #10508 ) ;
#1966 = CARTESIAN_POINT ( 'NONE',  ( 89.15000000000001990, 30.53337520964456786, 0.000000000000000000 ) ) ;
#1967 = VERTEX_POINT ( 'NONE', #6044 ) ;
#1968 = CARTESIAN_POINT ( 'NONE',  ( 102.9885518595075382, -17.20777669025232015, -8.160124734761451393 ) ) ;
#1969 = ORIENTED_EDGE ( 'NONE', *, *, #1179, .F. ) ;
#1970 = DIRECTION ( 'NONE',  ( 0.000000000000000000, -1.000000000000000000, 0.000000000000000000 ) ) ;
#1971 = VERTEX_POINT ( 'NONE', #2763 ) ;
#1972 = AXIS2_PLACEMENT_3D ( 'NONE', #8530, #1272, #4490 ) ;
#1973 = DIRECTION ( 'NONE',  ( -0.7071067811865513475, 0.000000000000000000, -0.7071067811865436870 ) ) ;
#1974 = CARTESIAN_POINT ( 'NONE',  ( 104.8492424049174616, 8.200000000000004619, -10.02081528017138368 ) ) ;
#1975 = EDGE_LOOP ( 'NONE', ( #6821, #1158, #4147, #4765 ) ) ;
#1976 = FACE_OUTER_BOUND ( 'NONE', #8700, .T. ) ;
#1977 = AXIS2_PLACEMENT_3D ( 'NONE', #6282, #7183, #562 ) ;
#1978 = AXIS2_PLACEMENT_3D ( 'NONE', #1231, #5247, #4355 ) ;
#1979 = ORIENTED_EDGE ( 'NONE', *, *, #2333, .F. ) ;
#1980 = DIRECTION ( 'NONE',  ( 4.270088556250597163E-15, -1.000000000000000000, -3.736327486719272814E-15 ) ) ;
#1981 = EDGE_CURVE ( 'NONE', #3009, #8269, #538, .T. ) ;
#1982 = CIRCLE ( 'NONE', #7918, 3.000000000000002665 ) ;
#1983 = AXIS2_PLACEMENT_3D ( 'NONE', #576, #8685, #3869 ) ;
#1984 = ORIENTED_EDGE ( 'NONE', *, *, #729, .F. ) ;
#1985 = CARTESIAN_POINT ( 'NONE',  ( 100.2440606532845777, -13.13575954536769252, -5.415633528538438490 ) ) ;
#1986 = VERTEX_POINT ( 'NONE', #5141 ) ;
#1987 = EDGE_CURVE ( 'NONE', #189, #8508, #10250, .T. ) ;
#1988 = AXIS2_PLACEMENT_3D ( 'NONE', #8271, #8959, #1692 ) ;
#1989 = PLANE ( 'NONE',  #2408 ) ;
#1990 = CLOSED_SHELL ( 'NONE', ( #8105, #5526, #2722, #9474, #3820, #6798, #1935, #6873, #5449, #7313, #1339, #3135, #9601, #4142, #6733, #8052, #9659, #382 ) ) ;
#1991 = CARTESIAN_POINT ( 'NONE',  ( 97.93404945922938509, -12.57279707635200516, -3.954150471907055930 ) ) ;
#1992 = B_SPLINE_CURVE_WITH_KNOTS ( 'NONE', 3,
 ( #1873, #7441, #3580, #1031, #4256, #4362, #7603, #5090 ),
 .UNSPECIFIED., .F., .F.,
 ( 4, 1, 1, 1, 1, 4 ),
 ( 0.000000000000000000, 0.1782573703587648772, 0.3494658574888978020, 0.5207024417209522582, 0.6770102187256243909, 1.000000000000000000 ),
 .UNSPECIFIED. ) ;
#1993 = CARTESIAN_POINT ( 'NONE',  ( 99.61333038204578827, -8.815855604735080675, -5.633431394723524832 ) ) ;
#1994 = VERTEX_POINT ( 'NONE', #2977 ) ;
#1995 = VECTOR ( 'NONE', #5754, 1000.000000000000000 ) ;
#1996 = CIRCLE ( 'NONE', #3697, 1.300000000000005373 ) ;
#1997 = FACE_OUTER_BOUND ( 'NONE', #9058, .T. ) ;
#1998 = LINE ( 'NONE', #3598, #7592 ) ;
#1999 = DIRECTION ( 'NONE',  ( 0.4961240555914998573, -0.7125460286373597185, -0.4961240555915114592 ) ) ;
#2000 = EDGE_LOOP ( 'NONE', ( #10237, #4666 ) ) ;
#2001 =( NAMED_UNIT ( * ) SI_UNIT ( $, .STERADIAN. ) SOLID_ANGLE_UNIT ( ) );
#2002 = VERTEX_POINT ( 'NONE', #6203 ) ;
#2003 = VECTOR ( 'NONE', #9096, 1000.000000000000114 ) ;
#2004 = EDGE_CURVE ( 'NONE', #4004, #1952, #7001, .T. ) ;
#2005 = CYLINDRICAL_SURFACE ( 'NONE', #5707, 0.8500000000000170752 ) ;
#2006 = CARTESIAN_POINT ( 'NONE',  ( 105.0539401611694075, -12.84440447661096307, -11.07404117384720799 ) ) ;
#2007 = AXIS2_PLACEMENT_3D ( 'NONE', #1895, #3714, #352 ) ;
#2008 = ORIENTED_EDGE ( 'NONE', *, *, #1346, .F. ) ;
#2009 = ADVANCED_FACE ( 'NONE', ( #329 ), #1965, .F. ) ;
#2010 = CARTESIAN_POINT ( 'NONE',  ( 51.50000000000002132, 43.99999999999998579, 2.000000000000000000 ) ) ;
#2011 = FACE_OUTER_BOUND ( 'NONE', #9891, .T. ) ;
#2012 = ORIENTED_EDGE ( 'NONE', *, *, #4250, .F. ) ;
#2013 = ORIENTED_EDGE ( 'NONE', *, *, #4904, .T. ) ;
#2014 = LINE ( 'NONE', #9979, #1152 ) ;
#2015 = PLANE ( 'NONE',  #79 ) ;
#2016 = AXIS2_PLACEMENT_3D ( 'NONE', #8658, #4731, #603 ) ;
#2017 = CARTESIAN_POINT ( 'NONE',  ( 103.6471608769003154, 22.67573593128805598, -8.818733752154230388 ) ) ;
#2018 = ADVANCED_FACE ( 'NONE', ( #7648 ), #3623, .T. ) ;
#2019 = VECTOR ( 'NONE', #4253, 1000.000000000000000 ) ;
#2020 = ORIENTED_EDGE ( 'NONE', *, *, #4065, .F. ) ;
#2021 = EDGE_CURVE ( 'NONE', #9600, #4046, #5248, .T. ) ;
#2022 = EDGE_CURVE ( 'NONE', #6059, #752, #591, .T. ) ;
#2023 = EDGE_CURVE ( 'NONE', #9829, #942, #2288, .T. ) ;
#2024 = CARTESIAN_POINT ( 'NONE',  ( 97.77817459305201453, 15.00000000000000178, -3.798275605729713345 ) ) ;
#2025 = DIRECTION ( 'NONE',  ( -7.479444501871685193E-15, 1.000000000000000000, 7.240172298288755442E-15 ) ) ;
#2026 = DIRECTION ( 'NONE',  ( 0.000000000000000000, 0.000000000000000000, -1.000000000000000000 ) ) ;
#2027 = CARTESIAN_POINT ( 'NONE',  ( 97.35391052434009396, 8.200000000000002842, -3.374011537017794993 ) ) ;
#2028 = FILL_AREA_STYLE_COLOUR ( '', #7888 ) ;
#2029 = DIRECTION ( 'NONE',  ( -0.7071067811865439090, 0.000000000000000000, 0.7071067811865512365 ) ) ;
#2030 = CARTESIAN_POINT ( 'NONE',  ( 0.000000000000000000, 0.000000000000000000, 0.000000000000000000 ) ) ;
#2031 = EDGE_LOOP ( 'NONE', ( #763, #1686, #7770, #7777 ) ) ;
#2032 = VERTEX_POINT ( 'NONE', #10512 ) ;
#2033 = CARTESIAN_POINT ( 'NONE',  ( 104.5106218898364290, -13.37914367311768338, -9.682194765090358146 ) ) ;
#2034 = DIRECTION ( 'NONE',  ( 1.196361017915052058E-16, -1.000000000000000000, 1.196361017915039486E-16 ) ) ;
#2035 = ADVANCED_FACE ( 'NONE', ( #3883 ), #10460, .T. ) ;
#2036 = CARTESIAN_POINT ( 'NONE',  ( 102.1622366364085650, 3.000000000000012434, -17.65756851698612095 ) ) ;
#2037 = CARTESIAN_POINT ( 'NONE',  ( 91.83420519966544759, -28.04526311654940685, 2.994221925080771118 ) ) ;
#2038 = ORIENTED_EDGE ( 'NONE', *, *, #375, .T. ) ;
#2039 = DIRECTION ( 'NONE',  ( 0.7071067811865512365, 1.691909977029939893E-16, 0.7071067811865439090 ) ) ;
#2040 = ORIENTED_EDGE ( 'NONE', *, *, #5439, .F. ) ;
#2041 = ORIENTED_EDGE ( 'NONE', *, *, #754, .F. ) ;
#2042 = LINE ( 'NONE', #1299, #1784 ) ;
#2043 = ORIENTED_EDGE ( 'NONE', *, *, #7324, .T. ) ;
#2044 = CARTESIAN_POINT ( 'NONE',  ( 99.78549621306926554, -17.80367215533594560, -4.957069088323135198 ) ) ;
#2045 = LINE ( 'NONE', #8465, #9523 ) ;
#2046 = CARTESIAN_POINT ( 'NONE',  ( 97.96199212814774171, -16.99759392308838812, -3.133565003401686422 ) ) ;
#2047 = CARTESIAN_POINT ( 'NONE',  ( 91.83366586695655087, 28.04529957866087031, 2.994761257789645192 ) ) ;
#2048 = ADVANCED_FACE ( 'NONE', ( #8698 ), #2235, .F. ) ;
#2049 = ORIENTED_EDGE ( 'NONE', *, *, #9573, .F. ) ;
#2050 = CARTESIAN_POINT ( 'NONE',  ( 98.50735438956405687, -13.13310283316147853, -4.527455402241693072 ) ) ;
#2051 = DIRECTION ( 'NONE',  ( -0.7071067811865445751, -1.734723475976805911E-15, 0.7071067811865506814 ) ) ;
#2052 = DIRECTION ( 'NONE',  ( -0.7071067811865449082, 0.000000000000000000, 0.7071067811865501263 ) ) ;
#2053 = CARTESIAN_POINT ( 'NONE',  ( 99.36123214435734496, -17.80367215533594560, -5.381333157035060211 ) ) ;
#2054 = EDGE_LOOP ( 'NONE', ( #5609, #6536, #9853, #8873 ) ) ;
#2055 = DIRECTION ( 'NONE',  ( -0.7071067811865513475, -1.691909977029939647E-16, -0.7071067811865437980 ) ) ;
#2056 = ORIENTED_EDGE ( 'NONE', *, *, #4643, .T. ) ;
#2057 = CARTESIAN_POINT ( 'NONE',  ( 111.3613230256795674, -18.85672476411542675, 1.577874375341435043 ) ) ;
#2058 = CARTESIAN_POINT ( 'NONE',  ( 105.8114297359129097, -13.00961609880119774, -10.98300261116689391 ) ) ;
#2059 = ORIENTED_EDGE ( 'NONE', *, *, #4273, .T. ) ;
#2060 = FACE_OUTER_BOUND ( 'NONE', #7515, .T. ) ;
#2061 = ORIENTED_EDGE ( 'NONE', *, *, #10142, .F. ) ;
#2062 = ORIENTED_EDGE ( 'NONE', *, *, #7769, .F. ) ;
#2063 = PLANE ( 'NONE',  #8075 ) ;
#2064 = LINE ( 'NONE', #3565, #837 ) ;
#2065 = CARTESIAN_POINT ( 'NONE',  ( 103.9300035893749623, 8.199999999999993960, -9.950104602052700642 ) ) ;
#2066 = ORIENTED_EDGE ( 'NONE', *, *, #8201, .F. ) ;
#2067 = CARTESIAN_POINT ( 'NONE',  ( 115.4558441227156038, 28.00000000000001776, -22.04163056034273893 ) ) ;
#2068 = CARTESIAN_POINT ( 'NONE',  ( 103.4537086824955452, -7.349759618135095707, -9.473809695173313727 ) ) ;
#2069 = CIRCLE ( 'NONE', #1064, 3.000000000000002665 ) ;
#2070 = EDGE_CURVE ( 'NONE', #5937, #1967, #696, .T. ) ;
#2071 = ORIENTED_EDGE ( 'NONE', *, *, #4115, .F. ) ;
#2072 = DIRECTION ( 'NONE',  ( -0.7071067811865437980, 1.467497978196606616E-31, 0.7071067811865512365 ) ) ;
#2073 = CARTESIAN_POINT ( 'NONE',  ( 116.1629509039021571, 28.00000000000001776, -21.33452377915619991 ) ) ;
#2074 = CARTESIAN_POINT ( 'NONE',  ( 75.12096416933991350, 21.49999999999884892, 15.46482226828716300 ) ) ;
#2075 = DIRECTION ( 'NONE',  ( 0.000000000000000000, -1.000000000000000000, 0.000000000000000000 ) ) ;
#2076 = DIRECTION ( 'NONE',  ( 1.196361017915046142E-16, -1.000000000000000000, 1.196361017915046142E-16 ) ) ;
#2077 = EDGE_CURVE ( 'NONE', #1579, #3937, #7861, .T. ) ;
#2078 = DIRECTION ( 'NONE',  ( 0.7071067811865512365, 1.691909977029939647E-16, 0.7071067811865437980 ) ) ;
#2079 = LINE ( 'NONE', #5249, #8429 ) ;
#2080 = EDGE_CURVE ( 'NONE', #7519, #6241, #8862, .T. ) ;
#2081 = ADVANCED_FACE ( 'NONE', ( #4814 ), #8816, .T. ) ;
#2082 = ORIENTED_EDGE ( 'NONE', *, *, #10063, .T. ) ;
#2083 = LINE ( 'NONE', #3228, #811 ) ;
#2084 = AXIS2_PLACEMENT_3D ( 'NONE', #8503, #10001, #376 ) ;
#2085 = CARTESIAN_POINT ( 'NONE',  ( 87.85000000000002274, 30.53337520964456786, 0.000000000000000000 ) ) ;
#2086 = ORIENTED_EDGE ( 'NONE', *, *, #5424, .T. ) ;
#2087 = DIRECTION ( 'NONE',  ( 0.7071067811865507924, -6.661338147750937270E-16, 0.7071067811865443531 ) ) ;
#2088 = CARTESIAN_POINT ( 'NONE',  ( 92.00000000000001421, 24.00000000000001776, -55.39696961966970434 ) ) ;
#2089 = ORIENTED_EDGE ( 'NONE', *, *, #5181, .F. ) ;
#2090 = PLANE ( 'NONE',  #2668 ) ;
#2091 = AXIS2_PLACEMENT_3D ( 'NONE', #9904, #8991, #291 ) ;
#2092 = ORIENTED_EDGE ( 'NONE', *, *, #5628, .T. ) ;
#2093 = CARTESIAN_POINT ( 'NONE',  ( 109.4454364826299866, -22.99999999999998579, -17.44543648263017488 ) ) ;
#2094 = VERTEX_POINT ( 'NONE', #7103 ) ;
#2095 = DIRECTION ( 'NONE',  ( 0.7071067811865513475, 0.000000000000000000, 0.7071067811865435759 ) ) ;
#2096 = FACE_OUTER_BOUND ( 'NONE', #6584, .T. ) ;
#2097 = VECTOR ( 'NONE', #432, 1000.000000000000000 ) ;
#2098 = CARTESIAN_POINT ( 'NONE',  ( 89.00000000000001421, -30.99999999999997868, 1.000000000000000000 ) ) ;
#2099 = PRODUCT_DEFINITION_SHAPE ( 'NONE', 'NONE',  #6082 ) ;
#2100 = DIRECTION ( 'NONE',  ( 0.7071067811865436870, 0.000000000000000000, -0.7071067811865513475 ) ) ;
#2101 = ORIENTED_EDGE ( 'NONE', *, *, #3309, .F. ) ;
#2102 = CARTESIAN_POINT ( 'NONE',  ( 102.9713117230515707, -7.511631173923678517, -8.142884598305510480 ) ) ;
#2103 = CIRCLE ( 'NONE', #9390, 1.000000000000001332 ) ;
#2104 = CARTESIAN_POINT ( 'NONE',  ( 101.9664020515063783, -18.19084692207945153, -7.986503064184143241 ) ) ;
#2105 = CARTESIAN_POINT ( 'NONE',  ( 102.2896988409871568, -16.94059784720014505, -8.309799853664930680 ) ) ;
#2106 = LINE ( 'NONE', #5326, #9262 ) ;
#2107 = ORIENTED_EDGE ( 'NONE', *, *, #8763, .T. ) ;
#2108 = CARTESIAN_POINT ( 'NONE',  ( 100.2440606532845493, -13.13575954536769252, -5.415633528538452701 ) ) ;
#2109 = VERTEX_POINT ( 'NONE', #10352 ) ;
#2110 = CARTESIAN_POINT ( 'NONE',  ( 100.8530483272049167, 16.15147186257616951, -6.873149339882659525 ) ) ;
#2111 = EDGE_CURVE ( 'NONE', #7350, #4004, #3238, .T. ) ;
#2112 = CARTESIAN_POINT ( 'NONE',  ( 105.2969434160950755, -13.02812432834024570, -10.46851629134903305 ) ) ;
#2113 = EDGE_LOOP ( 'NONE', ( #1405, #5317, #6403, #7194, #4851, #4616, #7117, #6925, #7948, #9212, #8567 ) ) ;
#2114 = LINE ( 'NONE', #5333, #1479 ) ;
#2115 = VECTOR ( 'NONE', #8040, 1000.000000000000000 ) ;
#2116 = CARTESIAN_POINT ( 'NONE',  ( 78.37365536279824596, -20.50000000000091305, 10.65649615621842905 ) ) ;
#2117 = ORIENTED_EDGE ( 'NONE', *, *, #1057, .F. ) ;
#2118 = ORIENTED_EDGE ( 'NONE', *, *, #8367, .F. ) ;
#2119 = CARTESIAN_POINT ( 'NONE',  ( 101.9661569264804371, -14.61673633523885485, -7.986257939158148744 ) ) ;
#2120 = DIRECTION ( 'NONE',  ( 0.7071067811865513475, 1.691909977029939154E-16, 0.7071067811865435759 ) ) ;
#2121 = EDGE_CURVE ( 'NONE', #4937, #1719, #804, .T. ) ;
#2122 = CARTESIAN_POINT ( 'NONE',  ( 99.89949493661166002, 10.60000000000001030, -5.919595949289384151 ) ) ;
#2123 = EDGE_CURVE ( 'NONE', #9533, #2564, #642, .T. ) ;
#2124 = EDGE_LOOP ( 'NONE', ( #8008, #6283, #5432, #668 ) ) ;
#2125 = AXIS2_PLACEMENT_3D ( 'NONE', #10319, #5362, #6958 ) ;
#2126 = CARTESIAN_POINT ( 'NONE',  ( 98.05525128526190315, -11.34900446756577352, -3.226824160515742168 ) ) ;
#2127 = CARTESIAN_POINT ( 'NONE',  ( 103.4991408499973744, -18.10935709594162191, -8.670713725251285808 ) ) ;
#2128 = ORIENTED_EDGE ( 'NONE', *, *, #7644, .T. ) ;
#2129 = DIRECTION ( 'NONE',  ( -0.000000000000000000, -0.000000000000000000, 1.000000000000000000 ) ) ;
#2130 = CARTESIAN_POINT ( 'NONE',  ( 66.87720779386458503, -28.12483040656399069, 27.10269119345794309 ) ) ;
#2131 = PLANE ( 'NONE',  #2675 ) ;
#2132 = DIRECTION ( 'NONE',  ( 0.7071067811865520136, -8.881784197001254296E-16, 0.7071067811865431318 ) ) ;
#2133 = FACE_OUTER_BOUND ( 'NONE', #3064, .T. ) ;
#2134 = AXIS2_PLACEMENT_3D ( 'NONE', #6202, #425, #2817 ) ;
#2135 = EDGE_CURVE ( 'NONE', #1189, #9171, #5613, .T. ) ;
#2136 = DIRECTION ( 'NONE',  ( 0.000000000000000000, 0.000000000000000000, -1.000000000000000000 ) ) ;
#2137 = CARTESIAN_POINT ( 'NONE',  ( 99.89949493661168844, 10.60000000000000853, -5.071067811865532349 ) ) ;
#2138 = EDGE_CURVE ( 'NONE', #1532, #1425, #9574, .T. ) ;
#2139 = CARTESIAN_POINT ( 'NONE',  ( 91.07233440357296672, -29.03849060947445793, 2.617989683290753877 ) ) ;
#2140 = EDGE_CURVE ( 'NONE', #7346, #10126, #9125, .T. ) ;
#2141 = EDGE_CURVE ( 'NONE', #4688, #1111, #904, .T. ) ;
#2142 = ORIENTED_EDGE ( 'NONE', *, *, #3432, .F. ) ;
#2143 = CARTESIAN_POINT ( 'NONE',  ( 98.65922096173177636, -12.37008508985941369, -3.830793836985632694 ) ) ;
#2144 = ORIENTED_EDGE ( 'NONE', *, *, #1490, .F. ) ;
#2145 = FACE_OUTER_BOUND ( 'NONE', #3562, .T. ) ;
#2146 = ORIENTED_EDGE ( 'NONE', *, *, #3903, .T. ) ;
#2147 = FACE_OUTER_BOUND ( 'NONE', #4841, .T. ) ;
#2148 = ORIENTED_EDGE ( 'NONE', *, *, #9277, .T. ) ;
#2149 = AXIS2_PLACEMENT_3D ( 'NONE', #3027, #4754, #9658 ) ;
#2150 = CARTESIAN_POINT ( 'NONE',  ( 90.28840462579145765, 15.07573593128707401, -0.7632783599442070077 ) ) ;
#2151 = PLANE ( 'NONE',  #4287 ) ;
#2152 = AXIS2_PLACEMENT_3D ( 'NONE', #10274, #9583, #1711 ) ;
#2153 = CIRCLE ( 'NONE', #6206, 0.6000000000000038636 ) ;
#2154 = EDGE_CURVE ( 'NONE', #1296, #2386, #4133, .T. ) ;
#2155 = CARTESIAN_POINT ( 'NONE',  ( 90.99422192508089324, 28.04526311654945303, 3.834205199665327690 ) ) ;
#2156 = EDGE_LOOP ( 'NONE', ( #3299, #8324, #4700, #6978 ) ) ;
#2157 = CARTESIAN_POINT ( 'NONE',  ( 97.80209285100157501, -13.22095969095029844, -3.822193863679186787 ) ) ;
#2158 = VECTOR ( 'NONE', #8625, 1000.000000000000114 ) ;
#2159 = DIRECTION ( 'NONE',  ( -0.6844055748977770914, -0.2513523783409974399, 0.6844055748977847520 ) ) ;
#2160 = DIRECTION ( 'NONE',  ( 0.7071067811865513475, 1.691909977029939400E-16, 0.7071067811865436870 ) ) ;
#2161 = LINE ( 'NONE', #3854, #3337 ) ;
#2162 = ORIENTED_EDGE ( 'NONE', *, *, #8201, .T. ) ;
#2163 = AXIS2_PLACEMENT_3D ( 'NONE', #2663, #7485, #210 ) ;
#2164 = ORIENTED_EDGE ( 'NONE', *, *, #4847, .F. ) ;
#2165 = DIRECTION ( 'NONE',  ( 0.7071067811865513475, 0.000000000000000000, 0.7071067811865437980 ) ) ;
#2166 = AXIS2_PLACEMENT_3D ( 'NONE', #3634, #5997, #9246 ) ;
#2167 = CARTESIAN_POINT ( 'NONE',  ( 106.1102418450348779, -14.59124098754031884, -11.28181472028883725 ) ) ;
#2168 = AXIS2_PLACEMENT_3D ( 'NONE', #10458, #3137, #3932 ) ;
#2169 = ORIENTED_EDGE ( 'NONE', *, *, #5419, .T. ) ;
#2170 = AXIS2_PLACEMENT_3D ( 'NONE', #6928, #1267, #6877 ) ;
#2171 = DIRECTION ( 'NONE',  ( 0.000000000000000000, -1.000000000000000000, 0.000000000000000000 ) ) ;
#2172 = AXIS2_PLACEMENT_3D ( 'NONE', #3105, #6387, #7994 ) ;
#2173 = ORIENTED_EDGE ( 'NONE', *, *, #8043, .T. ) ;
#2174 = VERTEX_POINT ( 'NONE', #4087 ) ;
#2175 = VECTOR ( 'NONE', #5865, 1000.000000000000000 ) ;
#2176 = LINE ( 'NONE', #1534, #630 ) ;
#2177 = CARTESIAN_POINT ( 'NONE',  ( 102.2607647738324204, 22.33933982822020070, -8.280865786510153370 ) ) ;
#2178 = DIRECTION ( 'NONE',  ( 0.000000000000000000, -1.000000000000000000, 0.000000000000000000 ) ) ;
#2179 = AXIS2_PLACEMENT_3D ( 'NONE', #8163, #3276, #792 ) ;
#2180 = ORIENTED_EDGE ( 'NONE', *, *, #7354, .T. ) ;
#2181 = DIRECTION ( 'NONE',  ( 1.196361017915052058E-16, -1.000000000000000000, 1.196361017915039239E-16 ) ) ;
#2182 = DIRECTION ( 'NONE',  ( -0.7071067811865447972, 0.000000000000000000, 0.7071067811865501263 ) ) ;
#2183 = EDGE_LOOP ( 'NONE', ( #7550, #3862, #700, #1764, #1819, #2698, #2715, #6828, #3272, #8261, #6796, #2146 ) ) ;
#2184 = VECTOR ( 'NONE', #8616, 1000.000000000000000 ) ;
#2185 = LINE ( 'NONE', #8387, #305 ) ;
#2186 = EDGE_CURVE ( 'NONE', #1533, #5606, #7933, .T. ) ;
#2187 = DIRECTION ( 'NONE',  ( 0.5000000000000006661, 0.7071067811865444641, -0.5000000000000036637 ) ) ;
#2188 = CARTESIAN_POINT ( 'NONE',  ( 99.89949493661166002, 10.60000000000001030, -5.919595949289384151 ) ) ;
#2189 = DIRECTION ( 'NONE',  ( -1.000000000000000000, -8.163404592832000439E-15, 0.000000000000000000 ) ) ;
#2190 = VECTOR ( 'NONE', #7599, 1000.000000000000000 ) ;
#2191 = DIRECTION ( 'NONE',  ( 0.000000000000000000, 1.000000000000000000, 0.000000000000000000 ) ) ;
#2192 = DIRECTION ( 'NONE',  ( 0.06639577626334340621, -0.9955818408291586818, -0.06639577626334385030 ) ) ;
#2193 = ORIENTED_EDGE ( 'NONE', *, *, #6481, .F. ) ;
#2194 = FACE_BOUND ( 'NONE', #2796, .T. ) ;
#2195 = CARTESIAN_POINT ( 'NONE',  ( 90.74802403356278546, -14.00000000000016520, -1.717872514546242124 ) ) ;
#2196 = ORIENTED_EDGE ( 'NONE', *, *, #6093, .T. ) ;
#2197 = CARTESIAN_POINT ( 'NONE',  ( 90.00000000000002842, 33.58337520964457212, -95.00000000000000000 ) ) ;
#2198 = EDGE_LOOP ( 'NONE', ( #5294, #4796, #4247, #7677 ) ) ;
#2199 = CARTESIAN_POINT ( 'NONE',  ( 91.52584149286785475, 21.49999999999898392, 0.4741585071321649525 ) ) ;
#2200 = EDGE_LOOP ( 'NONE', ( #2756, #2289, #9351, #2372 ) ) ;
#2201 = CARTESIAN_POINT ( 'NONE',  ( 89.15000000000000568, -33.58337520964456502, -95.00000000000000000 ) ) ;
#2202 = ORIENTED_EDGE ( 'NONE', *, *, #6260, .F. ) ;
#2203 = CARTESIAN_POINT ( 'NONE',  ( 101.5821600645271161, -5.959994313839856339, -7.602261077204648387 ) ) ;
#2204 = DIRECTION ( 'NONE',  ( -0.7071067811865512365, -1.691909977029938907E-16, -0.7071067811865437980 ) ) ;
#2205 = DIRECTION ( 'NONE',  ( -0.7071067811865149322, -3.469446951953193884E-14, 0.7071067811865799912 ) ) ;
#2206 = CYLINDRICAL_SURFACE ( 'NONE', #8594, 1.000000000000000888 ) ;
#2207 = ADVANCED_FACE ( 'NONE', ( #1799 ), #1703, .F. ) ;
#2208 = CARTESIAN_POINT ( 'NONE',  ( 99.31692325942242405, -13.24626098893388715, -5.337024272100088673 ) ) ;
#2209 = CARTESIAN_POINT ( 'NONE',  ( 97.26558609688466106, -10.91229507811548949, -3.285687109562347885 ) ) ;
#2210 = CARTESIAN_POINT ( 'NONE',  ( 56.64466094067247326, 24.00000000000001066, 2.585786437626894418 ) ) ;
#2211 = CARTESIAN_POINT ( 'NONE',  ( 87.00000000000001421, -33.58337520964456502, -96.50000000000000000 ) ) ;
#2212 = ORIENTED_EDGE ( 'NONE', *, *, #58, .T. ) ;
#2213 =( NAMED_UNIT ( * ) SI_UNIT ( $, .STERADIAN. ) SOLID_ANGLE_UNIT ( ) );
#2214 = EDGE_CURVE ( 'NONE', #6391, #7139, #118, .T. ) ;
#2215 = ORIENTED_EDGE ( 'NONE', *, *, #1981, .F. ) ;
#2216 = EDGE_CURVE ( 'NONE', #2717, #6686, #9191, .T. ) ;
#2217 = EDGE_CURVE ( 'NONE', #2386, #5790, #6052, .T. ) ;
#2218 = PLANE ( 'NONE',  #10300 ) ;
#2219 = CARTESIAN_POINT ( 'NONE',  ( 101.8816738188301372, -18.85672476411543030, -7.901774831507897723 ) ) ;
#2220 = VERTEX_POINT ( 'NONE', #8911 ) ;
#2221 = DIRECTION ( 'NONE',  ( -0.7071067811865512365, -1.691909977029939647E-16, -0.7071067811865437980 ) ) ;
#2222 = CARTESIAN_POINT ( 'NONE',  ( 75.82807095052646673, 21.49999999999885958, 14.75771548710060443 ) ) ;
#2223 = ORIENTED_EDGE ( 'NONE', *, *, #2023, .T. ) ;
#2224 = EDGE_LOOP ( 'NONE', ( #2049, #4524 ) ) ;
#2225 = CARTESIAN_POINT ( 'NONE',  ( 102.4196333957287806, -15.56430951271342877, -8.439734408406561528 ) ) ;
#2226 = DIRECTION ( 'NONE',  ( -0.7071067811865403563, 0.000000000000000000, 0.7071067811865547892 ) ) ;
#2227 = VERTEX_POINT ( 'NONE', #2649 ) ;
#2228 =( NAMED_UNIT ( * ) SI_UNIT ( $, .STERADIAN. ) SOLID_ANGLE_UNIT ( ) );
#2229 = LINE ( 'NONE', #6411, #3163 ) ;
#2230 = VERTEX_POINT ( 'NONE', #6509 ) ;
#2231 = DIRECTION ( 'NONE',  ( -0.7071067811865513475, -1.691909977029939647E-16, -0.7071067811865437980 ) ) ;
#2232 = CARTESIAN_POINT ( 'NONE',  ( 112.6404139806818847, 23.61213203435596597, 0.2987834203391110943 ) ) ;
#2233 = FACE_OUTER_BOUND ( 'NONE', #26, .T. ) ;
#2234 = DIRECTION ( 'NONE',  ( -0.7071067811865513475, -1.691909977029939893E-16, -0.7071067811865437980 ) ) ;
#2235 = PLANE ( 'NONE',  #3873 ) ;
#2236 = ORIENTED_EDGE ( 'NONE', *, *, #3116, .F. ) ;
#2237 = DIRECTION ( 'NONE',  ( 3.822684353404161240E-15, -1.000000000000000000, -3.583412149821192046E-15 ) ) ;
#2238 = ORIENTED_EDGE ( 'NONE', *, *, #2566, .T. ) ;
#2239 = AXIS2_PLACEMENT_3D ( 'NONE', #2150, #7019, #2996 ) ;
#2240 = EDGE_CURVE ( 'NONE', #3487, #2748, #9763, .T. ) ;
#2241 = PLANE ( 'NONE',  #4119 ) ;
#2242 = DIRECTION ( 'NONE',  ( -0.7071067811865437980, -1.443099686290225771E-15, 0.7071067811865513475 ) ) ;
#2243 = ORIENTED_EDGE ( 'NONE', *, *, #1365, .T. ) ;
#2244 = CARTESIAN_POINT ( 'NONE',  ( 106.1102418450348068, -14.59124098754031884, -11.28181472028890653 ) ) ;
#2245 = PLANE ( 'NONE',  #10259 ) ;
#2246 = AXIS2_PLACEMENT_3D ( 'NONE', #4238, #1009, #5968 ) ;
#2247 = EDGE_CURVE ( 'NONE', #7448, #1189, #88, .T. ) ;
#2248 = ORIENTED_EDGE ( 'NONE', *, *, #1278, .F. ) ;
#2249 = DIRECTION ( 'NONE',  ( 3.901759862943810133E-15, -1.000000000000000000, -3.662487659360841728E-15 ) ) ;
#2250 = ORIENTED_EDGE ( 'NONE', *, *, #7224, .T. ) ;
#2251 = DIRECTION ( 'NONE',  ( 0.7071067811865520136, -0.000000000000000000, 0.7071067811865431318 ) ) ;
#2252 = CARTESIAN_POINT ( 'NONE',  ( 91.79520147329198210, -28.99999999999998579, 1.694387617581258665 ) ) ;
#2253 = VECTOR ( 'NONE', #1049, 1000.000000000000000 ) ;
#2254 = CARTESIAN_POINT ( 'NONE',  ( 113.9046275430549855, 9.664066052554730391, -0.9654301420339954642 ) ) ;
#2255 = ORIENTED_EDGE ( 'NONE', *, *, #9411, .T. ) ;
#2256 = CARTESIAN_POINT ( 'NONE',  ( 101.9885104765519515, -6.834263753685235088, -8.008611489229735980 ) ) ;
#2257 = PLANE ( 'NONE',  #9606 ) ;
#2258 = CARTESIAN_POINT ( 'NONE',  ( 90.25304928673205040, 15.49999999999898748, -2.495689973851352050 ) ) ;
#2259 = CARTESIAN_POINT ( 'NONE',  ( 44.51507575950881801, -14.00000000000064482, 44.51507575950819273 ) ) ;
#2260 = ORIENTED_EDGE ( 'NONE', *, *, #3559, .F. ) ;
#2261 = CARTESIAN_POINT ( 'NONE',  ( 109.3791441434610761, 10.00000000000001599, 3.560053257559949724 ) ) ;
#2262 = CIRCLE ( 'NONE', #392, 2.600000000000008527 ) ;
#2263 = VERTEX_POINT ( 'NONE', #3346 ) ;
#2264 = PLANE ( 'NONE',  #2504 ) ;
#2265 = CARTESIAN_POINT ( 'NONE',  ( 97.35391052434009396, 8.200000000000002842, -3.374011537017794993 ) ) ;
#2266 = EDGE_CURVE ( 'NONE', #6912, #10416, #296, .T. ) ;
#2267 = ORIENTED_EDGE ( 'NONE', *, *, #9797, .F. ) ;
#2268 = EDGE_CURVE ( 'NONE', #4242, #101, #9825, .T. ) ;
#2269 = CYLINDRICAL_SURFACE ( 'NONE', #6379, 0.8500000000000170752 ) ;
#2270 = CIRCLE ( 'NONE', #751, 2.000000000000000000 ) ;
#2271 = ADVANCED_FACE ( 'NONE', ( #151 ), #2604, .F. ) ;
#2272 = EDGE_CURVE ( 'NONE', #6912, #2770, #476, .T. ) ;
#2273 = VERTEX_POINT ( 'NONE', #4555 ) ;
#2274 = EDGE_LOOP ( 'NONE', ( #7131, #4979, #1201, #7018 ) ) ;
#2275 = DIRECTION ( 'NONE',  ( 0.7071067811865513475, 1.691909977029939893E-16, 0.7071067811865436870 ) ) ;
#2276 = CARTESIAN_POINT ( 'NONE',  ( 101.0003035266906153, -6.521635208207606560, -6.171876401944548896 ) ) ;
#2277 = CARTESIAN_POINT ( 'NONE',  ( 89.00000000000001421, 36.99999999999999289, 1.000000000000000000 ) ) ;
#2278 = CARTESIAN_POINT ( 'NONE',  ( 104.9287865396937178, -17.80878040598074463, -10.94888755237152012 ) ) ;
#2279 = ORIENTED_EDGE ( 'NONE', *, *, #6192, .T. ) ;
#2280 = DIRECTION ( 'NONE',  ( -0.5000000000000106581, -0.7071067811865284769, 0.5000000000000162093 ) ) ;
#2281 = EDGE_CURVE ( 'NONE', #5942, #9237, #6223, .T. ) ;
#2282 = VERTEX_POINT ( 'NONE', #5241 ) ;
#2283 = FACE_OUTER_BOUND ( 'NONE', #6459, .T. ) ;
#2284 = AXIS2_PLACEMENT_3D ( 'NONE', #2293, #2242, #5458 ) ;
#2285 = LINE ( 'NONE', #5611, #4174 ) ;
#2286 = CARTESIAN_POINT ( 'NONE',  ( 90.28840462579145765, 15.07573593128707401, -0.7632783599442070077 ) ) ;
#2287 = DIRECTION ( 'NONE',  ( -0.7071067811865513475, 0.000000000000000000, -0.7071067811865436870 ) ) ;
#2288 = LINE ( 'NONE', #7969, #10311 ) ;
#2289 = ORIENTED_EDGE ( 'NONE', *, *, #786, .T. ) ;
#2290 = LINE ( 'NONE', #8649, #5784 ) ;
#2291 = ORIENTED_EDGE ( 'NONE', *, *, #6932, .T. ) ;
#2292 = CARTESIAN_POINT ( 'NONE',  ( 82.00000000000001421, 36.99999999999998579, 0.000000000000000000 ) ) ;
#2293 = CARTESIAN_POINT ( 'NONE',  ( 116.0259478866145884, 10.60000000000001208, -3.086750485593630522 ) ) ;
#2294 = DIRECTION ( 'NONE',  ( -0.7071067811865521247, 0.000000000000000000, -0.7071067811865430208 ) ) ;
#2295 = VECTOR ( 'NONE', #1656, 1000.000000000000114 ) ;
#2296 = DIRECTION ( 'NONE',  ( 0.4961240555914969708, -0.7125460286373672680, -0.4961240555915036321 ) ) ;
#2297 = ORIENTED_EDGE ( 'NONE', *, *, #9215, .F. ) ;
#2298 = ORIENTED_EDGE ( 'NONE', *, *, #4527, .T. ) ;
#2299 = DIRECTION ( 'NONE',  ( -0.7071067811865436870, 1.962615573354687342E-14, 0.7071067811865514585 ) ) ;
#2300 = VECTOR ( 'NONE', #5129, 1000.000000000000000 ) ;
#2301 = LINE ( 'NONE', #2, #8183 ) ;
#2302 = CARTESIAN_POINT ( 'NONE',  ( 90.63896141515580496, -29.03856806632545684, 3.051704519529068182 ) ) ;
#2303 = EDGE_CURVE ( 'NONE', #8146, #8156, #2869, .T. ) ;
#2304 = CARTESIAN_POINT ( 'NONE',  ( 103.0748767812854396, -18.10935709594162191, -9.094977793963211710 ) ) ;
#2305 = ORIENTED_EDGE ( 'NONE', *, *, #5440, .T. ) ;
#2306 = CARTESIAN_POINT ( 'NONE',  ( 97.78754298820312840, -11.59870155029420147, -2.959115863456957207 ) ) ;
#2307 = CARTESIAN_POINT ( 'NONE',  ( 99.92000443044405245, -15.56468747438830391, -5.940105443121752593 ) ) ;
#2308 = CARTESIAN_POINT ( 'NONE',  ( 106.9705627484771355, 3.000000000000014211, -16.38477631085032371 ) ) ;
#2309 = VECTOR ( 'NONE', #5557, 1000.000000000000000 ) ;
#2310 = CARTESIAN_POINT ( 'NONE',  ( 57.24935425136571610, 26.91365409133661402, 1.999999999998709477 ) ) ;
#2311 = ADVANCED_FACE ( 'NONE', ( #4496 ), #5925, .F. ) ;
#2312 = CARTESIAN_POINT ( 'NONE',  ( 102.7139629096991058, -16.94059784720014505, -7.885535784953004779 ) ) ;
#2313 = ORIENTED_EDGE ( 'NONE', *, *, #8979, .T. ) ;
#2314 = CARTESIAN_POINT ( 'NONE',  ( 99.36123214435734496, -17.80367215533594560, -5.381333157035060211 ) ) ;
#2315 = ORIENTED_EDGE ( 'NONE', *, *, #249, .F. ) ;
#2316 = DIRECTION ( 'NONE',  ( -0.7071067811865513475, -1.691909977029939647E-16, -0.7071067811865437980 ) ) ;
#2317 = AXIS2_PLACEMENT_3D ( 'NONE', #3577, #969, #3465 ) ;
#2318 = VECTOR ( 'NONE', #10400, 1000.000000000000000 ) ;
#2319 = CARTESIAN_POINT ( 'NONE',  ( 102.2732911153908049, -6.023016659406605022, -8.293392128068468594 ) ) ;
#2320 = EDGE_LOOP ( 'NONE', ( #4228, #6215, #6690, #6077 ) ) ;
#2321 = AXIS2_PLACEMENT_3D ( 'NONE', #5386, #9492, #5436 ) ;
#2322 = CARTESIAN_POINT ( 'NONE',  ( 104.8492424049174900, 9.664066052554728614, -10.02081528017140144 ) ) ;
#2323 = LINE ( 'NONE', #6344, #8588 ) ;
#2324 = ORIENTED_EDGE ( 'NONE', *, *, #8548, .T. ) ;
#2325 = B_SPLINE_CURVE_WITH_KNOTS ( 'NONE', 3,
 ( #2104, #4537, #3758, #1261, #4482, #6922, #10179, #6399 ),
 .UNSPECIFIED., .F., .F.,
 ( 4, 1, 1, 1, 1, 4 ),
 ( 0.000000000000000000, 0.2317113570506716957, 0.3869881936420744850, 0.5493815465833487011, 0.7225508604132591106, 1.000000000000000000 ),
 .UNSPECIFIED. ) ;
#2326 = VERTEX_POINT ( 'NONE', #2017 ) ;
#2327 = CARTESIAN_POINT ( 'NONE',  ( 90.00000000000001421, -30.99999999999997868, 1.000000000000000000 ) ) ;
#2328 = EDGE_CURVE ( 'NONE', #1629, #9073, #9982, .T. ) ;
#2329 = CARTESIAN_POINT ( 'NONE',  ( 99.10522561554527954, -7.861201327428839036, -5.125326628222987679 ) ) ;
#2330 = LINE ( 'NONE', #7847, #9629 ) ;
#2331 = AXIS2_PLACEMENT_3D ( 'NONE', #1038, #2623, #7551 ) ;
#2332 = PLANE ( 'NONE',  #641 ) ;
#2333 = EDGE_CURVE ( 'NONE', #10105, #4990, #6779, .T. ) ;
#2334 = AXIS2_PLACEMENT_3D ( 'NONE', #2057, #7681, #8576 ) ;
#2335 = EDGE_LOOP ( 'NONE', ( #410, #8140, #6615, #1379 ) ) ;
#2336 = VECTOR ( 'NONE', #5765, 1000.000000000000114 ) ;
#2337 = LINE ( 'NONE', #10291, #2309 ) ;
#2338 = VECTOR ( 'NONE', #10245, 1000.000000000000114 ) ;
#2339 = EDGE_LOOP ( 'NONE', ( #4586, #6328, #2291, #3184 ) ) ;
#2340 = PLANE ( 'NONE',  #6396 ) ;
#2341 = ADVANCED_FACE ( 'NONE', ( #1907 ), #414, .F. ) ;
#2342 = CARTESIAN_POINT ( 'NONE',  ( 47.41421356237359674, -27.99999999999998224, 47.41421356237309936 ) ) ;
#2343 = AXIS2_PLACEMENT_3D ( 'NONE', #257, #35, #6621 ) ;
#2344 = CARTESIAN_POINT ( 'NONE',  ( 101.6658932780435549, -5.819364924317196319, -7.685994290721296807 ) ) ;
#2345 = CARTESIAN_POINT ( 'NONE',  ( 99.81979658457264293, -13.13575954536769252, -5.839897597250363503 ) ) ;
#2346 = CARTESIAN_POINT ( 'NONE',  ( 101.1952798768673034, -12.99999999999998579, -7.215380889545049747 ) ) ;
#2347 = CIRCLE ( 'NONE', #478, 0.6000000000000045297 ) ;
#2348 = EDGE_LOOP ( 'NONE', ( #9121, #4066, #6952, #3839 ) ) ;
#2349 = EDGE_CURVE ( 'NONE', #8061, #2704, #5130, .T. ) ;
#2350 = ADVANCED_FACE ( 'NONE', ( #3666 ), #1119, .F. ) ;
#2351 = EDGE_CURVE ( 'NONE', #7356, #8146, #6888, .T. ) ;
#2352 = CARTESIAN_POINT ( 'NONE',  ( 102.8607647738324431, 23.61213203435597663, -8.880865786510192095 ) ) ;
#2353 = ORIENTED_EDGE ( 'NONE', *, *, #5578, .T. ) ;
#2354 = DIRECTION ( 'NONE',  ( 0.7071067811865513475, 1.691909977029939893E-16, 0.7071067811865436870 ) ) ;
#2355 = CIRCLE ( 'NONE', #6069, 0.6000000000000038636 ) ;
#2356 = DIRECTION ( 'NONE',  ( -0.7071067811865447972, 0.000000000000000000, 0.7071067811865501263 ) ) ;
#2357 = CARTESIAN_POINT ( 'NONE',  ( 88.00000000000001421, 28.53337520964456431, -93.00000000000000000 ) ) ;
#2358 = VECTOR ( 'NONE', #3464, 1000.000000000000000 ) ;
#2359 = ORIENTED_EDGE ( 'NONE', *, *, #979, .F. ) ;
#2360 = CARTESIAN_POINT ( 'NONE',  ( 102.5470476543396643, -7.511631173923678517, -8.567148667017409736 ) ) ;
#2361 = EDGE_LOOP ( 'NONE', ( #1660, #8532, #9722, #9214 ) ) ;
#2362 = VERTEX_POINT ( 'NONE', #5185 ) ;
#2363 = CARTESIAN_POINT ( 'NONE',  ( 99.89949493661166002, 10.60000000000001030, -5.071067811865524355 ) ) ;
#2364 = CARTESIAN_POINT ( 'NONE',  ( 90.00000000000001421, 24.91646306141988632, -55.39696961966335209 ) ) ;
#2365 = CARTESIAN_POINT ( 'NONE',  ( 119.2842712474618025, -23.99999999999998224, -24.87005768508894832 ) ) ;
#2366 = CARTESIAN_POINT ( 'NONE',  ( 102.1312545858667846, -17.56833855368435238, -8.151355598544538950 ) ) ;
#2367 = CARTESIAN_POINT ( 'NONE',  ( 97.77817459305202874, 8.200000000000002842, -2.949747468305869091 ) ) ;
#2368 = LINE ( 'NONE', #8046, #9963 ) ;
#2369 = DIRECTION ( 'NONE',  ( -0.7071067811865439090, 1.971276677246371519E-16, 0.7071067811865512365 ) ) ;
#2370 = ORIENTED_EDGE ( 'NONE', *, *, #9852, .T. ) ;
#2371 = CARTESIAN_POINT ( 'NONE',  ( 107.2534054609516829, -12.99999999999998401, -15.25340546095184813 ) ) ;
#2372 = ORIENTED_EDGE ( 'NONE', *, *, #3573, .T. ) ;
#2373 = LINE ( 'NONE', #6242, #3347 ) ;
#2374 = CARTESIAN_POINT ( 'NONE',  ( 102.6975551841026828, -6.023016659406605022, -7.869128059356598648 ) ) ;
#2375 = ORIENTED_EDGE ( 'NONE', *, *, #7158, .F. ) ;
#2376 = CARTESIAN_POINT ( 'NONE',  ( 101.1952798768673318, -12.99999999999998757, -7.215380889545055965 ) ) ;
#2377 = EDGE_CURVE ( 'NONE', #10196, #3301, #9389, .T. ) ;
#2378 = CARTESIAN_POINT ( 'NONE',  ( 64.01902132185951189, -28.99999999999998934, 3.814846501162379777 ) ) ;
#2379 = CARTESIAN_POINT ( 'NONE',  ( 103.5117664492888991, -9.219426233395644488, -8.683339324542806992 ) ) ;
#2380 = ORIENTED_EDGE ( 'NONE', *, *, #1368, .F. ) ;
#2381 = ORIENTED_EDGE ( 'NONE', *, *, #3062, .T. ) ;
#2382 = CARTESIAN_POINT ( 'NONE',  ( 103.7939669409086036, -17.33545018606133326, -9.814067953586384618 ) ) ;
#2383 = CARTESIAN_POINT ( 'NONE',  ( 103.0875023805769644, -9.219426233395644488, -9.107603393254732893 ) ) ;
#2384 =( LENGTH_UNIT ( ) NAMED_UNIT ( * ) SI_UNIT ( .MILLI., .METRE. ) );
#2385 = PLANE ( 'NONE',  #1826 ) ;
#2386 = VERTEX_POINT ( 'NONE', #364 ) ;
#2387 = DIRECTION ( 'NONE',  ( -0.7071067811865416886, 0.000000000000000000, 0.7071067811865532349 ) ) ;
#2388 = DIRECTION ( 'NONE',  ( 0.7071067811865513475, 1.691909977029937675E-16, 0.7071067811865436870 ) ) ;
#2389 = CARTESIAN_POINT ( 'NONE',  ( 103.4854479653068751, -9.689317062940421721, -8.657020840560782915 ) ) ;
#2390 = LINE ( 'NONE', #2342, #3182 ) ;
#2391 = PLANE ( 'NONE',  #9932 ) ;
#2392 = DIRECTION ( 'NONE',  ( 0.000000000000000000, -1.000000000000000000, 0.000000000000000000 ) ) ;
#2393 = ORIENTED_EDGE ( 'NONE', *, *, #1109, .T. ) ;
#2394 = EDGE_CURVE ( 'NONE', #8305, #7429, #2064, .T. ) ;
#2395 = CARTESIAN_POINT ( 'NONE',  ( 102.8607647738324431, 23.61213203435597663, -8.880865786510192095 ) ) ;
#2396 = FACE_OUTER_BOUND ( 'NONE', #2678, .T. ) ;
#2397 = VERTEX_POINT ( 'NONE', #5288 ) ;
#2398 = CARTESIAN_POINT ( 'NONE',  ( 105.6563282084944859, -12.80427915708982844, -10.82790108374858562 ) ) ;
#2399 = EDGE_CURVE ( 'NONE', #919, #6605, #322, .T. ) ;
#2400 = EDGE_CURVE ( 'NONE', #9469, #5098, #873, .T. ) ;
#2401 = LINE ( 'NONE', #5621, #2295 ) ;
#2402 = VERTEX_POINT ( 'NONE', #8587 ) ;
#2403 = VERTEX_POINT ( 'NONE', #1333 ) ;
#2404 = DIRECTION ( 'NONE',  ( 0.7071067811865512365, 1.326091603618060771E-16, 0.7071067811865437980 ) ) ;
#2405 = CARTESIAN_POINT ( 'NONE',  ( 90.00000000000001421, 29.59766789531717990, -51.58117682784033775 ) ) ;
#2406 = DIRECTION ( 'NONE',  ( -0.3535533905932679022, -0.8660254037844432595, 0.3535533905932683463 ) ) ;
#2407 = DIRECTION ( 'NONE',  ( 0.7071067811865520136, -8.881784197001254296E-16, 0.7071067811865431318 ) ) ;
#2408 = AXIS2_PLACEMENT_3D ( 'NONE', #231, #5952, #1098 ) ;
#2409 = CARTESIAN_POINT ( 'NONE',  ( 99.42399992964681132, -17.02955672821564903, -5.444100942324537229 ) ) ;
#2410 = DIRECTION ( 'NONE',  ( 0.000000000000000000, 0.000000000000000000, 1.000000000000000000 ) ) ;
#2411 = CARTESIAN_POINT ( 'NONE',  ( 98.20243866176394931, 7.600000000000001421, -3.374011537017801210 ) ) ;
#2412 = ORIENTED_EDGE ( 'NONE', *, *, #9958, .F. ) ;
#2413 = CARTESIAN_POINT ( 'NONE',  ( 107.6776695296636177, 23.00000000000001421, -15.67766952966379357 ) ) ;
#2414 = ORIENTED_EDGE ( 'NONE', *, *, #5686, .T. ) ;
#2415 = DIRECTION ( 'NONE',  ( -0.7071067811865426878, 0.000000000000000000, 0.7071067811865524577 ) ) ;
#2416 = AXIS2_PLACEMENT_3D ( 'NONE', #5354, #3886, #5570 ) ;
#2417 = LINE ( 'NONE', #5540, #9194 ) ;
#2418 = EDGE_LOOP ( 'NONE', ( #815, #7798, #1443, #2638, #4755, #2451 ) ) ;
#2419 = CARTESIAN_POINT ( 'NONE',  ( 65.12994231491110497, -30.99999999999998224, 2.000000000000003553 ) ) ;
#2420 = DIRECTION ( 'NONE',  ( 0.7071067811865513475, 1.691909977029939400E-16, 0.7071067811865436870 ) ) ;
#2421 = VERTEX_POINT ( 'NONE', #3505 ) ;
#2423 = ORIENTED_EDGE ( 'NONE', *, *, #4083, .T. ) ;
#2422 = AXIS2_PLACEMENT_3D ( 'NONE', #3755, #8411, #4478 ) ;
#2424 = CARTESIAN_POINT ( 'NONE',  ( 104.0404221411321686, -13.33538027434573081, -10.06052315380991757 ) ) ;
#2425 = CARTESIAN_POINT ( 'NONE',  ( 100.9177259736543704, -10.80588650403014128, -6.089298848908292427 ) ) ;
#2426 = CARTESIAN_POINT ( 'NONE',  ( 101.5004445032125915, -5.903187733375055757, -7.520545515890335153 ) ) ;
#2427 = DIRECTION ( 'NONE',  ( 0.7071067811865410224, -3.024312964050461036E-15, 0.7071067811865540120 ) ) ;
#2428 = ORIENTED_EDGE ( 'NONE', *, *, #2070, .T. ) ;
#2429 = CIRCLE ( 'NONE', #6653, 0.6000000000000045297 ) ;
#2430 = CARTESIAN_POINT ( 'NONE',  ( 100.8530483272049167, 17.10000000000000853, -6.873149339882659525 ) ) ;
#2431 = DIRECTION ( 'NONE',  ( 4.088160239089628984E-15, -1.000000000000000000, -3.848888035506662946E-15 ) ) ;
#2432 = EDGE_CURVE ( 'NONE', #10416, #9350, #5975, .T. ) ;
#2433 = CARTESIAN_POINT ( 'NONE',  ( 100.9177259736543704, -10.80588650403014128, -6.089298848908298645 ) ) ;
#2434 = ORIENTED_EDGE ( 'NONE', *, *, #3442, .T. ) ;
#2435 = CARTESIAN_POINT ( 'NONE',  ( 56.88730162779175004, 27.00000000000001421, 0.000000000000000000 ) ) ;
#2436 = CARTESIAN_POINT ( 'NONE',  ( 97.55091604368874414, -12.74734812099879910, -2.722488918942728375 ) ) ;
#2437 = CARTESIAN_POINT ( 'NONE',  ( 103.9300035893749339, 23.00000000000001421, -19.42533546995244365 ) ) ;
#2438 = CARTESIAN_POINT ( 'NONE',  ( 96.61485602155019592, -14.94014378067885929, -2.634957034227756179 ) ) ;
#2439 =( GEOMETRIC_REPRESENTATION_CONTEXT ( 3 ) GLOBAL_UNCERTAINTY_ASSIGNED_CONTEXT ( ( #5555 ) ) GLOBAL_UNIT_ASSIGNED_CONTEXT ( ( #9603, #7804, #8812 ) ) REPRESENTATION_CONTEXT ( 'NONE', 'WORKASPACE' ) );
#2440 = EDGE_CURVE ( 'NONE', #1296, #2694, #8656, .T. ) ;
#2441 = ORIENTED_EDGE ( 'NONE', *, *, #6207, .T. ) ;
#2442 = CARTESIAN_POINT ( 'NONE',  ( 74.41385738815336026, 21.49999999999885958, 13.34350192472751395 ) ) ;
#2443 = CARTESIAN_POINT ( 'NONE',  ( 105.5547049043997561, -16.70926321126091452, -11.57480591707743756 ) ) ;
#2444 = STYLED_ITEM ( 'NONE', ( #7878 ), #6163 ) ;
#2445 = CARTESIAN_POINT ( 'NONE',  ( 103.9884503625455920, -11.53539626432507070, -10.00855137522334992 ) ) ;
#2446 = ORIENTED_EDGE ( 'NONE', *, *, #9216, .F. ) ;
#2447 = CARTESIAN_POINT ( 'NONE',  ( 102.4107647738324260, 22.12720779386422976, -8.430865786510178594 ) ) ;
#2448 = MANIFOLD_SOLID_BREP ( 'Boss.-Extru.12[3]', #1990 ) ;
#2449 = ORIENTED_EDGE ( 'NONE', *, *, #9198, .F. ) ;
#2450 = EDGE_CURVE ( 'NONE', #5615, #2402, #5392, .T. ) ;
#2451 = ORIENTED_EDGE ( 'NONE', *, *, #1214, .F. ) ;
#2452 = LINE ( 'NONE', #5625, #6063 ) ;
#2453 = DIRECTION ( 'NONE',  ( 0.000000000000000000, -1.000000000000000000, 0.000000000000000000 ) ) ;
#2454 = EDGE_CURVE ( 'NONE', #4637, #2849, #10312, .T. ) ;
#2455 = EDGE_CURVE ( 'NONE', #7139, #6931, #7595, .T. ) ;
#2456 = EDGE_CURVE ( 'NONE', #6900, #302, #3771, .T. ) ;
#2457 = LINE ( 'NONE', #4211, #1410 ) ;
#2458 = DIRECTION ( 'NONE',  ( 0.7071067811865388020, 0.000000000000000000, -0.7071067811865562325 ) ) ;
#2459 = DIRECTION ( 'NONE',  ( -0.7071067811865512365, -1.691909977029938907E-16, -0.7071067811865437980 ) ) ;
#2460 = VECTOR ( 'NONE', #3622, 1000.000000000000000 ) ;
#2461 = DIRECTION ( 'NONE',  ( -0.7071067811865513475, 0.000000000000000000, -0.7071067811865436870 ) ) ;
#2462 = VERTEX_POINT ( 'NONE', #6988 ) ;
#2463 = CARTESIAN_POINT ( 'NONE',  ( 100.5091694411710677, -14.69140301790534942, -6.529270453848774913 ) ) ;
#2464 = PLANE ( 'NONE',  #10138 ) ;
#2465 = VERTEX_POINT ( 'NONE', #4750 ) ;
#2466 = DIRECTION ( 'NONE',  ( -0.7071067811865512365, -2.775557561562891351E-16, -0.7071067811865439090 ) ) ;
#2467 = VERTEX_POINT ( 'NONE', #10343 ) ;
#2468 = VECTOR ( 'NONE', #9823, 1000.000000000000000 ) ;
#2469 = DIRECTION ( 'NONE',  ( 0.7071067811865440200, 0.000000000000000000, -0.7071067811865509034 ) ) ;
#2470 = EDGE_CURVE ( 'NONE', #2282, #5361, #1495, .T. ) ;
#2471 = MANIFOLD_SOLID_BREP ( 'Enl\X2\00e8\X0\v. mat.-Extru.14', #9276 ) ;
#2472 = CARTESIAN_POINT ( 'NONE',  ( 101.6195439455792240, -13.00000000000001066, -6.791116820833109635 ) ) ;
#2473 = ORIENTED_EDGE ( 'NONE', *, *, #5314, .F. ) ;
#2474 = CARTESIAN_POINT ( 'NONE',  ( 101.8430922919874746, -10.96143041008408048, -7.863193304665324845 ) ) ;
#2475 = CARTESIAN_POINT ( 'NONE',  ( 104.3971608769003012, 22.33933982822017228, -9.568733752154219729 ) ) ;
#2476 = VECTOR ( 'NONE', #7738, 1000.000000000000000 ) ;
#2477 = ORIENTED_EDGE ( 'NONE', *, *, #3931, .F. ) ;
#2478 = VERTEX_POINT ( 'NONE', #1587 ) ;
#2479 = CARTESIAN_POINT ( 'NONE',  ( 104.3817664047714402, -17.12862949662352108, -10.40186741744924070 ) ) ;
#2480 = CARTESIAN_POINT ( 'NONE',  ( 103.5248171295702804, -9.569500498558465296, -9.544918142248018711 ) ) ;
#2481 = ORIENTED_EDGE ( 'NONE', *, *, #3960, .T. ) ;
#2482 = CARTESIAN_POINT ( 'NONE',  ( 101.6195439455792240, -13.00000000000001243, -6.791116820833102530 ) ) ;
#2483 = LINE ( 'NONE', #6558, #5533 ) ;
#2484 = AXIS2_PLACEMENT_3D ( 'NONE', #4340, #2803, #7523 ) ;
#2485 = ORIENTED_EDGE ( 'NONE', *, *, #4479, .F. ) ;
#2486 = CARTESIAN_POINT ( 'NONE',  ( 107.2578237999014590, 14.90000000000000391, 5.681373601119605432 ) ) ;
#2487 = CARTESIAN_POINT ( 'NONE',  ( 101.9661569264804086, -14.61673633523885485, -7.986257939158171837 ) ) ;
#2488 = VECTOR ( 'NONE', #5888, 999.9999999999998863 ) ;
#2489 = VECTOR ( 'NONE', #1270, 1000.000000000000000 ) ;
#2490 = VERTEX_POINT ( 'NONE', #2967 ) ;
#2491 = CARTESIAN_POINT ( 'NONE',  ( 99.37380270505742885, -8.482061694257355455, -5.393903717735173409 ) ) ;
#2492 = AXIS2_PLACEMENT_3D ( 'NONE', #8707, #3146, #1506 ) ;
#2493 = CARTESIAN_POINT ( 'NONE',  ( 105.5547049043997134, -16.70926321126091452, -11.57480591707749795 ) ) ;
#2494 = CARTESIAN_POINT ( 'NONE',  ( 98.27314933988262169, 8.200000000000004619, -3.444722215136461596 ) ) ;
#2495 = AXIS2_PLACEMENT_3D ( 'NONE', #8585, #1382, #3972 ) ;
#2496 = CARTESIAN_POINT ( 'NONE',  ( 101.9664020515063783, -18.19084692207945153, -7.986503064184143241 ) ) ;
#2497 = AXIS2_PLACEMENT_3D ( 'NONE', #2030, #4509, #5403 ) ;
#2498 = ORIENTED_EDGE ( 'NONE', *, *, #9634, .F. ) ;
#2499 = VECTOR ( 'NONE', #2129, 1000.000000000000000 ) ;
#2500 = CARTESIAN_POINT ( 'NONE',  ( 99.51771241656751954, -18.12918257376988507, -4.689285291821504664 ) ) ;
#2501 = CYLINDRICAL_SURFACE ( 'NONE', #3506, 0.9999999999999964473 ) ;
#2502 = EDGE_CURVE ( 'NONE', #8464, #10309, #2330, .T. ) ;
#2503 = ORIENTED_EDGE ( 'NONE', *, *, #9573, .T. ) ;
#2504 = AXIS2_PLACEMENT_3D ( 'NONE', #10382, #3113, #3806 ) ;
#2505 = CARTESIAN_POINT ( 'NONE',  ( 109.3791441434610761, 15.75147186257616205, 3.560053257559949724 ) ) ;
#2506 = EDGE_CURVE ( 'NONE', #2958, #7394, #5217, .T. ) ;
#2507 = CARTESIAN_POINT ( 'NONE',  ( 90.40750508762228321, 29.03139745621535539, 3.253645983400372366 ) ) ;
#2508 = DIRECTION ( 'NONE',  ( 0.4999999999999977796, 0.7071067811865443531, -0.5000000000000067724 ) ) ;
#2510 = VECTOR ( 'NONE', #6642, 1000.000000000000000 ) ;
#2509 = CARTESIAN_POINT ( 'NONE',  ( 74.41385738815340289, 15.49999999999886313, 13.34350192472748553 ) ) ;
#2511 = VERTEX_POINT ( 'NONE', #629 ) ;
#2512 = ORIENTED_EDGE ( 'NONE', *, *, #4908, .F. ) ;
#2513 = CYLINDRICAL_SURFACE ( 'NONE', #1512, 4.999999999999997335 ) ;
#2514 =( GEOMETRIC_REPRESENTATION_CONTEXT ( 3 ) GLOBAL_UNCERTAINTY_ASSIGNED_CONTEXT ( ( #1432 ) ) GLOBAL_UNIT_ASSIGNED_CONTEXT ( ( #2384, #685, #7198 ) ) REPRESENTATION_CONTEXT ( 'NONE', 'WORKASPACE' ) );
#2515 = CARTESIAN_POINT ( 'NONE',  ( 51.50000000000002842, -43.99999999999998579, 1.000000000000000000 ) ) ;
#2516 = CARTESIAN_POINT ( 'NONE',  ( 106.7059815299051593, -14.61673633523885307, -3.246433335733495795 ) ) ;
#2517 = EDGE_CURVE ( 'NONE', #6499, #6646, #188, .T. ) ;
#2518 = DIRECTION ( 'NONE',  ( 0.7071067811865513475, 1.691909977029939400E-16, 0.7071067811865436870 ) ) ;
#2519 = DIRECTION ( 'NONE',  ( 2.590264123990840275E-16, -1.000000000000000000, -1.975420881607622276E-17 ) ) ;
#2520 = AXIS2_PLACEMENT_3D ( 'NONE', #6708, #2690, #5911 ) ;
#2521 = ORIENTED_EDGE ( 'NONE', *, *, #438, .T. ) ;
#2522 = CARTESIAN_POINT ( 'NONE',  ( 99.79731248385773767, -15.81281274459799668, -5.817413496535432493 ) ) ;
#2523 = AXIS2_PLACEMENT_3D ( 'NONE', #1619, #6809, #10058 ) ;
#2524 = B_SPLINE_CURVE_WITH_KNOTS ( 'NONE', 3,
 ( #5404, #753, #8605, #699, #1549, #3141, #3829, #6364 ),
 .UNSPECIFIED., .F., .F.,
 ( 4, 1, 1, 1, 1, 4 ),
 ( 0.000000000000000000, 0.1782573703587648772, 0.3494658574888978020, 0.5207024417209522582, 0.6770102187256243909, 1.000000000000000000 ),
 .UNSPECIFIED. ) ;
#2525 = DIRECTION ( 'NONE',  ( 0.7071067811865442421, 0.000000000000000000, -0.7071067811865509034 ) ) ;
#2526 = ORIENTED_EDGE ( 'NONE', *, *, #5628, .F. ) ;
#2527 = CARTESIAN_POINT ( 'NONE',  ( 96.65684644824463589, -15.56395264824424274, -2.676947460922225019 ) ) ;
#2528 = CYLINDRICAL_SURFACE ( 'NONE', #5779, 0.6000000000000050848 ) ;
#2529 = CARTESIAN_POINT ( 'NONE',  ( 99.25499163161086358, -18.14831470448512007, -4.426564506864835380 ) ) ;
#2530 = ORIENTED_EDGE ( 'NONE', *, *, #2897, .T. ) ;
#2531 = EDGE_CURVE ( 'NONE', #9937, #5527, #4377, .T. ) ;
#2532 = CARTESIAN_POINT ( 'NONE',  ( 102.1302955138480826, -7.033052218879191742, -8.150396526525833352 ) ) ;
#2533 = CARTESIAN_POINT ( 'NONE',  ( 112.4904139806818648, 23.40000000000001634, 0.4487834203391293242 ) ) ;
#2534 = VERTEX_POINT ( 'NONE', #1849 ) ;
#2535 = EDGE_CURVE ( 'NONE', #7611, #2230, #5395, .T. ) ;
#2536 = EDGE_LOOP ( 'NONE', ( #9895, #1524, #5820, #7247, #1180, #8758, #10293, #130, #2040, #8351 ) ) ;
#2537 = ADVANCED_FACE ( 'NONE', ( #1736 ), #3392, .F. ) ;
#2538 = EDGE_CURVE ( 'NONE', #3589, #6472, #651, .T. ) ;
#2539 = CARTESIAN_POINT ( 'NONE',  ( 105.6227735784605102, -13.81760040037534942, -11.64287459113825207 ) ) ;
#2540 = FACE_OUTER_BOUND ( 'NONE', #10213, .T. ) ;
#2541 = EDGE_LOOP ( 'NONE', ( #2180, #7221, #9331, #2512 ) ) ;
#2542 = CARTESIAN_POINT ( 'NONE',  ( 102.9399546498573841, -7.176240401769854671, -8.960055662535145515 ) ) ;
#2543 = VERTEX_POINT ( 'NONE', #4235 ) ;
#2544 = DIRECTION ( 'NONE',  ( -0.7071067811865513475, -1.691909977029939647E-16, -0.7071067811865437980 ) ) ;
#2545 = CARTESIAN_POINT ( 'NONE',  ( 89.15000000000001990, 28.53337520964456431, -162.2337144733732259 ) ) ;
#2546 = ORIENTED_EDGE ( 'NONE', *, *, #2650, .T. ) ;
#2547 = DIRECTION ( 'NONE',  ( 1.000000000000000000, -0.000000000000000000, 0.000000000000000000 ) ) ;
#2548 = CARTESIAN_POINT ( 'NONE',  ( 104.5743915000385869, -17.05437323195199539, -10.59449251271637316 ) ) ;
#2549 = ORIENTED_EDGE ( 'NONE', *, *, #7255, .F. ) ;
#2550 = DIRECTION ( 'NONE',  ( 0.7071067811865507924, -6.661338147750937270E-16, 0.7071067811865443531 ) ) ;
#2551 = DIRECTION ( 'NONE',  ( 0.2944909064902047624, 0.9091480693424792703, -0.2944909064902000440 ) ) ;
#2552 = CARTESIAN_POINT ( 'NONE',  ( 101.2773123959168373, 17.40000000000001634, -7.297413408594585427 ) ) ;
#2553 = LINE ( 'NONE', #256, #4497 ) ;
#2554 = CARTESIAN_POINT ( 'NONE',  ( 102.1107647738324289, 22.55147186257614678, -8.130865786510188542 ) ) ;
#2555 = ORIENTED_EDGE ( 'NONE', *, *, #9665, .T. ) ;
#2556 = CARTESIAN_POINT ( 'NONE',  ( 100.5358910396795551, 16.05147186257617165, -5.707463914933430971 ) ) ;
#2557 = CARTESIAN_POINT ( 'NONE',  ( 97.77817459305201453, 14.90000000000000213, -3.798275605729727555 ) ) ;
#2558 = EDGE_LOOP ( 'NONE', ( #5143, #5332, #8529, #7613 ) ) ;
#2559 = LINE ( 'NONE', #1708, #5025 ) ;
#2560 = DIRECTION ( 'NONE',  ( 0.7071067811865513475, 1.691909977029939893E-16, 0.7071067811865436870 ) ) ;
#2561 = CARTESIAN_POINT ( 'NONE',  ( 97.00542025436304527, -14.63853261203153266, -2.176993129616845657 ) ) ;
#2562 = LINE ( 'NONE', #4359, #1319 ) ;
#2563 = ORIENTED_EDGE ( 'NONE', *, *, #83, .T. ) ;
#2564 = VERTEX_POINT ( 'NONE', #5802 ) ;
#2565 = DIRECTION ( 'NONE',  ( 0.7071067811865513475, 1.691909977029939893E-16, 0.7071067811865437980 ) ) ;
#2566 = EDGE_CURVE ( 'NONE', #8407, #8706, #4903, .T. ) ;
#2567 = CARTESIAN_POINT ( 'NONE',  ( 109.0918830920367100, -12.99999999999998401, -17.09188309203688760 ) ) ;
#2568 = DIRECTION ( 'NONE',  ( -0.7071067811865215935, 0.000000000000000000, 0.7071067811865736630 ) ) ;
#2569 = DIRECTION ( 'NONE',  ( -0.7071067811865513475, -1.691909977029939647E-16, -0.7071067811865437980 ) ) ;
#2570 = DIRECTION ( 'NONE',  ( 2.288396747274411088E-16, 1.000000000000000000, -4.681118783104540843E-16 ) ) ;
#2571 = ORIENTED_EDGE ( 'NONE', *, *, #46, .F. ) ;
#2572 = DIRECTION ( 'NONE',  ( 0.000000000000000000, 3.469446951953617344E-15, -1.000000000000000000 ) ) ;
#2573 = ADVANCED_FACE ( 'NONE', ( #5701 ), #9810, .T. ) ;
#2574 = EDGE_LOOP ( 'NONE', ( #3153, #705, #9299, #9524 ) ) ;
#2575 = CARTESIAN_POINT ( 'NONE',  ( 77.38370586913687532, 21.49999999999887379, 14.61629413086329343 ) ) ;
#2576 = VERTEX_POINT ( 'NONE', #7351 ) ;
#2577 = CARTESIAN_POINT ( 'NONE',  ( 87.00000000000001421, -28.53337520964456431, -93.00000000000000000 ) ) ;
#2578 = CARTESIAN_POINT ( 'NONE',  ( 99.89949493661166002, 10.60000000000001030, -5.071067811865524355 ) ) ;
#2579 = ORIENTED_EDGE ( 'NONE', *, *, #7962, .T. ) ;
#2580 = VECTOR ( 'NONE', #107, 999.9999999999998863 ) ;
#2581 = CARTESIAN_POINT ( 'NONE',  ( 99.38003464832873135, -8.516128183456844525, -5.400135661006435939 ) ) ;
#2582 = DIRECTION ( 'NONE',  ( 0.7071067811865443531, 0.000000000000000000, -0.7071067811865506814 ) ) ;
#2583 = VERTEX_POINT ( 'NONE', #8268 ) ;
#2584 = DIRECTION ( 'NONE',  ( 0.000000000000000000, 0.000000000000000000, 1.000000000000000000 ) ) ;
#2585 = CARTESIAN_POINT ( 'NONE',  ( 103.5915624564026558, -17.33270335961646680, -9.611663469080442113 ) ) ;
#2586 = CARTESIAN_POINT ( 'NONE',  ( 103.1607647738324545, 23.61213203435596242, -9.180865786510217674 ) ) ;
#2587 = VERTEX_POINT ( 'NONE', #4951 ) ;
#2588 = CARTESIAN_POINT ( 'NONE',  ( 103.5215970973605408, -9.000924224658467310, -9.541698110038305813 ) ) ;
#2589 = ORIENTED_EDGE ( 'NONE', *, *, #2214, .T. ) ;
#2590 = B_SPLINE_CURVE_WITH_KNOTS ( 'NONE', 3,
 ( #10421, #2252, #3950, #3158, #606, #2302, #6381, #5629, #8882, #4059 ),
 .UNSPECIFIED., .F., .F.,
 ( 4, 2, 2, 2, 4 ),
 ( 4.336808689942017736E-19, 0.0008904152771859284851, 0.001780830554371856536, 0.002671245831557784479, 0.003561661108743712639 ),
 .UNSPECIFIED. ) ;
#2591 = EDGE_CURVE ( 'NONE', #1533, #2403, #8902, .T. ) ;
#2592 = CARTESIAN_POINT ( 'NONE',  ( 101.1952798768673034, -13.00000000000001243, -7.215380889545014220 ) ) ;
#2593 = CARTESIAN_POINT ( 'NONE',  ( 103.9458611660724756, -9.000924224658467310, -9.117434041326381688 ) ) ;
#2594 = VERTEX_POINT ( 'NONE', #8957 ) ;
#2595 = EDGE_CURVE ( 'NONE', #5824, #653, #990, .T. ) ;
#2596 = EDGE_CURVE ( 'NONE', #9698, #3494, #820, .T. ) ;
#2597 = EDGE_CURVE ( 'NONE', #6391, #10260, #10146, .T. ) ;
#2598 = CARTESIAN_POINT ( 'NONE',  ( 103.4991408499973744, -18.10935709594162191, -8.670713725251280479 ) ) ;
#2599 = VECTOR ( 'NONE', #356, 1000.000000000000000 ) ;
#2600 = MANIFOLD_SOLID_BREP ( 'Boss.-Extru.12[8]', #290 ) ;
#2601 = LINE ( 'NONE', #3340, #2175 ) ;
#2602 = DIRECTION ( 'NONE',  ( 0.7071067811865513475, 1.110223024625155924E-16, 0.7071067811865436870 ) ) ;
#2603 = LINE ( 'NONE', #2867, #6516 ) ;
#2604 = PLANE ( 'NONE',  #5028 ) ;
#2605 = VECTOR ( 'NONE', #1348, 1000.000000000000000 ) ;
#2606 = VERTEX_POINT ( 'NONE', #5274 ) ;
#2607 = EDGE_CURVE ( 'NONE', #3494, #9698, #5543, .T. ) ;
#2608 = DIRECTION ( 'NONE',  ( 5.458596537740334584E-15, -1.000000000000000000, -5.458596537740367716E-15 ) ) ;
#2609 = CARTESIAN_POINT ( 'NONE',  ( 102.7791110087745778, -18.48695981420894796, -8.799212021452230914 ) ) ;
#2610 = FACE_OUTER_BOUND ( 'NONE', #4693, .T. ) ;
#2611 = PRESENTATION_LAYER_ASSIGNMENT (  '', '', ( #8376 ) ) ;
#2612 = CARTESIAN_POINT ( 'NONE',  ( 102.7986327394764601, 22.67573593128807019, -8.818733752154209071 ) ) ;
#2613 = LINE ( 'NONE', #4064, #9817 ) ;
#2614 = DIRECTION ( 'NONE',  ( -0.000000000000000000, 1.000000000000000000, -0.000000000000000000 ) ) ;
#2615 = ORIENTED_EDGE ( 'NONE', *, *, #47, .T. ) ;
#2616 = ORIENTED_EDGE ( 'NONE', *, *, #2272, .T. ) ;
#2617 = FACE_OUTER_BOUND ( 'NONE', #8996, .T. ) ;
#2618 = DIRECTION ( 'NONE',  ( -0.7071067811865456854, 0.000000000000000000, 0.7071067811865493491 ) ) ;
#2619 = VERTEX_POINT ( 'NONE', #4279 ) ;
#2620 = CIRCLE ( 'NONE', #3640, 0.3000000000000028755 ) ;
#2621 = FACE_OUTER_BOUND ( 'NONE', #944, .T. ) ;
#2622 = LINE ( 'NONE', #9090, #6501 ) ;
#2623 = DIRECTION ( 'NONE',  ( 0.7071067811865436870, 0.000000000000000000, -0.7071067811865513475 ) ) ;
#2624 = DIRECTION ( 'NONE',  ( 0.4094917643862808210, -0.8152502620665778021, -0.4094917643862777679 ) ) ;
#2625 = EDGE_LOOP ( 'NONE', ( #5697, #7924, #3521, #5327 ) ) ;
#2626 = CARTESIAN_POINT ( 'NONE',  ( 89.15000000000000568, -33.58337520964456502, -162.2337144733732259 ) ) ;
#2627 = ORIENTED_EDGE ( 'NONE', *, *, #6965, .F. ) ;
#2628 = CARTESIAN_POINT ( 'NONE',  ( 99.89949493661166002, 10.60000000000001030, -5.919595949289384151 ) ) ;
#2629 = CARTESIAN_POINT ( 'NONE',  ( 99.72100586341083783, -18.04189124437491287, -4.892578738664804305 ) ) ;
#2630 = EDGE_CURVE ( 'NONE', #5977, #4947, #1159, .T. ) ;
#2631 = CARTESIAN_POINT ( 'NONE',  ( 99.11653051597915010, -8.268921463835846808, -5.136631528656899093 ) ) ;
#2632 = DIRECTION ( 'NONE',  ( 1.000000000000000000, 8.163404592832000439E-15, -0.000000000000000000 ) ) ;
#2633 = ADVANCED_FACE ( 'NONE', ( #1055 ), #2795, .T. ) ;
#2634 = EDGE_LOOP ( 'NONE', ( #2837, #3176, #6980, #3729 ) ) ;
#2635 = VECTOR ( 'NONE', #3476, 1000.000000000000000 ) ;
#2636 = FACE_OUTER_BOUND ( 'NONE', #4080, .T. ) ;
#2637 = DIRECTION ( 'NONE',  ( -0.7071067811865512365, -1.691909977029938907E-16, -0.7071067811865439090 ) ) ;
#2638 = ORIENTED_EDGE ( 'NONE', *, *, #7661, .F. ) ;
#2639 = DIRECTION ( 'NONE',  ( 0.7071067811865513475, 1.691909977029939893E-16, 0.7071067811865436870 ) ) ;
#2640 = LINE ( 'NONE', #4334, #8673 ) ;
#2641 = EDGE_LOOP ( 'NONE', ( #6369, #6735, #4303, #755 ) ) ;
#2642 = VECTOR ( 'NONE', #8815, 1000.000000000000000 ) ;
#2643 = LINE ( 'NONE', #9221, #4475 ) ;
#2644 = LINE ( 'NONE', #9756, #7214 ) ;
#2645 = CARTESIAN_POINT ( 'NONE',  ( 102.2607647738324204, 22.33933982822020070, -8.280865786510183568 ) ) ;
#2646 = VERTEX_POINT ( 'NONE', #6076 ) ;
#2647 = LINE ( 'NONE', #7475, #4364 ) ;
#2648 = FACE_OUTER_BOUND ( 'NONE', #7589, .T. ) ;
#2649 = CARTESIAN_POINT ( 'NONE',  ( 101.0651803615608912, 18.00000000000001421, -7.085281374238618035 ) ) ;
#2650 = EDGE_CURVE ( 'NONE', #5594, #551, #7942, .T. ) ;
#2651 = EDGE_LOOP ( 'NONE', ( #2571, #8481, #2521, #6393 ) ) ;
#2652 = AXIS2_PLACEMENT_3D ( 'NONE', #8955, #10181, #1105 ) ;
#2653 = DIRECTION ( 'NONE',  ( 0.1271099547311118350, -0.9837103836071413587, -0.1271099547311129174 ) ) ;
#2654 = FACE_OUTER_BOUND ( 'NONE', #8847, .T. ) ;
#2655 = EDGE_CURVE ( 'NONE', #2744, #4919, #5229, .T. ) ;
#2656 = VECTOR ( 'NONE', #9047, 1000.000000000000000 ) ;
#2657 = DIRECTION ( 'NONE',  ( 1.196361017915055756E-16, -1.000000000000000000, 1.196361017915036035E-16 ) ) ;
#2658 = CARTESIAN_POINT ( 'NONE',  ( 106.9705627484771071, 23.00000000000001421, -16.38477631085030239 ) ) ;
#2659 = CARTESIAN_POINT ( 'NONE',  ( 97.12665197497688041, -12.74734812099879910, -3.146752987654592548 ) ) ;
#2660 = EDGE_CURVE ( 'NONE', #5839, #2717, #739, .T. ) ;
#2661 = CARTESIAN_POINT ( 'NONE',  ( 44.51507575950861195, 0.000000000000000000, 44.51507575950829931 ) ) ;
#2662 = VECTOR ( 'NONE', #1235, 1000.000000000000000 ) ;
#2663 = CARTESIAN_POINT ( 'NONE',  ( 110.6749290837167337, -12.99999999999998579, 2.264268317304283240 ) ) ;
#2664 = EDGE_CURVE ( 'NONE', #8589, #8311, #10071, .T. ) ;
#2665 = VERTEX_POINT ( 'NONE', #4433 ) ;
#2666 = LINE ( 'NONE', #9136, #3695 ) ;
#2667 = ORIENTED_EDGE ( 'NONE', *, *, #3155, .F. ) ;
#2668 = AXIS2_PLACEMENT_3D ( 'NONE', #5311, #2039, #8653 ) ;
#2669 = AXIS2_PLACEMENT_3D ( 'NONE', #6307, #9448, #694 ) ;
#2670 = DIRECTION ( 'NONE',  ( 0.7071067811865513475, 1.691909977029939893E-16, 0.7071067811865437980 ) ) ;
#2671 = ORIENTED_EDGE ( 'NONE', *, *, #5419, .F. ) ;
#2672 = CARTESIAN_POINT ( 'NONE',  ( 112.7025460150378251, 19.40000000000001279, 0.2366513859831699540 ) ) ;
#2673 = AXIS2_PLACEMENT_3D ( 'NONE', #8325, #4905, #846 ) ;
#2674 = CARTESIAN_POINT ( 'NONE',  ( 103.9884503625455920, -9.460148610354735865, -10.00855137522336413 ) ) ;
#2675 = AXIS2_PLACEMENT_3D ( 'NONE', #7809, #536, #9179 ) ;
#2676 = LINE ( 'NONE', #5097, #6894 ) ;
#2677 = VECTOR ( 'NONE', #587, 1000.000000000000000 ) ;
#2678 = EDGE_LOOP ( 'NONE', ( #10398, #390, #2886, #8925 ) ) ;
#2679 = CARTESIAN_POINT ( 'NONE',  ( 107.5716035124857086, 3.000000000000014211, -16.98581707485890391 ) ) ;
#2680 = AXIS2_PLACEMENT_3D ( 'NONE', #10082, #6831, #7745 ) ;
#2681 = AXIS2_PLACEMENT_3D ( 'NONE', #943, #1005, #6611 ) ;
#2682 = ORIENTED_EDGE ( 'NONE', *, *, #2266, .F. ) ;
#2683 = CARTESIAN_POINT ( 'NONE',  ( 98.35831352794130567, -12.57279707635200516, -3.529886403195139799 ) ) ;
#2684 = ORIENTED_EDGE ( 'NONE', *, *, #4350, .F. ) ;
#2685 = CARTESIAN_POINT ( 'NONE',  ( 103.2228968081883949, 22.67573593128805243, -9.242997820866149183 ) ) ;
#2686 = LINE ( 'NONE', #2578, #7156 ) ;
#2687 = CIRCLE ( 'NONE', #316, 2.000000000000000000 ) ;
#2688 = CARTESIAN_POINT ( 'NONE',  ( 99.07742227239926081, -8.131651727428300447, -5.097523285076965394 ) ) ;
#2689 = CARTESIAN_POINT ( 'NONE',  ( 100.9177259736543988, -10.80588650403014128, -6.089298848908270223 ) ) ;
#2690 = DIRECTION ( 'NONE',  ( 0.7071067811865556774, -1.262899919054023015E-14, 0.7071067811865394681 ) ) ;
#2691 = CARTESIAN_POINT ( 'NONE',  ( 75.82807095052646673, 21.49999999999885958, 14.75771548710060621 ) ) ;
#2692 = ORIENTED_EDGE ( 'NONE', *, *, #6875, .T. ) ;
#2693 = DIRECTION ( 'NONE',  ( 1.000000000000000000, 0.000000000000000000, 0.000000000000000000 ) ) ;
#2694 = VERTEX_POINT ( 'NONE', #10183 ) ;
#2695 = LINE ( 'NONE', #4333, #6390 ) ;
#2696 = EDGE_CURVE ( 'NONE', #4346, #9844, #7678, .T. ) ;
#2697 = CARTESIAN_POINT ( 'NONE',  ( 102.4989495158787633, -6.529609367200701620, -8.519050528556377344 ) ) ;
#2698 = ORIENTED_EDGE ( 'NONE', *, *, #9840, .T. ) ;
#2699 = CARTESIAN_POINT ( 'NONE',  ( 103.3952287478682877, -13.26522203829090607, -9.415329760546063298 ) ) ;
#2700 = ORIENTED_EDGE ( 'NONE', *, *, #2903, .F. ) ;
#2701 = DIRECTION ( 'NONE',  ( -0.2944909064901958806, -0.9091480693424826010, 0.2944909064901992113 ) ) ;
#2702 = CARTESIAN_POINT ( 'NONE',  ( 82.00000000000001421, 44.99999999999998579, 1.000000000000000000 ) ) ;
#2703 = CARTESIAN_POINT ( 'NONE',  ( 47.41421356237359674, 1.134490336022446682E-14, 47.41421356237309936 ) ) ;
#2704 = VERTEX_POINT ( 'NONE', #241 ) ;
#2705 = CARTESIAN_POINT ( 'NONE',  ( 105.9789689731116340, -16.70926321126091452, -11.15054184836557205 ) ) ;
#2706 = LINE ( 'NONE', #9174, #5511 ) ;
#2707 = CARTESIAN_POINT ( 'NONE',  ( 101.2773123959168657, 16.15147186257616951, -6.448885271170722078 ) ) ;
#2708 = CARTESIAN_POINT ( 'NONE',  ( 118.9913780286483274, 28.00000000000001776, -25.57716446627550511 ) ) ;
#2709 = CARTESIAN_POINT ( 'NONE',  ( 90.63147832451737429, 29.03842637646314984, 3.058562276281387327 ) ) ;
#2710 = DIRECTION ( 'NONE',  ( 0.7071067811865439090, -1.210272192541962116E-15, -0.7071067811865512365 ) ) ;
#2711 = CARTESIAN_POINT ( 'NONE',  ( 90.00000000000001421, -24.91646306141858602, -55.39696961966971145 ) ) ;
#2712 = CARTESIAN_POINT ( 'NONE',  ( 82.00000000000001421, -36.99999999999998579, 0.000000000000000000 ) ) ;
#2713 = PLANE ( 'NONE',  #8245 ) ;
#2714 = EDGE_LOOP ( 'NONE', ( #6556, #1191, #7129, #2880 ) ) ;
#2715 = ORIENTED_EDGE ( 'NONE', *, *, #2121, .T. ) ;
#2716 = CARTESIAN_POINT ( 'NONE',  ( 102.2241501882608077, -11.24750411939340999, -7.395723063514688000 ) ) ;
#2717 = VERTEX_POINT ( 'NONE', #3654 ) ;
#2718 = CYLINDRICAL_SURFACE ( 'NONE', #2084, 2.000000000000001776 ) ;
#2719 = ORIENTED_EDGE ( 'NONE', *, *, #5878, .F. ) ;
#2720 = CARTESIAN_POINT ( 'NONE',  ( 91.17228810227459235, 3.999999999999830802, 0.8277118977254096510 ) ) ;
#2721 = EDGE_CURVE ( 'NONE', #7298, #7440, #3024, .T. ) ;
#2722 = ADVANCED_FACE ( 'NONE', ( #2850 ), #9160, .T. ) ;
#2723 = DIRECTION ( 'NONE',  ( -0.1271099547311099753, 0.9837103836071418028, 0.1271099547311111133 ) ) ;
#2724 = EDGE_CURVE ( 'NONE', #429, #10184, #9116, .T. ) ;
#2725 = EDGE_LOOP ( 'NONE', ( #3388, #2071, #7289, #10443, #7552 ) ) ;
#2726 = CARTESIAN_POINT ( 'NONE',  ( 97.77817459305201453, 7.600000000000007638, -3.798275605729713345 ) ) ;
#2727 = VERTEX_POINT ( 'NONE', #5914 ) ;
#2728 = CYLINDRICAL_SURFACE ( 'NONE', #2852, 1.000000000000000000 ) ;
#2729 = CYLINDRICAL_SURFACE ( 'NONE', #5031, 1.000000000000000888 ) ;
#2730 = VERTEX_POINT ( 'NONE', #5116 ) ;
#2731 = LINE ( 'NONE', #7502, #827 ) ;
#2732 = VERTEX_POINT ( 'NONE', #3166 ) ;
#2733 = DIRECTION ( 'NONE',  ( -0.1882815193062809811, -0.9638984069783683717, 0.1882815193062832293 ) ) ;
#2734 = CARTESIAN_POINT ( 'NONE',  ( 99.76362164687320444, -17.48981397740233135, -4.935194522127192229 ) ) ;
#2735 = AXIS2_PLACEMENT_3D ( 'NONE', #1956, #7638, #3815 ) ;
#2736 = ADVANCED_FACE ( 'NONE', ( #7835 ), #8795, .T. ) ;
#2737 = CARTESIAN_POINT ( 'NONE',  ( 103.2228968081884091, 22.67573593128805243, -9.242997820866165171 ) ) ;
#2738 = CARTESIAN_POINT ( 'NONE',  ( 100.3891747272047610, -6.586302503474978920, -6.409275739882441592 ) ) ;
#2739 = CARTESIAN_POINT ( 'NONE',  ( 56.86551010382203941, -25.30873942359209394, 2.622594631484885142 ) ) ;
#2740 = DIRECTION ( 'NONE',  ( -0.7071067811865323627, 0.000000000000000000, 0.7071067811865626718 ) ) ;
#2741 = CARTESIAN_POINT ( 'NONE',  ( 51.50000000000002132, 43.99999999999998579, 1.000000000000000000 ) ) ;
#2742 = ORIENTED_EDGE ( 'NONE', *, *, #2502, .T. ) ;
#2743 = CARTESIAN_POINT ( 'NONE',  ( 90.00000000000001421, 36.99999999999999289, 0.000000000000000000 ) ) ;
#2744 = VERTEX_POINT ( 'NONE', #10377 ) ;
#2745 = DIRECTION ( 'NONE',  ( 0.7071067811865439090, 0.000000000000000000, -0.7071067811865512365 ) ) ;
#2746 = AXIS2_PLACEMENT_3D ( 'NONE', #1624, #9798, #932 ) ;
#2747 = DIRECTION ( 'NONE',  ( 0.000000000000000000, -9.376883653928691061E-17, -1.000000000000000000 ) ) ;
#2748 = VERTEX_POINT ( 'NONE', #7998 ) ;
#2749 = SURFACE_SIDE_STYLE ('',( #5177 ) ) ;
#2750 = CARTESIAN_POINT ( 'NONE',  ( 105.6395218666072680, -13.84948761128133121, -11.65962287928506314 ) ) ;
#2752 = VERTEX_POINT ( 'NONE', #6179 ) ;
#2751 = VECTOR ( 'NONE', #5068, 1000.000000000000000 ) ;
#2753 = CARTESIAN_POINT ( 'NONE',  ( 105.4720721131873660, -15.48077086870394048, -11.49217312586516648 ) ) ;
#2754 = CARTESIAN_POINT ( 'NONE',  ( 105.5547049043997134, -16.70926321126091452, -11.57480591707749795 ) ) ;
#2755 = DIRECTION ( 'NONE',  ( 0.5400764004494029713, -0.6454726666213116415, -0.5400764004494077453 ) ) ;
#2756 = ORIENTED_EDGE ( 'NONE', *, *, #295, .T. ) ;
#2757 = TOROIDAL_SURFACE ( 'NONE', #209, 3.000000000000000000, 2.000000000000000000 ) ;
#2758 = EDGE_CURVE ( 'NONE', #673, #1476, #5431, .T. ) ;
#2759 = CARTESIAN_POINT ( 'NONE',  ( 103.9884503625455920, -9.460148610354735865, -10.00855137522336413 ) ) ;
#2760 = CARTESIAN_POINT ( 'NONE',  ( 42.25233405971178513, 26.00000000000001776, 42.25233405971131617 ) ) ;
#2761 = ADVANCED_FACE ( 'NONE', ( #1372 ), #9426, .F. ) ;
#2762 = FACE_OUTER_BOUND ( 'NONE', #5210, .T. ) ;
#2763 = CARTESIAN_POINT ( 'NONE',  ( 99.89949493661167423, 15.75147186257615850, -5.071067811865521691 ) ) ;
#2764 = CIRCLE ( 'NONE', #5642, 0.8500000000000170752 ) ;
#2765 = CARTESIAN_POINT ( 'NONE',  ( 78.44436604091679044, 9.999999999999735323, 13.55563395908335877 ) ) ;
#2766 = MANIFOLD_SOLID_BREP ( 'Boss.-Extru.12[2]', #8254 ) ;
#2768 = ORIENTED_EDGE ( 'NONE', *, *, #3305, .T. ) ;
#2767 = B_SPLINE_SURFACE_WITH_KNOTS ( 'NONE', 3, 1, ( 
 ( #5644, #1625 ),
 ( #5593, #9644 ),
 ( #2319, #2374 ),
 ( #677, #8843 ),
 ( #7187, #8894 ),
 ( #1471, #1578 ),
 ( #3915, #730 ),
 ( #10384, #4014 ) ),
 .UNSPECIFIED., .F., .F., .F.,
 ( 4, 1, 1, 1, 1, 4 ),
 ( 2, 2 ),
 ( 0.000000000000000000, 0.2774491395867408894, 0.4506184534166512989, 0.6130118063579255150, 0.7682886429493283043, 1.000000000000000000 ),
 ( 0.000000000000000000, 1.000000000000000000 ),
 .UNSPECIFIED. ) ;
#2769 = DIRECTION ( 'NONE',  ( 1.000000000000000000, 7.891197274167555925E-15, 0.000000000000000000 ) ) ;
#2770 = VERTEX_POINT ( 'NONE', #7027 ) ;
#2771 = DIRECTION ( 'NONE',  ( 0.000000000000000000, -1.000000000000000000, 0.000000000000000000 ) ) ;
#2772 = VERTEX_POINT ( 'NONE', #1318 ) ;
#2773 = DIRECTION ( 'NONE',  ( 9.376883653928788436E-17, -1.000000000000000000, 9.376883653928688596E-17 ) ) ;
#2774 = FACE_OUTER_BOUND ( 'NONE', #2541, .T. ) ;
#2775 =( GEOMETRIC_REPRESENTATION_CONTEXT ( 3 ) GLOBAL_UNCERTAINTY_ASSIGNED_CONTEXT ( ( #7145 ) ) GLOBAL_UNIT_ASSIGNED_CONTEXT ( ( #7695, #1181, #7640 ) ) REPRESENTATION_CONTEXT ( 'NONE', 'WORKASPACE' ) );
#2776 = VERTEX_POINT ( 'NONE', #8628 ) ;
#2777 = CARTESIAN_POINT ( 'NONE',  ( 90.25304928673205040, 15.49999999999898748, -2.495689973851352050 ) ) ;
#2778 = ORIENTED_EDGE ( 'NONE', *, *, #4778, .T. ) ;
#2779 = ADVANCED_FACE ( 'NONE', ( #6284 ), #9385, .F. ) ;
#2780 = CARTESIAN_POINT ( 'NONE',  ( 107.5716035124857086, 3.000000000000014211, -16.98581707485890391 ) ) ;
#2781 = VERTEX_POINT ( 'NONE', #930 ) ;
#2782 = CARTESIAN_POINT ( 'NONE',  ( 97.58273427082188789, -14.08861376026648848, -2.754307146075718471 ) ) ;
#2783 = ORIENTED_EDGE ( 'NONE', *, *, #7492, .T. ) ;
#2784 = EDGE_CURVE ( 'NONE', #1254, #7359, #3315, .T. ) ;
#2785 = ADVANCED_FACE ( 'NONE', ( #8152 ), #5789, .T. ) ;
#2786 = DIRECTION ( 'NONE',  ( 0.7071067811865426878, 0.000000000000000000, -0.7071067811865524577 ) ) ;
#2787 = CARTESIAN_POINT ( 'NONE',  ( 97.02293765401141457, -15.11136301436272156, -3.043038666689088068 ) ) ;
#2788 = DIRECTION ( 'NONE',  ( 0.7071067811865513475, 1.691909977029939893E-16, 0.7071067811865436870 ) ) ;
#2789 = VECTOR ( 'NONE', #10518, 1000.000000000000000 ) ;
#2790 = ADVANCED_FACE ( 'NONE', ( #9 ), #3374, .T. ) ;
#2791 = FACE_OUTER_BOUND ( 'NONE', #3954, .T. ) ;
#2792 = CARTESIAN_POINT ( 'NONE',  ( 37.49069470301286344, -28.99999999999999645, -104.2494206671639319 ) ) ;
#2793 = PLANE ( 'NONE',  #6540 ) ;
#2794 = ORIENTED_EDGE ( 'NONE', *, *, #708, .F. ) ;
#2795 = PLANE ( 'NONE',  #2007 ) ;
#2796 = EDGE_LOOP ( 'NONE', ( #7052, #3261, #10201, #383 ) ) ;
#2797 = ADVANCED_FACE ( 'NONE', ( #4790 ), #3120, .T. ) ;
#2798 = EDGE_CURVE ( 'NONE', #10260, #6098, #5741, .T. ) ;
#2799 = FACE_OUTER_BOUND ( 'NONE', #4420, .T. ) ;
#2800 = DIRECTION ( 'NONE',  ( 0.7071067811865513475, 1.691909977029939893E-16, 0.7071067811865436870 ) ) ;
#2801 = EDGE_LOOP ( 'NONE', ( #8118, #7946, #6271, #7806 ) ) ;
#2802 = CARTESIAN_POINT ( 'NONE',  ( 106.5462986797651723, 10.60000000000001030, -12.56639969244294974 ) ) ;
#2803 = DIRECTION ( 'NONE',  ( -0.7071067811865512365, -1.691909977029938907E-16, -0.7071067811865437980 ) ) ;
#2804 = AXIS2_PLACEMENT_3D ( 'NONE', #3893, #7273, #6373 ) ;
#2805 = ORIENTED_EDGE ( 'NONE', *, *, #10115, .F. ) ;
#2806 = CARTESIAN_POINT ( 'NONE',  ( 105.3871656672009891, -13.00961609880119774, -11.40726667987881271 ) ) ;
#2807 = DIRECTION ( 'NONE',  ( -0.7071067811865513475, -1.691909977029939400E-16, -0.7071067811865436870 ) ) ;
#2808 = CARTESIAN_POINT ( 'NONE',  ( 98.20243866176396352, 8.300000000000002487, -3.374011537017811868 ) ) ;
#2809 = AXIS2_PLACEMENT_3D ( 'NONE', #7529, #7310, #9874 ) ;
#2810 = ORIENTED_EDGE ( 'NONE', *, *, #7586, .T. ) ;
#2811 = LINE ( 'NONE', #6035, #228 ) ;
#2812 = CARTESIAN_POINT ( 'NONE',  ( 105.8128538457954875, -16.92215494435891898, -10.98442672104943441 ) ) ;
#2813 = DIRECTION ( 'NONE',  ( 1.000000000000000000, 9.376883653928788436E-17, 0.000000000000000000 ) ) ;
#2814 = AXIS2_PLACEMENT_3D ( 'NONE', #1755, #93, #4194 ) ;
#2815 = CARTESIAN_POINT ( 'NONE',  ( 83.54777054234273237, 51.10056633785148250, 11.28065658240356228 ) ) ;
#2816 = PLANE ( 'NONE',  #3865 ) ;
#2817 = DIRECTION ( 'NONE',  ( 1.000000000000000000, 3.526954805532193347E-15, 0.000000000000000000 ) ) ;
#2818 = CARTESIAN_POINT ( 'NONE',  ( 103.9300035893749481, 8.300000000000004263, -9.950104602052714853 ) ) ;
#2819 = CARTESIAN_POINT ( 'NONE',  ( 98.20243866176394931, 15.60000000000000320, -3.374011537017801210 ) ) ;
#2820 = ORIENTED_EDGE ( 'NONE', *, *, #10289, .F. ) ;
#2821 = CARTESIAN_POINT ( 'NONE',  ( 105.4782042298813423, -12.84440447661096307, -10.64977710513528919 ) ) ;
#2822 = VECTOR ( 'NONE', #3983, 1000.000000000000000 ) ;
#2823 = FACE_BOUND ( 'NONE', #5806, .T. ) ;
#2824 = VERTEX_POINT ( 'NONE', #2371 ) ;
#2825 = AXIS2_PLACEMENT_3D ( 'NONE', #8994, #1731, #8203 ) ;
#2826 = EDGE_CURVE ( 'NONE', #1502, #1762, #3546, .T. ) ;
#2827 = CARTESIAN_POINT ( 'NONE',  ( 102.6695925185896243, -11.86216094775716634, 0.7899556755820713594 ) ) ;
#2828 = DIRECTION ( 'NONE',  ( -0.000000000000000000, -0.000000000000000000, -1.000000000000000000 ) ) ;
#2829 = ORIENTED_EDGE ( 'NONE', *, *, #5363, .T. ) ;
#2830 = CARTESIAN_POINT ( 'NONE',  ( 105.9789689731116340, -16.70926321126091452, -11.15054184836557205 ) ) ;
#2831 = AXIS2_PLACEMENT_3D ( 'NONE', #5114, #10227, #5912 ) ;
#2832 = ORIENTED_EDGE ( 'NONE', *, *, #6970, .T. ) ;
#2833 = DIRECTION ( 'NONE',  ( 0.7071067811865507924, -6.661338147750935298E-16, 0.7071067811865442421 ) ) ;
#2834 = CIRCLE ( 'NONE', #3849, 1.299999999999990719 ) ;
#2835 = ORIENTED_EDGE ( 'NONE', *, *, #4975, .T. ) ;
#2836 = DIRECTION ( 'NONE',  ( -0.000000000000000000, 1.000000000000000000, 0.000000000000000000 ) ) ;
#2837 = ORIENTED_EDGE ( 'NONE', *, *, #7005, .T. ) ;
#2838 = AXIS2_PLACEMENT_3D ( 'NONE', #4545, #4487, #306 ) ;
#2839 = CARTESIAN_POINT ( 'NONE',  ( 100.1116269709676203, 16.05147186257617165, -6.131727983645356872 ) ) ;
#2840 = CARTESIAN_POINT ( 'NONE',  ( 102.5741036805333550, -12.99460872837455305, -8.594204693211114687 ) ) ;
#2841 = TOROIDAL_SURFACE ( 'NONE', #6902, 4.000000000000000000, 1.000000000000000000 ) ;
#2842 = CARTESIAN_POINT ( 'NONE',  ( 89.66607177871327394, 29.00000000000002132, 3.814860957620262116 ) ) ;
#2843 = CARTESIAN_POINT ( 'NONE',  ( 97.24102615457046284, -14.01500356100573264, -3.261127167248139891 ) ) ;
#2844 = VECTOR ( 'NONE', #6768, 1000.000000000000114 ) ;
#2845 = AXIS2_PLACEMENT_3D ( 'NONE', #1572, #8936, #9737 ) ;
#2846 = DIRECTION ( 'NONE',  ( 0.7071067811865512365, 1.691909977029938907E-16, 0.7071067811865437980 ) ) ;
#2847 = FACE_OUTER_BOUND ( 'NONE', #8348, .T. ) ;
#2848 = CARTESIAN_POINT ( 'NONE',  ( 99.09344834785565581, -18.12918257376988507, -5.113549360533369281 ) ) ;
#2849 = VERTEX_POINT ( 'NONE', #6486 ) ;
#2850 = FACE_OUTER_BOUND ( 'NONE', #4502, .T. ) ;
#2851 = ORIENTED_EDGE ( 'NONE', *, *, #7118, .T. ) ;
#2852 = AXIS2_PLACEMENT_3D ( 'NONE', #3373, #3422, #9248 ) ;
#2853 = DIRECTION ( 'NONE',  ( -1.196361017915052058E-16, 1.000000000000000000, -1.196361017915039239E-16 ) ) ;
#2854 = EDGE_CURVE ( 'NONE', #9501, #9999, #1725, .T. ) ;
#2855 = VECTOR ( 'NONE', #1547, 1000.000000000000114 ) ;
#2856 = CARTESIAN_POINT ( 'NONE',  ( 104.8726793473831549, -13.02812432834024570, -10.89278036006094474 ) ) ;
#2857 = CIRCLE ( 'NONE', #3718, 0.1000000000000099559 ) ;
#2858 = VERTEX_POINT ( 'NONE', #2575 ) ;
#2859 = ADVANCED_FACE ( 'NONE', ( #9689 ), #9039, .F. ) ;
#2860 = LINE ( 'NONE', #468, #2476 ) ;
#2861 = ADVANCED_FACE ( 'NONE', ( #4221 ), #7454, .F. ) ;
#2862 = EDGE_CURVE ( 'NONE', #8560, #5753, #3365, .T. ) ;
#2863 = ORIENTED_EDGE ( 'NONE', *, *, #6991, .T. ) ;
#2864 = B_SPLINE_SURFACE_WITH_KNOTS ( 'NONE', 3, 1, ( 
 ( #3026, #8591 ),
 ( #4601, #3818 ),
 ( #3131, #6256 ),
 ( #4753, #8015 ),
 ( #9499, #3978 ),
 ( #7202, #531 ),
 ( #9392, #10450 ),
 ( #3188, #2126 ) ),
 .UNSPECIFIED., .F., .F., .F.,
 ( 4, 1, 1, 1, 1, 4 ),
 ( 2, 2 ),
 ( 0.000000000000000000, 0.2774491395867408894, 0.4506184534166512989, 0.6130118063579255150, 0.7682886429493283043, 1.000000000000000000 ),
 ( 0.000000000000000000, 1.000000000000000000 ),
 .UNSPECIFIED. ) ;
#2865 = ORIENTED_EDGE ( 'NONE', *, *, #692, .F. ) ;
#2866 = CARTESIAN_POINT ( 'NONE',  ( 102.2781152033536642, -10.40250754864332983, -7.449688078607551667 ) ) ;
#2867 = CARTESIAN_POINT ( 'NONE',  ( 91.87939488346114558, 9.999999999999818812, 2.949032241285090006 ) ) ;
#2868 = CIRCLE ( 'NONE', #5560, 0.1000000000000062783 ) ;
#2869 = LINE ( 'NONE', #7802, #4368 ) ;
#2870 = ORIENTED_EDGE ( 'NONE', *, *, #8824, .T. ) ;
#2871 = CARTESIAN_POINT ( 'NONE',  ( 107.5716035124857086, -22.99999999999998579, -16.98581707485889325 ) ) ;
#2872 = PLANE ( 'NONE',  #9942 ) ;
#2873 = ORIENTED_EDGE ( 'NONE', *, *, #1614, .F. ) ;
#2874 = DIRECTION ( 'NONE',  ( 0.7071067811865445751, 0.000000000000000000, -0.7071067811865502373 ) ) ;
#2875 = LINE ( 'NONE', #2815, #7390 ) ;
#2876 = DIRECTION ( 'NONE',  ( 0.7071067811865512365, 0.000000000000000000, 0.7071067811865439090 ) ) ;
#2877 = DIRECTION ( 'NONE',  ( 0.7071067811865561215, 0.000000000000000000, -0.7071067811865388020 ) ) ;
#2878 = CARTESIAN_POINT ( 'NONE',  ( 101.9661569264804228, -14.61673633523884952, -7.986257939158171837 ) ) ;
#2879 = ORIENTED_EDGE ( 'NONE', *, *, #9142, .F. ) ;
#2880 = ORIENTED_EDGE ( 'NONE', *, *, #4907, .T. ) ;
#2881 = CARTESIAN_POINT ( 'NONE',  ( 97.16838088449638633, -16.48455183905596400, -2.339953759750212914 ) ) ;
#2882 = LINE ( 'NONE', #5204, #1402 ) ;
#2883 = ORIENTED_EDGE ( 'NONE', *, *, #1178, .F. ) ;
#2884 = CARTESIAN_POINT ( 'NONE',  ( 86.71751538079944055, -14.00000000000016520, 0.6155798633694075095 ) ) ;
#2885 = CARTESIAN_POINT ( 'NONE',  ( 91.52584149286784054, 21.49999999999898392, 0.4741585071321580136 ) ) ;
#2886 = ORIENTED_EDGE ( 'NONE', *, *, #2595, .T. ) ;
#2887 = DIRECTION ( 'NONE',  ( 0.7071067811865384689, 0.000000000000000000, -0.7071067811865565655 ) ) ;
#2888 = ORIENTED_EDGE ( 'NONE', *, *, #8175, .F. ) ;
#2889 = ORIENTED_EDGE ( 'NONE', *, *, #1698, .F. ) ;
#2890 = DIRECTION ( 'NONE',  ( 0.7071067811865512365, 1.691909977029938907E-16, 0.7071067811865437980 ) ) ;
#2891 = EDGE_CURVE ( 'NONE', #5268, #3040, #10109, .T. ) ;
#2892 = ORIENTED_EDGE ( 'NONE', *, *, #7928, .F. ) ;
#2893 = DIRECTION ( 'NONE',  ( -0.7071067811865439090, 0.000000000000000000, 0.7071067811865512365 ) ) ;
#2894 = EDGE_LOOP ( 'NONE', ( #5024, #1499, #6845, #8778 ) ) ;
#2895 = DIRECTION ( 'NONE',  ( -0.7071067811865439090, 0.000000000000000000, 0.7071067811865512365 ) ) ;
#2896 = CARTESIAN_POINT ( 'NONE',  ( 97.77817459305204295, 8.300000000000002487, -3.798275605729727111 ) ) ;
#2897 = EDGE_CURVE ( 'NONE', #10462, #7997, #2687, .T. ) ;
#2898 = DIRECTION ( 'NONE',  ( 0.7071067811865439090, -1.232595164407831220E-32, -0.7071067811865512365 ) ) ;
#2899 = ORIENTED_EDGE ( 'NONE', *, *, #4037, .F. ) ;
#2900 = CARTESIAN_POINT ( 'NONE',  ( 97.06780653899747335, -14.98029185687901332, -3.087907551675133533 ) ) ;
#2901 = DIRECTION ( 'NONE',  ( -0.7071067811865461294, 0.000000000000000000, 0.7071067811865489050 ) ) ;
#2902 = CARTESIAN_POINT ( 'NONE',  ( 64.01902132186098981, 29.00000000000001776, 3.814846501151379687 ) ) ;
#2903 = EDGE_CURVE ( 'NONE', #3937, #6544, #7820, .T. ) ;
#2904 = CARTESIAN_POINT ( 'NONE',  ( 99.29674179469897410, -18.04189124437491287, -5.316842807376674251 ) ) ;
#2905 = ORIENTED_EDGE ( 'NONE', *, *, #4624, .T. ) ;
#2906 = DIRECTION ( 'NONE',  ( -0.7071067811865474617, 0.000000000000000000, 0.7071067811865474617 ) ) ;
#2907 = ORIENTED_EDGE ( 'NONE', *, *, #381, .T. ) ;
#2908 = DIRECTION ( 'NONE',  ( 0.7071067811865436870, -1.744547176315019172E-14, -0.7071067811865514585 ) ) ;
#2909 = CARTESIAN_POINT ( 'NONE',  ( 104.5106218898364148, -13.37914367311768338, -9.682194765090363475 ) ) ;
#2910 = ORIENTED_EDGE ( 'NONE', *, *, #8113, .F. ) ;
#2911 = FACE_OUTER_BOUND ( 'NONE', #663, .T. ) ;
#2912 = ORIENTED_EDGE ( 'NONE', *, *, #9067, .T. ) ;
#2913 = VERTEX_POINT ( 'NONE', #4424 ) ;
#2914 = CARTESIAN_POINT ( 'NONE',  ( 100.6819841756671821, -10.17301288377232460, -5.853557050921038396 ) ) ;
#2915 = EDGE_CURVE ( 'NONE', #253, #10053, #8614, .T. ) ;
#2916 = CARTESIAN_POINT ( 'NONE',  ( 79.85857960328988270, 9.999999999999735323, 14.96984752145645636 ) ) ;
#2917 = CARTESIAN_POINT ( 'NONE',  ( 91.96638690793632520, -27.99999999999998224, 1.447826654436810800 ) ) ;
#2918 = EDGE_CURVE ( 'NONE', #647, #3385, #2731, .T. ) ;
#2919 = EDGE_CURVE ( 'NONE', #5620, #1971, #1044, .T. ) ;
#2920 = EDGE_CURVE ( 'NONE', #8589, #10353, #1840, .T. ) ;
#2921 = ORIENTED_EDGE ( 'NONE', *, *, #3685, .T. ) ;
#2922 = CARTESIAN_POINT ( 'NONE',  ( 103.9503810076744656, -18.59111928802864711, -9.121953882928385937 ) ) ;
#2923 = DIRECTION ( 'NONE',  ( -1.000000000000000000, -7.479444501871685193E-15, 0.000000000000000000 ) ) ;
#2924 = AXIS2_PLACEMENT_3D ( 'NONE', #6915, #10175, #7560 ) ;
#2925 = EDGE_LOOP ( 'NONE', ( #8950, #2061, #1292, #9615, #7192, #7718, #9651, #10129 ) ) ;
#2926 = CARTESIAN_POINT ( 'NONE',  ( 132.7193000900063851, 13.00000000000001954, 6.535533905932513044 ) ) ;
#2927 = CARTESIAN_POINT ( 'NONE',  ( 102.3906661202183130, -18.19084692207944443, -7.562238995472208458 ) ) ;
#2928 = CARTESIAN_POINT ( 'NONE',  ( 43.66654762208474949, -1.332267629550187060E-16, 43.66654762208444396 ) ) ;
#2929 = DIRECTION ( 'NONE',  ( 0.000000000000000000, 0.5129645239689930580, 0.8584098072303602001 ) ) ;
#2930 = DIRECTION ( 'NONE',  ( 0.7071067811865513475, 1.691909977029939893E-16, 0.7071067811865436870 ) ) ;
#2931 = AXIS2_PLACEMENT_3D ( 'NONE', #2567, #1823, #3366 ) ;
#2932 = ADVANCED_FACE ( 'NONE', ( #227 ), #344, .F. ) ;
#2933 = CARTESIAN_POINT ( 'NONE',  ( 99.89949493661166002, 15.45147186257616845, -5.919595949289384151 ) ) ;
#2934 = ORIENTED_EDGE ( 'NONE', *, *, #5567, .T. ) ;
#2935 = LINE ( 'NONE', #9404, #4946 ) ;
#2936 = CARTESIAN_POINT ( 'NONE',  ( 92.29073723926275363, -28.92253597173220570, 2.537689885481065222 ) ) ;
#2937 = ORIENTED_EDGE ( 'NONE', *, *, #6668, .T. ) ;
#2938 = DIRECTION ( 'NONE',  ( -0.7071067811865439090, 0.000000000000000000, 0.7071067811865512365 ) ) ;
#2939 = VECTOR ( 'NONE', #9692, 1000.000000000000000 ) ;
#2940 = VERTEX_POINT ( 'NONE', #5263 ) ;
#2941 = CARTESIAN_POINT ( 'NONE',  ( 97.35391052434009396, 8.200000000000002842, -3.374011537017794993 ) ) ;
#2942 = ORIENTED_EDGE ( 'NONE', *, *, #8874, .F. ) ;
#2943 = CARTESIAN_POINT ( 'NONE',  ( 103.9300035893749055, 23.00000000000001421, -19.42533546995247562 ) ) ;
#2944 = CARTESIAN_POINT ( 'NONE',  ( 102.0847394101408980, -6.275668979547279314, -8.104840422818522683 ) ) ;
#2945 = AXIS2_PLACEMENT_3D ( 'NONE', #1503, #756, #8821 ) ;
#2946 = CARTESIAN_POINT ( 'NONE',  ( 90.00000000000001421, 29.17706118375906854, -46.55984178742703961 ) ) ;
#2947 = LINE ( 'NONE', #6966, #284 ) ;
#2948 = CARTESIAN_POINT ( 'NONE',  ( 102.2241501882607793, -11.24750411939341177, -7.395723063514719975 ) ) ;
#2949 = DIRECTION ( 'NONE',  ( -3.180912824103496792E-15, 1.000000000000000000, 2.941640620520519709E-15 ) ) ;
#2950 = AXIS2_PLACEMENT_3D ( 'NONE', #2024, #4351, #480 ) ;
#2951 = DIRECTION ( 'NONE',  ( 0.7071067811865437980, -7.489216219357306078E-15, -0.7071067811865513475 ) ) ;
#2952 = CARTESIAN_POINT ( 'NONE',  ( 56.47989838624843628, 27.52533286008550206, 1.999999999999996669 ) ) ;
#2953 = DIRECTION ( 'NONE',  ( 0.000000000000000000, 0.000000000000000000, 1.000000000000000000 ) ) ;
#2954 = EDGE_LOOP ( 'NONE', ( #2056, #5670, #9332, #7286, #10024, #997 ) ) ;
#2955 = ORIENTED_EDGE ( 'NONE', *, *, #6083, .F. ) ;
#2956 = LINE ( 'NONE', #10232, #367 ) ;
#2957 = CARTESIAN_POINT ( 'NONE',  ( 59.33095244168773519, -30.99999999999997868, 2.000000000000003109 ) ) ;
#2958 = VERTEX_POINT ( 'NONE', #1837 ) ;
#2959 =( GEOMETRIC_REPRESENTATION_CONTEXT ( 3 ) GLOBAL_UNCERTAINTY_ASSIGNED_CONTEXT ( ( #6301 ) ) GLOBAL_UNIT_ASSIGNED_CONTEXT ( ( #9059, #5013, #7471 ) ) REPRESENTATION_CONTEXT ( 'NONE', 'WORKASPACE' ) );
#2960 = EDGE_CURVE ( 'NONE', #515, #4817, #9124, .T. ) ;
#2961 = EDGE_CURVE ( 'NONE', #1371, #4073, #1253, .T. ) ;
#2962 = CARTESIAN_POINT ( 'NONE',  ( 87.85000000000002274, 30.53337520964456786, -95.00000000000000000 ) ) ;
#2963 = ORIENTED_EDGE ( 'NONE', *, *, #8555, .F. ) ;
#2964 = ORIENTED_EDGE ( 'NONE', *, *, #10515, .F. ) ;
#2965 = CARTESIAN_POINT ( 'NONE',  ( 102.0511994534793558, -14.70145315988269630, -8.071300466157088849 ) ) ;
#2966 = PLANE ( 'NONE',  #5166 ) ;
#2967 = CARTESIAN_POINT ( 'NONE',  ( 101.4894444302728118, 18.00000000000001421, -6.661017305526702792 ) ) ;
#2968 = CARTESIAN_POINT ( 'NONE',  ( 102.7139629096990916, -16.94059784720014505, -7.885535784953004779 ) ) ;
#2969 = ORIENTED_EDGE ( 'NONE', *, *, #655, .T. ) ;
#2970 = VECTOR ( 'NONE', #2132, 1000.000000000000000 ) ;
#2971 = DIRECTION ( 'NONE',  ( -0.7071067811865520136, 8.881784197001254296E-16, -0.7071067811865431318 ) ) ;
#2972 = DIRECTION ( 'NONE',  ( -0.4999999999999996114, -0.7071067811865442421, 0.5000000000000051070 ) ) ;
#2973 = FACE_OUTER_BOUND ( 'NONE', #22, .T. ) ;
#2974 = CARTESIAN_POINT ( 'NONE',  ( 106.1220346110532375, 10.00000000000001421, -12.14213562373103095 ) ) ;
#2975 = FACE_OUTER_BOUND ( 'NONE', #2651, .T. ) ;
#2976 = DIRECTION ( 'NONE',  ( 0.4564180996384729627, 0.7637833702332129659, -0.4564180996384780697 ) ) ;
#2977 = CARTESIAN_POINT ( 'NONE',  ( 89.15000000000001990, 33.58337520964456502, 0.000000000000000000 ) ) ;
#2978 =( NAMED_UNIT ( * ) PLANE_ANGLE_UNIT ( ) SI_UNIT ( $, .RADIAN. ) );
#2979 = VECTOR ( 'NONE', #34, 1000.000000000000000 ) ;
#2980 = DIRECTION ( 'NONE',  ( 0.7071067811865692221, 0.000000000000000000, -0.7071067811865259234 ) ) ;
#2981 = ORIENTED_EDGE ( 'NONE', *, *, #4462, .F. ) ;
#2982 = EDGE_CURVE ( 'NONE', #3633, #277, #2857, .T. ) ;
#2983 = DIRECTION ( 'NONE',  ( 0.7071067811865435759, -4.851374680098142706E-16, -0.7071067811865513475 ) ) ;
#2984 = CARTESIAN_POINT ( 'NONE',  ( 90.96324347825917300, -28.88563264361266647, 3.865183646484511737 ) ) ;
#2985 = AXIS2_PLACEMENT_3D ( 'NONE', #8442, #366, #1182 ) ;
#2986 = ORIENTED_EDGE ( 'NONE', *, *, #7119, .F. ) ;
#2987 = DIRECTION ( 'NONE',  ( -0.000000000000000000, -0.000000000000000000, 1.000000000000000000 ) ) ;
#2988 = EDGE_CURVE ( 'NONE', #5740, #9600, #8358, .T. ) ;
#2989 = EDGE_CURVE ( 'NONE', #3662, #6264, #6697, .T. ) ;
#2990 = EDGE_CURVE ( 'NONE', #1513, #920, #1357, .T. ) ;
#2991 = ORIENTED_EDGE ( 'NONE', *, *, #8918, .T. ) ;
#2992 = FACE_OUTER_BOUND ( 'NONE', #2925, .T. ) ;
#2993 = VERTEX_POINT ( 'NONE', #10363 ) ;
#2994 = CARTESIAN_POINT ( 'NONE',  ( 100.5091694411710534, -14.69140301790533520, -6.529270453848774913 ) ) ;
#2995 = VECTOR ( 'NONE', #2632, 1000.000000000000000 ) ;
#2996 = DIRECTION ( 'NONE',  ( 0.000000000000000000, 0.000000000000000000, 1.000000000000000000 ) ) ;
#2997 = CARTESIAN_POINT ( 'NONE',  ( 99.69962553755325985, -13.49216445527318164, -4.871198412807239642 ) ) ;
#2998 = FACE_OUTER_BOUND ( 'NONE', #4792, .T. ) ;
#2999 = AXIS2_PLACEMENT_3D ( 'NONE', #8808, #4644, #2226 ) ;
#3000 = AXIS2_PLACEMENT_3D ( 'NONE', #7674, #398, #3852 ) ;
#3001 = CARTESIAN_POINT ( 'NONE',  ( 90.61798968329236459, 29.03849060947433713, 3.072334403572530626 ) ) ;
#3002 = CIRCLE ( 'NONE', #10463, 0.1000000000000044326 ) ;
#3003 = CARTESIAN_POINT ( 'NONE',  ( 97.67076089393573568, -17.19412189611428943, -3.690861906613381649 ) ) ;
#3004 = DIRECTION ( 'NONE',  ( 0.7071067811865513475, 1.691909977029939893E-16, 0.7071067811865437980 ) ) ;
#3005 = CARTESIAN_POINT ( 'NONE',  ( 62.89677143864804520, 29.19289801129264106, 1.999999999999998224 ) ) ;
#3006 = LINE ( 'NONE', #10375, #7569 ) ;
#3007 = ORIENTED_EDGE ( 'NONE', *, *, #3525, .T. ) ;
#3008 = CARTESIAN_POINT ( 'NONE',  ( 97.44720172272332093, -15.11136301436272156, -2.618774597977186147 ) ) ;
#3009 = VERTEX_POINT ( 'NONE', #4525 ) ;
#3010 = CARTESIAN_POINT ( 'NONE',  ( 90.58578643762690774, -23.99999999999998579, -53.98275605729661919 ) ) ;
#3011 = AXIS2_PLACEMENT_3D ( 'NONE', #5610, #3029, #9608 ) ;
#3012 = CARTESIAN_POINT ( 'NONE',  ( 105.8963361818992865, -15.48077086870394048, -11.06790905715324769 ) ) ;
#3013 = VECTOR ( 'NONE', #9556, 1000.000000000000000 ) ;
#3014 = ORIENTED_EDGE ( 'NONE', *, *, #5039, .F. ) ;
#3015 = AXIS2_PLACEMENT_3D ( 'NONE', #3331, #2639, #6500 ) ;
#3016 = CARTESIAN_POINT ( 'NONE',  ( 97.84888527117068691, 8.300000000000002487, -3.868986283848379948 ) ) ;
#3017 = VERTEX_POINT ( 'NONE', #10217 ) ;
#3018 = ORIENTED_EDGE ( 'NONE', *, *, #6285, .F. ) ;
#3019 = VECTOR ( 'NONE', #10348, 1000.000000000000000 ) ;
#3020 = CARTESIAN_POINT ( 'NONE',  ( 102.2852616272000148, -15.17737713939314403, -8.305362639877840181 ) ) ;
#3021 = CARTESIAN_POINT ( 'NONE',  ( 101.7112819791297369, -5.806184949683045105, -6.882854854383605669 ) ) ;
#3022 = TOROIDAL_SURFACE ( 'NONE', #636, 4.000000000000000000, 1.000000000000000000 ) ;
#3023 = EDGE_CURVE ( 'NONE', #5684, #2543, #9363, .T. ) ;
#3024 = CIRCLE ( 'NONE', #7767, 1.949958776210932276 ) ;
#3025 = VERTEX_POINT ( 'NONE', #2201 ) ;
#3026 = CARTESIAN_POINT ( 'NONE',  ( 96.74411681578446576, -16.48455183905596400, -2.764217828462135707 ) ) ;
#3027 = CARTESIAN_POINT ( 'NONE',  ( 104.0007142674936205, 8.200000000000004619, -10.02081528017136769 ) ) ;
#3028 = AXIS2_PLACEMENT_3D ( 'NONE', #10264, #2249, #6324 ) ;
#3029 = DIRECTION ( 'NONE',  ( -0.7071067811865512365, -1.691909977029938907E-16, -0.7071067811865437980 ) ) ;
#3030 = CYLINDRICAL_SURFACE ( 'NONE', #2168, 0.9999999999999964473 ) ;
#3031 = CARTESIAN_POINT ( 'NONE',  ( 101.6195439455792666, -12.99999999999998579, -6.791116820833130063 ) ) ;
#3032 = CIRCLE ( 'NONE', #8455, 8.000000000000007105 ) ;
#3033 = CARTESIAN_POINT ( 'NONE',  ( 104.1389303326969440, -18.37823203490775725, -10.15903134537465036 ) ) ;
#3034 = LINE ( 'NONE', #9506, #4698 ) ;
#3035 = ORIENTED_EDGE ( 'NONE', *, *, #1752, .T. ) ;
#3036 = B_SPLINE_SURFACE_WITH_KNOTS ( 'NONE', 3, 1, ( 
 ( #2487, #5070 ),
 ( #4035, #796 ),
 ( #7259, #3231 ),
 ( #5710, #8963 ),
 ( #2548, #9011 ),
 ( #6133, #3500 ),
 ( #7577, #312 ),
 ( #10137, #6720 ),
 ( #2750, #1950 ),
 ( #3660, #1113 ),
 ( #9222, #8479 ),
 ( #8428, #4396 ),
 ( #5234, #6775 ),
 ( #9976, #3721 ),
 ( #8378, #5179 ),
 ( #4286, #6023 ),
 ( #2699, #8329 ),
 ( #3561, #9330 ),
 ( #4441, #9275 ) ),
 .UNSPECIFIED., .F., .F., .F.,
 ( 4, 1, 1, 1, 1, 1, 1, 1, 1, 1, 1, 1, 1, 1, 1, 1, 4 ),
 ( 2, 2 ),
 ( 0.000000000000000000, 0.2180541417732434484, 0.2999628892377028122, 0.3648314919390348576, 0.4414267484011876741, 0.5156068335871724084, 0.5854519617438076473, 0.6405953540161041238, 0.6746675882977185568, 0.7028946829791279383, 0.7226819820522718540, 0.7334131516685706842, 0.7550775617706313447, 0.7903349572944573520, 0.8433371530686085693, 0.8952236381008675803, 1.000000000000000000 ),
 ( 0.000000000000000000, 1.000000000000000000 ),
 .UNSPECIFIED. ) ;
#3037 = FACE_OUTER_BOUND ( 'NONE', #5462, .T. ) ;
#3038 = DIRECTION ( 'NONE',  ( -0.7071067811865513475, 0.000000000000000000, -0.7071067811865436870 ) ) ;
#3039 = FACE_OUTER_BOUND ( 'NONE', #377, .T. ) ;
#3040 = VERTEX_POINT ( 'NONE', #3795 ) ;
#3041 = CARTESIAN_POINT ( 'NONE',  ( 96.98701425385263519, -16.01393618834264032, -2.158587129106464886 ) ) ;
#3042 = EDGE_CURVE ( 'NONE', #1908, #281, #4574, .T. ) ;
#3043 = DIRECTION ( 'NONE',  ( -1.000000000000000000, -0.000000000000000000, -0.000000000000000000 ) ) ;
#3044 = EDGE_CURVE ( 'NONE', #4919, #2273, #10322, .T. ) ;
#3045 = ORIENTED_EDGE ( 'NONE', *, *, #4021, .F. ) ;
#3046 = DIRECTION ( 'NONE',  ( -0.7071067811865513475, -1.691909977029939647E-16, -0.7071067811865437980 ) ) ;
#3047 = ORIENTED_EDGE ( 'NONE', *, *, #9958, .T. ) ;
#3048 = ADVANCED_FACE ( 'NONE', ( #4619 ), #5416, .T. ) ;
#3049 = ADVANCED_FACE ( 'NONE', ( #7874 ), #8561, .F. ) ;
#3050 = EDGE_CURVE ( 'NONE', #304, #7090, #3840, .T. ) ;
#3051 = CARTESIAN_POINT ( 'NONE',  ( 90.00000000000000000, 24.00000000000001776, -54.56854249492351272 ) ) ;
#3052 = CYLINDRICAL_SURFACE ( 'NONE', #5319, 2.499999999999988454 ) ;
#3053 = CARTESIAN_POINT ( 'NONE',  ( 106.9705627484770929, 10.60000000000001030, -12.14213562373103805 ) ) ;
#3054 = CARTESIAN_POINT ( 'NONE',  ( 99.27296638961132658, -18.02800937569565676, -5.293067402289083567 ) ) ;
#3055 = LINE ( 'NONE', #6280, #626 ) ;
#3056 = CARTESIAN_POINT ( 'NONE',  ( 56.30928850833812760, 25.53282984317196735, 2.000000000001262990 ) ) ;
#3057 = DIRECTION ( 'NONE',  ( 1.196361017915052305E-16, -1.000000000000000000, 1.196361017915039732E-16 ) ) ;
#3058 = ORIENTED_EDGE ( 'NONE', *, *, #1699, .F. ) ;
#3059 =( LENGTH_UNIT ( ) NAMED_UNIT ( * ) SI_UNIT ( .MILLI., .METRE. ) );
#3060 = ORIENTED_EDGE ( 'NONE', *, *, #10064, .F. ) ;
#3061 = CARTESIAN_POINT ( 'NONE',  ( 104.0007142674936063, 9.664066052554728614, -10.02081528017137479 ) ) ;
#3062 = EDGE_CURVE ( 'NONE', #7708, #6544, #1404, .T. ) ;
#3063 = DIRECTION ( 'NONE',  ( -0.7071067811865513475, 0.000000000000000000, -0.7071067811865436870 ) ) ;
#3064 = EDGE_LOOP ( 'NONE', ( #7881, #9358, #6858, #8372 ) ) ;
#3065 = DIRECTION ( 'NONE',  ( -0.7071067811865513475, -1.691909977029939647E-16, -0.7071067811865437980 ) ) ;
#3066 = ORIENTED_EDGE ( 'NONE', *, *, #3838, .T. ) ;
#3067 = ORIENTED_EDGE ( 'NONE', *, *, #7255, .T. ) ;
#3068 = CARTESIAN_POINT ( 'NONE',  ( 89.15000000000001990, 33.58337520964456502, 0.000000000000000000 ) ) ;
#3069 = CARTESIAN_POINT ( 'NONE',  ( 99.49336167961112665, -7.132193610202082645, -5.513462692288834788 ) ) ;
#3070 = CARTESIAN_POINT ( 'NONE',  ( 106.5462986797651723, 17.40000000000001634, -11.71787155501910149 ) ) ;
#3071 = DIRECTION ( 'NONE',  ( 0.7071067811865513475, 1.691909977029939893E-16, 0.7071067811865436870 ) ) ;
#3072 = ORIENTED_EDGE ( 'NONE', *, *, #8174, .T. ) ;
#3073 = SURFACE_SIDE_STYLE ('',( #7854 ) ) ;
#3074 = LINE ( 'NONE', #634, #4504 ) ;
#3075 = ORIENTED_EDGE ( 'NONE', *, *, #2597, .T. ) ;
#3076 = CARTESIAN_POINT ( 'NONE',  ( 101.0651803615608912, 17.40000000000001279, -7.085281374238633134 ) ) ;
#3077 = CARTESIAN_POINT ( 'NONE',  ( 78.37365536279824596, -18.50000000000102318, 10.65649615621840063 ) ) ;
#3078 = CARTESIAN_POINT ( 'NONE',  ( 99.13158871091418689, 15.00000000000000000, -5.151689723591888814 ) ) ;
#3079 = CARTESIAN_POINT ( 'NONE',  ( 105.3620806267862378, -17.11108434520114230, -11.38218163946385708 ) ) ;
#3080 = VERTEX_POINT ( 'NONE', #1302 ) ;
#3081 = CARTESIAN_POINT ( 'NONE',  ( 112.7025460150378251, 19.40000000000001279, 0.2366513859831682054 ) ) ;
#3082 = EDGE_CURVE ( 'NONE', #8028, #4126, #8451, .T. ) ;
#3083 = ORIENTED_EDGE ( 'NONE', *, *, #6607, .T. ) ;
#3084 = VECTOR ( 'NONE', #6597, 1000.000000000000000 ) ;
#3085 = PLANE ( 'NONE',  #8870 ) ;
#3086 = CYLINDRICAL_SURFACE ( 'NONE', #6849, 0.5999999999999938716 ) ;
#3087 = EDGE_CURVE ( 'NONE', #1971, #5508, #3897, .T. ) ;
#3088 = ORIENTED_EDGE ( 'NONE', *, *, #759, .F. ) ;
#3089 = DIRECTION ( 'NONE',  ( 0.7071067811865513475, 1.691909977029937675E-16, 0.7071067811865436870 ) ) ;
#3090 = VERTEX_POINT ( 'NONE', #6222 ) ;
#3091 = CARTESIAN_POINT ( 'NONE',  ( 101.1894444302728147, 17.82426406871194757, -6.361017305526708299 ) ) ;
#3092 = CYLINDRICAL_SURFACE ( 'NONE', #1470, 0.2999999999999869438 ) ;
#3093 = AXIS2_PLACEMENT_3D ( 'NONE', #4463, #9139, #1874 ) ;
#3094 = ORIENTED_EDGE ( 'NONE', *, *, #7435, .F. ) ;
#3095 = VERTEX_POINT ( 'NONE', #4672 ) ;
#3096 = DIRECTION ( 'NONE',  ( 0.000000000000000000, -1.000000000000000000, 0.000000000000000000 ) ) ;
#3097 = CARTESIAN_POINT ( 'NONE',  ( 90.00000000000765965, 27.53388954532220367, -52.67060666532184854 ) ) ;
#3098 = DIRECTION ( 'NONE',  ( 1.000000000000000000, 0.000000000000000000, -0.000000000000000000 ) ) ;
#3099 = CIRCLE ( 'NONE', #3951, 2.000000000000001776 ) ;
#3100 = EDGE_CURVE ( 'NONE', #2849, #4637, #131, .T. ) ;
#3101 = CARTESIAN_POINT ( 'NONE',  ( 92.67349368912289265, 28.00000000000002132, 2.154933435623307414 ) ) ;
#3102 = ORIENTED_EDGE ( 'NONE', *, *, #3637, .F. ) ;
#3103 = DIRECTION ( 'NONE',  ( -0.5764689886713838529, -0.5791088068751641948, 0.5764689886713904032 ) ) ;
#3104 = PRODUCT_RELATED_PRODUCT_CATEGORY ( 'part', '', ( #7688 ) ) ;
#3105 = CARTESIAN_POINT ( 'NONE',  ( 47.41421356237359674, 1.134490336022446682E-14, 47.41421356237309936 ) ) ;
#3106 = ADVANCED_FACE ( 'NONE', ( #2147 ), #6272, .T. ) ;
#3107 = CARTESIAN_POINT ( 'NONE',  ( 58.34454415329739163, 27.07273360092422365, 2.869100306399806399 ) ) ;
#3108 = LINE ( 'NONE', #10427, #1639 ) ;
#3109 = ORIENTED_EDGE ( 'NONE', *, *, #1192, .F. ) ;
#3110 = CARTESIAN_POINT ( 'NONE',  ( 99.25499163161090621, -18.14831470448512007, -4.426564506864794524 ) ) ;
#3111 = VECTOR ( 'NONE', #7608, 1000.000000000000114 ) ;
#3112 = ORIENTED_EDGE ( 'NONE', *, *, #8441, .T. ) ;
#3113 = DIRECTION ( 'NONE',  ( 1.000000000000000000, 0.000000000000000000, 0.000000000000000000 ) ) ;
#3114 = DIRECTION ( 'NONE',  ( -0.7071067811865426878, 0.000000000000000000, 0.7071067811865524577 ) ) ;
#3115 = ORIENTED_EDGE ( 'NONE', *, *, #9463, .F. ) ;
#3116 = EDGE_CURVE ( 'NONE', #2109, #920, #8713, .T. ) ;
#3117 = PLANE ( 'NONE',  #3514 ) ;
#3118 = CYLINDRICAL_SURFACE ( 'NONE', #10280, 0.6000000000000057510 ) ;
#3119 = VECTOR ( 'NONE', #6196, 1000.000000000000000 ) ;
#3120 = B_SPLINE_SURFACE_WITH_KNOTS ( 'NONE', 3, 1, ( 
 ( #121, #4067 ),
 ( #4110, #3379 ),
 ( #6440, #64 ),
 ( #5641, #5685 ),
 ( #7285, #6537 ),
 ( #2527, #10490 ),
 ( #3215, #7238 ),
 ( #1575, #3262 ) ),
 .UNSPECIFIED., .F., .F., .F.,
 ( 4, 1, 1, 1, 1, 4 ),
 ( 2, 2 ),
 ( 0.000000000000000000, 0.3229897812743756091, 0.4792975582790477418, 0.6505341425111021980, 0.8217426296412351228, 1.000000000000000000 ),
 ( 0.000000000000000000, 1.000000000000000000 ),
 .UNSPECIFIED. ) ;
#3121 = ADVANCED_FACE ( 'NONE', ( #1514 ), #7984, .F. ) ;
#3122 = EDGE_LOOP ( 'NONE', ( #2236, #9738, #10187, #8060 ) ) ;
#3123 = ADVANCED_FACE ( 'NONE', ( #3750 ), #6116, .T. ) ;
#3124 = EDGE_CURVE ( 'NONE', #4360, #8610, #4383, .T. ) ;
#3125 = CARTESIAN_POINT ( 'NONE',  ( 105.2320641397826364, -12.80427915708982844, -11.25216515246043514 ) ) ;
#3126 = CARTESIAN_POINT ( 'NONE',  ( 101.2870179104178021, -5.806184949683045105, -7.307118923095532459 ) ) ;
#3127 = CARTESIAN_POINT ( 'NONE',  ( 102.6774278794842417, -18.39387274456696986, -7.849000754738141516 ) ) ;
#3128 =( GEOMETRIC_REPRESENTATION_CONTEXT ( 3 ) GLOBAL_UNCERTAINTY_ASSIGNED_CONTEXT ( ( #4763 ) ) GLOBAL_UNIT_ASSIGNED_CONTEXT ( ( #9271, #1167, #10268 ) ) REPRESENTATION_CONTEXT ( 'NONE', 'WORKASPACE' ) );
#3129 = ORIENTED_EDGE ( 'NONE', *, *, #9975, .T. ) ;
#3130 = UNCERTAINTY_MEASURE_WITH_UNIT (LENGTH_MEASURE( 1.000000000000000082E-05 ), #9230, 'distance_accuracy_value', 'NONE');
#3131 = CARTESIAN_POINT ( 'NONE',  ( 96.38376197551745861, -15.16820293461260150, -2.403862988195147210 ) ) ;
#3132 = CARTESIAN_POINT ( 'NONE',  ( 104.4127144312575126, -11.53539626432507070, -9.584287306511424021 ) ) ;
#3133 = ORIENTED_EDGE ( 'NONE', *, *, #2982, .F. ) ;
#3134 = DIRECTION ( 'NONE',  ( 0.7071067811865388020, 0.000000000000000000, -0.7071067811865561215 ) ) ;
#3135 = ADVANCED_FACE ( 'NONE', ( #5581 ), #104, .F. ) ;
#3136 = AXIS2_PLACEMENT_3D ( 'NONE', #702, #5618, #5510 ) ;
#3137 = DIRECTION ( 'NONE',  ( -0.7071067811865437980, 0.000000000000000000, 0.7071067811865512365 ) ) ;
#3138 = CARTESIAN_POINT ( 'NONE',  ( 116.8700576850886961, -26.99999999999998224, -24.87005768508893055 ) ) ;
#3139 = DIRECTION ( 'NONE',  ( 1.000000000000000000, 0.000000000000000000, 0.000000000000000000 ) ) ;
#3140 = VERTEX_POINT ( 'NONE', #9724 ) ;
#3141 = CARTESIAN_POINT ( 'NONE',  ( 97.12665197497688041, -12.74734812099879910, -3.146752987654592548 ) ) ;
#3142 = ORIENTED_EDGE ( 'NONE', *, *, #711, .F. ) ;
#3143 = CARTESIAN_POINT ( 'NONE',  ( 104.8628437835990894, -9.230980157769057115, -10.03441665885299727 ) ) ;
#3144 = CARTESIAN_POINT ( 'NONE',  ( 106.9705627484771355, 3.000000000000014211, -16.38477631085032371 ) ) ;
#3145 = ORIENTED_EDGE ( 'NONE', *, *, #5558, .T. ) ;
#3146 = DIRECTION ( 'NONE',  ( 0.7071067811865522357, 6.106226635438359986E-16, 0.7071067811865427988 ) ) ;
#3147 = VECTOR ( 'NONE', #2076, 1000.000000000000000 ) ;
#3148 = ORIENTED_EDGE ( 'NONE', *, *, #5926, .T. ) ;
#3149 = CARTESIAN_POINT ( 'NONE',  ( 96.38376197551745861, -15.16820293461260150, -2.403862988195150319 ) ) ;
#3150 = CARTESIAN_POINT ( 'NONE',  ( 107.6776695296636177, 23.00000000000001421, -15.67766952966379357 ) ) ;
#3151 = CARTESIAN_POINT ( 'NONE',  ( 103.4238634264962684, -6.632082894133788820, -8.595436301750204677 ) ) ;
#3152 = ORIENTED_EDGE ( 'NONE', *, *, #9144, .T. ) ;
#3153 = ORIENTED_EDGE ( 'NONE', *, *, #458, .F. ) ;
#3154 = LINE ( 'NONE', #3205, #1007 ) ;
#3155 = EDGE_CURVE ( 'NONE', #8007, #429, #6585, .T. ) ;
#3156 = VECTOR ( 'NONE', #7426, 1000.000000000000000 ) ;
#3157 = CARTESIAN_POINT ( 'NONE',  ( 91.28777520801077117, 28.36893194222972525, -49.77082343502735995 ) ) ;
#3158 = CARTESIAN_POINT ( 'NONE',  ( 91.25364598340037503, -29.03139745621530210, 2.407505087622265449 ) ) ;
#3159 = DIRECTION ( 'NONE',  ( 0.7071067811865440200, 1.971276677246372752E-16, -0.7071067811865511255 ) ) ;
#3160 = ORIENTED_EDGE ( 'NONE', *, *, #3776, .F. ) ;
#3161 = CARTESIAN_POINT ( 'NONE',  ( 99.34744853708335199, -17.83633204069995770, -5.367549549761080563 ) ) ;
#3162 = PLANE ( 'NONE',  #2172 ) ;
#3163 = VECTOR ( 'NONE', #2972, 1000.000000000000114 ) ;
#3164 = DIRECTION ( 'NONE',  ( -0.7071067811865513475, -1.691909977029939400E-16, -0.7071067811865436870 ) ) ;
#3165 = VERTEX_POINT ( 'NONE', #4056 ) ;
#3166 = CARTESIAN_POINT ( 'NONE',  ( 97.16838088449631528, -16.48455183905596400, -2.339953759750274198 ) ) ;
#3167 = VERTEX_POINT ( 'NONE', #5672 ) ;
#3168 = FACE_BOUND ( 'NONE', #4801, .T. ) ;
#3169 = VECTOR ( 'NONE', #6177, 1000.000000000000114 ) ;
#3170 = CIRCLE ( 'NONE', #7050, 0.1499999999999915012 ) ;
#3171 = CARTESIAN_POINT ( 'NONE',  ( 91.83420519968801443, -28.04526312344623662, 2.994221925058198952 ) ) ;
#3172 = ORIENTED_EDGE ( 'NONE', *, *, #5565, .F. ) ;
#3173 = CIRCLE ( 'NONE', #2484, 0.3000000000000237477 ) ;
#3174 = CARTESIAN_POINT ( 'NONE',  ( 101.7998861195488729, -11.24750411939341177, -7.819987132226615678 ) ) ;
#3175 = CARTESIAN_POINT ( 'NONE',  ( 97.63098721654996837, -11.34900446756577352, -3.651088229227668513 ) ) ;
#3176 = ORIENTED_EDGE ( 'NONE', *, *, #2140, .T. ) ;
#3177 = ORIENTED_EDGE ( 'NONE', *, *, #5810, .F. ) ;
#3178 = CARTESIAN_POINT ( 'NONE',  ( 105.6574844894471852, -14.24513280046424413, -11.67758550212496971 ) ) ;
#3179 = CARTESIAN_POINT ( 'NONE',  ( 102.2781152033536358, -10.40250754864332983, -7.449688078607575648 ) ) ;
#3180 = EDGE_CURVE ( 'NONE', #7314, #4730, #2452, .T. ) ;
#3181 = VECTOR ( 'NONE', #3474, 1000.000000000000114 ) ;
#3182 = VECTOR ( 'NONE', #8814, 999.9999999999998863 ) ;
#3183 = DIRECTION ( 'NONE',  ( 0.7071067811865513475, 1.691909977029939893E-16, 0.7071067811865436870 ) ) ;
#3184 = ORIENTED_EDGE ( 'NONE', *, *, #7099, .F. ) ;
#3185 = ADVANCED_FACE ( 'NONE', ( #7276 ), #6378, .F. ) ;
#3186 = AXIS2_PLACEMENT_3D ( 'NONE', #2552, #5814, #9064 ) ;
#3187 = EDGE_CURVE ( 'NONE', #2993, #5927, #4099, .T. ) ;
#3188 = CARTESIAN_POINT ( 'NONE',  ( 97.63098721654996837, -11.34900446756577352, -3.651088229227665405 ) ) ;
#3189 = CARTESIAN_POINT ( 'NONE',  ( 83.42350647363113580, 51.52483040656326807, 10.55639251369130172 ) ) ;
#3190 = ORIENTED_EDGE ( 'NONE', *, *, #8539, .F. ) ;
#3191 = DIRECTION ( 'NONE',  ( -0.7071067811865512365, -1.691909977029938907E-16, -0.7071067811865439090 ) ) ;
#3192 = DIRECTION ( 'NONE',  ( -0.7071067811865513475, -1.691909977029939647E-16, -0.7071067811865437980 ) ) ;
#3193 = DIRECTION ( 'NONE',  ( -0.7071067811865513475, -1.691909977029939893E-16, -0.7071067811865436870 ) ) ;
#3194 = CARTESIAN_POINT ( 'NONE',  ( 46.00000000000058975, -20.50000000000127898, 45.99999999999992895 ) ) ;
#3195 = ORIENTED_EDGE ( 'NONE', *, *, #6965, .T. ) ;
#3196 = CARTESIAN_POINT ( 'NONE',  ( 93.08147641147826334, 15.49999999999898748, -1.081476411478264010 ) ) ;
#3197 = AXIS2_PLACEMENT_3D ( 'NONE', #9098, #5054, #1147 ) ;
#3198 = CARTESIAN_POINT ( 'NONE',  ( 87.85000000000002274, -30.53337520964456431, -162.2337144733732259 ) ) ;
#3199 = ORIENTED_EDGE ( 'NONE', *, *, #7423, .F. ) ;
#3200 = CARTESIAN_POINT ( 'NONE',  ( 105.4782042298812570, -12.84440447661096307, -10.64977710513536557 ) ) ;
#3201 = EDGE_LOOP ( 'NONE', ( #7616, #7736, #8176, #7570 ) ) ;
#3202 = DIRECTION ( 'NONE',  ( 0.7071067811865513475, 0.000000000000000000, 0.7071067811865436870 ) ) ;
#3203 = ORIENTED_EDGE ( 'NONE', *, *, #6343, .F. ) ;
#3204 = ORIENTED_EDGE ( 'NONE', *, *, #9007, .F. ) ;
#3205 = CARTESIAN_POINT ( 'NONE',  ( 89.15000000000000568, -30.53337520964456431, -95.00000000000000000 ) ) ;
#3206 = CARTESIAN_POINT ( 'NONE',  ( 90.00000000001908518, 24.76309943649523504, -54.56854249492032949 ) ) ;
#3207 = CARTESIAN_POINT ( 'NONE',  ( 79.85857960328989691, 9.999999999999735323, 14.96984752145645281 ) ) ;
#3208 = DIRECTION ( 'NONE',  ( 0.7071067811865692221, 0.000000000000000000, -0.7071067811865259234 ) ) ;
#3209 = ADVANCED_FACE ( 'NONE', ( #1661 ), #2513, .T. ) ;
#3210 = ORIENTED_EDGE ( 'NONE', *, *, #2784, .T. ) ;
#3211 = DIRECTION ( 'NONE',  ( -4.440892098500623795E-15, 1.000000000000000000, 3.885780586188045525E-15 ) ) ;
#3212 = DIRECTION ( 'NONE',  ( -0.7071067811865512365, -2.775557561562891351E-16, -0.7071067811865437980 ) ) ;
#3213 = DIRECTION ( 'NONE',  ( 2.392722035830078972E-16, -1.000000000000000000, 0.000000000000000000 ) ) ;
#3214 = ORIENTED_EDGE ( 'NONE', *, *, #8339, .T. ) ;
#3215 = CARTESIAN_POINT ( 'NONE',  ( 96.69680535030586555, -16.17465732226597197, -2.716906362983449341 ) ) ;
#3216 = ORIENTED_EDGE ( 'NONE', *, *, #7305, .F. ) ;
#3217 = LINE ( 'NONE', #6442, #8510 ) ;
#3218 = CARTESIAN_POINT ( 'NONE',  ( 90.99476125781374947, -28.04529958556312508, 3.833665866932463473 ) ) ;
#3219 = ORIENTED_EDGE ( 'NONE', *, *, #10115, .T. ) ;
#3220 = EDGE_CURVE ( 'NONE', #9446, #4879, #2355, .T. ) ;
#3221 = CARTESIAN_POINT ( 'NONE',  ( 101.8092431043009896, -11.10099030827937661, -7.829344116978711909 ) ) ;
#3222 = CARTESIAN_POINT ( 'NONE',  ( 101.1952798768672892, -13.00000000000001066, -7.215380889545035537 ) ) ;
#3223 = EDGE_CURVE ( 'NONE', #5361, #9324, #8927, .T. ) ;
#3224 = VERTEX_POINT ( 'NONE', #2363 ) ;
#3225 = VERTEX_POINT ( 'NONE', #8876 ) ;
#3226 = CARTESIAN_POINT ( 'NONE',  ( 105.2101090547571545, -12.82765770503480596, -11.23021006743491057 ) ) ;
#3227 = CARTESIAN_POINT ( 'NONE',  ( 99.79806677376934942, -8.482061694257355455, -4.969639649023251060 ) ) ;
#3228 = CARTESIAN_POINT ( 'NONE',  ( 79.85857960328999638, -15.00000000000028244, 14.96984752145635156 ) ) ;
#3229 = ORIENTED_EDGE ( 'NONE', *, *, #1886, .T. ) ;
#3230 = LINE ( 'NONE', #5657, #3280 ) ;
#3231 = CARTESIAN_POINT ( 'NONE',  ( 102.9885518595074956, -17.20777669025232015, -8.160124734761492249 ) ) ;
#3232 = ADVANCED_FACE ( 'NONE', ( #868 ), #817, .F. ) ;
#3233 = VERTEX_POINT ( 'NONE', #3251 ) ;
#3234 = CARTESIAN_POINT ( 'NONE',  ( 98.20243866176394931, 15.60000000000000320, -3.374011537017801210 ) ) ;
#3235 = CARTESIAN_POINT ( 'NONE',  ( 118.9913780286483416, -23.99999999999998224, -25.57716446627549089 ) ) ;
#3236 = CARTESIAN_POINT ( 'NONE',  ( 97.35391052434009396, 15.00000000000000178, -3.374011537017780782 ) ) ;
#3237 = ADVANCED_FACE ( 'NONE', ( #8037 ), #9628, .F. ) ;
#3238 = LINE ( 'NONE', #8074, #6233 ) ;
#3239 = ADVANCED_FACE ( 'NONE', ( #6523 ), #710, .T. ) ;
#3240 = ADVANCED_FACE ( 'NONE', ( #3998 ), #9679, .F. ) ;
#3241 = ORIENTED_EDGE ( 'NONE', *, *, #6526, .F. ) ;
#3242 = CYLINDRICAL_SURFACE ( 'NONE', #3271, 0.8500000000000170752 ) ;
#3243 = CARTESIAN_POINT ( 'NONE',  ( 82.00000000000001421, 36.99999999999998579, 2.000000000000000000 ) ) ;
#3244 = DIRECTION ( 'NONE',  ( 1.000000000000000000, 8.163404592832000439E-15, 0.000000000000000000 ) ) ;
#3245 = EDGE_LOOP ( 'NONE', ( #7834, #4875, #1264, #632 ) ) ;
#3246 = CARTESIAN_POINT ( 'NONE',  ( 99.22487001853747302, -7.529869328087566593, -5.244971031215191815 ) ) ;
#3247 = EDGE_CURVE ( 'NONE', #2583, #3025, #3154, .T. ) ;
#3248 = EDGE_CURVE ( 'NONE', #848, #6658, #4827, .T. ) ;
#3249 = VERTEX_POINT ( 'NONE', #8394 ) ;
#3250 = ORIENTED_EDGE ( 'NONE', *, *, #8554, .F. ) ;
#3251 = CARTESIAN_POINT ( 'NONE',  ( 98.27314933988260748, 15.00000000000000711, -3.444722215136461596 ) ) ;
#3252 = CIRCLE ( 'NONE', #6458, 1.000000000000000888 ) ;
#3253 = CARTESIAN_POINT ( 'NONE',  ( 88.00000000000000000, -28.99999999999999645, -53.74011537017731399 ) ) ;
#3254 = DIRECTION ( 'NONE',  ( 0.7071067811865171526, 0.000000000000000000, -0.7071067811865779928 ) ) ;
#3255 = PLANE ( 'NONE',  #6169 ) ;
#3256 = CARTESIAN_POINT ( 'NONE',  ( 87.85000000000002274, 30.53337520964456786, 0.000000000000000000 ) ) ;
#3257 = VECTOR ( 'NONE', #6772, 1000.000000000000000 ) ;
#3258 = EDGE_LOOP ( 'NONE', ( #4641, #1266, #8473, #4520 ) ) ;
#3259 = CARTESIAN_POINT ( 'NONE',  ( 96.38376197551745861, -15.16820293461260150, -2.403862988195150319 ) ) ;
#3260 = DIRECTION ( 'NONE',  ( -0.7071067811865512365, -1.691909977029938907E-16, -0.7071067811865437980 ) ) ;
#3261 = ORIENTED_EDGE ( 'NONE', *, *, #9677, .T. ) ;
#3262 = CARTESIAN_POINT ( 'NONE',  ( 97.16838088449640054, -16.48455183905596400, -2.339953759750200923 ) ) ;
#3263 = ORIENTED_EDGE ( 'NONE', *, *, #2004, .T. ) ;
#3264 = CARTESIAN_POINT ( 'NONE',  ( 90.28840462579145765, 21.49999999999898392, -0.7632783599442077849 ) ) ;
#3265 = AXIS2_PLACEMENT_3D ( 'NONE', #8662, #665, #3900 ) ;
#3266 = DIRECTION ( 'NONE',  ( -1.196361017915052551E-16, 1.000000000000000000, -1.196361017915039732E-16 ) ) ;
#3267 = EDGE_LOOP ( 'NONE', ( #7821, #10403, #5093, #1741 ) ) ;
#3268 = CARTESIAN_POINT ( 'NONE',  ( 65.12994231491110497, -28.99999999999998579, 4.000000000000003553 ) ) ;
#3269 = DIRECTION ( 'NONE',  ( 0.7071067811865431318, 0.000000000000000000, -0.7071067811865520136 ) ) ;
#3270 = ORIENTED_EDGE ( 'NONE', *, *, #7053, .F. ) ;
#3272 = ORIENTED_EDGE ( 'NONE', *, *, #8116, .T. ) ;
#3271 = AXIS2_PLACEMENT_3D ( 'NONE', #7369, #10517, #4917 ) ;
#3273 = CARTESIAN_POINT ( 'NONE',  ( 102.5741036805333835, -12.99460872837454595, -8.594204693211080937 ) ) ;
#3274 = CARTESIAN_POINT ( 'NONE',  ( 74.44365081389607042, -26.99999999999998224, 17.55634918610413209 ) ) ;
#3275 = ORIENTED_EDGE ( 'NONE', *, *, #9706, .T. ) ;
#3276 = DIRECTION ( 'NONE',  ( 1.000000000000000000, 0.000000000000000000, 0.000000000000000000 ) ) ;
#3277 = CARTESIAN_POINT ( 'NONE',  ( 50.50000000000001421, 44.99999999999998579, 0.000000000000000000 ) ) ;
#3278 = ADVANCED_FACE ( 'NONE', ( #4305 ), #9085, .F. ) ;
#3279 = ORIENTED_EDGE ( 'NONE', *, *, #3042, .T. ) ;
#3280 = VECTOR ( 'NONE', #4808, 1000.000000000000000 ) ;
#3281 = DIRECTION ( 'NONE',  ( -0.7071067811865513475, -1.691909977029939647E-16, -0.7071067811865437980 ) ) ;
#3282 = CARTESIAN_POINT ( 'NONE',  ( 102.0727830388865556, -15.00000000000027711, 37.18405095705267627 ) ) ;
#3283 = ORIENTED_EDGE ( 'NONE', *, *, #2272, .F. ) ;
#3284 = DIRECTION ( 'NONE',  ( -0.7071067811865454633, 0.000000000000000000, 0.7071067811865495711 ) ) ;
#3285 = ORIENTED_EDGE ( 'NONE', *, *, #5688, .T. ) ;
#3286 = CARTESIAN_POINT ( 'NONE',  ( 50.50000000000001421, 43.99999999999998579, 0.000000000000000000 ) ) ;
#3287 = DIRECTION ( 'NONE',  ( -1.000000000000000000, 0.000000000000000000, 0.000000000000000000 ) ) ;
#3288 = CARTESIAN_POINT ( 'NONE',  ( 97.31717775491890166, -12.54539590279856753, -3.337278767596543627 ) ) ;
#3289 = VECTOR ( 'NONE', #6562, 1000.000000000000114 ) ;
#3290 = EDGE_LOOP ( 'NONE', ( #9460, #1576 ) ) ;
#3291 = CARTESIAN_POINT ( 'NONE',  ( 100.6268383058215505, -14.95660470975032652, -5.798411181075552534 ) ) ;
#3292 = CARTESIAN_POINT ( 'NONE',  ( 90.00000000000001421, 29.00000000000001776, 1.000000000000000000 ) ) ;
#3293 = CIRCLE ( 'NONE', #9228, 0.6000000000000057510 ) ;
#3294 = CARTESIAN_POINT ( 'NONE',  ( 77.52512722537439060, -20.50000000000091305, 9.807968018794575471 ) ) ;
#3295 = DIRECTION ( 'NONE',  ( -0.7071067811865447972, 0.000000000000000000, 0.7071067811865501263 ) ) ;
#3296 = FACE_BOUND ( 'NONE', #8830, .T. ) ;
#3297 = ORIENTED_EDGE ( 'NONE', *, *, #3124, .T. ) ;
#3298 = EDGE_CURVE ( 'NONE', #2619, #971, #2868, .T. ) ;
#3299 = ORIENTED_EDGE ( 'NONE', *, *, #9991, .T. ) ;
#3300 = DIRECTION ( 'NONE',  ( 0.000000000000000000, -1.000000000000000000, 0.000000000000000000 ) ) ;
#3301 = VERTEX_POINT ( 'NONE', #2716 ) ;
#3302 = EDGE_CURVE ( 'NONE', #8480, #3426, #6747, .T. ) ;
#3303 = FACE_OUTER_BOUND ( 'NONE', #4032, .T. ) ;
#3304 = DIRECTION ( 'NONE',  ( -0.7071067811865513475, -1.691909977029939647E-16, -0.7071067811865437980 ) ) ;
#3305 = EDGE_CURVE ( 'NONE', #3426, #8582, #1992, .T. ) ;
#3306 = CARTESIAN_POINT ( 'NONE',  ( 101.7112819791297369, -5.806184949683045105, -6.882854854383606558 ) ) ;
#3307 = EDGE_CURVE ( 'NONE', #5598, #3314, #8450, .T. ) ;
#3308 = VECTOR ( 'NONE', #9674, 1000.000000000000000 ) ;
#3309 = EDGE_CURVE ( 'NONE', #833, #4070, #10000, .T. ) ;
#3310 = CARTESIAN_POINT ( 'NONE',  ( -3.521498605807193982, -28.99999999999999645, -57.58037310885214310 ) ) ;
#3311 = EDGE_LOOP ( 'NONE', ( #1029, #5337, #9490, #5262 ) ) ;
#3312 = DIRECTION ( 'NONE',  ( -0.7071067811865513475, -1.691909977029939647E-16, -0.7071067811865437980 ) ) ;
#3313 = DIRECTION ( 'NONE',  ( 0.7071067811865513475, 1.691909977029939893E-16, 0.7071067811865437980 ) ) ;
#3314 = VERTEX_POINT ( 'NONE', #9185 ) ;
#3315 = LINE ( 'NONE', #9793, #8790 ) ;
#3316 = ORIENTED_EDGE ( 'NONE', *, *, #3450, .F. ) ;
#3317 = CIRCLE ( 'NONE', #7373, 0.5999999999999935385 ) ;
#3318 = LINE ( 'NONE', #6539, #196 ) ;
#3319 = CARTESIAN_POINT ( 'NONE',  ( 82.00000000000001421, -30.99999999999999289, 2.000000000000000000 ) ) ;
#3320 = ORIENTED_EDGE ( 'NONE', *, *, #8440, .F. ) ;
#3321 = CARTESIAN_POINT ( 'NONE',  ( 58.34454415329809507, -27.07273360092517578, 2.869100306399126055 ) ) ;
#3322 = CARTESIAN_POINT ( 'NONE',  ( 101.2870179104178021, -5.806184949683045105, -7.307118923095532459 ) ) ;
#3323 = CIRCLE ( 'NONE', #2985, 0.8500000000000170752 ) ;
#3324 = ORIENTED_EDGE ( 'NONE', *, *, #7033, .T. ) ;
#3325 = ORIENTED_EDGE ( 'NONE', *, *, #4385, .T. ) ;
#3326 = CARTESIAN_POINT ( 'NONE',  ( 103.4913651945420270, -17.31748507933838965, -9.511466207219841706 ) ) ;
#3327 = LINE ( 'NONE', #9807, #3845 ) ;
#3328 = ORIENTED_EDGE ( 'NONE', *, *, #9227, .F. ) ;
#3329 = DIRECTION ( 'NONE',  ( -0.7071067811865445751, 3.558482357965821734E-15, 0.7071067811865504593 ) ) ;
#3330 = ORIENTED_EDGE ( 'NONE', *, *, #9649, .F. ) ;
#3331 = CARTESIAN_POINT ( 'NONE',  ( 97.84888527117068691, 8.300000000000002487, -3.868986283848387497 ) ) ;
#3332 = AXIS2_PLACEMENT_3D ( 'NONE', #10328, #557, #1206 ) ;
#3333 = CARTESIAN_POINT ( 'NONE',  ( 101.8944026629647652, -6.159600610020007139, -7.914503675642376557 ) ) ;
#3334 = EDGE_LOOP ( 'NONE', ( #8453, #2589, #9343, #1466 ) ) ;
#3335 = LINE ( 'NONE', #1591, #3289 ) ;
#3336 = DIRECTION ( 'NONE',  ( -0.7071067811865431318, -2.586315000547205102E-14, 0.7071067811865520136 ) ) ;
#3337 = VECTOR ( 'NONE', #7996, 1000.000000000000000 ) ;
#3338 = AXIS2_PLACEMENT_3D ( 'NONE', #9345, #4506, #6040 ) ;
#3339 = ORIENTED_EDGE ( 'NONE', *, *, #247, .F. ) ;
#3340 = CARTESIAN_POINT ( 'NONE',  ( 110.7666671172673318, -5.806184949683042440, 2.172530283753896896 ) ) ;
#3341 = AXIS2_PLACEMENT_3D ( 'NONE', #3992, #5575, #3244 ) ;
#3342 = ADVANCED_FACE ( 'NONE', ( #1922 ), #6688, .T. ) ;
#3343 = CARTESIAN_POINT ( 'NONE',  ( 103.9300035893749055, 23.00000000000001421, -19.42533546995247562 ) ) ;
#3344 = DIRECTION ( 'NONE',  ( 1.000000000000000000, 9.376883653928788436E-17, -0.000000000000000000 ) ) ;
#3345 = VECTOR ( 'NONE', #7845, 1000.000000000000000 ) ;
#3346 = CARTESIAN_POINT ( 'NONE',  ( 104.4385797148871546, -9.230980157769057115, -10.45868072756492317 ) ) ;
#3347 = VECTOR ( 'NONE', #10335, 1000.000000000000000 ) ;
#3348 = EDGE_LOOP ( 'NONE', ( #10100, #9642, #9280, #7396 ) ) ;
#3349 = AXIS2_PLACEMENT_3D ( 'NONE', #4711, #7261, #1544 ) ;
#3350 = DIRECTION ( 'NONE',  ( 0.7071067811865402453, 0.000000000000000000, -0.7071067811865549002 ) ) ;
#3351 = CIRCLE ( 'NONE', #3702, 0.8500000000000170752 ) ;
#3352 = EDGE_CURVE ( 'NONE', #4887, #635, #1820, .T. ) ;
#3353 = DIRECTION ( 'NONE',  ( -0.7071067811865475727, 0.000000000000000000, -0.7071067811865475727 ) ) ;
#3354 = VERTEX_POINT ( 'NONE', #5201 ) ;
#3355 = VECTOR ( 'NONE', #2906, 1000.000000000000114 ) ;
#3356 = PLANE ( 'NONE',  #7590 ) ;
#3357 = DIRECTION ( 'NONE',  ( 0.7071067811865474617, 0.000000000000000000, -0.7071067811865474617 ) ) ;
#3358 = LINE ( 'NONE', #2612, #5335 ) ;
#3360 = CIRCLE ( 'NONE', #7072, 0.2999999999999881650 ) ;
#3359 = CARTESIAN_POINT ( 'NONE',  ( 106.7452353037340771, -10.91229507811548771, 6.193962097286971336 ) ) ;
#3361 = ORIENTED_EDGE ( 'NONE', *, *, #3556, .T. ) ;
#3362 = EDGE_LOOP ( 'NONE', ( #8989, #1848, #6025, #1770, #5837 ) ) ;
#3363 = CARTESIAN_POINT ( 'NONE',  ( 113.4803634743430365, 9.664066052554730391, -0.5411660733220490238 ) ) ;
#3364 = EDGE_LOOP ( 'NONE', ( #2059, #623, #5389, #4266 ) ) ;
#3365 = CIRCLE ( 'NONE', #4048, 1.000000000000000888 ) ;
#3366 = DIRECTION ( 'NONE',  ( -0.7071067811865447972, 0.000000000000000000, 0.7071067811865501263 ) ) ;
#3367 = DIRECTION ( 'NONE',  ( 0.7071067811865489050, 0.000000000000000000, -0.7071067811865460184 ) ) ;
#3368 = FACE_OUTER_BOUND ( 'NONE', #8745, .T. ) ;
#3369 = DIRECTION ( 'NONE',  ( -0.7071067811865512365, -2.775557561562891844E-16, -0.7071067811865439090 ) ) ;
#3370 = ORIENTED_EDGE ( 'NONE', *, *, #6876, .F. ) ;
#3371 = CARTESIAN_POINT ( 'NONE',  ( 97.03027807785579739, -13.05912109383622344, -2.201850953109624420 ) ) ;
#3372 = EDGE_CURVE ( 'NONE', #4648, #4402, #4397, .T. ) ;
#3373 = CARTESIAN_POINT ( 'NONE',  ( 89.00000000000001421, 36.99999999999998579, 1.000000000000000000 ) ) ;
#3374 = TOROIDAL_SURFACE ( 'NONE', #7086, 7.000000000000000000, 1.000000000000000000 ) ;
#3375 = CARTESIAN_POINT ( 'NONE',  ( 103.0169356999061847, -6.705663183599298804, -9.037036712583901732 ) ) ;
#3376 = VECTOR ( 'NONE', #6742, 1000.000000000000000 ) ;
#3377 = ADVANCED_FACE ( 'NONE', ( #2617 ), #5832, .F. ) ;
#3378 = ORIENTED_EDGE ( 'NONE', *, *, #5955, .F. ) ;
#3379 = CARTESIAN_POINT ( 'NONE',  ( 98.00746156225471850, -12.15039280264173982, -3.179034437508528210 ) ) ;
#3380 = ORIENTED_EDGE ( 'NONE', *, *, #6382, .T. ) ;
#3381 = EDGE_CURVE ( 'NONE', #2587, #8101, #2666, .T. ) ;
#3382 = ADVANCED_FACE ( 'NONE', ( #1588 ), #8619, .F. ) ;
#3383 = LINE ( 'NONE', #4011, #1729 ) ;
#3384 = CARTESIAN_POINT ( 'NONE',  ( 99.86038476133768427, -16.99672652006153939, -5.031957636591657845 ) ) ;
#3385 = VERTEX_POINT ( 'NONE', #9352 ) ;
#3386 = CARTESIAN_POINT ( 'NONE',  ( 99.89949493661166002, 10.60000000000000853, -5.919595949289369052 ) ) ;
#3387 = LINE ( 'NONE', #4166, #9950 ) ;
#3388 = ORIENTED_EDGE ( 'NONE', *, *, #7268, .T. ) ;
#3389 = CARTESIAN_POINT ( 'NONE',  ( 104.9866801245107979, -12.91009379450867378, -11.00678113718856110 ) ) ;
#3390 = DIRECTION ( 'NONE',  ( 0.000000000000000000, -0.6396460413685307600, -0.7686695920625244982 ) ) ;
#3391 = ORIENTED_EDGE ( 'NONE', *, *, #1433, .F. ) ;
#3392 = CYLINDRICAL_SURFACE ( 'NONE', #2681, 0.8500000000000170752 ) ;
#3393 = ORIENTED_EDGE ( 'NONE', *, *, #973, .F. ) ;
#3394 = EDGE_CURVE ( 'NONE', #942, #5037, #2083, .T. ) ;
#3395 = CARTESIAN_POINT ( 'NONE',  ( 98.23495689301984157, -12.37008508985941369, -4.255057905697558596 ) ) ;
#3396 = CARTESIAN_POINT ( 'NONE',  ( 102.9232135845906271, -6.529609367200701620, -8.094786459844517168 ) ) ;
#3397 = ORIENTED_EDGE ( 'NONE', *, *, #583, .T. ) ;
#3398 = SURFACE_STYLE_FILL_AREA ( #193 ) ;
#3399 = LINE ( 'NONE', #6563, #6193 ) ;
#3400 = CARTESIAN_POINT ( 'NONE',  ( 100.5760394579787089, -6.521635208207606560, -6.596140470656470356 ) ) ;
#3401 = CYLINDRICAL_SURFACE ( 'NONE', #9103, 1.949958776210932276 ) ;
#3402 = DIRECTION ( 'NONE',  ( 0.000000000000000000, -1.000000000000000000, 0.000000000000000000 ) ) ;
#3403 = DIRECTION ( 'NONE',  ( -1.000000000000000000, -9.376883653928788436E-17, 0.000000000000000000 ) ) ;
#3404 = ORIENTED_EDGE ( 'NONE', *, *, #9008, .T. ) ;
#3405 = CARTESIAN_POINT ( 'NONE',  ( 98.90181167708377075, -10.31138064058062476, -4.921912689761477999 ) ) ;
#3406 = CARTESIAN_POINT ( 'NONE',  ( 103.2033750774863989, -18.48695981420894796, -8.374947952740418700 ) ) ;
#3407 = PLANE ( 'NONE',  #3535 ) ;
#3408 = DIRECTION ( 'NONE',  ( -0.7071067811865513475, -1.691909977029939647E-16, -0.7071067811865437980 ) ) ;
#3409 = CARTESIAN_POINT ( 'NONE',  ( 90.00000000000001421, -30.99999999999998579, -46.79354917494960375 ) ) ;
#3410 = CARTESIAN_POINT ( 'NONE',  ( 118.2842712474618025, -23.99999999999998224, -24.87005768508893766 ) ) ;
#3411 = LINE ( 'NONE', #5829, #4512 ) ;
#3412 = ORIENTED_EDGE ( 'NONE', *, *, #58, .F. ) ;
#3413 = EDGE_CURVE ( 'NONE', #6321, #5867, #6352, .T. ) ;
#3414 = ORIENTED_EDGE ( 'NONE', *, *, #1047, .F. ) ;
#3415 = CARTESIAN_POINT ( 'NONE',  ( 105.5308849235747886, -16.36005977435968362, -10.70245779882875148 ) ) ;
#3416 = CARTESIAN_POINT ( 'NONE',  ( 103.0783348970470001, -7.479794708596278596, -9.098435909724718940 ) ) ;
#3417 = ORIENTED_EDGE ( 'NONE', *, *, #6989, .F. ) ;
#3418 = EDGE_CURVE ( 'NONE', #2397, #6059, #10447, .T. ) ;
#3419 = LINE ( 'NONE', #4929, #4112 ) ;
#3420 = CARTESIAN_POINT ( 'NONE',  ( 100.6955775909725901, -17.15322309509430099, -6.715678603650333756 ) ) ;
#3421 = PLANE ( 'NONE',  #2331 ) ;
#3422 = DIRECTION ( 'NONE',  ( 0.000000000000000000, -1.000000000000000000, 0.000000000000000000 ) ) ;
#3423 = CARTESIAN_POINT ( 'NONE',  ( 102.5971127272086250, -6.301364585720682143, -8.617213739886308232 ) ) ;
#3424 = VERTEX_POINT ( 'NONE', #9598 ) ;
#3425 = DIRECTION ( 'NONE',  ( -0.7071067811865439090, 0.000000000000000000, 0.7071067811865512365 ) ) ;
#3426 = VERTEX_POINT ( 'NONE', #2881 ) ;
#3427 = DIRECTION ( 'NONE',  ( 0.000000000000000000, 0.000000000000000000, 1.000000000000000000 ) ) ;
#3428 = CARTESIAN_POINT ( 'NONE',  ( 100.6268383058215647, -14.95660470975032652, -5.798411181075547205 ) ) ;
#3429 = AXIS2_PLACEMENT_3D ( 'NONE', #1726, #124, #2415 ) ;
#3430 = CARTESIAN_POINT ( 'NONE',  ( 99.26904299690198741, -7.470386048289900494, -5.289144009579696437 ) ) ;
#3431 = DIRECTION ( 'NONE',  ( 0.000000000000000000, 1.000000000000000000, -0.000000000000000000 ) ) ;
#3432 = EDGE_CURVE ( 'NONE', #10309, #3638, #1538, .T. ) ;
#3433 = ORIENTED_EDGE ( 'NONE', *, *, #3248, .T. ) ;
#3434 = DIRECTION ( 'NONE',  ( -0.7071067811865439090, -2.465190328815662439E-32, 0.7071067811865512365 ) ) ;
#3435 = LINE ( 'NONE', #3550, #6565 ) ;
#3436 = CARTESIAN_POINT ( 'NONE',  ( 103.0611838965949687, -9.689317062940421721, -9.081284909272699934 ) ) ;
#3437 = ORIENTED_EDGE ( 'NONE', *, *, #2470, .T. ) ;
#3438 = DIRECTION ( 'NONE',  ( 0.7071067811865439090, 1.691909977029921404E-16, -0.7071067811865512365 ) ) ;
#3439 = AXIS2_PLACEMENT_3D ( 'NONE', #493, #5253, #6750 ) ;
#3440 = ORIENTED_EDGE ( 'NONE', *, *, #754, .T. ) ;
#3441 = FACE_OUTER_BOUND ( 'NONE', #7254, .T. ) ;
#3442 = EDGE_CURVE ( 'NONE', #7333, #2402, #9549, .T. ) ;
#3443 = DIRECTION ( 'NONE',  ( -0.7071067811865520136, 8.881784197001254296E-16, -0.7071067811865431318 ) ) ;
#3444 = ORIENTED_EDGE ( 'NONE', *, *, #8043, .F. ) ;
#3445 = CARTESIAN_POINT ( 'NONE',  ( 99.32607574579569132, -10.31138064058062476, -4.497648621049554762 ) ) ;
#3446 = ADVANCED_FACE ( 'NONE', ( #741 ), #2332, .T. ) ;
#3447 = LINE ( 'NONE', #1011, #5674 ) ;
#3448 = AXIS2_PLACEMENT_3D ( 'NONE', #3966, #6290, #3114 ) ;
#3449 = EDGE_CURVE ( 'NONE', #10462, #2094, #5866, .T. ) ;
#3450 = EDGE_CURVE ( 'NONE', #3090, #8868, #8742, .T. ) ;
#3451 = CARTESIAN_POINT ( 'NONE',  ( 99.98191803932445509, -9.269595278418758966, -6.002019052002210309 ) ) ;
#3452 = ORIENTED_EDGE ( 'NONE', *, *, #2566, .F. ) ;
#3453 = FACE_OUTER_BOUND ( 'NONE', #7885, .T. ) ;
#3454 = CARTESIAN_POINT ( 'NONE',  ( 104.4127144312575126, -9.460148610354735865, -9.584287306511438231 ) ) ;
#3455 = CARTESIAN_POINT ( 'NONE',  ( 51.50000000000002842, -43.99999999999998579, 0.000000000000000000 ) ) ;
#3456 = AXIS2_PLACEMENT_3D ( 'NONE', #8454, #5943, #275 ) ;
#3457 = ORIENTED_EDGE ( 'NONE', *, *, #2664, .F. ) ;
#3458 = FACE_OUTER_BOUND ( 'NONE', #5310, .T. ) ;
#3459 = CARTESIAN_POINT ( 'NONE',  ( 105.3571961674177544, -17.16669888734009675, -11.37729718009544833 ) ) ;
#3460 = CARTESIAN_POINT ( 'NONE',  ( 77.38370586913691795, 15.49999999999887734, 14.61629413086324547 ) ) ;
#3461 = VECTOR ( 'NONE', #3567, 1000.000000000000114 ) ;
#3462 = CARTESIAN_POINT ( 'NONE',  ( 103.6471608769003154, 22.67573593128805243, -8.818733752154233940 ) ) ;
#3463 = CARTESIAN_POINT ( 'NONE',  ( 96.58115618565111049, -14.63853261203153266, -2.601257198328772891 ) ) ;
#3464 = DIRECTION ( 'NONE',  ( 0.7071067811865513475, 1.691909977029939893E-16, 0.7071067811865436870 ) ) ;
#3465 = DIRECTION ( 'NONE',  ( -0.7071067811865475727, 0.000000000000000000, -0.7071067811865475727 ) ) ;
#3466 = ORIENTED_EDGE ( 'NONE', *, *, #4327, .T. ) ;
#3467 = DIRECTION ( 'NONE',  ( -8.163404592831866333E-15, 1.000000000000000000, 0.000000000000000000 ) ) ;
#3468 = DIRECTION ( 'NONE',  ( 2.392722035830078972E-16, -1.000000000000000000, -8.715763992105384320E-33 ) ) ;
#3469 = VERTEX_POINT ( 'NONE', #1484 ) ;
#3470 = CIRCLE ( 'NONE', #8705, 0.6000000000000064171 ) ;
#3471 = DIRECTION ( 'NONE',  ( 0.7071067811865512365, 1.691909977029939647E-16, 0.7071067811865437980 ) ) ;
#3472 = CARTESIAN_POINT ( 'NONE',  ( 103.2228968081883806, -4.476833408784438070E-14, -9.242997820866163394 ) ) ;
#3473 = ORIENTED_EDGE ( 'NONE', *, *, #8267, .T. ) ;
#3474 = DIRECTION ( 'NONE',  ( -0.7071067811865434649, -5.612340657572023277E-15, 0.7071067811865515695 ) ) ;
#3475 = EDGE_LOOP ( 'NONE', ( #1850, #7791, #7081, #4542, #5148, #1753 ) ) ;
#3476 = DIRECTION ( 'NONE',  ( -0.7071067811865513475, -1.691909977029939647E-16, -0.7071067811865437980 ) ) ;
#3477 = DIRECTION ( 'NONE',  ( -2.392722035830078972E-16, 1.000000000000000000, 3.231026779835494231E-32 ) ) ;
#3478 = ADVANCED_FACE ( 'NONE', ( #3739 ), #2385, .F. ) ;
#3479 = ORIENTED_EDGE ( 'NONE', *, *, #3413, .T. ) ;
#3480 = DIRECTION ( 'NONE',  ( 0.7071067811865513475, 1.691909977029939893E-16, 0.7071067811865436870 ) ) ;
#3481 = ORIENTED_EDGE ( 'NONE', *, *, #10188, .F. ) ;
#3482 = CYLINDRICAL_SURFACE ( 'NONE', #5101, 0.5999999999999922062 ) ;
#3483 = AXIS2_PLACEMENT_3D ( 'NONE', #4988, #4215, #8306 ) ;
#3484 = DIRECTION ( 'NONE',  ( 0.7071067811865437980, 0.000000000000000000, -0.7071067811865513475 ) ) ;
#3485 = CARTESIAN_POINT ( 'NONE',  ( 99.48220897467427903, -7.168649595667666574, -5.502309987351990728 ) ) ;
#3486 = CARTESIAN_POINT ( 'NONE',  ( 56.64466094067246615, -23.99999999999998224, 2.585786437626899747 ) ) ;
#3487 = VERTEX_POINT ( 'NONE', #5251 ) ;
#3488 = DIRECTION ( 'NONE',  ( -1.000000000000000000, -7.891197274167559081E-15, 0.000000000000000000 ) ) ;
#3489 = CIRCLE ( 'NONE', #10266, 2.000000000000001776 ) ;
#3490 = CARTESIAN_POINT ( 'NONE',  ( 51.50000000000002842, -44.99999999999998579, 0.000000000000000000 ) ) ;
#3491 = CARTESIAN_POINT ( 'NONE',  ( 98.23495689301984157, -12.37008508985941369, -4.255057905697558596 ) ) ;
#3492 = ORIENTED_EDGE ( 'NONE', *, *, #495, .T. ) ;
#3493 = CARTESIAN_POINT ( 'NONE',  ( 97.63098721654996837, -11.34900446756577352, -3.651088229227662296 ) ) ;
#3494 = VERTEX_POINT ( 'NONE', #4706 ) ;
#3495 = FACE_OUTER_BOUND ( 'NONE', #1454, .T. ) ;
#3496 = CARTESIAN_POINT ( 'NONE',  ( 103.9884503625455920, -9.460148610354735865, -10.00855137522336413 ) ) ;
#3497 = ORIENTED_EDGE ( 'NONE', *, *, #8920, .F. ) ;
#3498 = CIRCLE ( 'NONE', #2999, 0.5999999999999922062 ) ;
#3499 = LINE ( 'NONE', #3207, #235 ) ;
#3500 = CARTESIAN_POINT ( 'NONE',  ( 105.5308849235747459, -16.36005977435968362, -10.70245779882879411 ) ) ;
#3501 = ORIENTED_EDGE ( 'NONE', *, *, #4225, .F. ) ;
#3502 = EDGE_CURVE ( 'NONE', #764, #2993, #8502, .T. ) ;
#3503 = LINE ( 'NONE', #8482, #4683 ) ;
#3504 = CARTESIAN_POINT ( 'NONE',  ( 106.5462986797651723, 10.60000000000001030, -12.56639969244294974 ) ) ;
#3505 = CARTESIAN_POINT ( 'NONE',  ( 102.7986327394764601, 22.67573593128807019, -8.818733752154209071 ) ) ;
#3506 = AXIS2_PLACEMENT_3D ( 'NONE', #261, #4138, #3353 ) ;
#3507 = EDGE_CURVE ( 'NONE', #6810, #10151, #7361, .T. ) ;
#3508 = ADVANCED_FACE ( 'NONE', ( #10206 ), #945, .F. ) ;
#3509 = ORIENTED_EDGE ( 'NONE', *, *, #6959, .T. ) ;
#3510 = AXIS2_PLACEMENT_3D ( 'NONE', #2259, #1370, #7833 ) ;
#3511 = AXIS2_PLACEMENT_3D ( 'NONE', #8624, #2951, #7831 ) ;
#3512 = CARTESIAN_POINT ( 'NONE',  ( 87.85000000000002274, -33.58337520964455791, -96.50000000000000000 ) ) ;
#3513 = CARTESIAN_POINT ( 'NONE',  ( 105.9789689731115772, -16.70926321126091452, -11.15054184836562357 ) ) ;
#3514 = AXIS2_PLACEMENT_3D ( 'NONE', #9591, #10495, #6342 ) ;
#3515 = CARTESIAN_POINT ( 'NONE',  ( 67.00147186257635212, -27.70056633785200617, 27.82695526217002424 ) ) ;
#3516 = CARTESIAN_POINT ( 'NONE',  ( 92.58650166464775566, -9.000000000000184741, 2.241925460098458167 ) ) ;
#3517 = CARTESIAN_POINT ( 'NONE',  ( 97.77817459305201453, 15.00000000000000178, -2.949747468305868203 ) ) ;
#3518 = PLANE ( 'NONE',  #7540 ) ;
#3519 = CARTESIAN_POINT ( 'NONE',  ( 77.97918471982879396, 24.00000000000001776, 16.84924240491756819 ) ) ;
#3520 = LINE ( 'NONE', #9133, #8418 ) ;
#3521 = ORIENTED_EDGE ( 'NONE', *, *, #9009, .T. ) ;
#3522 = ORIENTED_EDGE ( 'NONE', *, *, #7120, .F. ) ;
#3523 = CARTESIAN_POINT ( 'NONE',  ( 101.0651803615608912, 18.00000000000001421, -7.085281374238633134 ) ) ;
#3524 = CIRCLE ( 'NONE', #4353, 1.000000000000000000 ) ;
#3525 = EDGE_CURVE ( 'NONE', #9446, #494, #76, .T. ) ;
#3526 = CIRCLE ( 'NONE', #3691, 8.000000000000007105 ) ;
#3527 = CARTESIAN_POINT ( 'NONE',  ( 119.2842712474618025, -28.99999999999997868, -24.87005768508894477 ) ) ;
#3528 = VERTEX_POINT ( 'NONE', #9814 ) ;
#3529 = CARTESIAN_POINT ( 'NONE',  ( 87.00000000000002842, 33.58337520964456502, -93.00000000000000000 ) ) ;
#3530 = VECTOR ( 'NONE', #475, 1000.000000000000000 ) ;
#3531 = VECTOR ( 'NONE', #5756, 1000.000000000000114 ) ;
#3532 = DIRECTION ( 'NONE',  ( -0.6955882829722299654, -0.1797606218933666955, 0.6955882829722299654 ) ) ;
#3533 = VERTEX_POINT ( 'NONE', #1008 ) ;
#3534 = CARTESIAN_POINT ( 'NONE',  ( 101.2773123959168373, 17.40000000000001634, -7.297413408594585427 ) ) ;
#3535 = AXIS2_PLACEMENT_3D ( 'NONE', #4094, #3782, #4503 ) ;
#3536 = ORIENTED_EDGE ( 'NONE', *, *, #5703, .T. ) ;
#3537 = DIRECTION ( 'NONE',  ( -0.7071067811865475727, 0.000000000000000000, 0.7071067811865475727 ) ) ;
#3538 = CARTESIAN_POINT ( 'NONE',  ( 103.2598274205076763, -7.047963850781898465, -9.279928433185423486 ) ) ;
#3539 = VECTOR ( 'NONE', #7530, 1000.000000000000000 ) ;
#3540 = ORIENTED_EDGE ( 'NONE', *, *, #2454, .T. ) ;
#3541 = CARTESIAN_POINT ( 'NONE',  ( 99.25499163161092042, -18.14831470448512007, -4.426564506864780313 ) ) ;
#3542 = VERTEX_POINT ( 'NONE', #9004 ) ;
#3543 = DIRECTION ( 'NONE',  ( 0.7071067811865513475, 1.691909977029939893E-16, 0.7071067811865436870 ) ) ;
#3544 = CARTESIAN_POINT ( 'NONE',  ( 99.94182783886485311, -16.35126104846348838, -5.113400714118824020 ) ) ;
#3545 = B_SPLINE_CURVE_WITH_KNOTS ( 'NONE', 3,
 ( #1867, #5084, #1075, #2507, #2709, #5724, #915, #5932, #8137, #4877 ),
 .UNSPECIFIED., .F., .F.,
 ( 4, 2, 2, 2, 4 ),
 ( 0.000000000000000000, 0.0008904152771859590596, 0.001780830554371918119, 0.002671245831557876853, 0.003561661108743837106 ),
 .UNSPECIFIED. ) ;
#3546 = CIRCLE ( 'NONE', #7774, 2.499999999999988454 ) ;
#3547 = CARTESIAN_POINT ( 'NONE',  ( 99.53698678167634739, -8.713229642416456144, -5.557087794354058197 ) ) ;
#3548 = CARTESIAN_POINT ( 'NONE',  ( 99.64913408724940780, -7.529869328087566593, -4.820706962503265913 ) ) ;
#3549 = FACE_OUTER_BOUND ( 'NONE', #2348, .T. ) ;
#3550 = CARTESIAN_POINT ( 'NONE',  ( 106.1220346110532375, 18.00000000000001066, -12.14213562373102384 ) ) ;
#3551 = CARTESIAN_POINT ( 'NONE',  ( 100.2025742371096868, -14.95660470975032652, -6.222675249787417151 ) ) ;
#3552 = VERTEX_POINT ( 'NONE', #4124 ) ;
#3553 = CARTESIAN_POINT ( 'NONE',  ( 96.58084075762413079, -13.22237438581544744, -2.600941770301791856 ) ) ;
#3554 = ORIENTED_EDGE ( 'NONE', *, *, #422, .F. ) ;
#3555 = CYLINDRICAL_SURFACE ( 'NONE', #4369, 2.499999999999988454 ) ;
#3556 = EDGE_CURVE ( 'NONE', #8156, #5650, #894, .T. ) ;
#3557 = CARTESIAN_POINT ( 'NONE',  ( 101.7112819791297369, -5.806184949683045105, -6.882854854383608334 ) ) ;
#3558 = ORIENTED_EDGE ( 'NONE', *, *, #6835, .F. ) ;
#3559 = EDGE_CURVE ( 'NONE', #1371, #3140, #7584, .T. ) ;
#3560 = FILL_AREA_STYLE ('',( #1949 ) ) ;
#3561 = CARTESIAN_POINT ( 'NONE',  ( 102.8898034885497879, -13.23750878621948068, -8.909904501227549289 ) ) ;
#3562 = EDGE_LOOP ( 'NONE', ( #2324, #6476, #4853, #8732 ) ) ;
#3563 = LINE ( 'NONE', #6938, #7056 ) ;
#3564 = FACE_OUTER_BOUND ( 'NONE', #8425, .T. ) ;
#3565 = CARTESIAN_POINT ( 'NONE',  ( 97.26558609688466106, -10.91229507811548949, -3.285687109562347885 ) ) ;
#3566 = ORIENTED_EDGE ( 'NONE', *, *, #9728, .F. ) ;
#3567 = DIRECTION ( 'NONE',  ( -0.2377136916150853208, -0.9417984931170014784, 0.2377136916150880408 ) ) ;
#3568 = EDGE_CURVE ( 'NONE', #67, #6718, #7468, .T. ) ;
#3569 = DIRECTION ( 'NONE',  ( 0.7071067811865512365, 1.326091603618060524E-16, 0.7071067811865439090 ) ) ;
#3570 = LINE ( 'NONE', #7643, #1657 ) ;
#3571 = EDGE_CURVE ( 'NONE', #6020, #9249, #9272, .T. ) ;
#3572 = ADVANCED_FACE ( 'NONE', ( #3495 ), #190, .T. ) ;
#3573 = EDGE_CURVE ( 'NONE', #1252, #5606, #5804, .T. ) ;
#3574 = DIRECTION ( 'NONE',  ( 0.000000000000000000, 1.000000000000000000, 0.000000000000000000 ) ) ;
#3575 = CARTESIAN_POINT ( 'NONE',  ( 89.99999999999998579, -27.53388954532589850, -52.67060666532964319 ) ) ;
#3576 = CARTESIAN_POINT ( 'NONE',  ( 47.41421356237359674, 1.134490336022446682E-14, 47.41421356237309936 ) ) ;
#3577 = CARTESIAN_POINT ( 'NONE',  ( 91.96638690793633941, 28.00000000000001776, 1.447826654436765947 ) ) ;
#3578 = ORIENTED_EDGE ( 'NONE', *, *, #2216, .T. ) ;
#3579 = ORIENTED_EDGE ( 'NONE', *, *, #7181, .T. ) ;
#3580 = CARTESIAN_POINT ( 'NONE',  ( 97.08111051695651383, -15.56395264824424274, -2.252683392210352853 ) ) ;
#3581 = FACE_OUTER_BOUND ( 'NONE', #7705, .T. ) ;
#3582 = ORIENTED_EDGE ( 'NONE', *, *, #3874, .T. ) ;
#3583 = ADVANCED_FACE ( 'NONE', ( #25 ), #9913, .T. ) ;
#3584 = LINE ( 'NONE', #7710, #9551 ) ;
#3585 = CARTESIAN_POINT ( 'NONE',  ( 89.66637330232757108, -28.99999999999998224, 3.814651612021490390 ) ) ;
#3586 = ORIENTED_EDGE ( 'NONE', *, *, #10122, .T. ) ;
#3587 = CARTESIAN_POINT ( 'NONE',  ( 92.00000000000000000, 29.00000000000001421, -45.49747468305810116 ) ) ;
#3588 = EDGE_CURVE ( 'NONE', #4402, #2478, #7922, .T. ) ;
#3589 = VERTEX_POINT ( 'NONE', #1851 ) ;
#3590 = DIRECTION ( 'NONE',  ( -1.000000000000000000, 0.000000000000000000, 0.000000000000000000 ) ) ;
#3591 = ORIENTED_EDGE ( 'NONE', *, *, #7585, .F. ) ;
#3592 = DIRECTION ( 'NONE',  ( 0.7071067811865507924, -6.661338147750937270E-16, 0.7071067811865443531 ) ) ;
#3593 = VERTEX_POINT ( 'NONE', #3395 ) ;
#3594 = DIRECTION ( 'NONE',  ( -0.7071067811865512365, -2.775557561562891351E-16, -0.7071067811865439090 ) ) ;
#3595 = DIRECTION ( 'NONE',  ( 0.000000000000000000, 0.5773502691896245098, -0.8164965809277268116 ) ) ;
#3596 = PLANE ( 'NONE',  #1135 ) ;
#3597 = DIRECTION ( 'NONE',  ( 1.000000000000000000, 0.000000000000000000, 0.000000000000000000 ) ) ;
#3598 = CARTESIAN_POINT ( 'NONE',  ( 83.12350647363079759, 51.10056633785148250, 10.85639251369163816 ) ) ;
#3599 = DIRECTION ( 'NONE',  ( 0.000000000000000000, 0.000000000000000000, 1.000000000000000000 ) ) ;
#3600 = ORIENTED_EDGE ( 'NONE', *, *, #8536, .F. ) ;
#3601 = CARTESIAN_POINT ( 'NONE',  ( 96.59436476808625116, -16.04772567597316169, -2.614465780763839842 ) ) ;
#3602 = ORIENTED_EDGE ( 'NONE', *, *, #6356, .T. ) ;
#3603 = DIRECTION ( 'NONE',  ( -0.7071067811865512365, -1.326091603618060771E-16, -0.7071067811865439090 ) ) ;
#3604 = AXIS2_PLACEMENT_3D ( 'NONE', #4981, #5780, #9890 ) ;
#3605 = CARTESIAN_POINT ( 'NONE',  ( 105.3871656672009891, -13.00961609880119774, -11.40726667987880560 ) ) ;
#3606 = ORIENTED_EDGE ( 'NONE', *, *, #10380, .T. ) ;
#3607 = DIRECTION ( 'NONE',  ( -0.7071067811865466846, 0.000000000000000000, 0.7071067811865482389 ) ) ;
#3608 = CARTESIAN_POINT ( 'NONE',  ( 113.4096527962243783, 8.199999999999995737, -0.4704553952033819764 ) ) ;
#3610 = VERTEX_POINT ( 'NONE', #8123 ) ;
#3609 = AXIS2_PLACEMENT_3D ( 'NONE', #6208, #2192, #9561 ) ;
#3611 = CARTESIAN_POINT ( 'NONE',  ( 99.64913408724940780, -7.529869328087566593, -4.820706962503264137 ) ) ;
#3612 = CARTESIAN_POINT ( 'NONE',  ( 75.75736027240800752, -14.00000000000030020, 13.27279124660866039 ) ) ;
#3613 = CARTESIAN_POINT ( 'NONE',  ( 90.00000000000002842, -33.58337520964456502, -95.00000000000000000 ) ) ;
#3614 = ADVANCED_FACE ( 'NONE', ( #3441 ), #5654, .F. ) ;
#3615 = ORIENTED_EDGE ( 'NONE', *, *, #1346, .T. ) ;
#3616 = AXIS2_PLACEMENT_3D ( 'NONE', #1778, #1727, #3484 ) ;
#3617 = CARTESIAN_POINT ( 'NONE',  ( 75.75736027240800752, -18.50000000000104095, 13.27279124660865506 ) ) ;
#3618 = ORIENTED_EDGE ( 'NONE', *, *, #8985, .F. ) ;
#3619 = LINE ( 'NONE', #534, #9787 ) ;
#3620 = DIRECTION ( 'NONE',  ( -0.7071067811865493491, 6.310887241768094443E-30, -0.7071067811865456854 ) ) ;
#3621 = CARTESIAN_POINT ( 'NONE',  ( 97.68985016559658163, -10.91229507811549126, -2.861423040850427313 ) ) ;
#3622 = DIRECTION ( 'NONE',  ( 0.7071067811865513475, 1.691909977029939893E-16, 0.7071067811865436870 ) ) ;
#3623 = PLANE ( 'NONE',  #5917 ) ;
#3624 = AXIS2_PLACEMENT_3D ( 'NONE', #9304, #1242, #1973 ) ;
#3625 = ORIENTED_EDGE ( 'NONE', *, *, #9939, .F. ) ;
#3626 = ORIENTED_EDGE ( 'NONE', *, *, #5370, .F. ) ;
#3627 = CARTESIAN_POINT ( 'NONE',  ( 74.41385738815340289, 15.49999999999886313, 13.34350192472748553 ) ) ;
#3628 = FACE_OUTER_BOUND ( 'NONE', #8430, .T. ) ;
#3629 = ORIENTED_EDGE ( 'NONE', *, *, #8554, .T. ) ;
#3630 = DIRECTION ( 'NONE',  ( 0.7071067811865437980, 1.904907593121592085E-15, -0.7071067811865513475 ) ) ;
#3631 = CARTESIAN_POINT ( 'NONE',  ( 90.57493772953890243, -28.01577116338915729, 4.253489395207338930 ) ) ;
#3632 = PRESENTATION_LAYER_ASSIGNMENT (  '', '', ( #8699 ) ) ;
#3633 = VERTEX_POINT ( 'NONE', #5856 ) ;
#3634 = CARTESIAN_POINT ( 'NONE',  ( 101.1952798768672892, -13.00000000000001066, -7.215380889545035537 ) ) ;
#3635 = ORIENTED_EDGE ( 'NONE', *, *, #4816, .T. ) ;
#3636 = LINE ( 'NONE', #4617, #8062 ) ;
#3637 = EDGE_CURVE ( 'NONE', #5048, #7519, #1635, .T. ) ;
#3638 = VERTEX_POINT ( 'NONE', #9753 ) ;
#3639 = CARTESIAN_POINT ( 'NONE',  ( 100.9334335098829882, -14.69140301790534764, -6.105006385136852565 ) ) ;
#3640 = AXIS2_PLACEMENT_3D ( 'NONE', #7279, #2459, #3 ) ;
#3641 = ORIENTED_EDGE ( 'NONE', *, *, #7660, .F. ) ;
#3642 = DIRECTION ( 'NONE',  ( -0.7071067811865512365, -2.775557561562891351E-16, -0.7071067811865437980 ) ) ;
#3643 = EDGE_CURVE ( 'NONE', #8688, #1908, #2483, .T. ) ;
#3644 = EDGE_CURVE ( 'NONE', #8379, #2576, #1739, .T. ) ;
#3645 = EDGE_CURVE ( 'NONE', #6776, #6900, #7414, .T. ) ;
#3646 = DIRECTION ( 'NONE',  ( 0.000000000000000000, 1.000000000000000000, 0.000000000000000000 ) ) ;
#3647 = DIRECTION ( 'NONE',  ( 0.000000000000000000, 0.6396460413685245427, 0.7686695920625297163 ) ) ;
#3648 = VECTOR ( 'NONE', #5256, 1000.000000000000000 ) ;
#3649 = CARTESIAN_POINT ( 'NONE',  ( 76.21494359530811380, 15.49999999999888090, 13.24550134812403179 ) ) ;
#3650 = DIRECTION ( 'NONE',  ( 0.000000000000000000, 1.000000000000000000, 0.000000000000000000 ) ) ;
#3651 = PLANE ( 'NONE',  #9454 ) ;
#3652 = DIRECTION ( 'NONE',  ( 1.000000000000000000, 0.000000000000000000, 0.000000000000000000 ) ) ;
#3653 = ORIENTED_EDGE ( 'NONE', *, *, #8692, .F. ) ;
#3654 = CARTESIAN_POINT ( 'NONE',  ( 96.74411681578455102, -16.48455183905596400, -2.764217828462042004 ) ) ;
#3655 = EDGE_LOOP ( 'NONE', ( #7930, #7188, #8848, #5158 ) ) ;
#3656 = DIRECTION ( 'NONE',  ( 0.7071067811865513475, 1.691909977029939400E-16, 0.7071067811865436870 ) ) ;
#3657 = CARTESIAN_POINT ( 'NONE',  ( 102.8898034885497879, -13.23750878621948068, -8.909904501227542184 ) ) ;
#3658 = ORIENTED_EDGE ( 'NONE', *, *, #4019, .T. ) ;
#3659 = DIRECTION ( 'NONE',  ( -1.000000000000000000, -5.578232639531845213E-15, 0.000000000000000000 ) ) ;
#3660 = CARTESIAN_POINT ( 'NONE',  ( 105.5302420491654800, -13.32181596742723606, -11.55034306184327875 ) ) ;
#3661 = AXIS2_PLACEMENT_3D ( 'NONE', #5726, #487, #5401 ) ;
#3662 = VERTEX_POINT ( 'NONE', #1789 ) ;
#3663 = VERTEX_POINT ( 'NONE', #1162 ) ;
#3664 = CARTESIAN_POINT ( 'NONE',  ( 101.7214814446895872, -6.529575309756275203, -6.893054319943482611 ) ) ;
#3665 = CARTESIAN_POINT ( 'NONE',  ( 111.8904139806818563, 22.12720779386423331, 1.048783420339139516 ) ) ;
#3666 = FACE_OUTER_BOUND ( 'NONE', #4996, .T. ) ;
#3667 = VECTOR ( 'NONE', #4086, 1000.000000000000000 ) ;
#3668 = ORIENTED_EDGE ( 'NONE', *, *, #8440, .T. ) ;
#3669 = DIRECTION ( 'NONE',  ( -0.7071067811865513475, -1.691909977029939647E-16, -0.7071067811865437980 ) ) ;
#3670 = CARTESIAN_POINT ( 'NONE',  ( 98.05525128526190315, -11.34900446756578596, -3.226824160515751494 ) ) ;
#3671 = EDGE_CURVE ( 'NONE', #9645, #9600, #1325, .T. ) ;
#3672 = ORIENTED_EDGE ( 'NONE', *, *, #4590, .T. ) ;
#3673 = FACE_OUTER_BOUND ( 'NONE', #9317, .T. ) ;
#3674 = AXIS2_PLACEMENT_3D ( 'NONE', #1227, #4557, #6836 ) ;
#3675 = LINE ( 'NONE', #3516, #9094 ) ;
#3676 = DIRECTION ( 'NONE',  ( 0.7071067811865513475, 1.691909977029939893E-16, 0.7071067811865437980 ) ) ;
#3677 = CARTESIAN_POINT ( 'NONE',  ( 103.9884503625455920, -9.460148610354735865, -10.00855137522336413 ) ) ;
#3678 = CARTESIAN_POINT ( 'NONE',  ( 104.4249783362055410, 8.200000000000004619, -10.44507934888330780 ) ) ;
#3679 = ORIENTED_EDGE ( 'NONE', *, *, #3302, .T. ) ;
#3680 = VECTOR ( 'NONE', #1157, 1000.000000000000000 ) ;
#3681 = CARTESIAN_POINT ( 'NONE',  ( 106.5462986797651723, 10.00000000000001066, -11.71787155501909972 ) ) ;
#3682 = ADVANCED_FACE ( 'NONE', ( #1108 ), #9327, .F. ) ;
#3683 = DIRECTION ( 'NONE',  ( 0.7071067811865437980, 4.329299058870695653E-15, -0.7071067811865513475 ) ) ;
#3684 = CARTESIAN_POINT ( 'NONE',  ( 90.60660267732536965, -20.50000000000091305, -3.273507433156548352 ) ) ;
#3685 = EDGE_CURVE ( 'NONE', #3834, #5937, #7236, .T. ) ;
#3686 = ORIENTED_EDGE ( 'NONE', *, *, #2920, .F. ) ;
#3687 = CARTESIAN_POINT ( 'NONE',  ( 103.6341739266152331, -18.06636462421508327, -9.654274939292887936 ) ) ;
#3688 = ORIENTED_EDGE ( 'NONE', *, *, #4015, .T. ) ;
#3689 = PLANE ( 'NONE',  #10094 ) ;
#3690 = VECTOR ( 'NONE', #3159, 1000.000000000000000 ) ;
#3691 = AXIS2_PLACEMENT_3D ( 'NONE', #1390, #4607, #6261 ) ;
#3692 = EDGE_LOOP ( 'NONE', ( #1836, #1779, #2086, #3152 ) ) ;
#3693 = CARTESIAN_POINT ( 'NONE',  ( 47.41421356237359674, 1.134490336022446682E-14, 47.41421356237309936 ) ) ;
#3694 = EDGE_LOOP ( 'NONE', ( #5171, #513, #479, #6134 ) ) ;
#3695 = VECTOR ( 'NONE', #3071, 1000.000000000000000 ) ;
#3696 = CARTESIAN_POINT ( 'NONE',  ( 106.9705627484770929, 10.60000000000001030, -12.14213562373103805 ) ) ;
#3697 = AXIS2_PLACEMENT_3D ( 'NONE', #7282, #3313, #2525 ) ;
#3698 = CARTESIAN_POINT ( 'NONE',  ( 97.44720172272327829, -15.11136301436272156, -2.618774597977227447 ) ) ;
#3699 = ADVANCED_FACE ( 'NONE', ( #5231 ), #5916, .T. ) ;
#3700 = VECTOR ( 'NONE', #3930, 1000.000000000000114 ) ;
#3701 = ADVANCED_FACE ( 'NONE', ( #10131 ), #7572, .T. ) ;
#3702 = AXIS2_PLACEMENT_3D ( 'NONE', #9258, #9910, #9964 ) ;
#3703 = CARTESIAN_POINT ( 'NONE',  ( 90.36479467204519267, 28.00000001270075956, 4.463632452701031816 ) ) ;
#3704 = CARTESIAN_POINT ( 'NONE',  ( 99.01279065525839940, -13.21736593663911741, -5.032891667936032931 ) ) ;
#3705 = VECTOR ( 'NONE', #1691, 1000.000000000000000 ) ;
#3706 = ADVANCED_FACE ( 'NONE', ( #4435 ), #8526, .F. ) ;
#3707 = VECTOR ( 'NONE', #8249, 1000.000000000000000 ) ;
#3708 = CARTESIAN_POINT ( 'NONE',  ( 101.2870179104178021, -5.806184949683045105, -7.307118923095532459 ) ) ;
#3709 = EDGE_CURVE ( 'NONE', #7795, #3811, #6770, .T. ) ;
#3710 = EDGE_CURVE ( 'NONE', #3354, #8627, #5967, .T. ) ;
#3711 = CARTESIAN_POINT ( 'NONE',  ( 56.05887450304557262, 24.76309943649528478, 1.999999999999600098 ) ) ;
#3712 = CARTESIAN_POINT ( 'NONE',  ( 102.3906661202183130, -18.19084692207944443, -7.562238995472208458 ) ) ;
#3713 = VERTEX_POINT ( 'NONE', #4392 ) ;
#3714 = DIRECTION ( 'NONE',  ( -0.7071067811865214825, -3.603391300128561104E-14, -0.7071067811865735520 ) ) ;
#3715 = VERTEX_POINT ( 'NONE', #6079 ) ;
#3716 = FACE_OUTER_BOUND ( 'NONE', #6161, .T. ) ;
#3717 = DIRECTION ( 'NONE',  ( 0.5400764004494305048, -0.6454726666212867725, -0.5400764004494100767 ) ) ;
#3718 = AXIS2_PLACEMENT_3D ( 'NONE', #441, #9900, #4265 ) ;
#3719 = ORIENTED_EDGE ( 'NONE', *, *, #5107, .F. ) ;
#3720 = VECTOR ( 'NONE', #4301, 1000.000000000000114 ) ;
#3721 = CARTESIAN_POINT ( 'NONE',  ( 105.2969434160950470, -13.02812432834024570, -10.46851629134906680 ) ) ;
#3722 = EDGE_LOOP ( 'NONE', ( #5280, #2981, #10474, #5355, #3995, #3204, #1398 ) ) ;
#3723 = B_SPLINE_SURFACE_WITH_KNOTS ( 'NONE', 3, 1, ( 
 ( #3126, #3021 ),
 ( #10286, #1428 ),
 ( #1481, #7846 ),
 ( #10392, #4704 ),
 ( #4027, #628 ),
 ( #7249, #8010 ),
 ( #4749, #7039 ),
 ( #6296, #9496 ) ),
 .UNSPECIFIED., .F., .F., .F.,
 ( 4, 1, 1, 1, 1, 4 ),
 ( 2, 2 ),
 ( 0.000000000000000000, 0.1782573703587648772, 0.3494658574888978020, 0.5207024417209522582, 0.6770102187256243909, 1.000000000000000000 ),
 ( 0.000000000000000000, 1.000000000000000000 ),
 .UNSPECIFIED. ) ;
#3724 = ORIENTED_EDGE ( 'NONE', *, *, #6006, .F. ) ;
#3725 = ADVANCED_FACE ( 'NONE', ( #404 ), #1213, .F. ) ;
#3726 = CARTESIAN_POINT ( 'NONE',  ( 56.64466094067247326, 24.00000000000001066, 2.585786437626906409 ) ) ;
#3727 = DIRECTION ( 'NONE',  ( 0.000000000000000000, -8.057240886663300191E-16, -1.000000000000000000 ) ) ;
#3728 = CARTESIAN_POINT ( 'NONE',  ( 103.2228968081883806, -4.476833408784438070E-14, -9.242997820866163394 ) ) ;
#3729 = ORIENTED_EDGE ( 'NONE', *, *, #3901, .T. ) ;
#3730 = CARTESIAN_POINT ( 'NONE',  ( 106.1220346110532375, 10.00000000000001066, -12.14213562373102384 ) ) ;
#3731 = CARTESIAN_POINT ( 'NONE',  ( 104.9299979977840991, -17.83185802076771154, -10.10157087303803536 ) ) ;
#3732 =( BOUNDED_CURVE ( )  B_SPLINE_CURVE ( 3, ( #5128, #1066, #473, #3726 ),
 .UNSPECIFIED., .F., .F. ) 
 B_SPLINE_CURVE_WITH_KNOTS ( ( 4, 4 ),
 ( 1.570796326794896336, 3.141592653589793560 ),
 .UNSPECIFIED. ) 
 CURVE ( )  GEOMETRIC_REPRESENTATION_ITEM ( )  RATIONAL_B_SPLINE_CURVE ( ( 1.000000000000000000, 0.8047378541243649375, 0.8047378541243649375, 1.000000000000000000 ) ) 
 REPRESENTATION_ITEM ( '' )  );
#3733 = ORIENTED_EDGE ( 'NONE', *, *, #7581, .F. ) ;
#3734 = CARTESIAN_POINT ( 'NONE',  ( 103.0107647738324204, 19.40000000000000924, -9.030865786510169357 ) ) ;
#3735 = DIRECTION ( 'NONE',  ( -0.7071067811865475727, 0.000000000000000000, -0.7071067811865475727 ) ) ;
#3736 = CARTESIAN_POINT ( 'NONE',  ( 82.00000000000001421, -36.99999999999998579, 2.000000000000000000 ) ) ;
#3737 = DIRECTION ( 'NONE',  ( -0.000000000000000000, -1.000000000000000000, -0.000000000000000000 ) ) ;
#3738 = DIRECTION ( 'NONE',  ( 0.000000000000000000, 1.000000000000000000, -0.000000000000000000 ) ) ;
#3739 = FACE_OUTER_BOUND ( 'NONE', #9137, .T. ) ;
#3740 = LINE ( 'NONE', #6951, #1737 ) ;
#3741 = ORIENTED_EDGE ( 'NONE', *, *, #2517, .T. ) ;
#3742 = CARTESIAN_POINT ( 'NONE',  ( 103.7607647738324204, 22.33933982822017228, -9.780865786510192450 ) ) ;
#3743 = CARTESIAN_POINT ( 'NONE',  ( 92.25382577754781721, -28.01574602870724107, 2.574601347198413936 ) ) ;
#3744 = ORIENTED_EDGE ( 'NONE', *, *, #9145, .T. ) ;
#3745 = CARTESIAN_POINT ( 'NONE',  ( 106.3695219844685340, -2.999999999999983569, -15.78373554684171509 ) ) ;
#3746 = EDGE_LOOP ( 'NONE', ( #103, #8556, #2038, #174 ) ) ;
#3747 = CARTESIAN_POINT ( 'NONE',  ( 113.4803634743430365, 9.664066052554730391, -0.5411660733220490238 ) ) ;
#3748 = EDGE_CURVE ( 'NONE', #1986, #546, #1897, .T. ) ;
#3749 = ORIENTED_EDGE ( 'NONE', *, *, #10056, .F. ) ;
#3750 = FACE_OUTER_BOUND ( 'NONE', #4584, .T. ) ;
#3751 = ORIENTED_EDGE ( 'NONE', *, *, #5312, .T. ) ;
#3752 = ADVANCED_FACE ( 'NONE', ( #3716 ), #3555, .T. ) ;
#3753 = DIRECTION ( 'NONE',  ( 0.7071067811865513475, 1.691909977029937675E-16, 0.7071067811865436870 ) ) ;
#3754 = EDGE_CURVE ( 'NONE', #9223, #1680, #9970, .T. ) ;
#3755 = CARTESIAN_POINT ( 'NONE',  ( 98.20243866176394931, 8.200000000000002842, -3.374011537017801210 ) ) ;
#3756 = CARTESIAN_POINT ( 'NONE',  ( 90.96268417001533635, 28.88566374069308296, 3.865742954729622038 ) ) ;
#3757 = CARTESIAN_POINT ( 'NONE',  ( 98.38505822201254603, -17.96349225131559990, -4.405159234690260384 ) ) ;
#3758 = CARTESIAN_POINT ( 'NONE',  ( 102.7791110087745210, -18.48695981420894796, -8.799212021452291310 ) ) ;
#3759 = CARTESIAN_POINT ( 'NONE',  ( 55.48810473530439680, 25.83223519302580584, 1.999999999999996669 ) ) ;
#3760 = CARTESIAN_POINT ( 'NONE',  ( 103.2228968081884091, 22.67573593128805243, -9.242997820866165171 ) ) ;
#3761 = EDGE_LOOP ( 'NONE', ( #10337, #7215, #3440, #8956, #4492, #9723, #6250, #9989, #9668, #3744, #5230, #1378, #9498, #3142, #10257, #3014 ) ) ;
#3762 = CARTESIAN_POINT ( 'NONE',  ( 99.69962553755330248, -13.49216445527318164, -4.871198412807198785 ) ) ;
#3763 = ORIENTED_EDGE ( 'NONE', *, *, #438, .F. ) ;
#3764 = CARTESIAN_POINT ( 'NONE',  ( 82.00000000000001421, -28.53337520964457141, 0.000000000000000000 ) ) ;
#3765 = CARTESIAN_POINT ( 'NONE',  ( 104.3045858428642703, -17.39975506580979214, -9.476158718118208313 ) ) ;
#3766 = ORIENTED_EDGE ( 'NONE', *, *, #6528, .T. ) ;
#3767 = CARTESIAN_POINT ( 'NONE',  ( 99.89949493661166002, 15.45147186257616845, -5.919595949289384151 ) ) ;
#3768 = ORIENTED_EDGE ( 'NONE', *, *, #7385, .F. ) ;
#3769 = ORIENTED_EDGE ( 'NONE', *, *, #8598, .F. ) ;
#3770 = FACE_OUTER_BOUND ( 'NONE', #6591, .T. ) ;
#3771 = LINE ( 'NONE', #9439, #1335 ) ;
#3772 = AXIS2_PLACEMENT_3D ( 'NONE', #2515, #9781, #215 ) ;
#3773 = EDGE_CURVE ( 'NONE', #2362, #6046, #354, .T. ) ;
#3774 = ORIENTED_EDGE ( 'NONE', *, *, #9677, .F. ) ;
#3775 = EDGE_CURVE ( 'NONE', #2534, #8007, #2695, .T. ) ;
#3776 = EDGE_CURVE ( 'NONE', #4077, #3875, #745, .T. ) ;
#3777 = ADVANCED_FACE ( 'NONE', ( #2799 ), #2005, .F. ) ;
#3778 = LINE ( 'NONE', #6995, #5468 ) ;
#3779 = CARTESIAN_POINT ( 'NONE',  ( 101.1198416596845107, -17.15322309509430099, -6.291414534938392755 ) ) ;
#3780 = VECTOR ( 'NONE', #3753, 1000.000000000000000 ) ;
#3781 = ORIENTED_EDGE ( 'NONE', *, *, #1679, .F. ) ;
#3782 = DIRECTION ( 'NONE',  ( 0.7071067811865436870, 2.180683970393785403E-15, -0.7071067811865514585 ) ) ;
#3783 = LINE ( 'NONE', #2974, #5529 ) ;
#3784 = LINE ( 'NONE', #1186, #2460 ) ;
#3785 = CARTESIAN_POINT ( 'NONE',  ( 101.2773123959168373, 17.40000000000001634, -7.297413408594585427 ) ) ;
#3786 = AXIS2_PLACEMENT_3D ( 'NONE', #9614, #4764, #3987 ) ;
#3787 = CARTESIAN_POINT ( 'NONE',  ( 100.7823376490862586, 16.15147186257616951, -6.802438661764006689 ) ) ;
#3788 = DIRECTION ( 'NONE',  ( 0.7071067811865513475, 1.691909977029939893E-16, 0.7071067811865436870 ) ) ;
#3789 = CARTESIAN_POINT ( 'NONE',  ( 91.19048762183980728, -28.87827130360957639, 3.637939502905358058 ) ) ;
#3790 = ORIENTED_EDGE ( 'NONE', *, *, #47, .F. ) ;
#3791 = CARTESIAN_POINT ( 'NONE',  ( 104.2512805814348695, -17.91558613573772618, -10.27138159411255280 ) ) ;
#3792 = ORIENTED_EDGE ( 'NONE', *, *, #8536, .T. ) ;
#3793 = DIRECTION ( 'NONE',  ( 0.7071067811865513475, 1.691909977029939400E-16, 0.7071067811865436870 ) ) ;
#3794 = VERTEX_POINT ( 'NONE', #727 ) ;
#3795 = CARTESIAN_POINT ( 'NONE',  ( 104.4385797148871546, -9.230980157769057115, -10.45868072756491607 ) ) ;
#3796 = DIRECTION ( 'NONE',  ( -0.7071067811865444641, 0.000000000000000000, 0.7071067811865506814 ) ) ;
#3797 = CARTESIAN_POINT ( 'NONE',  ( 89.00000000000001421, 31.00000000000002132, 2.000000000000000000 ) ) ;
#3798 = EDGE_CURVE ( 'NONE', #10390, #4947, #7837, .T. ) ;
#3799 = CARTESIAN_POINT ( 'NONE',  ( 97.08574042738948151, -15.40889382311539180, -3.105841440067178993 ) ) ;
#3800 = CARTESIAN_POINT ( 'NONE',  ( 98.27314933988262169, 15.00000000000001243, -3.444722215136456711 ) ) ;
#3801 = CARTESIAN_POINT ( 'NONE',  ( 101.2870179104179300, -5.806184949683045105, -7.307118923095408114 ) ) ;
#3802 = LINE ( 'NONE', #2312, #3169 ) ;
#3803 = ORIENTED_EDGE ( 'NONE', *, *, #5883, .F. ) ;
#3804 = DIRECTION ( 'NONE',  ( 0.7071067811865513475, 0.000000000000000000, 0.7071067811865436870 ) ) ;
#3805 = ORIENTED_EDGE ( 'NONE', *, *, #10174, .F. ) ;
#3806 = DIRECTION ( 'NONE',  ( 0.000000000000000000, 0.000000000000000000, -1.000000000000000000 ) ) ;
#3807 = CARTESIAN_POINT ( 'NONE',  ( 97.26558609688466106, -10.91229507811548949, -3.285687109562347885 ) ) ;
#3808 = ORIENTED_EDGE ( 'NONE', *, *, #2915, .T. ) ;
#3809 = VECTOR ( 'NONE', #7386, 1000.000000000000114 ) ;
#3810 = CARTESIAN_POINT ( 'NONE',  ( 90.15493343562337714, 28.00000000000001776, 4.673493689122863337 ) ) ;
#3811 = VERTEX_POINT ( 'NONE', #617 ) ;
#3812 = ORIENTED_EDGE ( 'NONE', *, *, #6643, .F. ) ;
#3813 = CARTESIAN_POINT ( 'NONE',  ( 104.5223446228880988, -13.15615792883040314, -10.54244563556590997 ) ) ;
#3814 = CARTESIAN_POINT ( 'NONE',  ( 102.9713117230515707, -7.511631173923678517, -8.142884598305506927 ) ) ;
#3815 = DIRECTION ( 'NONE',  ( 0.7071067811865778818, 0.000000000000000000, -0.7071067811865171526 ) ) ;
#3816 = EDGE_LOOP ( 'NONE', ( #2196, #7058, #2530, #7689 ) ) ;
#3817 = VECTOR ( 'NONE', #2189, 1000.000000000000000 ) ;
#3818 = CARTESIAN_POINT ( 'NONE',  ( 96.98701425385263519, -16.01393618834264032, -2.158587129106464886 ) ) ;
#3819 = LINE ( 'NONE', #7042, #957 ) ;
#3820 = ADVANCED_FACE ( 'NONE', ( #3859 ), #2218, .F. ) ;
#3821 = ORIENTED_EDGE ( 'NONE', *, *, #9315, .T. ) ;
#3822 = CARTESIAN_POINT ( 'NONE',  ( 41.73333539013160731, 27.00000000000000355, -102.8352071047914080 ) ) ;
#3823 = CARTESIAN_POINT ( 'NONE',  ( 104.4385797148871546, -9.230980157769057115, -10.45868072756492317 ) ) ;
#3824 = EDGE_CURVE ( 'NONE', #4552, #7765, #5433, .T. ) ;
#3825 = ADVANCED_FACE ( 'NONE', ( #3168, #3965, #676, #9428, #5480, #8672, #4793, #6337, #1374, #1420, #4635, #7132, #8054, #4690 ), #3914, .F. ) ;
#3826 = CARTESIAN_POINT ( 'NONE',  ( 74.48456806627221738, -14.00000000000029488, 14.54558345274450559 ) ) ;
#3827 = CIRCLE ( 'NONE', #1120, 0.8500000000000170752 ) ;
#3828 = ADVANCED_FACE ( 'NONE', ( #4587 ), #2264, .F. ) ;
#3829 = CARTESIAN_POINT ( 'NONE',  ( 97.58319749354276951, -12.15039280264173982, -3.603298506220466102 ) ) ;
#3830 = ORIENTED_EDGE ( 'NONE', *, *, #4226, .F. ) ;
#3831 = CARTESIAN_POINT ( 'NONE',  ( 82.00000000000001421, 36.99999999999998579, 2.000000000000000000 ) ) ;
#3832 = FACE_OUTER_BOUND ( 'NONE', #9485, .T. ) ;
#3833 = AXIS2_PLACEMENT_3D ( 'NONE', #10346, #4709, #3929 ) ;
#3834 = VERTEX_POINT ( 'NONE', #7889 ) ;
#3835 = DIRECTION ( 'NONE',  ( -0.7071067811865514585, -2.775557561562890858E-16, -0.7071067811865437980 ) ) ;
#3836 = ORIENTED_EDGE ( 'NONE', *, *, #5818, .F. ) ;
#3837 = LINE ( 'NONE', #7063, #939 ) ;
#3838 = EDGE_CURVE ( 'NONE', #7668, #619, #8633, .T. ) ;
#3839 = ORIENTED_EDGE ( 'NONE', *, *, #845, .F. ) ;
#3840 = LINE ( 'NONE', #1453, #2184 ) ;
#3841 = VERTEX_POINT ( 'NONE', #567 ) ;
#3842 = AXIS2_PLACEMENT_3D ( 'NONE', #9432, #10338, #4550 ) ;
#3843 = CARTESIAN_POINT ( 'NONE',  ( 90.00000000000001421, 25.53282984317192827, -54.31812848962425733 ) ) ;
#3844 = CYLINDRICAL_SURFACE ( 'NONE', #5655, 1.000000000000000888 ) ;
#3845 = VECTOR ( 'NONE', #4171, 1000.000000000000000 ) ;
#3846 = VECTOR ( 'NONE', #6946, 1000.000000000000000 ) ;
#3847 = CARTESIAN_POINT ( 'NONE',  ( 86.71751538079944055, -20.50000000000091305, 0.6155798633694075095 ) ) ;
#3848 = CARTESIAN_POINT ( 'NONE',  ( 91.63793950290219925, 28.87827130360807004, 3.190487621841298527 ) ) ;
#3849 = AXIS2_PLACEMENT_3D ( 'NONE', #6162, #547, #1297 ) ;
#3850 = CARTESIAN_POINT ( 'NONE',  ( 97.73470596954327050, -17.30323551056566700, -3.754806982220940892 ) ) ;
#3851 = VECTOR ( 'NONE', #10510, 1000.000000000000000 ) ;
#3852 = DIRECTION ( 'NONE',  ( -0.7071067811865454633, 0.000000000000000000, 0.7071067811865495711 ) ) ;
#3853 = CARTESIAN_POINT ( 'NONE',  ( 62.53877045683150016, 30.81780873603544535, 1.999999999999996669 ) ) ;
#3854 = CARTESIAN_POINT ( 'NONE',  ( 89.00000000000001421, 36.99999999999999289, 2.000000000000000000 ) ) ;
#3855 = EDGE_LOOP ( 'NONE', ( #120, #2778, #2905, #643 ) ) ;
#3856 =( NAMED_UNIT ( * ) PLANE_ANGLE_UNIT ( ) SI_UNIT ( $, .RADIAN. ) );
#3857 = PRODUCT_DEFINITION_FORMATION_WITH_SPECIFIED_SOURCE ( 'ANY', '', #7688, .NOT_KNOWN. ) ;
#3858 = ORIENTED_EDGE ( 'NONE', *, *, #4816, .F. ) ;
#3859 = FACE_OUTER_BOUND ( 'NONE', #7836, .T. ) ;
#3860 = VECTOR ( 'NONE', #1796, 1000.000000000000000 ) ;
#3861 = CARTESIAN_POINT ( 'NONE',  ( 91.20466509494769980, -28.05775754848274062, 3.623762029798524686 ) ) ;
#3862 = ORIENTED_EDGE ( 'NONE', *, *, #9634, .T. ) ;
#3863 = AXIS2_PLACEMENT_3D ( 'NONE', #4741, #7030, #5538 ) ;
#3864 = DIRECTION ( 'NONE',  ( 0.7071067811865513475, 1.691909977029939893E-16, 0.7071067811865436870 ) ) ;
#3865 = AXIS2_PLACEMENT_3D ( 'NONE', #2928, #10155, #10038 ) ;
#3866 = ORIENTED_EDGE ( 'NONE', *, *, #6356, .F. ) ;
#3867 = ORIENTED_EDGE ( 'NONE', *, *, #5371, .T. ) ;
#3868 = VECTOR ( 'NONE', #4005, 1000.000000000000114 ) ;
#3869 = DIRECTION ( 'NONE',  ( 0.000000000000000000, 0.000000000000000000, -1.000000000000000000 ) ) ;
#3870 = CARTESIAN_POINT ( 'NONE',  ( 106.1220346110532375, 10.60000000000001208, -12.14213562373103095 ) ) ;
#3871 = EDGE_CURVE ( 'NONE', #3943, #3167, #631, .T. ) ;
#3872 = FILL_AREA_STYLE ('',( #5490 ) ) ;
#3873 = AXIS2_PLACEMENT_3D ( 'NONE', #750, #5402, #8647 ) ;
#3874 = EDGE_CURVE ( 'NONE', #10079, #4164, #8797, .T. ) ;
#3875 = VERTEX_POINT ( 'NONE', #3010 ) ;
#3876 = UNCERTAINTY_MEASURE_WITH_UNIT (LENGTH_MEASURE( 1.000000000000000082E-05 ), #75, 'distance_accuracy_value', 'NONE');
#3877 = CARTESIAN_POINT ( 'NONE',  ( 102.2607647738324204, 22.33933982822020070, -8.280865786510153370 ) ) ;
#3878 = ORIENTED_EDGE ( 'NONE', *, *, #3023, .F. ) ;
#3879 = AXIS2_PLACEMENT_3D ( 'NONE', #2626, #2836, #6065 ) ;
#3880 = DIRECTION ( 'NONE',  ( 0.7071067811865436870, 1.099064721078642267E-14, -0.7071067811865513475 ) ) ;
#3881 = LINE ( 'NONE', #589, #2318 ) ;
#3882 = CARTESIAN_POINT ( 'NONE',  ( 113.9046275430549855, 9.664066052554730391, -0.9654301420339954642 ) ) ;
#3883 = FACE_OUTER_BOUND ( 'NONE', #7509, .T. ) ;
#3884 = ORIENTED_EDGE ( 'NONE', *, *, #3588, .T. ) ;
#3885 = EDGE_CURVE ( 'NONE', #7429, #5671, #2373, .T. ) ;
#3886 = DIRECTION ( 'NONE',  ( 0.7071067811865507924, -6.661338147750937270E-16, 0.7071067811865443531 ) ) ;
#3887 = ORIENTED_EDGE ( 'NONE', *, *, #5073, .F. ) ;
#3888 = CARTESIAN_POINT ( 'NONE',  ( 105.9099025766972915, 3.000000000000013323, -13.90990257669744423 ) ) ;
#3889 = AXIS2_PLACEMENT_3D ( 'NONE', #8603, #9348, #4508 ) ;
#3890 = LINE ( 'NONE', #10357, #6341 ) ;
#3891 = EDGE_CURVE ( 'NONE', #9844, #7090, #7186, .T. ) ;
#3892 = CARTESIAN_POINT ( 'NONE',  ( 102.9885518595074529, -17.20777669025232015, -8.160124734761527776 ) ) ;
#3893 = CARTESIAN_POINT ( 'NONE',  ( 102.7986327394764317, -4.476833408784438070E-14, -8.818733752154209071 ) ) ;
#3894 = CARTESIAN_POINT ( 'NONE',  ( 102.0901573467554755, -5.819364924317196319, -7.261730222009383340 ) ) ;
#3895 = ORIENTED_EDGE ( 'NONE', *, *, #7958, .T. ) ;
#3896 = ORIENTED_EDGE ( 'NONE', *, *, #8629, .T. ) ;
#3897 = LINE ( 'NONE', #503, #1670 ) ;
#3898 = ORIENTED_EDGE ( 'NONE', *, *, #7987, .F. ) ;
#3899 = EDGE_CURVE ( 'NONE', #403, #10429, #8000, .T. ) ;
#3900 = DIRECTION ( 'NONE',  ( -0.7071067811865454633, 0.000000000000000000, 0.7071067811865495711 ) ) ;
#3901 = EDGE_CURVE ( 'NONE', #9683, #6882, #2956, .T. ) ;
#3902 = CARTESIAN_POINT ( 'NONE',  ( 87.85000000000002274, -33.58337520964455791, 0.000000000000000000 ) ) ;
#3903 = EDGE_CURVE ( 'NONE', #7997, #6810, #10431, .T. ) ;
#3904 = ADVANCED_FACE ( 'NONE', ( #9903 ), #4162, .T. ) ;
#3905 = CARTESIAN_POINT ( 'NONE',  ( 92.46334646599588325, 28.00000001280313455, 2.365080658750325249 ) ) ;
#3906 = EDGE_LOOP ( 'NONE', ( #8977, #4810, #4261, #7653 ) ) ;
#3907 = CARTESIAN_POINT ( 'NONE',  ( 97.07377771198241589, -14.83831828449749679, -3.093878724660047652 ) ) ;
#3908 = CARTESIAN_POINT ( 'NONE',  ( 105.6977705423412601, 3.000000000000011990, -21.19310242291886581 ) ) ;
#3909 = DIRECTION ( 'NONE',  ( -1.000000000000000000, 0.000000000000000000, 0.000000000000000000 ) ) ;
#3910 = FACE_BOUND ( 'NONE', #8839, .T. ) ;
#3911 = ORIENTED_EDGE ( 'NONE', *, *, #6151, .T. ) ;
#3912 = CARTESIAN_POINT ( 'NONE',  ( 98.45295608438355828, -18.01831877851650532, -4.473057097061257537 ) ) ;
#3913 = ORIENTED_EDGE ( 'NONE', *, *, #9796, .T. ) ;
#3914 = PLANE ( 'NONE',  #7068 ) ;
#3915 = CARTESIAN_POINT ( 'NONE',  ( 103.9693969003384950, -9.007425705138800254, -9.989497913016169406 ) ) ;
#3916 = ORIENTED_EDGE ( 'NONE', *, *, #10171, .F. ) ;
#3917 = CARTESIAN_POINT ( 'NONE',  ( 78.37365536279824596, -14.00000000000016698, 10.65649615621842905 ) ) ;
#3918 = CARTESIAN_POINT ( 'NONE',  ( 101.7749094238126446, -6.762415723912965859, -7.795010436490416694 ) ) ;
#3919 = LINE ( 'NONE', #7191, #1807 ) ;
#3920 = ORIENTED_EDGE ( 'NONE', *, *, #6322, .T. ) ;
#3921 = ORIENTED_EDGE ( 'NONE', *, *, #5239, .F. ) ;
#3922 = DIRECTION ( 'NONE',  ( 1.000000000000000000, 9.376883653928788436E-17, -8.792594705931599824E-33 ) ) ;
#3923 = CARTESIAN_POINT ( 'NONE',  ( 100.5025665088975160, -11.31398825372005668, -6.522667521575258753 ) ) ;
#3924 = FILL_AREA_STYLE ('',( #579 ) ) ;
#3925 = CARTESIAN_POINT ( 'NONE',  ( 105.7814602361296323, -17.16669888734009675, -10.95303311138358460 ) ) ;
#3926 = ORIENTED_EDGE ( 'NONE', *, *, #1305, .T. ) ;
#3927 = DIRECTION ( 'NONE',  ( -0.7071067811865513475, -1.691909977029939647E-16, -0.7071067811865437980 ) ) ;
#3928 = APPLICATION_CONTEXT ( 'automotive_design' ) ;
#3929 = DIRECTION ( 'NONE',  ( -0.7071067811865415775, 0.000000000000000000, 0.7071067811865535679 ) ) ;
#3930 = DIRECTION ( 'NONE',  ( -0.6955882829722299654, -0.1797606218933666955, 0.6955882829722299654 ) ) ;
#3931 = EDGE_CURVE ( 'NONE', #7649, #8706, #7397, .T. ) ;
#3932 = DIRECTION ( 'NONE',  ( 0.7071067811865475727, 0.000000000000000000, 0.7071067811865475727 ) ) ;
#3933 = FACE_OUTER_BOUND ( 'NONE', #9006, .T. ) ;
#3934 = CYLINDRICAL_SURFACE ( 'NONE', #10147, 1.300000000000006040 ) ;
#3935 = ORIENTED_EDGE ( 'NONE', *, *, #2531, .F. ) ;
#3936 = DIRECTION ( 'NONE',  ( 0.7071067811865520136, -8.881784197001254296E-16, 0.7071067811865431318 ) ) ;
#3937 = VERTEX_POINT ( 'NONE', #880 ) ;
#3938 = AXIS2_PLACEMENT_3D ( 'NONE', #1933, #3594, #2895 ) ;
#3939 = FACE_OUTER_BOUND ( 'NONE', #3334, .T. ) ;
#3940 = CARTESIAN_POINT ( 'NONE',  ( 104.1850288425443551, 22.33933982822017228, -9.356601717798266549 ) ) ;
#3941 = VERTEX_POINT ( 'NONE', #2577 ) ;
#3942 = CARTESIAN_POINT ( 'NONE',  ( 104.9986555687504364, -17.05437323195199539, -10.17022844400452364 ) ) ;
#3943 = VERTEX_POINT ( 'NONE', #177 ) ;
#3944 = DIRECTION ( 'NONE',  ( 0.000000000000000000, 0.5773502691896319483, -0.8164965809277217046 ) ) ;
#3945 = AXIS2_PLACEMENT_3D ( 'NONE', #7812, #2237, #541 ) ;
#3946 = ORIENTED_EDGE ( 'NONE', *, *, #9003, .T. ) ;
#3947 = EDGE_LOOP ( 'NONE', ( #3812, #6422, #1212, #6184 ) ) ;
#3948 = CARTESIAN_POINT ( 'NONE',  ( 90.25304928673203619, 21.49999999999898392, -2.495689973851338284 ) ) ;
#3949 = CARTESIAN_POINT ( 'NONE',  ( 91.62983259169686789, 28.86986338288317810, -47.71847913284315723 ) ) ;
#3950 = CARTESIAN_POINT ( 'NONE',  ( 91.62179436959851841, -29.01225850744662793, 1.938797806049161299 ) ) ;
#3951 = AXIS2_PLACEMENT_3D ( 'NONE', #506, #3646, #4382 ) ;
#3952 = CARTESIAN_POINT ( 'NONE',  ( 100.3237590053235806, 10.00000000000001243, -5.495331880577457362 ) ) ;
#3953 = EDGE_CURVE ( 'NONE', #3941, #5518, #3318, .T. ) ;
#3954 = EDGE_LOOP ( 'NONE', ( #2934, #4331, #2810, #3895 ) ) ;
#3955 = CARTESIAN_POINT ( 'NONE',  ( 99.39932641932084323, -17.17437114239101348, -5.419427431998598443 ) ) ;
#3956 = DIRECTION ( 'NONE',  ( -0.000000000000000000, -0.000000000000000000, -1.000000000000000000 ) ) ;
#3957 = CARTESIAN_POINT ( 'NONE',  ( 109.4454364826299724, 23.00000000000001421, -17.44543648263016777 ) ) ;
#3958 = DIRECTION ( 'NONE',  ( 0.3535533905932235488, -0.8660254037844363761, -0.3535533905933297416 ) ) ;
#3959 = CARTESIAN_POINT ( 'NONE',  ( 97.58273427082187368, -14.08861376026648848, -2.754307146075732682 ) ) ;
#3960 = EDGE_CURVE ( 'NONE', #4552, #5202, #5278, .T. ) ;
#3961 = AXIS2_PLACEMENT_3D ( 'NONE', #3742, #2087, #8551 ) ;
#3962 = VERTEX_POINT ( 'NONE', #8198 ) ;
#3963 = ADVANCED_FACE ( 'NONE', ( #995 ), #2528, .F. ) ;
#3964 = ADVANCED_FACE ( 'NONE', ( #9100 ), #4938, .F. ) ;
#3965 = FACE_BOUND ( 'NONE', #9483, .T. ) ;
#3966 = CARTESIAN_POINT ( 'NONE',  ( 107.6776695296636319, -22.99999999999998579, -15.67766952966380423 ) ) ;
#3967 = ORIENTED_EDGE ( 'NONE', *, *, #8175, .T. ) ;
#3968 = CARTESIAN_POINT ( 'NONE',  ( 102.4577341143777716, -9.641425628161938377, -8.477835127055568520 ) ) ;
#3969 = FACE_OUTER_BOUND ( 'NONE', #10521, .T. ) ;
#3970 = ORIENTED_EDGE ( 'NONE', *, *, #5605, .T. ) ;
#3971 = ORIENTED_EDGE ( 'NONE', *, *, #1679, .T. ) ;
#3972 = DIRECTION ( 'NONE',  ( 0.000000000000000000, 1.000000000000000000, -1.084202172485503448E-16 ) ) ;
#3973 = CARTESIAN_POINT ( 'NONE',  ( 99.22487001853747302, -7.529869328087566593, -5.244971031215191815 ) ) ;
#3974 = DIRECTION ( 'NONE',  ( -0.7071067811865466846, 0.000000000000000000, 0.7071067811865482389 ) ) ;
#3975 = CARTESIAN_POINT ( 'NONE',  ( 102.3906661202183130, -18.19084692207945153, -7.562238995472218228 ) ) ;
#3976 = AXIS2_PLACEMENT_3D ( 'NONE', #1088, #1035, #5736 ) ;
#3977 = ORIENTED_EDGE ( 'NONE', *, *, #708, .T. ) ;
#3978 = CARTESIAN_POINT ( 'NONE',  ( 97.03027807785579739, -13.05912109383622344, -2.201850953109623976 ) ) ;
#3979 = DIRECTION ( 'NONE',  ( -0.7071067811865426878, 0.000000000000000000, 0.7071067811865524577 ) ) ;
#3980 = B_SPLINE_CURVE_WITH_KNOTS ( 'NONE', 3,
 ( #5095, #9032, #8350, #8982, #169, #6692, #5782, #3306 ),
 .UNSPECIFIED., .F., .F.,
 ( 4, 1, 1, 1, 1, 4 ),
 ( 0.000000000000000000, 0.2317113570506716957, 0.3869881936420744850, 0.5493815465833487011, 0.7225508604132591106, 1.000000000000000000 ),
 .UNSPECIFIED. ) ;
#3981 = ORIENTED_EDGE ( 'NONE', *, *, #5102, .T. ) ;
#3982 = FACE_OUTER_BOUND ( 'NONE', #6115, .T. ) ;
#3983 = DIRECTION ( 'NONE',  ( -0.7071067811865522357, -6.106226635438359986E-16, -0.7071067811865427988 ) ) ;
#3984 = LINE ( 'NONE', #10459, #8735 ) ;
#3985 = CARTESIAN_POINT ( 'NONE',  ( 51.50000000000002842, -43.99999999999998579, 1.000000000000000000 ) ) ;
#3986 = ORIENTED_EDGE ( 'NONE', *, *, #3302, .F. ) ;
#3987 = DIRECTION ( 'NONE',  ( -0.7071067811865323627, 0.000000000000000000, 0.7071067811865626718 ) ) ;
#3988 = ORIENTED_EDGE ( 'NONE', *, *, #6705, .F. ) ;
#3989 = EDGE_CURVE ( 'NONE', #141, #2386, #3383, .T. ) ;
#3990 = DIRECTION ( 'NONE',  ( 0.7071067811865502373, -8.242083682247486945E-15, 0.7071067811865447972 ) ) ;
#3991 = LINE ( 'NONE', #7213, #7353 ) ;
#3992 = CARTESIAN_POINT ( 'NONE',  ( 90.00000000000002842, 33.58337520964457212, -162.2337144733732259 ) ) ;
#3993 = VECTOR ( 'NONE', #2624, 1000.000000000000000 ) ;
#3994 = CARTESIAN_POINT ( 'NONE',  ( 100.2577201069552473, -10.17301288377232460, -6.277821119632966962 ) ) ;
#3995 = ORIENTED_EDGE ( 'NONE', *, *, #6542, .F. ) ;
#3996 = EDGE_CURVE ( 'NONE', #8464, #566, #4893, .T. ) ;
#3997 = VERTEX_POINT ( 'NONE', #7458 ) ;
#3998 = FACE_OUTER_BOUND ( 'NONE', #4097, .T. ) ;
#3999 = AXIS2_PLACEMENT_3D ( 'NONE', #6987, #528, #10240 ) ;
#4000 = ADVANCED_FACE ( 'NONE', ( #4111 ), #9741, .T. ) ;
#4001 = LINE ( 'NONE', #6274, #8864 ) ;
#4002 = CARTESIAN_POINT ( 'NONE',  ( 41.73333539013160731, -28.99999999999999645, -102.8352071047914080 ) ) ;
#4003 = FACE_OUTER_BOUND ( 'NONE', #7336, .T. ) ;
#4004 = VERTEX_POINT ( 'NONE', #9850 ) ;
#4005 = DIRECTION ( 'NONE',  ( 0.1252314688092464878, 0.9841921349206960157, -0.1252314688092459605 ) ) ;
#4006 = CARTESIAN_POINT ( 'NONE',  ( 100.3237590053235806, 10.60000000000000853, -5.495331880577446704 ) ) ;
#4007 = VECTOR ( 'NONE', #5667, 1000.000000000000000 ) ;
#4008 = DIRECTION ( 'NONE',  ( 0.000000000000000000, 0.000000000000000000, 1.000000000000000000 ) ) ;
#4009 = EDGE_LOOP ( 'NONE', ( #7378, #7902 ) ) ;
#4010 = DIRECTION ( 'NONE',  ( -0.7071067811865426878, 0.000000000000000000, 0.7071067811865524577 ) ) ;
#4011 = CARTESIAN_POINT ( 'NONE',  ( 100.3237590053235806, 15.45147186257616845, -5.495331880577457362 ) ) ;
#4012 = VECTOR ( 'NONE', #6333, 1000.000000000000000 ) ;
#4013 = VECTOR ( 'NONE', #10121, 1000.000000000000114 ) ;
#4014 = CARTESIAN_POINT ( 'NONE',  ( 104.4127144312575126, -9.460148610354735865, -9.584287306511445337 ) ) ;
#4015 = EDGE_CURVE ( 'NONE', #3715, #844, #2069, .T. ) ;
#4016 = ORIENTED_EDGE ( 'NONE', *, *, #4604, .T. ) ;
#4017 = VECTOR ( 'NONE', #9804, 1000.000000000000000 ) ;
#4018 = CARTESIAN_POINT ( 'NONE',  ( 60.71177185794928732, -28.84464733120296387, 1.999999999996860733 ) ) ;
#4019 = EDGE_CURVE ( 'NONE', #9073, #5254, #7665, .T. ) ;
#4020 = FACE_OUTER_BOUND ( 'NONE', #8250, .T. ) ;
#4021 = EDGE_CURVE ( 'NONE', #1986, #6718, #5791, .T. ) ;
#4022 = ADVANCED_FACE ( 'NONE', ( #4068 ), #4994, .T. ) ;
#4023 = EDGE_LOOP ( 'NONE', ( #3452, #1945, #9462, #1735 ) ) ;
#4024 = VERTEX_POINT ( 'NONE', #7287 ) ;
#4025 = AXIS2_PLACEMENT_3D ( 'NONE', #162, #1817, #9885 ) ;
#4026 = CARTESIAN_POINT ( 'NONE',  ( 104.9482283865183092, -16.54110820865348686, -10.96832939919608840 ) ) ;
#4027 = CARTESIAN_POINT ( 'NONE',  ( 102.9399546498573841, -7.176240401769854671, -8.960055662535145515 ) ) ;
#4028 = CARTESIAN_POINT ( 'NONE',  ( 103.3843108743396044, -8.143294783059557673, -9.404411887017378291 ) ) ;
#4029 = VECTOR ( 'NONE', #2898, 999.9999999999998863 ) ;
#4030 = DIRECTION ( 'NONE',  ( 1.196361017915053538E-16, -1.000000000000000000, 1.196361017915038746E-16 ) ) ;
#4031 = AXIS2_PLACEMENT_3D ( 'NONE', #4175, #7301, #7516 ) ;
#4032 = EDGE_LOOP ( 'NONE', ( #4444, #5678, #9017, #4413 ) ) ;
#4033 = AXIS2_PLACEMENT_3D ( 'NONE', #5681, #4787, #2410 ) ;
#4034 = CARTESIAN_POINT ( 'NONE',  ( 98.90181167708377075, -10.31138064058062476, -4.921912689761477999 ) ) ;
#4035 = CARTESIAN_POINT ( 'NONE',  ( 102.4566270271187989, -15.10532799608344590, -8.476728039796563863 ) ) ;
#4036 = AXIS2_PLACEMENT_3D ( 'NONE', #854, #9120, #3284 ) ;
#4037 = EDGE_CURVE ( 'NONE', #844, #6017, #4927, .T. ) ;
#4038 = EDGE_LOOP ( 'NONE', ( #1958, #5053, #8829, #5305 ) ) ;
#4039 = DIRECTION ( 'NONE',  ( 0.7071067811865513475, 1.691909977029939893E-16, 0.7071067811865436870 ) ) ;
#4040 = CARTESIAN_POINT ( 'NONE',  ( 102.7986327394764459, 19.40000000000001279, -8.818733752154200189 ) ) ;
#4041 = AXIS2_PLACEMENT_3D ( 'NONE', #2703, #9336, #1175 ) ;
#4042 = CARTESIAN_POINT ( 'NONE',  ( 101.2870179104178021, -5.806184949683045105, -7.307118923095532459 ) ) ;
#4043 = AXIS2_PLACEMENT_3D ( 'NONE', #3070, #4645, #7900 ) ;
#4044 = CARTESIAN_POINT ( 'NONE',  ( 82.00000000000001421, -43.99999999999999289, 2.000000000000000000 ) ) ;
#4045 = UNCERTAINTY_MEASURE_WITH_UNIT (LENGTH_MEASURE( 1.000000000000000082E-05 ), #1344, 'distance_accuracy_value', 'NONE');
#4046 = VERTEX_POINT ( 'NONE', #5056 ) ;
#4047 = LINE ( 'NONE', #154, #1918 ) ;
#4048 = AXIS2_PLACEMENT_3D ( 'NONE', #5950, #6002, #4379 ) ;
#4049 = CARTESIAN_POINT ( 'NONE',  ( 92.67349368912289265, 28.00000000000002132, 2.154933435623319848 ) ) ;
#4050 = EDGE_LOOP ( 'NONE', ( #5834, #9757, #1006, #4335 ) ) ;
#4051 = DIRECTION ( 'NONE',  ( -1.000000000000000000, 0.000000000000000000, 0.000000000000000000 ) ) ;
#4052 = ORIENTED_EDGE ( 'NONE', *, *, #2784, .F. ) ;
#4053 = DIRECTION ( 'NONE',  ( 0.7071067811865512365, 1.326091603618060771E-16, 0.7071067811865439090 ) ) ;
#4054 = ORIENTED_EDGE ( 'NONE', *, *, #2721, .F. ) ;
#4055 = ORIENTED_EDGE ( 'NONE', *, *, #1987, .F. ) ;
#4056 = CARTESIAN_POINT ( 'NONE',  ( 102.5555186545787194, -17.56833855368435238, -7.727091529832613936 ) ) ;
#4057 = LINE ( 'NONE', #8142, #6135 ) ;
#4058 = CARTESIAN_POINT ( 'NONE',  ( 44.51507575950883933, 0.000000000000000000, 44.51507575950827800 ) ) ;
#4059 = CARTESIAN_POINT ( 'NONE',  ( 89.44782665443688074, -28.99999999999998579, 3.966386907936300332 ) ) ;
#4060 = FACE_OUTER_BOUND ( 'NONE', #5482, .T. ) ;
#4061 = ORIENTED_EDGE ( 'NONE', *, *, #3891, .F. ) ;
#4062 = CARTESIAN_POINT ( 'NONE',  ( 99.13158871091418689, 15.59999999999999964, -5.151689723591888814 ) ) ;
#4063 = DIRECTION ( 'NONE',  ( 0.7071067811865513475, 1.691909977029939400E-16, 0.7071067811865436870 ) ) ;
#4064 = CARTESIAN_POINT ( 'NONE',  ( 91.17228810227464919, -9.000000000000184741, 0.8277118977253611343 ) ) ;
#4065 = EDGE_CURVE ( 'NONE', #4887, #888, #3217, .T. ) ;
#4066 = ORIENTED_EDGE ( 'NONE', *, *, #10378, .F. ) ;
#4067 = CARTESIAN_POINT ( 'NONE',  ( 98.35403198387683688, -11.86216094775716101, -3.525604859130658575 ) ) ;
#4068 = FACE_OUTER_BOUND ( 'NONE', #1783, .T. ) ;
#4069 = CARTESIAN_POINT ( 'NONE',  ( 90.36508302222500788, -27.99999999999998579, 4.463344102521251244 ) ) ;
#4070 = VERTEX_POINT ( 'NONE', #6699 ) ;
#4071 = CARTESIAN_POINT ( 'NONE',  ( 59.04624017012878312, -29.59766789531715858, 2.000000000000003553 ) ) ;
#4072 = CARTESIAN_POINT ( 'NONE',  ( 106.9705627484771071, -2.999999999999983569, -16.38477631085029529 ) ) ;
#4073 = VERTEX_POINT ( 'NONE', #6003 ) ;
#4074 = VERTEX_POINT ( 'NONE', #8514 ) ;
#4075 = CARTESIAN_POINT ( 'NONE',  ( 104.3469074045587348, -13.24330685530377139, -10.36700841723646604 ) ) ;
#4076 = CARTESIAN_POINT ( 'NONE',  ( 104.4249783362055410, 8.200000000000004619, -10.44507934888330070 ) ) ;
#4077 = VERTEX_POINT ( 'NONE', #1884 ) ;
#4078 = CARTESIAN_POINT ( 'NONE',  ( 103.9300035893749339, -2.999999999999984901, -19.42533546995243299 ) ) ;
#4079 = DIRECTION ( 'NONE',  ( -0.000000000000000000, 1.000000000000000000, -0.000000000000000000 ) ) ;
#4080 = EDGE_LOOP ( 'NONE', ( #4439, #4941, #10096, #4565 ) ) ;
#4081 = CARTESIAN_POINT ( 'NONE',  ( 103.0748767812854965, -18.10935709594162191, -9.094977793963151314 ) ) ;
#4082 = CARTESIAN_POINT ( 'NONE',  ( 99.59493139378707838, -8.351923368053016716, -4.766504269040996888 ) ) ;
#4083 = EDGE_CURVE ( 'NONE', #10429, #3469, #718, .T. ) ;
#4084 = DIRECTION ( 'NONE',  ( 0.4094917643862752143, -0.8152502620665789124, -0.4094917643862813206 ) ) ;
#4085 = DIRECTION ( 'NONE',  ( 0.6955882829722259686, 0.1797606218933693045, -0.6955882829722331850 ) ) ;
#4086 = DIRECTION ( 'NONE',  ( 0.2377136916150712764, 0.9417984931170064744, -0.2377136916150827395 ) ) ;
#4087 = CARTESIAN_POINT ( 'NONE',  ( 89.15000000000000568, -30.53337520964456431, 0.000000000000000000 ) ) ;
#4088 = ADVANCED_FACE ( 'NONE', ( #2096 ), #345, .T. ) ;
#4089 = EDGE_CURVE ( 'NONE', #10070, #7649, #5265, .T. ) ;
#4090 = EDGE_CURVE ( 'NONE', #5115, #9350, #3252, .T. ) ;
#4091 = ORIENTED_EDGE ( 'NONE', *, *, #2961, .F. ) ;
#4092 = CARTESIAN_POINT ( 'NONE',  ( 100.9334335098829882, -14.69140301790535652, -6.105006385136860558 ) ) ;
#4093 = DIRECTION ( 'NONE',  ( 0.000000000000000000, 4.853023397558777138E-15, 1.000000000000000000 ) ) ;
#4094 = CARTESIAN_POINT ( 'NONE',  ( 75.75736027240797910, 1.140504944244243105E-13, 13.27279124660868526 ) ) ;
#4095 = CARTESIAN_POINT ( 'NONE',  ( 96.98701425385263519, -16.01393618834264032, -2.158587129106464886 ) ) ;
#4096 = CARTESIAN_POINT ( 'NONE',  ( 101.7998861195488729, -11.24750411939340999, -7.819987132226613902 ) ) ;
#4097 = EDGE_LOOP ( 'NONE', ( #70, #3688, #5091, #10263, #236, #5972, #1419, #1574, #3102 ) ) ;
#4098 = ORIENTED_EDGE ( 'NONE', *, *, #2596, .T. ) ;
#4099 = LINE ( 'NONE', #9028, #998 ) ;
#4100 = AXIS2_PLACEMENT_3D ( 'NONE', #3264, #1777, #3427 ) ;
#4101 = CARTESIAN_POINT ( 'NONE',  ( 112.4904139806818364, 19.40000000000001279, 0.4487834203391500854 ) ) ;
#4102 = DIRECTION ( 'NONE',  ( 0.000000000000000000, -1.000000000000000000, 0.000000000000000000 ) ) ;
#4103 = DIRECTION ( 'NONE',  ( -0.7071067811865513475, -1.691909977029939893E-16, -0.7071067811865437980 ) ) ;
#4104 = LINE ( 'NONE', #3952, #3690 ) ;
#4105 = AXIS2_PLACEMENT_3D ( 'NONE', #2545, #1059, #1740 ) ;
#4106 = ORIENTED_EDGE ( 'NONE', *, *, #3087, .T. ) ;
#4107 = CARTESIAN_POINT ( 'NONE',  ( 101.1894444302728289, 17.82426406871194047, -6.361017305526707410 ) ) ;
#4108 = FACE_OUTER_BOUND ( 'NONE', #573, .T. ) ;
#4109 = VERTEX_POINT ( 'NONE', #444 ) ;
#4110 = CARTESIAN_POINT ( 'NONE',  ( 97.58319749354282635, -12.15039280264173982, -3.603298506220412811 ) ) ;
#4111 = FACE_OUTER_BOUND ( 'NONE', #1289, .T. ) ;
#4112 = VECTOR ( 'NONE', #924, 1000.000000000000000 ) ;
#4113 = CARTESIAN_POINT ( 'NONE',  ( 98.83072756289899985, -18.14831470448512007, -4.850828575576696444 ) ) ;
#4114 = VERTEX_POINT ( 'NONE', #3696 ) ;
#4115 = EDGE_CURVE ( 'NONE', #698, #1033, #6860, .T. ) ;
#4116 = CARTESIAN_POINT ( 'NONE',  ( 102.6503666965753752, -7.898813520500870489, -8.670467709253113497 ) ) ;
#4117 = DIRECTION ( 'NONE',  ( -7.185459907165833421E-16, 1.000000000000000000, 1.734723475976809658E-15 ) ) ;
#4118 = ORIENTED_EDGE ( 'NONE', *, *, #1145, .F. ) ;
#4120 = EDGE_LOOP ( 'NONE', ( #8, #9948, #6217, #3536 ) ) ;
#4119 = AXIS2_PLACEMENT_3D ( 'NONE', #10310, #1444, #3038 ) ;
#4121 = CARTESIAN_POINT ( 'NONE',  ( 105.5754737330383364, -13.54090183548354709, -11.59557474571610491 ) ) ;
#4122 = PLANE ( 'NONE',  #5523 ) ;
#4123 = FILL_AREA_STYLE_COLOUR ( '', #7077 ) ;
#4124 = CARTESIAN_POINT ( 'NONE',  ( 100.7823376490862586, 16.05147186257617165, -6.802438661764006689 ) ) ;
#4125 = EDGE_CURVE ( 'NONE', #10506, #4164, #4267, .T. ) ;
#4126 = VERTEX_POINT ( 'NONE', #6067 ) ;
#4127 = CARTESIAN_POINT ( 'NONE',  ( 113.4803634743430365, 7.600000000000008527, -0.5411660733220490238 ) ) ;
#4128 = CARTESIAN_POINT ( 'NONE',  ( 105.5547049043997561, -16.70926321126091452, -11.57480591707743756 ) ) ;
#4129 = ORIENTED_EDGE ( 'NONE', *, *, #9216, .T. ) ;
#4130 = CARTESIAN_POINT ( 'NONE',  ( 99.62737431508800512, -8.847115551107986420, -5.647475327765755893 ) ) ;
#4131 = CARTESIAN_POINT ( 'NONE',  ( 103.9300035893749197, 3.000000000000011990, -19.42533546995249694 ) ) ;
#4132 = DIRECTION ( 'NONE',  ( -0.7071067811865512365, -2.775557561562891351E-16, -0.7071067811865437980 ) ) ;
#4133 = LINE ( 'NONE', #4292, #9961 ) ;
#4134 = COLOUR_RGB ( '',0.7921568627450980005, 0.8196078431372548767, 0.9333333333333333481 ) ;
#4135 = ORIENTED_EDGE ( 'NONE', *, *, #1831, .T. ) ;
#4136 = CARTESIAN_POINT ( 'NONE',  ( 38.19780148419889088, -28.99999999999999645, -99.29967319885865606 ) ) ;
#4137 = EDGE_CURVE ( 'NONE', #7135, #336, #6633, .T. ) ;
#4138 = DIRECTION ( 'NONE',  ( 0.7071067811865437980, -1.232595164407830946E-32, -0.7071067811865512365 ) ) ;
#4139 = AXIS2_PLACEMENT_3D ( 'NONE', #3940, #7269, #4664 ) ;
#4140 = DIRECTION ( 'NONE',  ( 2.312964634635743450E-16, 1.000000000000000000, -0.000000000000000000 ) ) ;
#4141 = EDGE_CURVE ( 'NONE', #6871, #5708, #10035, .T. ) ;
#4142 = ADVANCED_FACE ( 'NONE', ( #1149 ), #4381, .F. ) ;
#4143 = ADVANCED_FACE ( 'NONE', ( #7504, #7669 ), #1255, .T. ) ;
#4144 = DIRECTION ( 'NONE',  ( -0.5000000000000013323, 0.7071067811865420216, 0.5000000000000063283 ) ) ;
#4145 = CARTESIAN_POINT ( 'NONE',  ( 90.00000000000001421, -27.52533286008375413, -54.14751861172067038 ) ) ;
#4146 = CARTESIAN_POINT ( 'NONE',  ( 97.84888527117068691, 8.300000000000002487, -3.868986283848387497 ) ) ;
#4147 = ORIENTED_EDGE ( 'NONE', *, *, #10316, .F. ) ;
#4148 = ORIENTED_EDGE ( 'NONE', *, *, #4544, .T. ) ;
#4149 = DIRECTION ( 'NONE',  ( 1.196361017915055756E-16, -1.000000000000000000, 1.196361017915036035E-16 ) ) ;
#4150 = CARTESIAN_POINT ( 'NONE',  ( 103.5235529520382016, -9.346278709488272440, -9.543653964715973714 ) ) ;
#4151 = DIRECTION ( 'NONE',  ( 0.000000000000000000, 1.000000000000000000, 0.000000000000000000 ) ) ;
#4152 = DIRECTION ( 'NONE',  ( -9.376883653928788436E-17, 1.000000000000000000, -9.376883653928688596E-17 ) ) ;
#4153 = CIRCLE ( 'NONE', #6693, 1.000000000000000888 ) ;
#4154 = FACE_OUTER_BOUND ( 'NONE', #5169, .T. ) ;
#4155 = ADVANCED_FACE ( 'NONE', ( #6811 ), #5320, .T. ) ;
#4156 = ORIENTED_EDGE ( 'NONE', *, *, #4338, .F. ) ;
#4157 = LINE ( 'NONE', #282, #2510 ) ;
#4158 = EDGE_LOOP ( 'NONE', ( #10231, #1259, #2446, #1468 ) ) ;
#4159 = CARTESIAN_POINT ( 'NONE',  ( 99.93289077577840374, -15.56176507793671782, -5.952991788456131417 ) ) ;
#4160 = EDGE_LOOP ( 'NONE', ( #9329, #10503, #10497, #5656, #8702, #471 ) ) ;
#4161 = AXIS2_PLACEMENT_3D ( 'NONE', #2437, #5662, #8910 ) ;
#4162 = CYLINDRICAL_SURFACE ( 'NONE', #8852, 0.6000000000000041966 ) ;
#4163 = CARTESIAN_POINT ( 'NONE',  ( 119.2842712474617883, 24.00000000000002132, -24.87005768508894832 ) ) ;
#4164 = VERTEX_POINT ( 'NONE', #5161 ) ;
#4165 = CARTESIAN_POINT ( 'NONE',  ( 101.1921188744089619, -6.549804647888108455, -7.212219887086686931 ) ) ;
#4166 = CARTESIAN_POINT ( 'NONE',  ( 100.8530483272049167, 17.10000000000000853, -6.873149339882659525 ) ) ;
#4167 = VECTOR ( 'NONE', #4180, 1000.000000000000000 ) ;
#4168 = EDGE_LOOP ( 'NONE', ( #386, #9000 ) ) ;
#4169 = FACE_OUTER_BOUND ( 'NONE', #6412, .T. ) ;
#4170 = CARTESIAN_POINT ( 'NONE',  ( 104.7002180250605363, -13.09204021358197068, -10.72031903773826045 ) ) ;
#4171 = DIRECTION ( 'NONE',  ( 0.000000000000000000, 0.000000000000000000, -1.000000000000000000 ) ) ;
#4172 = DIRECTION ( 'NONE',  ( -0.7071067811865454633, 0.000000000000000000, 0.7071067811865495711 ) ) ;
#4173 = ORIENTED_EDGE ( 'NONE', *, *, #5632, .T. ) ;
#4174 = VECTOR ( 'NONE', #3192, 1000.000000000000000 ) ;
#4175 = CARTESIAN_POINT ( 'NONE',  ( 103.9726836387041544, -18.44167010860915212, -9.992784651381887429 ) ) ;
#4176 = CIRCLE ( 'NONE', #450, 0.09999999999999154010 ) ;
#4177 = CARTESIAN_POINT ( 'NONE',  ( 103.3843108743396755, -8.143294783059557673, -9.404411887017312566 ) ) ;
#4178 = ORIENTED_EDGE ( 'NONE', *, *, #2538, .F. ) ;
#4179 = SURFACE_SIDE_STYLE ('',( #4864 ) ) ;
#4180 = DIRECTION ( 'NONE',  ( -0.7071067811865520136, 8.881784197001254296E-16, -0.7071067811865431318 ) ) ;
#4181 = AXIS2_PLACEMENT_3D ( 'NONE', #9997, #330, #1870 ) ;
#4182 = ADVANCED_FACE ( 'NONE', ( #9153 ), #1989, .F. ) ;
#4183 = AXIS2_PLACEMENT_3D ( 'NONE', #8304, #4213, #7447 ) ;
#4184 = CARTESIAN_POINT ( 'NONE',  ( 51.50000000000002132, 43.99999999999998579, 1.000000000000000000 ) ) ;
#4185 = CARTESIAN_POINT ( 'NONE',  ( 101.2773123959168373, 15.55147186257616809, -7.297413408594585427 ) ) ;
#4186 = VECTOR ( 'NONE', #6137, 999.9999999999998863 ) ;
#4187 = DIRECTION ( 'NONE',  ( -0.7071067811865445751, -8.673617379884029556E-16, 0.7071067811865506814 ) ) ;
#4188 = ADVANCED_FACE ( 'NONE', ( #4321 ), #3482, .F. ) ;
#4189 = VECTOR ( 'NONE', #6289, 1000.000000000000000 ) ;
#4190 = CIRCLE ( 'NONE', #7759, 0.8500000000000170752 ) ;
#4191 = EDGE_LOOP ( 'NONE', ( #3380, #5012, #7237, #6353 ) ) ;
#4192 = AXIS2_PLACEMENT_3D ( 'NONE', #3822, #7204, #8695 ) ;
#4193 = CARTESIAN_POINT ( 'NONE',  ( 97.58273427082181684, -14.08861376026648848, -2.754307146075779755 ) ) ;
#4194 = DIRECTION ( 'NONE',  ( 0.7071067811865475727, 0.000000000000000000, -0.7071067811865475727 ) ) ;
#4195 = VECTOR ( 'NONE', #4598, 1000.000000000000000 ) ;
#4196 = LINE ( 'NONE', #5137, #974 ) ;
#4197 = CIRCLE ( 'NONE', #4033, 1.000000000000000000 ) ;
#4198 = CYLINDRICAL_SURFACE ( 'NONE', #5537, 0.8500000000000170752 ) ;
#4199 = PLANE ( 'NONE',  #3661 ) ;
#4201 = AXIS2_PLACEMENT_3D ( 'NONE', #2645, #2550, #1856 ) ;
#4200 = FACE_OUTER_BOUND ( 'NONE', #3311, .T. ) ;
#4202 = ORIENTED_EDGE ( 'NONE', *, *, #7251, .T. ) ;
#4203 = EDGE_CURVE ( 'NONE', #6805, #5966, #2045, .T. ) ;
#4204 = ORIENTED_EDGE ( 'NONE', *, *, #3838, .F. ) ;
#4205 = DIRECTION ( 'NONE',  ( -1.000000000000000000, -8.163404592831866333E-15, 0.000000000000000000 ) ) ;
#4206 = VECTOR ( 'NONE', #2191, 1000.000000000000000 ) ;
#4207 = AXIS2_PLACEMENT_3D ( 'NONE', #2943, #8779, #10173 ) ;
#4208 = CARTESIAN_POINT ( 'NONE',  ( 106.3695219844685624, -22.99999999999998579, -15.78373554684173463 ) ) ;
#4209 = ORIENTED_EDGE ( 'NONE', *, *, #3223, .F. ) ;
#4210 = EDGE_CURVE ( 'NONE', #6646, #4360, #6807, .T. ) ;
#4211 = CARTESIAN_POINT ( 'NONE',  ( 99.32607574579569132, -10.31138064058062653, -4.497648621049550322 ) ) ;
#4212 = CARTESIAN_POINT ( 'NONE',  ( 44.51507575950881801, -18.50000000000127187, 44.51507575950819984 ) ) ;
#4213 = DIRECTION ( 'NONE',  ( 0.7071067811865512365, 1.691909977029939647E-16, 0.7071067811865437980 ) ) ;
#4214 = ORIENTED_EDGE ( 'NONE', *, *, #6155, .T. ) ;
#4215 = DIRECTION ( 'NONE',  ( 0.7071067811865512365, 1.691909977029939647E-16, 0.7071067811865437980 ) ) ;
#4216 = AXIS2_PLACEMENT_3D ( 'NONE', #9778, #4926, #921 ) ;
#4217 = DIRECTION ( 'NONE',  ( -0.7071067811865512365, -1.691909977029938907E-16, -0.7071067811865437980 ) ) ;
#4218 = ADVANCED_FACE ( 'NONE', ( #553 ), #1359, .T. ) ;
#4219 = VECTOR ( 'NONE', #9423, 1000.000000000000000 ) ;
#4220 = ORIENTED_EDGE ( 'NONE', *, *, #2721, .T. ) ;
#4221 = FACE_OUTER_BOUND ( 'NONE', #7541, .T. ) ;
#4222 = ORIENTED_EDGE ( 'NONE', *, *, #4019, .F. ) ;
#4223 = DIRECTION ( 'NONE',  ( 0.7071067811865456854, 0.000000000000000000, -0.7071067811865493491 ) ) ;
#4224 = EDGE_CURVE ( 'NONE', #10279, #10353, #4576, .T. ) ;
#4225 = EDGE_CURVE ( 'NONE', #2490, #2958, #6963, .T. ) ;
#4226 = EDGE_CURVE ( 'NONE', #135, #2462, #6171, .T. ) ;
#4227 = DIRECTION ( 'NONE',  ( -1.000000000000000000, -9.376883653928788436E-17, 0.000000000000000000 ) ) ;
#4228 = ORIENTED_EDGE ( 'NONE', *, *, #2724, .T. ) ;
#4229 = CARTESIAN_POINT ( 'NONE',  ( 93.08147641147823492, 21.49999999999898392, -1.081476411478266453 ) ) ;
#4230 = PLANE ( 'NONE',  #2825 ) ;
#4231 = ORIENTED_EDGE ( 'NONE', *, *, #5953, .F. ) ;
#4232 = CARTESIAN_POINT ( 'NONE',  ( 105.1467822165828068, -16.22122625450666789, -11.16688322926063037 ) ) ;
#4233 = CARTESIAN_POINT ( 'NONE',  ( 111.6109037927162291, -17.56833855368434882, 1.328293608304793150 ) ) ;
#4234 = ORIENTED_EDGE ( 'NONE', *, *, #7435, .T. ) ;
#4235 = CARTESIAN_POINT ( 'NONE',  ( 104.4127144312575126, -9.460148610354735865, -9.584287306511438231 ) ) ;
#4236 = ORIENTED_EDGE ( 'NONE', *, *, #9731, .F. ) ;
#4237 = CARTESIAN_POINT ( 'NONE',  ( 92.00000000000001421, -30.99999999999998579, 1.000000000000000000 ) ) ;
#4238 = CARTESIAN_POINT ( 'NONE',  ( 104.4385797148871546, -9.230980157769057115, -10.45868072756492317 ) ) ;
#4239 = ORIENTED_EDGE ( 'NONE', *, *, #4970, .F. ) ;
#4240 = DIRECTION ( 'NONE',  ( 5.176039472688295662E-15, 1.000000000000000000, -5.415311676271360308E-15 ) ) ;
#4241 = FACE_OUTER_BOUND ( 'NONE', #4785, .T. ) ;
#4242 = VERTEX_POINT ( 'NONE', #8617 ) ;
#4243 = DIRECTION ( 'NONE',  ( -2.040851148208008787E-15, 1.000000000000000000, 0.000000000000000000 ) ) ;
#4244 = CARTESIAN_POINT ( 'NONE',  ( 97.18089670900921817, -13.77509831864917622, -2.352469584263167324 ) ) ;
#4245 = DIRECTION ( 'NONE',  ( -0.7071067811865513475, -1.691909977029939647E-16, -0.7071067811865437980 ) ) ;
#4246 = CARTESIAN_POINT ( 'NONE',  ( 102.8859629308175272, -7.126721441215770447, -8.906063943495295732 ) ) ;
#4247 = ORIENTED_EDGE ( 'NONE', *, *, #9545, .F. ) ;
#4248 = LINE ( 'NONE', #2442, #5461 ) ;
#4249 = CARTESIAN_POINT ( 'NONE',  ( 101.9664020515064351, -18.19084692207945153, -7.986503064184081957 ) ) ;
#4250 = EDGE_CURVE ( 'NONE', #1637, #10042, #5795, .T. ) ;
#4251 = CARTESIAN_POINT ( 'NONE',  ( 106.5462986797651581, 17.40000000000001634, -12.56639969244296218 ) ) ;
#4252 = CARTESIAN_POINT ( 'NONE',  ( 97.16838088449638633, -16.48455183905596400, -2.339953759750211582 ) ) ;
#4253 = DIRECTION ( 'NONE',  ( 0.000000000000000000, 0.000000000000000000, -1.000000000000000000 ) ) ;
#4254 = CARTESIAN_POINT ( 'NONE',  ( 77.58843546025990179, 15.49999999999891109, 10.57838303486695430 ) ) ;
#4255 = ORIENTED_EDGE ( 'NONE', *, *, #1361, .T. ) ;
#4256 = CARTESIAN_POINT ( 'NONE',  ( 97.18089670900928922, -13.77509831864917622, -2.352469584263106039 ) ) ;
#4257 = CARTESIAN_POINT ( 'NONE',  ( 105.4588545881045576, -17.27644674173570039, -10.63042746335860045 ) ) ;
#4258 = ORIENTED_EDGE ( 'NONE', *, *, #10407, .T. ) ;
#4259 = CARTESIAN_POINT ( 'NONE',  ( 102.2896988409871568, -16.94059784720014505, -8.309799853664930680 ) ) ;
#4260 = CARTESIAN_POINT ( 'NONE',  ( 106.8335597311895384, 8.200000000000004619, 6.105637669831524228 ) ) ;
#4261 = ORIENTED_EDGE ( 'NONE', *, *, #8880, .T. ) ;
#4262 = DIRECTION ( 'NONE',  ( 0.7071067811865444641, -5.063798000695722988E-16, -0.7071067811865505703 ) ) ;
#4263 = CARTESIAN_POINT ( 'NONE',  ( 104.3542676580868829, 8.200000000000001066, -9.525840533340788951 ) ) ;
#4264 = VERTEX_POINT ( 'NONE', #6635 ) ;
#4265 = DIRECTION ( 'NONE',  ( 0.7071067811865301422, 0.000000000000000000, -0.7071067811865647812 ) ) ;
#4266 = ORIENTED_EDGE ( 'NONE', *, *, #2918, .F. ) ;
#4267 = LINE ( 'NONE', #2685, #14 ) ;
#4268 = DIRECTION ( 'NONE',  ( -0.3535533905932763954, 0.8660254037844363761, 0.3535533905932768950 ) ) ;
#4269 = EDGE_CURVE ( 'NONE', #9223, #1354, #1636, .T. ) ;
#4270 = CARTESIAN_POINT ( 'NONE',  ( 99.18504601160725542, -7.651177417507787126, -5.205147024284907609 ) ) ;
#4271 = CARTESIAN_POINT ( 'NONE',  ( 55.48810473530778609, -25.83223519302745785, 2.000000000000003553 ) ) ;
#4272 = ORIENTED_EDGE ( 'NONE', *, *, #6678, .F. ) ;
#4273 = EDGE_CURVE ( 'NONE', #647, #67, #5041, .T. ) ;
#4274 = CARTESIAN_POINT ( 'NONE',  ( 100.3237590053235806, 15.75147186257615850, -5.495331880577457362 ) ) ;
#4275 = EDGE_CURVE ( 'NONE', #3314, #8269, #6130, .T. ) ;
#4276 = DIRECTION ( 'NONE',  ( -0.7071067811865513475, 0.000000000000000000, -0.7071067811865436870 ) ) ;
#4277 = CARTESIAN_POINT ( 'NONE',  ( 77.27207793864226915, -28.99999999999998579, 16.14213562373102562 ) ) ;
#4278 = ORIENTED_EDGE ( 'NONE', *, *, #7385, .T. ) ;
#4279 = CARTESIAN_POINT ( 'NONE',  ( 97.77817459305201453, 14.90000000000000213, -3.798275605729727555 ) ) ;
#4280 = CIRCLE ( 'NONE', #550, 0.1000000000000062783 ) ;
#4281 = ORIENTED_EDGE ( 'NONE', *, *, #7693, .T. ) ;
#4282 = DIRECTION ( 'NONE',  ( 0.7071067811865513475, 1.691909977029939893E-16, 0.7071067811865436870 ) ) ;
#4283 = LINE ( 'NONE', #1110, #7315 ) ;
#4284 = ORIENTED_EDGE ( 'NONE', *, *, #973, .T. ) ;
#4285 = CARTESIAN_POINT ( 'NONE',  ( 110.2448295684103243, 17.82426406871194757, 2.694367832610695235 ) ) ;
#4286 = CARTESIAN_POINT ( 'NONE',  ( 104.0863578211244942, -13.37914367311768338, -10.10645883380228227 ) ) ;
#4287 = AXIS2_PLACEMENT_3D ( 'NONE', #1257, #6005, #8618 ) ;
#4288 = CARTESIAN_POINT ( 'NONE',  ( 99.05703369612032816, -8.153829598535178746, -5.077134708798070939 ) ) ;
#4289 = VERTEX_POINT ( 'NONE', #8239 ) ;
#4290 = CARTESIAN_POINT ( 'NONE',  ( 103.5117664492888991, -9.219426233395644488, -8.683339324542803439 ) ) ;
#4291 = PLANE ( 'NONE',  #2809 ) ;
#4292 = CARTESIAN_POINT ( 'NONE',  ( 101.2066017177981934, 15.45147186257616845, -7.226702730475925485 ) ) ;
#4293 = VECTOR ( 'NONE', #9669, 1000.000000000000227 ) ;
#4294 = EDGE_LOOP ( 'NONE', ( #3866, #4432, #4579, #908 ) ) ;
#4295 = CARTESIAN_POINT ( 'NONE',  ( 102.6774278794842417, -18.39387274456696986, -7.849000754738141516 ) ) ;
#4296 = FACE_OUTER_BOUND ( 'NONE', #7043, .T. ) ;
#4297 = ORIENTED_EDGE ( 'NONE', *, *, #2021, .F. ) ;
#4298 = FACE_OUTER_BOUND ( 'NONE', #6506, .T. ) ;
#4299 = DIRECTION ( 'NONE',  ( -0.06639577626334264293, 0.9955818408291586818, 0.06639577626334267069 ) ) ;
#4300 = CARTESIAN_POINT ( 'NONE',  ( 90.00000000000000000, -28.84464733119658675, -49.91564514001208863 ) ) ;
#4301 = DIRECTION ( 'NONE',  ( -0.1252314688092329431, -0.9841921349206992353, 0.1252314688092344974 ) ) ;
#4302 = PLANE ( 'NONE',  #279 ) ;
#4303 = ORIENTED_EDGE ( 'NONE', *, *, #5626, .T. ) ;
#4304 = ORIENTED_EDGE ( 'NONE', *, *, #10120, .F. ) ;
#4305 = FACE_OUTER_BOUND ( 'NONE', #259, .T. ) ;
#4306 = CARTESIAN_POINT ( 'NONE',  ( 52.00000000000002132, 44.99999999999998579, 2.000000000000000000 ) ) ;
#4307 = ORIENTED_EDGE ( 'NONE', *, *, #8380, .T. ) ;
#4308 = AXIS2_PLACEMENT_3D ( 'NONE', #4440, #5920, #2205 ) ;
#4309 = DIRECTION ( 'NONE',  ( 0.7071067811865513475, 0.000000000000000000, 0.7071067811865437980 ) ) ;
#4310 = DIRECTION ( 'NONE',  ( -0.6844055748977798670, -0.2513523783409955525, 0.6844055748977827536 ) ) ;
#4311 = ORIENTED_EDGE ( 'NONE', *, *, #2154, .T. ) ;
#4312 = PLANE ( 'NONE',  #8928 ) ;
#4313 = ORIENTED_EDGE ( 'NONE', *, *, #5847, .T. ) ;
#4314 = CARTESIAN_POINT ( 'NONE',  ( 106.9705627484771355, -22.99999999999998579, -16.38477631085031305 ) ) ;
#4315 = ADVANCED_FACE ( 'NONE', ( #3303 ), #9940, .T. ) ;
#4316 = B_SPLINE_CURVE_WITH_KNOTS ( 'NONE', 3,
 ( #4096, #7112, #8775, #2360, #8827, #4669, #5577, #7217, #1557, #3246, #8083, #49, #8138, #10522, #6470, #659, #3994, #10472, #10413 ),
 .UNSPECIFIED., .F., .F.,
 ( 4, 1, 1, 1, 1, 1, 1, 1, 1, 1, 1, 1, 1, 1, 1, 1, 4 ),
 ( 0.000000000000000000, 0.2180541417732434484, 0.2999628892377028122, 0.3648314919390348576, 0.4414267484011876741, 0.5156068335871724084, 0.5854519617438076473, 0.6405953540161041238, 0.6746675882977185568, 0.7028946829791279383, 0.7226819820522718540, 0.7334131516685706842, 0.7550775617706313447, 0.7903349572944573520, 0.8433371530686085693, 0.8952236381008675803, 1.000000000000000000 ),
 .UNSPECIFIED. ) ;
#4317 = VERTEX_POINT ( 'NONE', #6525 ) ;
#4318 = DIRECTION ( 'NONE',  ( -1.466609178421520816E-15, 1.000000000000000000, 1.227336974838525787E-15 ) ) ;
#4319 = EDGE_LOOP ( 'NONE', ( #134, #6323, #1422, #6278 ) ) ;
#4320 = EDGE_CURVE ( 'NONE', #3834, #10084, #5673, .T. ) ;
#4321 = FACE_OUTER_BOUND ( 'NONE', #2714, .T. ) ;
#4322 = VECTOR ( 'NONE', #1980, 1000.000000000000000 ) ;
#4323 = DIRECTION ( 'NONE',  ( -7.771561172376053184E-15, 1.000000000000000000, 7.771561172376136804E-15 ) ) ;
#4324 = CARTESIAN_POINT ( 'NONE',  ( 100.2903840195518370, -6.610062099650386713, -6.310485032229497193 ) ) ;
#4325 = VECTOR ( 'NONE', #6308, 1000.000000000000000 ) ;
#4326 = PLANE ( 'NONE',  #6061 ) ;
#4327 = EDGE_CURVE ( 'NONE', #9308, #6444, #869, .T. ) ;
#4328 = CARTESIAN_POINT ( 'NONE',  ( 97.97549880782041498, -17.70433872755713978, -3.995599820498123123 ) ) ;
#4329 = ORIENTED_EDGE ( 'NONE', *, *, #5760, .T. ) ;
#4330 = CARTESIAN_POINT ( 'NONE',  ( 102.2896988409871852, -16.94059784720014505, -8.309799853664916469 ) ) ;
#4331 = ORIENTED_EDGE ( 'NONE', *, *, #3953, .T. ) ;
#4332 = EDGE_CURVE ( 'NONE', #10333, #4024, #4928, .T. ) ;
#4333 = CARTESIAN_POINT ( 'NONE',  ( 38.19780148419887666, 29.00000000000000355, -99.29967319885865606 ) ) ;
#4334 = CARTESIAN_POINT ( 'NONE',  ( 104.8628437835990752, -9.230980157769057115, -10.03441665885299905 ) ) ;
#4335 = ORIENTED_EDGE ( 'NONE', *, *, #1459, .T. ) ;
#4336 = EDGE_CURVE ( 'NONE', #4594, #4937, #8338, .T. ) ;
#4337 = CIRCLE ( 'NONE', #2814, 0.5999999999999861000 ) ;
#4338 = EDGE_CURVE ( 'NONE', #2665, #2824, #543, .T. ) ;
#4339 = CARTESIAN_POINT ( 'NONE',  ( 102.1312545858667846, -17.56833855368435238, -8.151355598544538950 ) ) ;
#4340 = CARTESIAN_POINT ( 'NONE',  ( 103.4350288425443551, 19.40000000000000924, -8.606601717798247009 ) ) ;
#4341 = EDGE_LOOP ( 'NONE', ( #6599, #9038, #9229, #1037 ) ) ;
#4342 = CARTESIAN_POINT ( 'NONE',  ( 100.9177259736543988, -10.80588650403014128, -6.089298848908268447 ) ) ;
#4343 = LINE ( 'NONE', #7582, #4657 ) ;
#4344 = DIRECTION ( 'NONE',  ( -0.000000000000000000, 0.000000000000000000, 1.000000000000000000 ) ) ;
#4345 = CIRCLE ( 'NONE', #2321, 0.9999999999999980016 ) ;
#4346 = VERTEX_POINT ( 'NONE', #4883 ) ;
#4347 = AXIS2_PLACEMENT_3D ( 'NONE', #8344, #267, #9080 ) ;
#4348 = AXIS2_PLACEMENT_3D ( 'NONE', #1314, #2846, #2051 ) ;
#4349 = EDGE_CURVE ( 'NONE', #6554, #10462, #6587, .T. ) ;
#4350 = EDGE_CURVE ( 'NONE', #4317, #6294, #9186, .T. ) ;
#4351 = DIRECTION ( 'NONE',  ( 0.7071067811865512365, 1.691909977029939647E-16, 0.7071067811865437980 ) ) ;
#4352 = CARTESIAN_POINT ( 'NONE',  ( 102.2732911153907622, -6.023016659406605022, -8.293392128068518332 ) ) ;
#4353 = AXIS2_PLACEMENT_3D ( 'NONE', #9514, #760, #10520 ) ;
#4354 = CYLINDRICAL_SURFACE ( 'NONE', #9281, 2.600000000000008527 ) ;
#4355 = DIRECTION ( 'NONE',  ( -0.7071067811865445751, 0.000000000000000000, 0.7071067811865506814 ) ) ;
#4356 = CYLINDRICAL_SURFACE ( 'NONE', #10470, 8.000000000000007105 ) ;
#4357 = CARTESIAN_POINT ( 'NONE',  ( 96.74411681578446576, -16.48455183905596400, -2.764217828462138371 ) ) ;
#4358 = DIRECTION ( 'NONE',  ( -0.000000000000000000, -0.000000000000000000, 1.000000000000000000 ) ) ;
#4359 = CARTESIAN_POINT ( 'NONE',  ( 103.0611838965949403, -9.689317062940421721, -9.081284909272707040 ) ) ;
#4360 = VERTEX_POINT ( 'NONE', #8877 ) ;
#4361 = VERTEX_POINT ( 'NONE', #8090 ) ;
#4362 = CARTESIAN_POINT ( 'NONE',  ( 97.55091604368881519, -12.74734812099879910, -2.722488918942667091 ) ) ;
#4363 = VECTOR ( 'NONE', #5082, 1000.000000000000000 ) ;
#4364 = VECTOR ( 'NONE', #2551, 1000.000000000000227 ) ;
#4365 = PLANE ( 'NONE',  #7148 ) ;
#4366 = ORIENTED_EDGE ( 'NONE', *, *, #7354, .F. ) ;
#4367 = FACE_OUTER_BOUND ( 'NONE', #5843, .T. ) ;
#4368 = VECTOR ( 'NONE', #9284, 1000.000000000000000 ) ;
#4369 = AXIS2_PLACEMENT_3D ( 'NONE', #9377, #3656, #10185 ) ;
#4370 = CARTESIAN_POINT ( 'NONE',  ( 90.36508065875059970, -28.00000001280309192, 4.463346465995642554 ) ) ;
#4371 = CIRCLE ( 'NONE', #9452, 1.000000000000000888 ) ;
#4372 = ORIENTED_EDGE ( 'NONE', *, *, #9725, .T. ) ;
#4373 = CARTESIAN_POINT ( 'NONE',  ( 113.3904139806818705, 22.55147186257611835, -0.4512165796608825774 ) ) ;
#4374 = VECTOR ( 'NONE', #3312, 1000.000000000000000 ) ;
#4375 = VERTEX_POINT ( 'NONE', #1609 ) ;
#4376 = LINE ( 'NONE', #8248, #7367 ) ;
#4377 = CIRCLE ( 'NONE', #477, 1.949958776210932943 ) ;
#4378 = ORIENTED_EDGE ( 'NONE', *, *, #9198, .T. ) ;
#4379 = DIRECTION ( 'NONE',  ( -1.000000000000000000, 0.000000000000000000, 0.000000000000000000 ) ) ;
#4380 = ORIENTED_EDGE ( 'NONE', *, *, #449, .F. ) ;
#4381 = PLANE ( 'NONE',  #9361 ) ;
#4382 = DIRECTION ( 'NONE',  ( 0.000000000000000000, 0.000000000000000000, 1.000000000000000000 ) ) ;
#4383 = CIRCLE ( 'NONE', #662, 1.000000000000001332 ) ;
#4384 = DIRECTION ( 'NONE',  ( -0.7071067811865513475, -1.691909977029939647E-16, -0.7071067811865437980 ) ) ;
#4385 = EDGE_CURVE ( 'NONE', #4109, #10151, #9877, .T. ) ;
#4386 = AXIS2_PLACEMENT_3D ( 'NONE', #9687, #3213, #9181 ) ;
#4387 = EDGE_CURVE ( 'NONE', #5098, #2824, #4057, .T. ) ;
#4388 = CARTESIAN_POINT ( 'NONE',  ( 41.73333539013160731, 31.00000000000001776, 4.000000000000003553 ) ) ;
#4389 = CARTESIAN_POINT ( 'NONE',  ( 104.6169211135488553, -18.39378958353815463, -9.788493988802906998 ) ) ;
#4390 = ORIENTED_EDGE ( 'NONE', *, *, #3644, .T. ) ;
#4391 = ORIENTED_EDGE ( 'NONE', *, *, #2154, .F. ) ;
#4392 = CARTESIAN_POINT ( 'NONE',  ( 75.15075759508262365, 24.00000000000001421, 19.67766952966377048 ) ) ;
#4393 = DIRECTION ( 'NONE',  ( -0.7071067811865513475, -1.691909977029939647E-16, -0.7071067811865437980 ) ) ;
#4394 = ORIENTED_EDGE ( 'NONE', *, *, #2135, .F. ) ;
#4395 = FACE_OUTER_BOUND ( 'NONE', #5078, .T. ) ;
#4396 = CARTESIAN_POINT ( 'NONE',  ( 105.6563282084945143, -12.80427915708982844, -10.82790108374855009 ) ) ;
#4397 = B_SPLINE_CURVE_WITH_KNOTS ( 'NONE', 3,
 ( #9238, #1190, #1968, #4414, #5890, #3415, #7488, #7651, #373, #165, #6846, #10097, #2821, #213, #6047, #2033, #8238, #6632, #9888 ),
 .UNSPECIFIED., .F., .F.,
 ( 4, 1, 1, 1, 1, 1, 1, 1, 1, 1, 1, 1, 1, 1, 1, 1, 4 ),
 ( 0.000000000000000000, 0.2180541417732434484, 0.2999628892377028122, 0.3648314919390348576, 0.4414267484011876741, 0.5156068335871724084, 0.5854519617438076473, 0.6405953540161041238, 0.6746675882977185568, 0.7028946829791279383, 0.7226819820522718540, 0.7334131516685706842, 0.7550775617706313447, 0.7903349572944573520, 0.8433371530686085693, 0.8952236381008675803, 1.000000000000000000 ),
 .UNSPECIFIED. ) ;
#4398 = ORIENTED_EDGE ( 'NONE', *, *, #7158, .T. ) ;
#4399 = CARTESIAN_POINT ( 'NONE',  ( 105.5302420491654800, -13.32181596742723606, -11.55034306184327875 ) ) ;
#4400 = LINE ( 'NONE', #4495, #6362 ) ;
#4401 = DIRECTION ( 'NONE',  ( -0.7071067811865482389, 0.000000000000000000, 0.7071067811865467956 ) ) ;
#4402 = VERTEX_POINT ( 'NONE', #9187 ) ;
#4403 = LINE ( 'NONE', #3617, #9088 ) ;
#4404 = EDGE_CURVE ( 'NONE', #7032, #5684, #1291, .T. ) ;
#4405 = DIRECTION ( 'NONE',  ( -0.7071067811865561215, 0.000000000000000000, 0.7071067811865388020 ) ) ;
#4406 = DIRECTION ( 'NONE',  ( 0.000000000000000000, -0.5773502691896303940, 0.8164965809277228148 ) ) ;
#4407 = DIRECTION ( 'NONE',  ( -0.7071067811865454633, 0.000000000000000000, 0.7071067811865495711 ) ) ;
#4408 = FACE_OUTER_BOUND ( 'NONE', #3348, .T. ) ;
#4409 = ADVANCED_FACE ( 'NONE', ( #2823, #4514 ), #1923, .T. ) ;
#4410 = DIRECTION ( 'NONE',  ( -0.7071067811865439090, 0.000000000000000000, 0.7071067811865512365 ) ) ;
#4411 = CARTESIAN_POINT ( 'NONE',  ( 56.64466094067248036, -23.99999999999998579, 2.585786437626899747 ) ) ;
#4412 = ADVANCED_FACE ( 'NONE', ( #5304 ), #2718, .F. ) ;
#4413 = ORIENTED_EDGE ( 'NONE', *, *, #8436, .T. ) ;
#4414 = CARTESIAN_POINT ( 'NONE',  ( 104.3045858428642845, -17.39975506580979214, -9.476158718118202984 ) ) ;
#4415 = FACE_OUTER_BOUND ( 'NONE', #1930, .T. ) ;
#4416 = ORIENTED_EDGE ( 'NONE', *, *, #8174, .F. ) ;
#4417 = DIRECTION ( 'NONE',  ( -0.7071067811865513475, -1.691909977029939647E-16, -0.7071067811865437980 ) ) ;
#4418 = CARTESIAN_POINT ( 'NONE',  ( 134.5577777210914121, 13.00000000000001954, 4.697056274847476232 ) ) ;
#4419 = CARTESIAN_POINT ( 'NONE',  ( 102.7055733844068897, -17.92014800504008321, -8.725674397084590694 ) ) ;
#4420 = EDGE_LOOP ( 'NONE', ( #8573, #5889, #3466, #2503 ) ) ;
#4421 = PLANE ( 'NONE',  #9068 ) ;
#4422 = ADVANCED_FACE ( 'NONE', ( #3581 ), #8347, .F. ) ;
#4423 = EDGE_LOOP ( 'NONE', ( #8511, #10340, #5088, #7169 ) ) ;
#4424 = CARTESIAN_POINT ( 'NONE',  ( 75.96949230676395359, -14.00000000000030909, 16.03050769323623470 ) ) ;
#4425 = ORIENTED_EDGE ( 'NONE', *, *, #3248, .F. ) ;
#4426 = CARTESIAN_POINT ( 'NONE',  ( 103.9300035893749197, 3.000000000000011990, -19.42533546995249694 ) ) ;
#4427 = FACE_OUTER_BOUND ( 'NONE', #6974, .T. ) ;
#4428 = FACE_OUTER_BOUND ( 'NONE', #9966, .T. ) ;
#4429 = CARTESIAN_POINT ( 'NONE',  ( 78.37365536279824596, -20.50000000000091305, 10.65649615621842905 ) ) ;
#4430 = DIRECTION ( 'NONE',  ( -0.6815790999493112068, 0.2662702781471559255, 0.6815790999493185343 ) ) ;
#4431 = LINE ( 'NONE', #7676, #1478 ) ;
#4432 = ORIENTED_EDGE ( 'NONE', *, *, #4203, .T. ) ;
#4433 = CARTESIAN_POINT ( 'NONE',  ( 110.9303607231217370, -12.99999999999998401, -18.93036072312192886 ) ) ;
#4434 = ORIENTED_EDGE ( 'NONE', *, *, #3449, .T. ) ;
#4435 = FACE_OUTER_BOUND ( 'NONE', #4120, .T. ) ;
#4436 = VECTOR ( 'NONE', #11, 1000.000000000000000 ) ;
#4437 = EDGE_CURVE ( 'NONE', #8774, #2781, #5622, .T. ) ;
#4438 = CARTESIAN_POINT ( 'NONE',  ( 104.0863578211244942, -13.37914367311768338, -10.10645883380227517 ) ) ;
#4439 = ORIENTED_EDGE ( 'NONE', *, *, #6026, .F. ) ;
#4440 = CARTESIAN_POINT ( 'NONE',  ( 98.27314933988262169, 14.90000000000000213, -3.444722215136458043 ) ) ;
#4441 = CARTESIAN_POINT ( 'NONE',  ( 102.5741036805333408, -12.99460872837454595, -8.594204693211128898 ) ) ;
#4442 = ORIENTED_EDGE ( 'NONE', *, *, #5626, .F. ) ;
#4444 = ORIENTED_EDGE ( 'NONE', *, *, #4590, .F. ) ;
#4443 = VECTOR ( 'NONE', #431, 1000.000000000000000 ) ;
#4445 = CARTESIAN_POINT ( 'NONE',  ( 100.0516383837999541, -8.847115551107986420, -5.223211259053809563 ) ) ;
#4446 = DIRECTION ( 'NONE',  ( -0.000000000000000000, -0.000000000000000000, 1.000000000000000000 ) ) ;
#4447 = EDGE_CURVE ( 'NONE', #5115, #6305, #272, .T. ) ;
#4448 = DIRECTION ( 'NONE',  ( -0.7071067811865940911, 0.000000000000000000, 0.7071067811865010544 ) ) ;
#4449 = VERTEX_POINT ( 'NONE', #2085 ) ;
#4450 = CIRCLE ( 'NONE', #10389, 2.000000000000000000 ) ;
#4451 = CARTESIAN_POINT ( 'NONE',  ( 104.3936609690503872, -9.007425705138800254, -9.565233844304289690 ) ) ;
#4452 = ORIENTED_EDGE ( 'NONE', *, *, #1036, .F. ) ;
#4453 = LINE ( 'NONE', #6199, #8270 ) ;
#4454 = CARTESIAN_POINT ( 'NONE',  ( 90.15504871012861088, 21.49999999999898392, -0.6946037666966270452 ) ) ;
#4455 = CARTESIAN_POINT ( 'NONE',  ( 38.90490826538594860, -28.99999999999999645, -105.6636342295370383 ) ) ;
#4456 = PLANE ( 'NONE',  #6354 ) ;
#4457 = CARTESIAN_POINT ( 'NONE',  ( 107.3285344780201171, 14.90000000000000391, 5.610662923000938385 ) ) ;
#4458 = AXIS2_PLACEMENT_3D ( 'NONE', #5094, #7547, #3254 ) ;
#4459 = CARTESIAN_POINT ( 'NONE',  ( 98.23495689301984157, -12.37008508985941369, -4.255057905697558596 ) ) ;
#4460 = VERTEX_POINT ( 'NONE', #10098 ) ;
#4461 = DIRECTION ( 'NONE',  ( 1.000000000000000000, 0.000000000000000000, 0.000000000000000000 ) ) ;
#4462 = EDGE_CURVE ( 'NONE', #2032, #141, #3740, .T. ) ;
#4463 = CARTESIAN_POINT ( 'NONE',  ( 42.25233405971178513, 1.715935098703763923E-14, 42.25233405971132328 ) ) ;
#4464 = CARTESIAN_POINT ( 'NONE',  ( 102.1622366364085508, -2.999999999999984457, -17.65756851698609609 ) ) ;
#4465 = EDGE_CURVE ( 'NONE', #4046, #3233, #4280, .T. ) ;
#4466 = CARTESIAN_POINT ( 'NONE',  ( 90.00000000000001421, 36.99999999999999289, 2.000000000000000000 ) ) ;
#4467 = VECTOR ( 'NONE', #7258, 1000.000000000000000 ) ;
#4468 = EDGE_CURVE ( 'NONE', #3593, #6031, #1133, .T. ) ;
#4469 = CARTESIAN_POINT ( 'NONE',  ( 47.41421356237359674, 1.134490336022446682E-14, 47.41421356237309936 ) ) ;
#4470 = ORIENTED_EDGE ( 'NONE', *, *, #5631, .F. ) ;
#4471 = ORIENTED_EDGE ( 'NONE', *, *, #3394, .T. ) ;
#4472 = CARTESIAN_POINT ( 'NONE',  ( 106.5462986797651581, 17.40000000000001634, -12.56639969244294974 ) ) ;
#4473 = EDGE_LOOP ( 'NONE', ( #4605, #3579, #1452, #6803 ) ) ;
#4474 = CARTESIAN_POINT ( 'NONE',  ( 90.00000000000001421, -36.99999999999998579, 1.000000000000000000 ) ) ;
#4475 = VECTOR ( 'NONE', #5862, 1000.000000000000000 ) ;
#4476 = ORIENTED_EDGE ( 'NONE', *, *, #5568, .F. ) ;
#4477 = DIRECTION ( 'NONE',  ( -0.7071067811865514585, -2.775557561562890858E-16, -0.7071067811865437980 ) ) ;
#4478 = DIRECTION ( 'NONE',  ( -0.7071067811865384689, 0.000000000000000000, 0.7071067811865565655 ) ) ;
#4479 = EDGE_CURVE ( 'NONE', #635, #4990, #9018, .T. ) ;
#4480 = DIRECTION ( 'NONE',  ( 0.7071067811865583419, 0.000000000000000000, -0.7071067811865366926 ) ) ;
#4481 = DIRECTION ( 'NONE',  ( -4.710277376051348426E-16, -1.000000000000000000, -4.710277376051299123E-16 ) ) ;
#4482 = CARTESIAN_POINT ( 'NONE',  ( 104.1926570448369773, -18.39378958353815463, -10.21275805751477961 ) ) ;
#4483 = CYLINDRICAL_SURFACE ( 'NONE', #5214, 0.2999999999999896638 ) ;
#4484 = CARTESIAN_POINT ( 'NONE',  ( 105.9789689731115772, -16.70926321126091452, -11.15054184836562889 ) ) ;
#4485 = ORIENTED_EDGE ( 'NONE', *, *, #7928, .T. ) ;
#4486 = ORIENTED_EDGE ( 'NONE', *, *, #5440, .F. ) ;
#4487 = DIRECTION ( 'NONE',  ( -5.212333309571884231E-16, -1.000000000000000000, 7.605055345402044554E-16 ) ) ;
#4488 = CARTESIAN_POINT ( 'NONE',  ( 105.1066208548628538, -16.36005977435968362, -11.12672186754067027 ) ) ;
#4489 = VERTEX_POINT ( 'NONE', #5892 ) ;
#4490 = DIRECTION ( 'NONE',  ( 0.7071067811865692221, 0.000000000000000000, -0.7071067811865259234 ) ) ;
#4491 = STYLED_ITEM ( 'NONE', ( #537 ), #9453 ) ;
#4492 = ORIENTED_EDGE ( 'NONE', *, *, #2696, .T. ) ;
#4493 = EDGE_LOOP ( 'NONE', ( #3109, #339, #1431, #1060 ) ) ;
#4494 = CARTESIAN_POINT ( 'NONE',  ( 101.0003035266906437, -6.521635208207606560, -6.171876401944524027 ) ) ;
#4495 = CARTESIAN_POINT ( 'NONE',  ( 89.15000000000001990, 33.58337520964456502, -162.2337144733732259 ) ) ;
#4496 = FACE_OUTER_BOUND ( 'NONE', #351, .T. ) ;
#4497 = VECTOR ( 'NONE', #199, 1000.000000000000000 ) ;
#4498 = ORIENTED_EDGE ( 'NONE', *, *, #4653, .T. ) ;
#4499 = SURFACE_STYLE_FILL_AREA ( #1072 ) ;
#4500 = ADVANCED_FACE ( 'NONE', ( #4415 ), #4365, .F. ) ;
#4501 = LINE ( 'NONE', #7593, #611 ) ;
#4502 = EDGE_LOOP ( 'NONE', ( #3393, #3437, #5692, #9164 ) ) ;
#4503 = DIRECTION ( 'NONE',  ( -0.7071067811865513475, 0.000000000000000000, -0.7071067811865435759 ) ) ;
#4504 = VECTOR ( 'NONE', #6303, 1000.000000000000000 ) ;
#4505 = EDGE_CURVE ( 'NONE', #5048, #3715, #7707, .T. ) ;
#4506 = DIRECTION ( 'NONE',  ( -0.5038461287570226155, -0.7016253680370431178, 0.5038461287570299429 ) ) ;
#4507 = PLANE ( 'NONE',  #2134 ) ;
#4508 = DIRECTION ( 'NONE',  ( -1.000000000000000000, -8.095376221225092411E-15, 0.000000000000000000 ) ) ;
#4509 = DIRECTION ( 'NONE',  ( 0.000000000000000000, 0.000000000000000000, 1.000000000000000000 ) ) ;
#4510 = ORIENTED_EDGE ( 'NONE', *, *, #7769, .T. ) ;
#4511 = CARTESIAN_POINT ( 'NONE',  ( 56.64466094067248036, -23.99999999999998579, 2.585786437626899747 ) ) ;
#4512 = VECTOR ( 'NONE', #2614, 1000.000000000000000 ) ;
#4513 = VECTOR ( 'NONE', #9480, 1000.000000000000114 ) ;
#4514 = FACE_OUTER_BOUND ( 'NONE', #10043, .T. ) ;
#4515 = CIRCLE ( 'NONE', #6030, 0.8500000000000170752 ) ;
#4516 = CARTESIAN_POINT ( 'NONE',  ( 101.0651803615608912, 18.00000000000001421, -7.085281374238633134 ) ) ;
#4517 = DIRECTION ( 'NONE',  ( 0.7071067811865444641, -5.063798000695722988E-16, -0.7071067811865505703 ) ) ;
#4518 = ORIENTED_EDGE ( 'NONE', *, *, #3644, .F. ) ;
#4519 = CARTESIAN_POINT ( 'NONE',  ( 105.5547049043998129, -16.70926321126091452, -11.57480591707738427 ) ) ;
#4520 = ORIENTED_EDGE ( 'NONE', *, *, #7449, .T. ) ;
#4521 = DIRECTION ( 'NONE',  ( 0.7071067811865513475, 1.691909977029939893E-16, 0.7071067811865436870 ) ) ;
#4522 = AXIS2_PLACEMENT_3D ( 'NONE', #4932, #9034, #9786 ) ;
#4523 = VECTOR ( 'NONE', #8219, 1000.000000000000000 ) ;
#4524 = ORIENTED_EDGE ( 'NONE', *, *, #1498, .F. ) ;
#4525 = CARTESIAN_POINT ( 'NONE',  ( 106.5462986797651723, 10.60000000000001208, -12.56639969244296218 ) ) ;
#4526 = VERTEX_POINT ( 'NONE', #3681 ) ;
#4527 = EDGE_CURVE ( 'NONE', #1249, #2770, #6982, .T. ) ;
#4528 = VECTOR ( 'NONE', #270, 1000.000000000000000 ) ;
#4529 = CARTESIAN_POINT ( 'NONE',  ( 102.2974012319516248, -6.420077484061144979, -8.317502244629265462 ) ) ;
#4530 = VECTOR ( 'NONE', #1709, 1000.000000000000000 ) ;
#4531 = CARTESIAN_POINT ( 'NONE',  ( 99.81979658457264293, -13.13575954536769252, -5.839897597250354622 ) ) ;
#4532 = LINE ( 'NONE', #508, #4029 ) ;
#4533 = ADVANCED_FACE ( 'NONE', ( #3628 ), #7606, .T. ) ;
#4534 = VECTOR ( 'NONE', #7428, 1000.000000000000000 ) ;
#4535 = CARTESIAN_POINT ( 'NONE',  ( 98.20169256479262287, -17.84249581412521835, -4.221793577470359438 ) ) ;
#4536 = AXIS2_PLACEMENT_3D ( 'NONE', #615, #7082, #3804 ) ;
#4537 = CARTESIAN_POINT ( 'NONE',  ( 102.2531638107723069, -18.39387274456696986, -8.273264823450068306 ) ) ;
#4538 = CARTESIAN_POINT ( 'NONE',  ( 102.7139629096990916, -16.94059784720014505, -7.885535784953004779 ) ) ;
#4539 = CARTESIAN_POINT ( 'NONE',  ( 106.9705627484771071, 10.60000000000001208, -12.14213562373103805 ) ) ;
#4540 = VERTEX_POINT ( 'NONE', #6847 ) ;
#4541 = EDGE_CURVE ( 'NONE', #4924, #9844, #2882, .T. ) ;
#4542 = ORIENTED_EDGE ( 'NONE', *, *, #1248, .F. ) ;
#4543 = EDGE_CURVE ( 'NONE', #6305, #10416, #7497, .T. ) ;
#4544 = EDGE_CURVE ( 'NONE', #9645, #9050, #2290, .T. ) ;
#4545 = CARTESIAN_POINT ( 'NONE',  ( 97.77817459305201453, 15.60000000000000320, -3.798275605729727555 ) ) ;
#4546 = CARTESIAN_POINT ( 'NONE',  ( 104.0007142674936063, 8.300000000000004263, -10.02081528017137479 ) ) ;
#4547 = VECTOR ( 'NONE', #3480, 1000.000000000000000 ) ;
#4548 = EDGE_LOOP ( 'NONE', ( #1761, #5788, #2041, #1695 ) ) ;
#4549 = VECTOR ( 'NONE', #2369, 999.9999999999998863 ) ;
#4550 = DIRECTION ( 'NONE',  ( -0.7071067811865486830, 0.000000000000000000, 0.7071067811865465735 ) ) ;
#4551 = ORIENTED_EDGE ( 'NONE', *, *, #3124, .F. ) ;
#4552 = VERTEX_POINT ( 'NONE', #9455 ) ;
#4553 = FACE_OUTER_BOUND ( 'NONE', #3267, .T. ) ;
#4554 = CARTESIAN_POINT ( 'NONE',  ( 102.4107647738324260, 22.12720779386422976, -8.430865786510185700 ) ) ;
#4555 = CARTESIAN_POINT ( 'NONE',  ( 89.15000000000000568, -33.58337520964456502, 0.000000000000000000 ) ) ;
#4556 = ORIENTED_EDGE ( 'NONE', *, *, #1351, .T. ) ;
#4557 = DIRECTION ( 'NONE',  ( -0.7071067811865437980, -4.460489939442536493E-15, 0.7071067811865513475 ) ) ;
#4558 = DIRECTION ( 'NONE',  ( -0.7071067811865436870, 0.000000000000000000, 0.7071067811865513475 ) ) ;
#4559 = CARTESIAN_POINT ( 'NONE',  ( 99.59949493661166287, 16.17573593128808440, -5.619595949289388770 ) ) ;
#4560 = CARTESIAN_POINT ( 'NONE',  ( 100.3237590053235806, 15.45147186257616845, -5.495331880577457362 ) ) ;
#4561 = CARTESIAN_POINT ( 'NONE',  ( 103.4537086824955452, -7.349759618135095707, -9.473809695173313727 ) ) ;
#4562 = CARTESIAN_POINT ( 'NONE',  ( 97.77817459305201453, 7.600000000000001421, -3.798275605729727555 ) ) ;
#4563 = APPLICATION_PROTOCOL_DEFINITION ( 'draft international standard', 'automotive_design', 1998, #5995 ) ;
#4564 = PLANE ( 'NONE',  #3945 ) ;
#4565 = ORIENTED_EDGE ( 'NONE', *, *, #8724, .T. ) ;
#4566 = ADVANCED_FACE ( 'NONE', ( #10354 ), #8764, .F. ) ;
#4567 = CARTESIAN_POINT ( 'NONE',  ( 99.89949493661166002, 15.75147186257615850, -5.919595949289384151 ) ) ;
#4568 = CARTESIAN_POINT ( 'NONE',  ( 100.9334335098829882, -14.69140301790534764, -6.105006385136852565 ) ) ;
#4569 = ORIENTED_EDGE ( 'NONE', *, *, #4083, .F. ) ;
#4570 = CARTESIAN_POINT ( 'NONE',  ( 102.1312545858667988, -17.56833855368435238, -8.151355598544521186 ) ) ;
#4571 = ORIENTED_EDGE ( 'NONE', *, *, #8694, .T. ) ;
#4572 = PLANE ( 'NONE',  #8729 ) ;
#4573 = ORIENTED_EDGE ( 'NONE', *, *, #2798, .F. ) ;
#4574 = LINE ( 'NONE', #664, #6749 ) ;
#4575 = ORIENTED_EDGE ( 'NONE', *, *, #3573, .F. ) ;
#4576 = LINE ( 'NONE', #10265, #3780 ) ;
#4577 = DIRECTION ( 'NONE',  ( 0.4999999999999953371, -0.7071067811865505703, -0.5000000000000005551 ) ) ;
#4578 = PLANE ( 'NONE',  #5693 ) ;
#4579 = ORIENTED_EDGE ( 'NONE', *, *, #9177, .T. ) ;
#4580 = CARTESIAN_POINT ( 'NONE',  ( 103.5117664492888707, -9.219426233395644488, -8.683339324542833637 ) ) ;
#4581 = DIRECTION ( 'NONE',  ( -0.7071067811865512365, -1.691909977029938907E-16, -0.7071067811865439090 ) ) ;
#4582 = CARTESIAN_POINT ( 'NONE',  ( 99.13158871091418689, 15.60000000000000142, -5.151689723591896808 ) ) ;
#4583 = CARTESIAN_POINT ( 'NONE',  ( 102.0486327394764601, 22.33933982822020070, -8.068733752154196637 ) ) ;
#4584 = EDGE_LOOP ( 'NONE', ( #8031, #731, #1210, #9376 ) ) ;
#4585 = FILL_AREA_STYLE_COLOUR ( '', #7427 ) ;
#4586 = ORIENTED_EDGE ( 'NONE', *, *, #1085, .F. ) ;
#4587 = FACE_OUTER_BOUND ( 'NONE', #269, .T. ) ;
#4588 = LINE ( 'NONE', #8634, #893 ) ;
#4589 = ORIENTED_EDGE ( 'NONE', *, *, #394, .F. ) ;
#4590 = EDGE_CURVE ( 'NONE', #9091, #3533, #7106, .T. ) ;
#4591 = DIRECTION ( 'NONE',  ( -0.7071067811865512365, -2.775557561562891351E-16, -0.7071067811865437980 ) ) ;
#4592 = EDGE_CURVE ( 'NONE', #10070, #3552, #6157, .T. ) ;
#4593 = EDGE_CURVE ( 'NONE', #7871, #3528, #6265, .T. ) ;
#4594 = VERTEX_POINT ( 'NONE', #9401 ) ;
#4595 = ORIENTED_EDGE ( 'NONE', *, *, #1245, .T. ) ;
#4596 = CARTESIAN_POINT ( 'NONE',  ( 110.6749290837167194, -13.00000000000001066, 2.264268317304304112 ) ) ;
#4597 = CARTESIAN_POINT ( 'NONE',  ( 101.8538511346417437, -10.40250754864332983, -7.873952147319479344 ) ) ;
#4598 = DIRECTION ( 'NONE',  ( -0.7071067811865513475, -1.691909977029939647E-16, -0.7071067811865437980 ) ) ;
#4599 = AXIS2_PLACEMENT_3D ( 'NONE', #9042, #1838, #2469 ) ;
#4600 = VERTEX_POINT ( 'NONE', #7864 ) ;
#4601 = CARTESIAN_POINT ( 'NONE',  ( 96.56275018514070041, -16.01393618834264032, -2.582851197818387678 ) ) ;
#4602 = CARTESIAN_POINT ( 'NONE',  ( 90.00000000000001421, -23.99999999999998579, -55.39696961966971145 ) ) ;
#4603 = AXIS2_PLACEMENT_3D ( 'NONE', #5147, #7545, #9302 ) ;
#4604 = EDGE_CURVE ( 'NONE', #3533, #10506, #10405, .T. ) ;
#4605 = ORIENTED_EDGE ( 'NONE', *, *, #8893, .F. ) ;
#4606 = CARTESIAN_POINT ( 'NONE',  ( 47.41421356237359674, 1.134490336022446682E-14, 47.41421356237309936 ) ) ;
#4607 = DIRECTION ( 'NONE',  ( -0.000000000000000000, -0.000000000000000000, -1.000000000000000000 ) ) ;
#4608 = CARTESIAN_POINT ( 'NONE',  ( 56.88730162779175714, -28.99999999999998579, 0.000000000000000000 ) ) ;
#4609 = AXIS2_PLACEMENT_3D ( 'NONE', #618, #10336, #3063 ) ;
#4610 = DIRECTION ( 'NONE',  ( -0.7071067811865439090, 4.928191693115923867E-16, 0.7071067811865512365 ) ) ;
#4611 = DIRECTION ( 'NONE',  ( 0.7071067811865447972, 0.000000000000000000, -0.7071067811865502373 ) ) ;
#4612 = PLANE ( 'NONE',  #928 ) ;
#4613 = ORIENTED_EDGE ( 'NONE', *, *, #9512, .F. ) ;
#4614 = LINE ( 'NONE', #7870, #5364 ) ;
#4615 = VECTOR ( 'NONE', #3350, 1000.000000000000114 ) ;
#4616 = ORIENTED_EDGE ( 'NONE', *, *, #4125, .F. ) ;
#4617 = CARTESIAN_POINT ( 'NONE',  ( 113.4680995693950223, -11.53539626432506893, -0.5289021683740312563 ) ) ;
#4618 = VERTEX_POINT ( 'NONE', #2352 ) ;
#4619 = FACE_OUTER_BOUND ( 'NONE', #9241, .T. ) ;
#4620 = EDGE_LOOP ( 'NONE', ( #6428, #4220, #9097, #5777 ) ) ;
#4621 = CARTESIAN_POINT ( 'NONE',  ( 98.27314933988262169, 8.200000000000006395, -3.444722215136456267 ) ) ;
#4622 = CARTESIAN_POINT ( 'NONE',  ( 74.41385738815336026, 21.49999999999885958, 13.34350192472751395 ) ) ;
#4623 = PLANE ( 'NONE',  #6226 ) ;
#4624 = EDGE_CURVE ( 'NONE', #7356, #4919, #4716, .T. ) ;
#4625 = CYLINDRICAL_SURFACE ( 'NONE', #10132, 0.1000000000000059591 ) ;
#4626 = CARTESIAN_POINT ( 'NONE',  ( 98.40609700220730360, -13.12287884935709315, -4.426198014884936249 ) ) ;
#4627 = VECTOR ( 'NONE', #9357, 1000.000000000000000 ) ;
#4628 = LINE ( 'NONE', #610, #280 ) ;
#4629 = CARTESIAN_POINT ( 'NONE',  ( 90.00000000000001421, 24.00000000000001776, -55.39696961966971855 ) ) ;
#4630 = EDGE_CURVE ( 'NONE', #542, #7546, #8353, .T. ) ;
#4631 = CARTESIAN_POINT ( 'NONE',  ( 87.56604351822331012, -18.50000000000098410, 1.464108000793260089 ) ) ;
#4632 = ORIENTED_EDGE ( 'NONE', *, *, #5547, .F. ) ;
#4633 = CARTESIAN_POINT ( 'NONE',  ( 97.60626546847332463, -16.11036491588398079, -2.777838343727218273 ) ) ;
#4634 = VERTEX_POINT ( 'NONE', #8818 ) ;
#4635 = FACE_BOUND ( 'NONE', #5380, .T. ) ;
#4636 = CARTESIAN_POINT ( 'NONE',  ( 99.13158871091418689, 15.60000000000000142, -5.151689723591896808 ) ) ;
#4637 = VERTEX_POINT ( 'NONE', #7972 ) ;
#4638 = VECTOR ( 'NONE', #6800, 1000.000000000000000 ) ;
#4639 = CARTESIAN_POINT ( 'NONE',  ( 102.3059378875420720, -18.85672476411543030, -7.477510762795971822 ) ) ;
#4640 = VERTEX_POINT ( 'NONE', #7051 ) ;
#4641 = ORIENTED_EDGE ( 'NONE', *, *, #9138, .F. ) ;
#4642 = CARTESIAN_POINT ( 'NONE',  ( 89.15000000000001990, 30.53337520964456786, -95.00000000000000000 ) ) ;
#4643 = EDGE_CURVE ( 'NONE', #8480, #1451, #2524, .T. ) ;
#4644 = DIRECTION ( 'NONE',  ( -0.7071067811865513475, -1.691909977029939893E-16, -0.7071067811865437980 ) ) ;
#4645 = DIRECTION ( 'NONE',  ( -0.7071067811865512365, -1.691909977029938907E-16, -0.7071067811865437980 ) ) ;
#4646 = EDGE_CURVE ( 'NONE', #6031, #937, #10308, .T. ) ;
#4647 = ADVANCED_FACE ( 'NONE', ( #3037 ), #7157, .T. ) ;
#4648 = VERTEX_POINT ( 'NONE', #1394 ) ;
#4649 = AXIS2_PLACEMENT_3D ( 'NONE', #6756, #8460, #9896 ) ;
#4650 = LINE ( 'NONE', #9552, #4799 ) ;
#4651 = DIRECTION ( 'NONE',  ( -0.7071067811865514585, -2.775557561562890858E-16, -0.7071067811865437980 ) ) ;
#4652 = CARTESIAN_POINT ( 'NONE',  ( 77.97918471982879396, 28.00000000000001776, 16.84924240491757885 ) ) ;
#4653 = EDGE_CURVE ( 'NONE', #7412, #141, #7355, .T. ) ;
#4654 = CARTESIAN_POINT ( 'NONE',  ( 103.0611838965949687, -9.689317062940421721, -9.081284909272699934 ) ) ;
#4655 = PLANE ( 'NONE',  #5844 ) ;
#4656 = CARTESIAN_POINT ( 'NONE',  ( 105.0087947250262062, -17.63463627093115349, -11.02889573770387166 ) ) ;
#4657 = VECTOR ( 'NONE', #6830, 1000.000000000000000 ) ;
#4658 = ORIENTED_EDGE ( 'NONE', *, *, #2440, .F. ) ;
#4659 = ADVANCED_FACE ( 'NONE', ( #9508 ), #4564, .F. ) ;
#4660 = EDGE_CURVE ( 'NONE', #3552, #2362, #5957, .T. ) ;
#4661 = LINE ( 'NONE', #3496, #10045 ) ;
#4662 = ORIENTED_EDGE ( 'NONE', *, *, #9045, .F. ) ;
#4663 = FACE_OUTER_BOUND ( 'NONE', #7917, .T. ) ;
#4664 = DIRECTION ( 'NONE',  ( 0.7071067811865388020, 0.000000000000000000, -0.7071067811865562325 ) ) ;
#4665 = VECTOR ( 'NONE', #8337, 1000.000000000000000 ) ;
#4666 = ORIENTED_EDGE ( 'NONE', *, *, #9675, .T. ) ;
#4667 = DIRECTION ( 'NONE',  ( -9.376883653928788436E-17, 1.000000000000000000, -9.376883653928688596E-17 ) ) ;
#4668 = ORIENTED_EDGE ( 'NONE', *, *, #899, .F. ) ;
#4669 = CARTESIAN_POINT ( 'NONE',  ( 101.2972173759776666, -6.529575309756275203, -7.317318388655410288 ) ) ;
#4670 = ORIENTED_EDGE ( 'NONE', *, *, #4593, .F. ) ;
#4671 = ORIENTED_EDGE ( 'NONE', *, *, #6345, .F. ) ;
#4672 = CARTESIAN_POINT ( 'NONE',  ( 102.8350288425443608, 22.12720779386422976, -8.006601717798259799 ) ) ;
#4673 = ORIENTED_EDGE ( 'NONE', *, *, #5878, .T. ) ;
#4674 = CIRCLE ( 'NONE', #9768, 1.949958776210932943 ) ;
#4675 = DIRECTION ( 'NONE',  ( 0.7071067811865489050, 0.000000000000000000, -0.7071067811865460184 ) ) ;
#4676 = PLANE ( 'NONE',  #6839 ) ;
#4677 = CIRCLE ( 'NONE', #99, 1.000000000000000000 ) ;
#4678 = VECTOR ( 'NONE', #491, 1000.000000000000000 ) ;
#4679 = CARTESIAN_POINT ( 'NONE',  ( 91.96638690793633941, 29.00000000000002132, 1.447826654436762173 ) ) ;
#4680 = VECTOR ( 'NONE', #5471, 1000.000000000000000 ) ;
#4681 = ORIENTED_EDGE ( 'NONE', *, *, #2502, .F. ) ;
#4682 = CARTESIAN_POINT ( 'NONE',  ( 97.13004485125829035, -14.41516389348193528, -3.150145863935952750 ) ) ;
#4683 = VECTOR ( 'NONE', #2701, 1000.000000000000000 ) ;
#4684 = FACE_OUTER_BOUND ( 'NONE', #9579, .T. ) ;
#4685 = CARTESIAN_POINT ( 'NONE',  ( 62.90893786513045427, 28.86986338288270204, 3.629832591702925271 ) ) ;
#4686 = CARTESIAN_POINT ( 'NONE',  ( 82.00000000000001421, 43.99999999999998579, 2.000000000000000000 ) ) ;
#4687 = VECTOR ( 'NONE', #5492, 1000.000000000000114 ) ;
#4688 = VERTEX_POINT ( 'NONE', #5455 ) ;
#4689 = ORIENTED_EDGE ( 'NONE', *, *, #7062, .T. ) ;
#4690 = FACE_BOUND ( 'NONE', #4834, .T. ) ;
#4691 = VECTOR ( 'NONE', #10202, 1000.000000000000000 ) ;
#4692 = DIRECTION ( 'NONE',  ( -0.7071067811865523467, -6.106226635438360972E-16, -0.7071067811865429098 ) ) ;
#4693 = EDGE_LOOP ( 'NONE', ( #3763, #1948, #6334, #5798 ) ) ;
#4694 = EDGE_CURVE ( 'NONE', #6434, #2543, #4661, .T. ) ;
#4695 = AXIS2_PLACEMENT_3D ( 'NONE', #8221, #9016, #6675 ) ;
#4696 = VECTOR ( 'NONE', #1525, 1000.000000000000000 ) ;
#4697 = CARTESIAN_POINT ( 'NONE',  ( 106.9705627484771355, -22.99999999999998579, -16.38477631085031305 ) ) ;
#4698 = VECTOR ( 'NONE', #1440, 1000.000000000000114 ) ;
#4699 = B_SPLINE_CURVE_WITH_KNOTS ( 'NONE', 3,
 ( #5513, #704, #6425, #7216, #7271, #9672, #3200, #2398, #5619, #4770, #9719, #2244, #5460, #1447, #3942, #7164, #3892, #1603, #7110 ),
 .UNSPECIFIED., .F., .F.,
 ( 4, 1, 1, 1, 1, 1, 1, 1, 1, 1, 1, 1, 1, 1, 1, 1, 4 ),
 ( 0.000000000000000000, 0.1047763618991324197, 0.1566628469313914307, 0.2096650427055426480, 0.2449224382293686553, 0.2665868483314293158, 0.2773180179477281460, 0.2971053170208720617, 0.3253324117022814432, 0.3594046459838958762, 0.4145480382561923527, 0.4843931664128275916, 0.5585732515988123259, 0.6351685080609651424, 0.7000371107622971323, 0.7819458582267565516, 1.000000000000000000 ),
 .UNSPECIFIED. ) ;
#4700 = ORIENTED_EDGE ( 'NONE', *, *, #10380, .F. ) ;
#4701 = ORIENTED_EDGE ( 'NONE', *, *, #516, .T. ) ;
#4702 = VECTOR ( 'NONE', #9012, 1000.000000000000000 ) ;
#4703 = DIRECTION ( 'NONE',  ( 0.000000000000000000, 0.000000000000000000, 1.000000000000000000 ) ) ;
#4704 = CARTESIAN_POINT ( 'NONE',  ( 102.9232135845906271, -6.529609367200701620, -8.094786459844515392 ) ) ;
#4705 = AXIS2_PLACEMENT_3D ( 'NONE', #1775, #2466, #3425 ) ;
#4706 = CARTESIAN_POINT ( 'NONE',  ( 109.4454364826299724, -2.999999999999984013, -17.44543648263015356 ) ) ;
#4707 = ORIENTED_EDGE ( 'NONE', *, *, #7987, .T. ) ;
#4708 = DIRECTION ( 'NONE',  ( 0.1777329711922838451, -0.9678956461841974335, -0.1777329711922854827 ) ) ;
#4709 = DIRECTION ( 'NONE',  ( -0.7071067811865512365, -1.691909977029938907E-16, -0.7071067811865437980 ) ) ;
#4710 = AXIS2_PLACEMENT_3D ( 'NONE', #9300, #3467, #4205 ) ;
#4711 = CARTESIAN_POINT ( 'NONE',  ( 101.6195439455792382, -12.99999999999996980, -6.791116820833109635 ) ) ;
#4712 = CARTESIAN_POINT ( 'NONE',  ( 102.2607647738324204, 22.33933982822020070, -8.280865786510183568 ) ) ;
#4713 = CARTESIAN_POINT ( 'NONE',  ( 92.94005505524123123, -1.140031267824968793E-12, -0.9400550552412303418 ) ) ;
#4714 = DIRECTION ( 'NONE',  ( 0.000000000000000000, 1.000000000000000000, 0.000000000000000000 ) ) ;
#4715 = ORIENTED_EDGE ( 'NONE', *, *, #6066, .T. ) ;
#4716 = LINE ( 'NONE', #7007, #1238 ) ;
#4717 = ORIENTED_EDGE ( 'NONE', *, *, #7053, .T. ) ;
#4718 = EDGE_CURVE ( 'NONE', #6879, #5839, #7574, .T. ) ;
#4719 = CARTESIAN_POINT ( 'NONE',  ( 99.47523086789972524, 15.75147186257615850, -5.495331880577453809 ) ) ;
#4720 = PLANE ( 'NONE',  #2284 ) ;
#4721 = ORIENTED_EDGE ( 'NONE', *, *, #8169, .T. ) ;
#4722 = CARTESIAN_POINT ( 'NONE',  ( 90.00000000000001421, 31.00000000000002132, 1.000000000000000000 ) ) ;
#4723 = EDGE_CURVE ( 'NONE', #7448, #647, #7518, .T. ) ;
#4724 = EDGE_CURVE ( 'NONE', #653, #2858, #4954, .T. ) ;
#4725 = ADVANCED_FACE ( 'NONE', ( #6717 ), #574, .T. ) ;
#4726 = ORIENTED_EDGE ( 'NONE', *, *, #9353, .F. ) ;
#4727 = CARTESIAN_POINT ( 'NONE',  ( 102.5555186545787194, -17.56833855368435238, -7.727091529832611272 ) ) ;
#4728 = CARTESIAN_POINT ( 'NONE',  ( 103.7607647738324204, 22.33933982822017228, -9.780865786510192450 ) ) ;
#4729 = ORIENTED_EDGE ( 'NONE', *, *, #4977, .T. ) ;
#4730 = VERTEX_POINT ( 'NONE', #9163 ) ;
#4731 = DIRECTION ( 'NONE',  ( -1.196361017915046388E-16, 1.000000000000000000, -1.196361017915046388E-16 ) ) ;
#4732 = CARTESIAN_POINT ( 'NONE',  ( 89.99999999999205613, 28.50108831185164604, -50.95354897992567800 ) ) ;
#4733 = DIRECTION ( 'NONE',  ( -9.376883653928788436E-17, 1.000000000000000000, -9.376883653928688596E-17 ) ) ;
#4734 = DIRECTION ( 'NONE',  ( -0.7071067811865512365, 0.000000000000000000, -0.7071067811865439090 ) ) ;
#4735 = DIRECTION ( 'NONE',  ( 0.7071067811865359154, 0.000000000000000000, -0.7071067811865590080 ) ) ;
#4736 = CARTESIAN_POINT ( 'NONE',  ( 104.4249783362055410, 8.300000000000004263, -9.596551211459448893 ) ) ;
#4737 = CARTESIAN_POINT ( 'NONE',  ( 51.50000000000002842, -44.99999999999998579, 2.000000000000000000 ) ) ;
#4738 = CARTESIAN_POINT ( 'NONE',  ( 106.1220346110532375, 17.40000000000001279, -12.14213562373103095 ) ) ;
#4739 = ORIENTED_EDGE ( 'NONE', *, *, #5421, .F. ) ;
#4740 = SURFACE_SIDE_STYLE ('',( #7184 ) ) ;
#4741 = CARTESIAN_POINT ( 'NONE',  ( 90.28840462579145765, 15.49999999999898748, -0.7632783599442070077 ) ) ;
#4742 = DIRECTION ( 'NONE',  ( -2.040851148208008787E-15, 1.000000000000000000, 0.000000000000000000 ) ) ;
#4743 = VERTEX_POINT ( 'NONE', #308 ) ;
#4744 = CARTESIAN_POINT ( 'NONE',  ( 101.9836547439794003, -10.57636187167299191, -8.003755756657225717 ) ) ;
#4745 = DIRECTION ( 'NONE',  ( 0.4961240555914969708, -0.7125460286373672680, -0.4961240555915036321 ) ) ;
#4746 = EDGE_LOOP ( 'NONE', ( #9002, #2964, #6188, #10059 ) ) ;
#4747 = VERTEX_POINT ( 'NONE', #5011 ) ;
#4748 = DIRECTION ( 'NONE',  ( -0.7071067811865513475, -1.691909977029939647E-16, -0.7071067811865437980 ) ) ;
#4749 = CARTESIAN_POINT ( 'NONE',  ( 103.5215970973605408, -9.000924224658467310, -9.541698110038305813 ) ) ;
#4750 = CARTESIAN_POINT ( 'NONE',  ( 97.68985016559659584, -10.91229507811548949, -2.861423040850421984 ) ) ;
#4751 = ADVANCED_FACE ( 'NONE', ( #8273 ), #1899, .F. ) ;
#4752 = EDGE_LOOP ( 'NONE', ( #8014, #964, #1045, #5103 ) ) ;
#4753 = CARTESIAN_POINT ( 'NONE',  ( 96.39358322798061351, -13.97412752232801658, -2.413684240658302116 ) ) ;
#4754 = DIRECTION ( 'NONE',  ( 0.7071067811865512365, 1.691909977029939647E-16, 0.7071067811865437980 ) ) ;
#4755 = ORIENTED_EDGE ( 'NONE', *, *, #655, .F. ) ;
#4756 = EDGE_CURVE ( 'NONE', #5831, #8857, #202, .T. ) ;
#4757 = DIRECTION ( 'NONE',  ( 0.7071067811865513475, 1.691909977029939154E-16, 0.7071067811865435759 ) ) ;
#4758 = LINE ( 'NONE', #10296, #8258 ) ;
#4759 = LINE ( 'NONE', #8130, #604 ) ;
#4760 = CARTESIAN_POINT ( 'NONE',  ( 104.2961428774283803, -18.28899911446350046, -10.31624389010604581 ) ) ;
#4761 = EDGE_CURVE ( 'NONE', #5508, #6594, #8374, .T. ) ;
#4762 = ORIENTED_EDGE ( 'NONE', *, *, #3502, .F. ) ;
#4763 = UNCERTAINTY_MEASURE_WITH_UNIT (LENGTH_MEASURE( 1.000000000000000082E-05 ), #9271, 'distance_accuracy_value', 'NONE');
#4764 = DIRECTION ( 'NONE',  ( -0.7071067811865513475, -1.691909977029939647E-16, -0.7071067811865437980 ) ) ;
#4765 = ORIENTED_EDGE ( 'NONE', *, *, #1087, .F. ) ;
#4766 = VECTOR ( 'NONE', #8661, 1000.000000000000227 ) ;
#4767 = CARTESIAN_POINT ( 'NONE',  ( 97.48053672174236794, -16.81763228539420041, -3.500637734420048552 ) ) ;
#4768 = CARTESIAN_POINT ( 'NONE',  ( 103.9300035893749197, -22.99999999999998579, -19.42533546995248628 ) ) ;
#4769 = ORIENTED_EDGE ( 'NONE', *, *, #8285, .T. ) ;
#4770 = CARTESIAN_POINT ( 'NONE',  ( 105.9545061178773295, -13.32181596742723606, -11.12607899313142923 ) ) ;
#4771 = ORIENTED_EDGE ( 'NONE', *, *, #1749, .F. ) ;
#4772 = CARTESIAN_POINT ( 'NONE',  ( 66.57720779386441734, -27.70056633785200617, 27.40269119345810012 ) ) ;
#4773 = VECTOR ( 'NONE', #3443, 1000.000000000000000 ) ;
#4774 = ORIENTED_EDGE ( 'NONE', *, *, #781, .T. ) ;
#4775 = EDGE_CURVE ( 'NONE', #3040, #7015, #4283, .T. ) ;
#4776 = ORIENTED_EDGE ( 'NONE', *, *, #10307, .F. ) ;
#4777 = DIRECTION ( 'NONE',  ( 0.7071067811865440200, 0.000000000000000000, -0.7071067811865509034 ) ) ;
#4778 = EDGE_CURVE ( 'NONE', #3025, #7356, #1947, .T. ) ;
#4779 = EDGE_CURVE ( 'NONE', #9716, #6805, #2640, .T. ) ;
#4780 = EDGE_CURVE ( 'NONE', #1920, #2421, #9815, .T. ) ;
#4781 = CARTESIAN_POINT ( 'NONE',  ( 82.00000000000001421, -44.99999999999999289, 1.000000000000000000 ) ) ;
#4782 = CARTESIAN_POINT ( 'NONE',  ( 44.51507575950883222, -20.50000000000127898, 44.51507575950818563 ) ) ;
#4783 = CIRCLE ( 'NONE', #2422, 0.5999999999999937605 ) ;
#4784 = DIRECTION ( 'NONE',  ( 0.7071067811865436870, 0.000000000000000000, -0.7071067811865513475 ) ) ;
#4785 = EDGE_LOOP ( 'NONE', ( #2794, #9380, #1943, #7368 ) ) ;
#4786 = CARTESIAN_POINT ( 'NONE',  ( 100.1781022810888402, -15.08296504646298608, -6.198203293766500366 ) ) ;
#4787 = DIRECTION ( 'NONE',  ( 0.000000000000000000, 1.000000000000000000, -0.000000000000000000 ) ) ;
#4788 = CARTESIAN_POINT ( 'NONE',  ( 98.35403198387683688, -11.86216094775716279, -3.525604859130665680 ) ) ;
#4789 = ORIENTED_EDGE ( 'NONE', *, *, #1953, .T. ) ;
#4790 = FACE_OUTER_BOUND ( 'NONE', #8443, .T. ) ;
#4791 = VECTOR ( 'NONE', #6051, 1000.000000000000000 ) ;
#4792 = EDGE_LOOP ( 'NONE', ( #5506, #8800, #3509, #1877 ) ) ;
#4793 = FACE_OUTER_BOUND ( 'NONE', #8393, .T. ) ;
#4794 = ADVANCED_FACE ( 'NONE', ( #8326 ), #77, .T. ) ;
#4795 = CARTESIAN_POINT ( 'NONE',  ( 89.00000000000001421, 31.00000000000002132, 4.000000000000000000 ) ) ;
#4796 = ORIENTED_EDGE ( 'NONE', *, *, #5427, .F. ) ;
#4797 = CARTESIAN_POINT ( 'NONE',  ( 57.71561894748350596, -26.51809490005875958, 2.764279438762356822 ) ) ;
#4798 = DIRECTION ( 'NONE',  ( -0.7071067811865512365, -2.775557561562891351E-16, -0.7071067811865437980 ) ) ;
#4799 = VECTOR ( 'NONE', #7096, 999.9999999999998863 ) ;
#4800 = ORIENTED_EDGE ( 'NONE', *, *, #6643, .T. ) ;
#4801 = EDGE_LOOP ( 'NONE', ( #8964, #435, #6050, #9188, #5415, #8200, #5919, #6696, #3412, #9117 ) ) ;
#4802 = CARTESIAN_POINT ( 'NONE',  ( 102.8211079594926645, -16.72592728551803987, -8.841208972170482738 ) ) ;
#4803 = CARTESIAN_POINT ( 'NONE',  ( 99.98191803932446931, -9.269595278418758966, -6.002019052002192545 ) ) ;
#4804 = SURFACE_SIDE_STYLE ('',( #10446 ) ) ;
#4805 = CARTESIAN_POINT ( 'NONE',  ( 103.9503810076744656, -18.59111928802864711, -9.121953882928385937 ) ) ;
#4806 = VECTOR ( 'NONE', #2569, 1000.000000000000000 ) ;
#4807 = ORIENTED_EDGE ( 'NONE', *, *, #6445, .F. ) ;
#4808 = DIRECTION ( 'NONE',  ( -0.000000000000000000, -0.000000000000000000, 1.000000000000000000 ) ) ;
#4809 = CARTESIAN_POINT ( 'NONE',  ( 90.00000000000001421, -28.10050506338831156, -55.39696961966971855 ) ) ;
#4810 = ORIENTED_EDGE ( 'NONE', *, *, #10289, .T. ) ;
#4811 = LINE ( 'NONE', #9709, #9969 ) ;
#4812 = DIRECTION ( 'NONE',  ( -0.7071067811865449082, 0.000000000000000000, 0.7071067811865502373 ) ) ;
#4813 = CARTESIAN_POINT ( 'NONE',  ( 106.1220346110532375, 18.00000000000001421, -12.14213562373103095 ) ) ;
#4814 = FACE_OUTER_BOUND ( 'NONE', #9507, .T. ) ;
#4815 = VECTOR ( 'NONE', #1041, 1000.000000000000114 ) ;
#4816 = EDGE_CURVE ( 'NONE', #3140, #4077, #8214, .T. ) ;
#4817 = VERTEX_POINT ( 'NONE', #6614 ) ;
#4818 = CARTESIAN_POINT ( 'NONE',  ( 102.5555186545787194, -17.56833855368434882, -7.727091529832612160 ) ) ;
#4819 = CARTESIAN_POINT ( 'NONE',  ( 99.89949493661166002, 10.60000000000001030, -5.919595949289384151 ) ) ;
#4820 = EDGE_CURVE ( 'NONE', #4747, #7997, #8001, .T. ) ;
#4821 = LINE ( 'NONE', #10469, #9445 ) ;
#4822 =( GEOMETRIC_REPRESENTATION_CONTEXT ( 3 ) GLOBAL_UNCERTAINTY_ASSIGNED_CONTEXT ( ( #5614 ) ) GLOBAL_UNIT_ASSIGNED_CONTEXT ( ( #1233, #370, #7860 ) ) REPRESENTATION_CONTEXT ( 'NONE', 'WORKASPACE' ) );
#4823 = VERTEX_POINT ( 'NONE', #6019 ) ;
#4824 = PLANE ( 'NONE',  #2804 ) ;
#4825 = VERTEX_POINT ( 'NONE', #1268 ) ;
#4826 = EDGE_LOOP ( 'NONE', ( #456, #10442, #3115, #8749 ) ) ;
#4827 = LINE ( 'NONE', #8088, #6917 ) ;
#4828 = DIRECTION ( 'NONE',  ( -0.7071067811865513475, -1.691909977029939647E-16, -0.7071067811865437980 ) ) ;
#4829 = ORIENTED_EDGE ( 'NONE', *, *, #10441, .F. ) ;
#4830 = AXIS2_PLACEMENT_3D ( 'NONE', #5014, #6456, #9868 ) ;
#4831 = CARTESIAN_POINT ( 'NONE',  ( 103.9884503625456063, -11.53539626432507070, -10.00855137522334992 ) ) ;
#4832 = DIRECTION ( 'NONE',  ( 0.7071067811865436870, 5.348730717595157837E-15, -0.7071067811865513475 ) ) ;
#4833 = CARTESIAN_POINT ( 'NONE',  ( 105.9789689731116340, -16.70926321126091452, -11.15054184836557383 ) ) ;
#4834 = EDGE_LOOP ( 'NONE', ( #4556, #1606, #2118, #10164, #4278, #6874, #8186, #1607, #9303, #8139, #7797 ) ) ;
#4835 = CARTESIAN_POINT ( 'NONE',  ( 99.73360351145281300, -15.93511292617272268, -5.753704524130467846 ) ) ;
#4836 = CARTESIAN_POINT ( 'NONE',  ( 97.03027807785572634, -13.05912109383622344, -2.201850953109695475 ) ) ;
#4837 = AXIS2_PLACEMENT_3D ( 'NONE', #744, #4651, #3979 ) ;
#4838 = FACE_OUTER_BOUND ( 'NONE', #10434, .T. ) ;
#4839 = ORIENTED_EDGE ( 'NONE', *, *, #7581, .T. ) ;
#4840 = CARTESIAN_POINT ( 'NONE',  ( 99.94182783886489574, -16.35126104846348838, -5.113400714118783164 ) ) ;
#4841 = EDGE_LOOP ( 'NONE', ( #9951, #3600, #6293, #4769, #10075, #7326, #3241, #9586 ) ) ;
#4842 = CARTESIAN_POINT ( 'NONE',  ( 55.23044737829936679, 36.99999999999997868, 2.000000000000000000 ) ) ;
#4843 = VECTOR ( 'NONE', #7464, 1000.000000000000000 ) ;
#4844 = VECTOR ( 'NONE', #2159, 1000.000000000000114 ) ;
#4845 = CARTESIAN_POINT ( 'NONE',  ( 92.25382577752520774, -28.01574602181035090, 2.574601347220990544 ) ) ;
#4846 = ORIENTED_EDGE ( 'NONE', *, *, #786, .F. ) ;
#4847 = EDGE_CURVE ( 'NONE', #4924, #304, #8577, .T. ) ;
#4848 = VECTOR ( 'NONE', #2788, 1000.000000000000000 ) ;
#4849 = CARTESIAN_POINT ( 'NONE',  ( 102.6175402950502900, -9.275345206269049569, -8.637641307728168627 ) ) ;
#4850 = FACE_OUTER_BOUND ( 'NONE', #9513, .T. ) ;
#4851 = ORIENTED_EDGE ( 'NONE', *, *, #9008, .F. ) ;
#4852 = ADVANCED_FACE ( 'NONE', ( #7794 ), #1516, .T. ) ;
#4853 = ORIENTED_EDGE ( 'NONE', *, *, #1659, .F. ) ;
#4854 = EDGE_CURVE ( 'NONE', #9716, #7015, #4588, .T. ) ;
#4855 = CARTESIAN_POINT ( 'NONE',  ( 104.7251897793997841, -16.82869045297186261, -10.74529079207756688 ) ) ;
#4856 = FACE_OUTER_BOUND ( 'NONE', #1584, .T. ) ;
#4857 = DIRECTION ( 'NONE',  ( 0.7071067811865512365, 1.691909977029938907E-16, 0.7071067811865437980 ) ) ;
#4858 = VECTOR ( 'NONE', #1023, 1000.000000000000000 ) ;
#4859 = CIRCLE ( 'NONE', #10134, 7.000000000000006217 ) ;
#4860 = CARTESIAN_POINT ( 'NONE',  ( 90.25304928673203619, 21.49999999999898392, -2.495689973851338284 ) ) ;
#4861 = VECTOR ( 'NONE', #4282, 1000.000000000000000 ) ;
#4862 = ORIENTED_EDGE ( 'NONE', *, *, #2077, .F. ) ;
#4863 = AXIS2_PLACEMENT_3D ( 'NONE', #9076, #3408, #5032 ) ;
#4864 = SURFACE_STYLE_FILL_AREA ( #950 ) ;
#4865 = LINE ( 'NONE', #4910, #6527 ) ;
#4866 = AXIS2_PLACEMENT_3D ( 'NONE', #2760, #6784, #4558 ) ;
#4867 = DIRECTION ( 'NONE',  ( -0.000000000000000000, -0.000000000000000000, -1.000000000000000000 ) ) ;
#4868 = LINE ( 'NONE', #85, #4523 ) ;
#4869 = LINE ( 'NONE', #4713, #4325 ) ;
#4870 = DIRECTION ( 'NONE',  ( 7.891197274167557503E-15, -1.000000000000000000, -7.651925070584630908E-15 ) ) ;
#4871 = ORIENTED_EDGE ( 'NONE', *, *, #8826, .F. ) ;
#4872 = DIRECTION ( 'NONE',  ( 0.000000000000000000, -1.000000000000000000, 0.000000000000000000 ) ) ;
#4873 = AXIS2_PLACEMENT_3D ( 'NONE', #6645, #3592, #8512 ) ;
#4874 = PLANE ( 'NONE',  #10111 ) ;
#4875 = ORIENTED_EDGE ( 'NONE', *, *, #5277, .T. ) ;
#4876 = FACE_OUTER_BOUND ( 'NONE', #5922, .T. ) ;
#4877 = CARTESIAN_POINT ( 'NONE',  ( 91.96638690793633941, 29.00000000000001776, 1.447826654436765281 ) ) ;
#4878 = CARTESIAN_POINT ( 'NONE',  ( 101.7112819791297227, -5.806184949683045105, -6.882854854383613663 ) ) ;
#4879 = VERTEX_POINT ( 'NONE', #568 ) ;
#4880 = VERTEX_POINT ( 'NONE', #10133 ) ;
#4881 = DIRECTION ( 'NONE',  ( -0.7071067811865513475, -1.691909977029939647E-16, -0.7071067811865437980 ) ) ;
#4882 = EDGE_CURVE ( 'NONE', #2002, #5839, #405, .T. ) ;
#4883 = CARTESIAN_POINT ( 'NONE',  ( 104.4249783362055410, 9.664066052554728614, -10.44507934888330780 ) ) ;
#4884 = DIRECTION ( 'NONE',  ( 0.7071067811865522357, 6.106226635438359986E-16, 0.7071067811865427988 ) ) ;
#4885 = FACE_OUTER_BOUND ( 'NONE', #4341, .T. ) ;
#4886 = DIRECTION ( 'NONE',  ( 1.000000000000000000, 1.196361017915052058E-16, 0.000000000000000000 ) ) ;
#4887 = VERTEX_POINT ( 'NONE', #6080 ) ;
#4888 = CARTESIAN_POINT ( 'NONE',  ( 96.74411681578446576, -16.48455183905596400, -2.764217828462138371 ) ) ;
#4889 = DIRECTION ( 'NONE',  ( 0.000000000000000000, -0.5129645239690181491, -0.8584098072303453231 ) ) ;
#4890 = VERTEX_POINT ( 'NONE', #7735 ) ;
#4891 = DIRECTION ( 'NONE',  ( 4.440892098500625373E-15, -1.000000000000000000, -3.885780586188047103E-15 ) ) ;
#4892 = EDGE_LOOP ( 'NONE', ( #7849, #5742, #10355, #5289 ) ) ;
#4893 = LINE ( 'NONE', #834, #3084 ) ;
#4894 = CARTESIAN_POINT ( 'NONE',  ( 99.51756377015298938, -16.35126104846348838, -5.537664782830684196 ) ) ;
#4895 = ORIENTED_EDGE ( 'NONE', *, *, #8744, .F. ) ;
#4896 = CARTESIAN_POINT ( 'NONE',  ( 62.53877045683148594, -30.81780873603324622, 2.000000000000003553 ) ) ;
#4897 = PLANE ( 'NONE',  #10116 ) ;
#4898 = EDGE_LOOP ( 'NONE', ( #7567, #1732, #2485, #4595 ) ) ;
#4899 = ORIENTED_EDGE ( 'NONE', *, *, #6840, .T. ) ;
#4900 = CARTESIAN_POINT ( 'NONE',  ( 105.5259040094615557, -15.21957560041105850, -11.54600502213934377 ) ) ;
#4901 = LINE ( 'NONE', #4076, #8084 ) ;
#4902 = EDGE_LOOP ( 'NONE', ( #10276, #4739, #50, #9531 ) ) ;
#4903 = LINE ( 'NONE', #8209, #1165 ) ;
#4904 = EDGE_CURVE ( 'NONE', #530, #3487, #6243, .T. ) ;
#4905 = DIRECTION ( 'NONE',  ( -5.565620833180946460E-16, -1.000000000000000000, 7.958342869011112699E-16 ) ) ;
#4906 = ORIENTED_EDGE ( 'NONE', *, *, #1179, .T. ) ;
#4907 = EDGE_CURVE ( 'NONE', #8269, #2730, #6930, .T. ) ;
#4908 = EDGE_CURVE ( 'NONE', #1317, #5942, #9354, .T. ) ;
#4909 =( LENGTH_UNIT ( ) NAMED_UNIT ( * ) SI_UNIT ( .MILLI., .METRE. ) );
#4910 = CARTESIAN_POINT ( 'NONE',  ( 107.2578237999014732, 8.300000000000004263, 5.681373601119591221 ) ) ;
#4911 = CARTESIAN_POINT ( 'NONE',  ( 100.0516383837999257, -8.847115551107986420, -5.223211259053839761 ) ) ;
#4912 = CARTESIAN_POINT ( 'NONE',  ( 102.4810450396986283, -17.84868297269977333, -8.501146052376402196 ) ) ;
#4913 = CARTESIAN_POINT ( 'NONE',  ( 100.1116269709676203, 16.05147186257617165, -6.131727983645356872 ) ) ;
#4914 = CARTESIAN_POINT ( 'NONE',  ( 96.80880149805406631, -13.65404743997446424, -2.828902510731725162 ) ) ;
#4915 = EDGE_LOOP ( 'NONE', ( #10290, #9849, #2238, #2477 ) ) ;
#4916 = EDGE_CURVE ( 'NONE', #3424, #7813, #4450, .T. ) ;
#4917 = DIRECTION ( 'NONE',  ( -0.7071067811865454633, 0.000000000000000000, 0.7071067811865495711 ) ) ;
#4918 = CARTESIAN_POINT ( 'NONE',  ( 77.58843546025984494, 21.49999999999890576, 10.57838303486700049 ) ) ;
#4919 = VERTEX_POINT ( 'NONE', #9589 ) ;
#4920 = FACE_OUTER_BOUND ( 'NONE', #10021, .T. ) ;
#4921 = DIRECTION ( 'NONE',  ( -0.7071067811865512365, -2.775557561562891351E-16, -0.7071067811865437980 ) ) ;
#4922 = CARTESIAN_POINT ( 'NONE',  ( 91.81484650115588408, -28.99999999999998934, -46.60839567610484835 ) ) ;
#4923 = FACE_OUTER_BOUND ( 'NONE', #1320, .T. ) ;
#4924 = VERTEX_POINT ( 'NONE', #8055 ) ;
#4925 = VERTEX_POINT ( 'NONE', #5691 ) ;
#4926 = DIRECTION ( 'NONE',  ( 1.196361017915058714E-16, -1.000000000000000000, 1.196361017915033816E-16 ) ) ;
#4927 = CIRCLE ( 'NONE', #4100, 0.1499999999999915012 ) ;
#4928 = LINE ( 'NONE', #7490, #6976 ) ;
#4929 = CARTESIAN_POINT ( 'NONE',  ( 115.6016838179026536, 10.00000000000001243, -2.662486416881705065 ) ) ;
#4930 = LINE ( 'NONE', #7482, #8420 ) ;
#4931 = CARTESIAN_POINT ( 'NONE',  ( 98.90181167708377075, -10.31138064058062653, -4.921912689761470894 ) ) ;
#4932 = CARTESIAN_POINT ( 'NONE',  ( 82.00000000000001421, 43.99999999999998579, 1.000000000000000000 ) ) ;
#4933 = VECTOR ( 'NONE', #2800, 1000.000000000000000 ) ;
#4934 = CARTESIAN_POINT ( 'NONE',  ( 99.43544640083356967, -16.95664119705239159, -5.455547413511315114 ) ) ;
#4935 = DIRECTION ( 'NONE',  ( -0.7071067811865461294, 0.000000000000000000, 0.7071067811865489050 ) ) ;
#4936 = ORIENTED_EDGE ( 'NONE', *, *, #8225, .T. ) ;
#4937 = VERTEX_POINT ( 'NONE', #7085 ) ;
#4938 = PLANE ( 'NONE',  #6298 ) ;
#4939 = AXIS2_PLACEMENT_3D ( 'NONE', #9519, #5469, #7278 ) ;
#4940 = LINE ( 'NONE', #1888, #735 ) ;
#4941 = ORIENTED_EDGE ( 'NONE', *, *, #9081, .T. ) ;
#4942 = EDGE_CURVE ( 'NONE', #9135, #7752, #6397, .T. ) ;
#4943 = CARTESIAN_POINT ( 'NONE',  ( 102.0463403980168664, -6.954752269198936965, -8.066441410694606517 ) ) ;
#4944 = LINE ( 'NONE', #9745, #4017 ) ;
#4945 = ADVANCED_FACE ( 'NONE', ( #7288 ), #2767, .T. ) ;
#4947 = VERTEX_POINT ( 'NONE', #7134 ) ;
#4946 = VECTOR ( 'NONE', #4417, 1000.000000000000000 ) ;
#4948 = CARTESIAN_POINT ( 'NONE',  ( 105.2806854262226324, -12.87727658384353902, -11.30078643890036716 ) ) ;
#4949 = CARTESIAN_POINT ( 'NONE',  ( 108.6112379177636029, 15.00000000000000178, 4.327959483257429518 ) ) ;
#4950 = ORIENTED_EDGE ( 'NONE', *, *, #5314, .T. ) ;
#4951 = CARTESIAN_POINT ( 'NONE',  ( 103.9107647738324260, 22.55147186257612546, -9.930865786510205240 ) ) ;
#4952 = ORIENTED_EDGE ( 'NONE', *, *, #8998, .T. ) ;
#4953 = CARTESIAN_POINT ( 'NONE',  ( 114.8007051002443148, -9.000000000000179412, 24.45612889569477488 ) ) ;
#4954 = LINE ( 'NONE', #5758, #3257 ) ;
#4955 = ORIENTED_EDGE ( 'NONE', *, *, #3432, .T. ) ;
#4956 = DIRECTION ( 'NONE',  ( 0.000000000000000000, 1.000000000000000000, 0.000000000000000000 ) ) ;
#4957 = CARTESIAN_POINT ( 'NONE',  ( 102.9053091084105631, -17.84868297269977333, -8.076881983664472742 ) ) ;
#4958 = EDGE_CURVE ( 'NONE', #10184, #2534, #12, .T. ) ;
#4959 = CARTESIAN_POINT ( 'NONE',  ( 99.92436304645856637, -6.704420284902468552, -5.944464059136308265 ) ) ;
#4960 = LINE ( 'NONE', #1595, #465 ) ;
#4961 = LINE ( 'NONE', #87, #7728 ) ;
#4962 = CARTESIAN_POINT ( 'NONE',  ( 96.71082963317871872, -16.26651768465855241, -2.730930645856204375 ) ) ;
#4963 = VECTOR ( 'NONE', #666, 1000.000000000000000 ) ;
#4964 = EDGE_CURVE ( 'NONE', #1690, #1556, #8731, .T. ) ;
#4965 = ORIENTED_EDGE ( 'NONE', *, *, #6534, .F. ) ;
#4966 = B_SPLINE_CURVE_WITH_KNOTS ( 'NONE', 3,
 ( #6893, #2812, #10086, #3731, #5245, #2127, #9231, #5135 ),
 .UNSPECIFIED., .F., .F.,
 ( 4, 1, 1, 1, 1, 4 ),
 ( 0.000000000000000000, 0.1782573703587648772, 0.3494658574888978020, 0.5207024417209522582, 0.6770102187256243909, 1.000000000000000000 ),
 .UNSPECIFIED. ) ;
#4967 = CARTESIAN_POINT ( 'NONE',  ( 99.94182783886483890, -16.35126104846348838, -5.113400714118829349 ) ) ;
#4968 = CARTESIAN_POINT ( 'NONE',  ( 101.1894444302728147, 17.82426406871194757, -6.361017305526709187 ) ) ;
#4969 = VECTOR ( 'NONE', #2828, 1000.000000000000000 ) ;
#4970 = EDGE_CURVE ( 'NONE', #7765, #9152, #5454, .T. ) ;
#4971 = ORIENTED_EDGE ( 'NONE', *, *, #46, .T. ) ;
#4972 = DIRECTION ( 'NONE',  ( 0.7071067811865512365, 0.000000000000000000, 0.7071067811865437980 ) ) ;
#4973 = CARTESIAN_POINT ( 'NONE',  ( 100.6955775909725901, -17.15322309509430099, -6.715678603650333756 ) ) ;
#4974 = LINE ( 'NONE', #5140, #8222 ) ;
#4975 = EDGE_CURVE ( 'NONE', #4264, #3715, #2417, .T. ) ;
#4976 = DIRECTION ( 'NONE',  ( -0.7071067811865439090, 0.000000000000000000, 0.7071067811865512365 ) ) ;
#4977 = EDGE_CURVE ( 'NONE', #2478, #4648, #6820, .T. ) ;
#4978 = VERTEX_POINT ( 'NONE', #4636 ) ;
#4979 = ORIENTED_EDGE ( 'NONE', *, *, #2988, .F. ) ;
#4980 = CARTESIAN_POINT ( 'NONE',  ( 77.27207793864224072, 28.00000000000001776, 16.14213562373102206 ) ) ;
#4981 = CARTESIAN_POINT ( 'NONE',  ( 106.1220346110532375, 17.40000000000001634, -12.14213562373103095 ) ) ;
#4982 = ORIENTED_EDGE ( 'NONE', *, *, #2595, .F. ) ;
#4983 = DIRECTION ( 'NONE',  ( -0.7071067811865513475, -1.691909977029939647E-16, -0.7071067811865437980 ) ) ;
#4984 = DIRECTION ( 'NONE',  ( -0.7071067811865512365, -1.691909977029938907E-16, -0.7071067811865437980 ) ) ;
#4985 = AXIS2_PLACEMENT_3D ( 'NONE', #8559, #10214, #8613 ) ;
#4986 = CARTESIAN_POINT ( 'NONE',  ( 99.89949493661166002, 10.60000000000001030, -5.919595949289384151 ) ) ;
#4987 = ORIENTED_EDGE ( 'NONE', *, *, #648, .F. ) ;
#4988 = CARTESIAN_POINT ( 'NONE',  ( 103.7607647738324204, 22.33933982822017228, -9.780865786510176463 ) ) ;
#4989 = CARTESIAN_POINT ( 'NONE',  ( 109.3791441434610761, 10.60000000000001030, 3.560053257559949724 ) ) ;
#4990 = VERTEX_POINT ( 'NONE', #7890 ) ;
#4991 = CARTESIAN_POINT ( 'NONE',  ( 100.2025742371096868, -14.95660470975032652, -6.222675249787417151 ) ) ;
#4992 = EDGE_LOOP ( 'NONE', ( #6310, #5464 ) ) ;
#4993 = CIRCLE ( 'NONE', #434, 0.2999999999999893308 ) ;
#4994 = CYLINDRICAL_SURFACE ( 'NONE', #4599, 4.999999999999997335 ) ;
#4995 = DIRECTION ( 'NONE',  ( 0.7071067811865512365, 1.326091603618060524E-16, 0.7071067811865439090 ) ) ;
#4996 = EDGE_LOOP ( 'NONE', ( #3067, #6957, #1558, #7274 ) ) ;
#4997 = CARTESIAN_POINT ( 'NONE',  ( 100.3083494901568997, -10.29256538744248495, -6.328450502834713554 ) ) ;
#4998 = CARTESIAN_POINT ( 'NONE',  ( 102.2241501882608077, -11.24750411939340999, -7.395723063514688000 ) ) ;
#4999 = VECTOR ( 'NONE', #962, 1000.000000000000114 ) ;
#5000 = ORIENTED_EDGE ( 'NONE', *, *, #2240, .F. ) ;
#5001 = PLANE ( 'NONE',  #6375 ) ;
#5002 = CARTESIAN_POINT ( 'NONE',  ( 103.0846804640178505, -13.22984777827909220, -9.104781476695617215 ) ) ;
#5003 = DIRECTION ( 'NONE',  ( -0.7071067811865514585, -2.775557561562890858E-16, -0.7071067811865437980 ) ) ;
#5004 = CARTESIAN_POINT ( 'NONE',  ( 107.6776695296636177, -2.999999999999984013, -15.67766952966378291 ) ) ;
#5005 = AXIS2_PLACEMENT_3D ( 'NONE', #187, #8120, #7349 ) ;
#5006 = ORIENTED_EDGE ( 'NONE', *, *, #6935, .T. ) ;
#5007 = VECTOR ( 'NONE', #5297, 1000.000000000000114 ) ;
#5008 = CARTESIAN_POINT ( 'NONE',  ( 90.00000000000001421, 36.99999999999999289, 0.000000000000000000 ) ) ;
#5009 = AXIS2_PLACEMENT_3D ( 'NONE', #8680, #1424, #1326 ) ;
#5010 = ADVANCED_FACE ( 'NONE', ( #8798 ), #6338, .T. ) ;
#5011 = CARTESIAN_POINT ( 'NONE',  ( 65.12994231491109076, -30.99999999999998579, 2.000000000000000000 ) ) ;
#5012 = ORIENTED_EDGE ( 'NONE', *, *, #7268, .F. ) ;
#5013 =( NAMED_UNIT ( * ) PLANE_ANGLE_UNIT ( ) SI_UNIT ( $, .RADIAN. ) );
#5014 = CARTESIAN_POINT ( 'NONE',  ( 87.85000000000002274, 33.58337520964456502, -162.2337144733732259 ) ) ;
#5015 = LINE ( 'NONE', #8330, #4702 ) ;
#5016 = CIRCLE ( 'NONE', #4183, 1.299999999999990719 ) ;
#5017 = CARTESIAN_POINT ( 'NONE',  ( 104.5057339290721643, -17.83185802076771154, -10.52583494174996126 ) ) ;
#5018 = CARTESIAN_POINT ( 'NONE',  ( 98.35403198387683688, -11.86216094775716101, -3.525604859130664792 ) ) ;
#5019 = CARTESIAN_POINT ( 'NONE',  ( 107.2578237999014448, 8.200000000000004619, 5.681373601119605432 ) ) ;
#5020 = VECTOR ( 'NONE', #5450, 1000.000000000000000 ) ;
#5021 = CARTESIAN_POINT ( 'NONE',  ( 96.66518529981529184, -15.71485227252086503, -2.685286312492871641 ) ) ;
#5022 = AXIS2_PLACEMENT_3D ( 'NONE', #5121, #462, #2745 ) ;
#5023 = VECTOR ( 'NONE', #10302, 999.9999999999998863 ) ;
#5024 = ORIENTED_EDGE ( 'NONE', *, *, #8751, .F. ) ;
#5025 = VECTOR ( 'NONE', #5772, 1000.000000000000000 ) ;
#5026 = CARTESIAN_POINT ( 'NONE',  ( 90.00000000000001421, -23.99999999999998579, -55.39696961966971855 ) ) ;
#5027 = CARTESIAN_POINT ( 'NONE',  ( 102.2531638107723637, -18.39387274456696986, -8.273264823450006133 ) ) ;
#5028 = AXIS2_PLACEMENT_3D ( 'NONE', #4246, #9170, #4448 ) ;
#5029 =( GEOMETRIC_REPRESENTATION_CONTEXT ( 3 ) GLOBAL_UNCERTAINTY_ASSIGNED_CONTEXT ( ( #689 ) ) GLOBAL_UNIT_ASSIGNED_CONTEXT ( ( #9497, #5603, #7959 ) ) REPRESENTATION_CONTEXT ( 'NONE', 'WORKASPACE' ) );
#5030 = CARTESIAN_POINT ( 'NONE',  ( 101.0651803615608912, 18.00000000000001421, -7.085281374238633134 ) ) ;
#5031 = AXIS2_PLACEMENT_3D ( 'NONE', #5157, #3477, #9197 ) ;
#5032 = DIRECTION ( 'NONE',  ( -0.7071067811865412445, 0.000000000000000000, 0.7071067811865539010 ) ) ;
#5033 = CARTESIAN_POINT ( 'NONE',  ( 90.00000000000001421, -28.30182704129448723, -53.41377253827578642 ) ) ;
#5034 = LINE ( 'NONE', #7538, #8961 ) ;
#5035 = CYLINDRICAL_SURFACE ( 'NONE', #2163, 1.299999999999991163 ) ;
#5036 = ORIENTED_EDGE ( 'NONE', *, *, #1368, .T. ) ;
#5037 = VERTEX_POINT ( 'NONE', #1528 ) ;
#5038 = CARTESIAN_POINT ( 'NONE',  ( 101.1952798768673176, -12.99999999999998757, -7.215380889545035537 ) ) ;
#5039 = EDGE_CURVE ( 'NONE', #934, #8331, #9536, .T. ) ;
#5040 =( GEOMETRIC_REPRESENTATION_CONTEXT ( 3 ) GLOBAL_UNCERTAINTY_ASSIGNED_CONTEXT ( ( #7903 ) ) GLOBAL_UNIT_ASSIGNED_CONTEXT ( ( #3059, #3856, #2213 ) ) REPRESENTATION_CONTEXT ( 'NONE', 'WORKASPACE' ) );
#5041 = LINE ( 'NONE', #3253, #8168 ) ;
#5042 = LINE ( 'NONE', #6637, #7686 ) ;
#5043 = AXIS2_PLACEMENT_3D ( 'NONE', #161, #7182, #5086 ) ;
#5044 = EDGE_CURVE ( 'NONE', #67, #9501, #1839, .T. ) ;
#5045 = CYLINDRICAL_SURFACE ( 'NONE', #3976, 1.000000000000000888 ) ;
#5046 = EDGE_CURVE ( 'NONE', #5755, #10002, #178, .T. ) ;
#5047 = EDGE_CURVE ( 'NONE', #5867, #546, #66, .T. ) ;
#5048 = VERTEX_POINT ( 'NONE', #5057 ) ;
#5049 = CARTESIAN_POINT ( 'NONE',  ( 100.5025665088975302, -11.31398825372005312, -6.522667521575254312 ) ) ;
#5050 = EDGE_LOOP ( 'NONE', ( #9627, #2498, #1416, #8044 ) ) ;
#5051 = LINE ( 'NONE', #115, #4815 ) ;
#5052 = CARTESIAN_POINT ( 'NONE',  ( 102.8836856467038245, -6.557734385943227551, -8.903786659381486501 ) ) ;
#5053 = ORIENTED_EDGE ( 'NONE', *, *, #7457, .F. ) ;
#5054 = DIRECTION ( 'NONE',  ( -7.891197274167555925E-15, 1.000000000000000000, 7.651925070584632485E-15 ) ) ;
#5055 = ORIENTED_EDGE ( 'NONE', *, *, #1885, .F. ) ;
#5056 = CARTESIAN_POINT ( 'NONE',  ( 98.20243866176394931, 14.90000000000000213, -3.374011537017801210 ) ) ;
#5057 = CARTESIAN_POINT ( 'NONE',  ( 89.40452114930819505, 21.49999999999898392, -1.647161836427473158 ) ) ;
#5058 = CARTESIAN_POINT ( 'NONE',  ( 99.15755911516220067, -8.318712023052862392, -5.177660127839905257 ) ) ;
#5059 = FACE_OUTER_BOUND ( 'NONE', #3816, .T. ) ;
#5060 = EDGE_LOOP ( 'NONE', ( #9493, #1511, #6992, #18 ) ) ;
#5061 = CARTESIAN_POINT ( 'NONE',  ( 114.0935983190576906, 9.999999999999824141, 25.16323567688139562 ) ) ;
#5062 = DIRECTION ( 'NONE',  ( -0.7071067811865513475, -1.691909977029939647E-16, -0.7071067811865437980 ) ) ;
#5063 = ORIENTED_EDGE ( 'NONE', *, *, #1367, .T. ) ;
#5064 = DIRECTION ( 'NONE',  ( -0.7071067811865466846, 0.000000000000000000, 0.7071067811865482389 ) ) ;
#5065 =( BOUNDED_CURVE ( )  B_SPLINE_CURVE ( 3, ( #4602, #4809, #6197, #9553 ),
 .UNSPECIFIED., .F., .F. ) 
 B_SPLINE_CURVE_WITH_KNOTS ( ( 4, 4 ),
 ( 3.141592653589793116, 4.712388980384687898 ),
 .UNSPECIFIED. ) 
 CURVE ( )  GEOMETRIC_REPRESENTATION_ITEM ( )  RATIONAL_B_SPLINE_CURVE ( ( 1.000000000000000000, 0.8047378541243654926, 0.8047378541243654926, 1.000000000000000000 ) ) 
 REPRESENTATION_ITEM ( '' )  );
#5066 = EDGE_LOOP ( 'NONE', ( #2870, #877, #5841, #597 ) ) ;
#5067 = DIRECTION ( 'NONE',  ( -0.000000000000000000, -1.084202172485503325E-16, -1.000000000000000000 ) ) ;
#5068 = DIRECTION ( 'NONE',  ( 1.000000000000000000, 0.000000000000000000, -0.000000000000000000 ) ) ;
#5069 = VERTEX_POINT ( 'NONE', #232 ) ;
#5070 = CARTESIAN_POINT ( 'NONE',  ( 102.3904209951923008, -14.61673633523885485, -7.561993870446288568 ) ) ;
#5071 = CARTESIAN_POINT ( 'NONE',  ( 90.58578643762692195, 26.92893218813453871, -53.98275605729660498 ) ) ;
#5072 = ORIENTED_EDGE ( 'NONE', *, *, #1684, .F. ) ;
#5073 = EDGE_CURVE ( 'NONE', #7896, #4289, #4940, .T. ) ;
#5074 = CARTESIAN_POINT ( 'NONE',  ( -3.521498605807205085, 24.00000000000000000, -57.58037310885214310 ) ) ;
#5075 = LINE ( 'NONE', #9712, #1155 ) ;
#5076 = DIRECTION ( 'NONE',  ( -0.7071067811865513475, -1.691909977029939893E-16, -0.7071067811865437980 ) ) ;
#5077 = DIRECTION ( 'NONE',  ( 1.000000000000000000, 0.000000000000000000, 0.000000000000000000 ) ) ;
#5078 = EDGE_LOOP ( 'NONE', ( #7342, #9826, #3686, #10 ) ) ;
#5079 = CARTESIAN_POINT ( 'NONE',  ( 102.3906661202183130, -18.19084692207945153, -7.562238995472217340 ) ) ;
#5080 = EDGE_CURVE ( 'NONE', #6594, #1476, #9884, .T. ) ;
#5081 = CARTESIAN_POINT ( 'NONE',  ( 103.5261169389625877, -18.59111928802864711, -9.546217951640249666 ) ) ;
#5082 = DIRECTION ( 'NONE',  ( 0.7071067811865513475, 1.691909977029939893E-16, 0.7071067811865436870 ) ) ;
#5083 = ADVANCED_FACE ( 'NONE', ( #5109 ), #8199, .T. ) ;
#5084 = CARTESIAN_POINT ( 'NONE',  ( 89.69438761758125622, 29.00000000000001066, 3.795201473291951899 ) ) ;
#5085 = CARTESIAN_POINT ( 'NONE',  ( 90.00000000000001421, -30.11650471912257032, -50.48304822702527161 ) ) ;
#5086 = DIRECTION ( 'NONE',  ( 0.7071067811865389130, 0.000000000000000000, -0.7071067811865562325 ) ) ;
#5087 = DIRECTION ( 'NONE',  ( 0.7071067811865513475, 1.691909977029939893E-16, 0.7071067811865436870 ) ) ;
#5088 = ORIENTED_EDGE ( 'NONE', *, *, #3352, .F. ) ;
#5089 = VERTEX_POINT ( 'NONE', #996 ) ;
#5090 = CARTESIAN_POINT ( 'NONE',  ( 98.35403198387682266, -11.86216094775715746, -3.525604859130671009 ) ) ;
#5091 = ORIENTED_EDGE ( 'NONE', *, *, #4037, .T. ) ;
#5092 = CARTESIAN_POINT ( 'NONE',  ( 104.8628437835990894, -9.230980157769057115, -10.03441665885299727 ) ) ;
#5093 = ORIENTED_EDGE ( 'NONE', *, *, #7305, .T. ) ;
#5094 = CARTESIAN_POINT ( 'NONE',  ( 97.84888527117068691, 14.90000000000000213, -3.868986283848379948 ) ) ;
#5095 = CARTESIAN_POINT ( 'NONE',  ( 104.4127144312575126, -9.460148610354735865, -9.584287306511438231 ) ) ;
#5096 = EDGE_LOOP ( 'NONE', ( #19, #7963, #10275, #2719 ) ) ;
#5097 = CARTESIAN_POINT ( 'NONE',  ( 101.8816738188301514, -18.85672476411543030, -7.901774831507883512 ) ) ;
#5098 = VERTEX_POINT ( 'NONE', #7561 ) ;
#5099 = ADVANCED_FACE ( 'NONE', ( #7506 ), #10014, .T. ) ;
#5100 = LINE ( 'NONE', #8355, #2635 ) ;
#5101 = AXIS2_PLACEMENT_3D ( 'NONE', #288, #3543, #10013 ) ;
#5102 = EDGE_CURVE ( 'NONE', #1476, #5963, #5744, .T. ) ;
#5103 = ORIENTED_EDGE ( 'NONE', *, *, #1682, .T. ) ;
#5104 = DIRECTION ( 'NONE',  ( 0.000000000000000000, 1.000000000000000000, 0.000000000000000000 ) ) ;
#5105 = ORIENTED_EDGE ( 'NONE', *, *, #4854, .T. ) ;
#5106 = EDGE_CURVE ( 'NONE', #8774, #4747, #9956, .T. ) ;
#5107 = EDGE_CURVE ( 'NONE', #8311, #2858, #9101, .T. ) ;
#5108 = DIRECTION ( 'NONE',  ( 0.000000000000000000, 0.000000000000000000, -1.000000000000000000 ) ) ;
#5109 = FACE_OUTER_BOUND ( 'NONE', #401, .T. ) ;
#5110 = VECTOR ( 'NONE', #9218, 1000.000000000000000 ) ;
#5111 = FACE_OUTER_BOUND ( 'NONE', #2536, .T. ) ;
#5112 = CARTESIAN_POINT ( 'NONE',  ( 56.64466094068289692, -24.65461647244104171, 2.585786437637333179 ) ) ;
#5113 = CYLINDRICAL_SURFACE ( 'NONE', #7939, 0.1000000000000031974 ) ;
#5114 = CARTESIAN_POINT ( 'NONE',  ( 103.7607647738324204, 22.33933982822017228, -9.780865786510192450 ) ) ;
#5115 = VERTEX_POINT ( 'NONE', #4163 ) ;
#5116 = CARTESIAN_POINT ( 'NONE',  ( 106.9705627484770929, 17.40000000000001634, -12.14213562373103805 ) ) ;
#5117 = AXIS2_PLACEMENT_3D ( 'NONE', #3787, #10253, #2980 ) ;
#5118 = ORIENTED_EDGE ( 'NONE', *, *, #332, .T. ) ;
#5119 = EDGE_CURVE ( 'NONE', #3224, #7177, #2686, .T. ) ;
#5120 = ADVANCED_FACE ( 'NONE', ( #7341 ), #7004, .T. ) ;
#5121 = CARTESIAN_POINT ( 'NONE',  ( 102.2607647738324204, 22.33933982822020070, -8.280865786510153370 ) ) ;
#5122 = CARTESIAN_POINT ( 'NONE',  ( 109.0918830920367100, 13.00000000000001421, -17.09188309203689826 ) ) ;
#5123 = EDGE_LOOP ( 'NONE', ( #2937, #5571, #1274, #9041 ) ) ;
#5124 = DIRECTION ( 'NONE',  ( -0.7071067811865416886, 0.000000000000000000, 0.7071067811865532349 ) ) ;
#5125 = DIRECTION ( 'NONE',  ( -0.7071067811865447972, 0.000000000000000000, 0.7071067811865501263 ) ) ;
#5126 = CIRCLE ( 'NONE', #565, 0.6000000000000045297 ) ;
#5127 = ORIENTED_EDGE ( 'NONE', *, *, #4780, .F. ) ;
#5128 = CARTESIAN_POINT ( 'NONE',  ( 65.12994231491109076, 29.00000000000001776, 3.999999999999996447 ) ) ;
#5129 = DIRECTION ( 'NONE',  ( 0.4999999999999991118, 0.7071067811865454633, -0.5000000000000037748 ) ) ;
#5130 = LINE ( 'NONE', #10030, #5706 ) ;
#5131 = CIRCLE ( 'NONE', #7851, 0.2999999999999893308 ) ;
#5132 = EDGE_LOOP ( 'NONE', ( #3203, #1279, #7954, #4329 ) ) ;
#5133 = EDGE_CURVE ( 'NONE', #9836, #3875, #3099, .T. ) ;
#5134 = SURFACE_STYLE_FILL_AREA ( #1122 ) ;
#5135 = CARTESIAN_POINT ( 'NONE',  ( 102.5555186545787194, -17.56833855368435238, -7.727091529832613936 ) ) ;
#5136 = ORIENTED_EDGE ( 'NONE', *, *, #9473, .T. ) ;
#5137 = CARTESIAN_POINT ( 'NONE',  ( 116.0259478866145884, 10.60000000000001208, -3.086750485593630522 ) ) ;
#5138 = DIRECTION ( 'NONE',  ( -0.4999999999999991118, 0.7071067811865452413, 0.5000000000000043299 ) ) ;
#5139 = DIRECTION ( 'NONE',  ( 0.7071067811865439090, 0.000000000000000000, -0.7071067811865512365 ) ) ;
#5140 = CARTESIAN_POINT ( 'NONE',  ( 115.0343541112492574, -16.70926321126090741, -2.095156710228081920 ) ) ;
#5141 = CARTESIAN_POINT ( 'NONE',  ( 88.00000000000001421, -28.53337520964457141, 0.000000000000000000 ) ) ;
#5142 = DIRECTION ( 'NONE',  ( 1.000000000000000000, 8.095376221225092411E-15, -3.006854025026462896E-14 ) ) ;
#5143 = ORIENTED_EDGE ( 'NONE', *, *, #2400, .F. ) ;
#5144 = ORIENTED_EDGE ( 'NONE', *, *, #7909, .T. ) ;
#5145 = CARTESIAN_POINT ( 'NONE',  ( 102.7986327394764317, -4.476833408784438070E-14, -8.818733752154209071 ) ) ;
#5146 = ORIENTED_EDGE ( 'NONE', *, *, #8555, .T. ) ;
#5147 = CARTESIAN_POINT ( 'NONE',  ( 89.00000000000001421, -30.99999999999997868, 4.000000000000000000 ) ) ;
#5148 = ORIENTED_EDGE ( 'NONE', *, *, #2456, .F. ) ;
#5149 = VECTOR ( 'NONE', #9143, 1000.000000000000000 ) ;
#5150 = EDGE_CURVE ( 'NONE', #1843, #8770, #4783, .T. ) ;
#5151 = CARTESIAN_POINT ( 'NONE',  ( 88.00000000000001421, -28.53337520964456431, -93.00000000000000000 ) ) ;
#5152 = LINE ( 'NONE', #6907, #7345 ) ;
#5153 = ORIENTED_EDGE ( 'NONE', *, *, #10195, .T. ) ;
#5154 = CARTESIAN_POINT ( 'NONE',  ( 89.15000000000001990, 28.53337520964456431, -93.00000000000000000 ) ) ;
#5155 = ORIENTED_EDGE ( 'NONE', *, *, #9728, .T. ) ;
#5156 = LINE ( 'NONE', #1092, #4322 ) ;
#5157 = CARTESIAN_POINT ( 'NONE',  ( 74.44365081389608463, -28.99999999999998224, 18.97056274847722790 ) ) ;
#5158 = ORIENTED_EDGE ( 'NONE', *, *, #2988, .T. ) ;
#5159 = CARTESIAN_POINT ( 'NONE',  ( 100.6268383058216074, -14.95660470975032652, -5.798411181075491250 ) ) ;
#5160 = ORIENTED_EDGE ( 'NONE', *, *, #2660, .F. ) ;
#5161 = CARTESIAN_POINT ( 'NONE',  ( 103.6107647738324289, 22.12720779386421555, -9.630865786510177884 ) ) ;
#5162 = CIRCLE ( 'NONE', #1951, 2.499999999999988454 ) ;
#5163 = CARTESIAN_POINT ( 'NONE',  ( 100.2440606532845067, -13.13575954536769252, -5.415633528538493557 ) ) ;
#5164 = CARTESIAN_POINT ( 'NONE',  ( 100.0323515474856748, -9.474769557047279633, -6.052452560163446016 ) ) ;
#5165 = CARTESIAN_POINT ( 'NONE',  ( 74.41385738815336026, 21.49999999999885958, 13.34350192472751395 ) ) ;
#5166 = AXIS2_PLACEMENT_3D ( 'NONE', #3665, #5287, #7744 ) ;
#5167 = CARTESIAN_POINT ( 'NONE',  ( 111.7404139806818364, 22.33933982822020425, 1.198783420339164740 ) ) ;
#5168 = CARTESIAN_POINT ( 'NONE',  ( 87.85000000000002274, 30.53337520964456786, -162.2337144733732259 ) ) ;
#5169 = EDGE_LOOP ( 'NONE', ( #7921, #8804, #1824, #3279 ) ) ;
#5170 = DIRECTION ( 'NONE',  ( -0.7039826708764778118, -0.09389780727591018339, 0.7039826708764901353 ) ) ;
#5171 = ORIENTED_EDGE ( 'NONE', *, *, #5578, .F. ) ;
#5172 = DIRECTION ( 'NONE',  ( 0.000000000000000000, 1.000000000000000000, 0.000000000000000000 ) ) ;
#5173 = ADVANCED_FACE ( 'NONE', ( #6863 ), #445, .T. ) ;
#5174 = CARTESIAN_POINT ( 'NONE',  ( 88.00000000000001421, 27.00000000000000711, -102.8352071047914080 ) ) ;
#5175 = ORIENTED_EDGE ( 'NONE', *, *, #9675, .F. ) ;
#5176 = VECTOR ( 'NONE', #6996, 1000.000000000000114 ) ;
#5177 = SURFACE_STYLE_FILL_AREA ( #3560 ) ;
#5178 = EDGE_CURVE ( 'NONE', #2273, #2174, #5372, .T. ) ;
#5179 = CARTESIAN_POINT ( 'NONE',  ( 104.9466086915999909, -13.15615792883040314, -10.11818156685402670 ) ) ;
#5180 = EDGE_CURVE ( 'NONE', #2220, #4402, #9365, .T. ) ;
#5181 = EDGE_CURVE ( 'NONE', #285, #2511, #10176, .T. ) ;
#5182 = ORIENTED_EDGE ( 'NONE', *, *, #8126, .F. ) ;
#5183 = CARTESIAN_POINT ( 'NONE',  ( 87.00000000000002842, 33.58337520964456502, 0.000000000000000000 ) ) ;
#5184 = LINE ( 'NONE', #8433, #784 ) ;
#5185 = CARTESIAN_POINT ( 'NONE',  ( 100.8530483272049167, 16.15147186257616951, -6.873149339882655084 ) ) ;
#5186 = AXIS2_PLACEMENT_3D ( 'NONE', #2533, #8846, #5797 ) ;
#5187 = ORIENTED_EDGE ( 'NONE', *, *, #8409, .T. ) ;
#5188 = AXIS2_PLACEMENT_3D ( 'NONE', #8266, #8901, #1632 ) ;
#5189 = CIRCLE ( 'NONE', #1978, 4.000000000000002665 ) ;
#5190 = SURFACE_STYLE_USAGE ( .BOTH. , #6834 ) ;
#5191 = DIRECTION ( 'NONE',  ( -0.7071067811865436870, -6.938893903907050884E-15, 0.7071067811865513475 ) ) ;
#5192 = AXIS2_PLACEMENT_3D ( 'NONE', #6317, #7059, #8081 ) ;
#5193 = VECTOR ( 'NONE', #801, 1000.000000000000000 ) ;
#5194 = DIRECTION ( 'NONE',  ( -0.7071067811865513475, -1.691909977029939647E-16, -0.7071067811865437980 ) ) ;
#5195 = LINE ( 'NONE', #8446, #5007 ) ;
#5196 = CARTESIAN_POINT ( 'NONE',  ( 99.59949493661166287, 16.17573593128808440, -5.619595949289388770 ) ) ;
#5197 = DIRECTION ( 'NONE',  ( -0.7071067811865512365, -1.691909977029938907E-16, -0.7071067811865439090 ) ) ;
#5198 = CLOSED_SHELL ( 'NONE', ( #3572, #3682, #2207, #4566, #9987, #7189, #6799, #593 ) ) ;
#5199 = LINE ( 'NONE', #3359, #6891 ) ;
#5200 = ORIENTED_EDGE ( 'NONE', *, *, #6414, .F. ) ;
#5201 = CARTESIAN_POINT ( 'NONE',  ( 104.4249783362055410, 8.300000000000004263, -9.596551211459450670 ) ) ;
#5202 = VERTEX_POINT ( 'NONE', #6812 ) ;
#5203 = CIRCLE ( 'NONE', #9112, 1.000000000000000888 ) ;
#5204 = CARTESIAN_POINT ( 'NONE',  ( 104.0007142674936063, 8.300000000000004263, -10.02081528017137479 ) ) ;
#5205 = EDGE_LOOP ( 'NONE', ( #4091, #1363, #9260, #5722 ) ) ;
#5206 = DIRECTION ( 'NONE',  ( 0.7071067811865513475, 1.691909977029939893E-16, 0.7071067811865436870 ) ) ;
#5207 = VECTOR ( 'NONE', #244, 1000.000000000000000 ) ;
#5208 = DIRECTION ( 'NONE',  ( -1.409876727925639035E-14, -1.000000000000000000, 1.433803948283955045E-14 ) ) ;
#5209 = CIRCLE ( 'NONE', #6394, 1.300000000000006040 ) ;
#5210 = EDGE_LOOP ( 'NONE', ( #7635, #9035, #5738, #6245 ) ) ;
#5211 = LINE ( 'NONE', #6057, #1649 ) ;
#5212 = ORIENTED_EDGE ( 'NONE', *, *, #1790, .F. ) ;
#5213 = DIRECTION ( 'NONE',  ( 0.000000000000000000, 0.000000000000000000, -1.000000000000000000 ) ) ;
#5214 = AXIS2_PLACEMENT_3D ( 'NONE', #5167, #6816, #2740 ) ;
#5215 = ADVANCED_FACE ( 'NONE', ( #5321 ), #2151, .F. ) ;
#5216 = VECTOR ( 'NONE', #7208, 999.9999999999998863 ) ;
#5217 = CIRCLE ( 'NONE', #4043, 0.5999999999999909850 ) ;
#5218 = ORIENTED_EDGE ( 'NONE', *, *, #4320, .T. ) ;
#5219 = DIRECTION ( 'NONE',  ( 0.1882815193062792047, 0.9638984069783683717, -0.1882815193062850334 ) ) ;
#5220 = ORIENTED_EDGE ( 'NONE', *, *, #4349, .T. ) ;
#5221 = DIRECTION ( 'NONE',  ( -1.962615573354728758E-16, 1.000000000000000000, -1.962615573354707557E-16 ) ) ;
#5222 = DIRECTION ( 'NONE',  ( -1.738237980425714693E-15, 1.000000000000000000, 1.345714865754787677E-15 ) ) ;
#5223 = AXIS2_PLACEMENT_3D ( 'NONE', #3693, #6913, #2893 ) ;
#5224 = ADVANCED_FACE ( 'NONE', ( #7724 ), #2757, .F. ) ;
#5225 = CARTESIAN_POINT ( 'NONE',  ( 91.86518364648291879, 28.88563264361371807, 2.963243478260686015 ) ) ;
#5226 = ORIENTED_EDGE ( 'NONE', *, *, #2123, .T. ) ;
#5227 = CARTESIAN_POINT ( 'NONE',  ( 99.43612069262580633, -16.99672652006153939, -5.456221705303527791 ) ) ;
#5228 = ORIENTED_EDGE ( 'NONE', *, *, #6600, .F. ) ;
#5229 = LINE ( 'NONE', #2743, #119 ) ;
#5230 = ORIENTED_EDGE ( 'NONE', *, *, #3298, .T. ) ;
#5231 = FACE_OUTER_BOUND ( 'NONE', #10523, .T. ) ;
#5232 = CARTESIAN_POINT ( 'NONE',  ( 105.6563282084945428, -12.80427915708982844, -10.82790108374851634 ) ) ;
#5233 = ORIENTED_EDGE ( 'NONE', *, *, #9731, .T. ) ;
#5234 = CARTESIAN_POINT ( 'NONE',  ( 105.0539401611694075, -12.84440447661096307, -11.07404117384721332 ) ) ;
#5235 = EDGE_CURVE ( 'NONE', #2727, #3663, #554, .T. ) ;
#5236 = EDGE_LOOP ( 'NONE', ( #9239, #6751, #7578, #2414 ) ) ;
#5237 = ORIENTED_EDGE ( 'NONE', *, *, #4224, .F. ) ;
#5238 = DIRECTION ( 'NONE',  ( -0.7071067811865513475, -1.691909977029939647E-16, -0.7071067811865437980 ) ) ;
#5239 = EDGE_CURVE ( 'NONE', #3997, #9442, #8466, .T. ) ;
#5240 = CARTESIAN_POINT ( 'NONE',  ( 115.6016838179026536, 18.00000000000001421, -2.662486416881705065 ) ) ;
#5241 = CARTESIAN_POINT ( 'NONE',  ( 97.77817459305201453, 15.00000000000000178, -2.949747468305853104 ) ) ;
#5242 = ADVANCED_FACE ( 'NONE', ( #4427 ), #9487, .F. ) ;
#5243 = ADVANCED_FACE ( 'NONE', ( #5582 ), #1515, .T. ) ;
#5244 = EDGE_LOOP ( 'NONE', ( #9747, #9915, #3618, #563 ) ) ;
#5245 = CARTESIAN_POINT ( 'NONE',  ( 104.3135164091591491, -18.04866127958090871, -9.485089284413078303 ) ) ;
#5246 = DIRECTION ( 'NONE',  ( -0.7071067811865436870, 0.000000000000000000, 0.7071067811865513475 ) ) ;
#5247 = DIRECTION ( 'NONE',  ( 0.7071067811865512365, 1.691909977029938907E-16, 0.7071067811865437980 ) ) ;
#5248 = LINE ( 'NONE', #8497, #4206 ) ;
#5249 = CARTESIAN_POINT ( 'NONE',  ( 103.6107647738324147, 22.12720779386421555, -9.630865786510184989 ) ) ;
#5250 = EDGE_LOOP ( 'NONE', ( #7295, #8960, #3971, #4673, #10449, #970, #8469, #4971, #6767, #343, #9270, #6745, #3361, #9656 ) ) ;
#5251 = CARTESIAN_POINT ( 'NONE',  ( 101.9664020515063783, -18.19084692207945153, -7.986503064184143241 ) ) ;
#5252 = ADVANCED_FACE ( 'NONE', ( #7070 ), #1408, .T. ) ;
#5253 = DIRECTION ( 'NONE',  ( 0.7071067811865507924, -6.661338147750937270E-16, 0.7071067811865443531 ) ) ;
#5254 = VERTEX_POINT ( 'NONE', #4621 ) ;
#5255 = CARTESIAN_POINT ( 'NONE',  ( 102.9983677492453040, -12.99460872837454595, -8.169940624499199444 ) ) ;
#5256 = DIRECTION ( 'NONE',  ( -0.7071067811865513475, -1.691909977029939647E-16, -0.7071067811865437980 ) ) ;
#5257 = VERTEX_POINT ( 'NONE', #4781 ) ;
#5258 = CARTESIAN_POINT ( 'NONE',  ( 105.3129452123836529, -16.99383236875923942, -11.33304622506125980 ) ) ;
#5259 = ORIENTED_EDGE ( 'NONE', *, *, #9019, .F. ) ;
#5260 = EDGE_LOOP ( 'NONE', ( #3540, #9384 ) ) ;
#5261 = FACE_OUTER_BOUND ( 'NONE', #7265, .T. ) ;
#5262 = ORIENTED_EDGE ( 'NONE', *, *, #1361, .F. ) ;
#5263 = CARTESIAN_POINT ( 'NONE',  ( 106.1220346110532375, 10.00000000000001421, -12.14213562373103095 ) ) ;
#5264 = ORIENTED_EDGE ( 'NONE', *, *, #9049, .T. ) ;
#5265 = LINE ( 'NONE', #2839, #1898 ) ;
#5266 = CARTESIAN_POINT ( 'NONE',  ( 101.1198416596845107, -17.15322309509430099, -6.291414534938407854 ) ) ;
#5267 = CARTESIAN_POINT ( 'NONE',  ( 92.29041350154933809, 28.92248990846896106, 2.538013623199535829 ) ) ;
#5268 = VERTEX_POINT ( 'NONE', #4831 ) ;
#5269 = CARTESIAN_POINT ( 'NONE',  ( 97.40332836391522164, -13.65337617743057308, -3.423429376592850737 ) ) ;
#5270 = CARTESIAN_POINT ( 'NONE',  ( 87.00000000000001421, -33.58337520964456502, -96.50000000000000000 ) ) ;
#5271 = LINE ( 'NONE', #9108, #9801 ) ;
#5272 = CARTESIAN_POINT ( 'NONE',  ( 99.33935757816132650, -17.48981397740233135, -5.359458590839063064 ) ) ;
#5273 = ORIENTED_EDGE ( 'NONE', *, *, #9898, .T. ) ;
#5274 = CARTESIAN_POINT ( 'NONE',  ( 102.1145186924098169, -12.99999999999998757, -8.134619705087544617 ) ) ;
#5275 = ORIENTED_EDGE ( 'NONE', *, *, #8946, .F. ) ;
#5276 = DIRECTION ( 'NONE',  ( -0.7071067811865513475, 0.000000000000000000, -0.7071067811865435759 ) ) ;
#5277 = EDGE_CURVE ( 'NONE', #2776, #4688, #9542, .T. ) ;
#5278 = CIRCLE ( 'NONE', #3429, 2.499999999999988454 ) ;
#5279 = CARTESIAN_POINT ( 'NONE',  ( 102.5741036805333408, -12.99460872837454595, -8.594204693211121793 ) ) ;
#5280 = ORIENTED_EDGE ( 'NONE', *, *, #3989, .F. ) ;
#5281 = EDGE_CURVE ( 'NONE', #8660, #8669, #2301, .T. ) ;
#5282 = CYLINDRICAL_SURFACE ( 'NONE', #1972, 0.1000000000000044326 ) ;
#5283 = VERTEX_POINT ( 'NONE', #7877 ) ;
#5285 = VERTEX_POINT ( 'NONE', #766 ) ;
#5284 = VECTOR ( 'NONE', #335, 1000.000000000000000 ) ;
#5286 = CARTESIAN_POINT ( 'NONE',  ( 102.2241501882607935, -11.24750411939341177, -7.395723063514699547 ) ) ;
#5287 = DIRECTION ( 'NONE',  ( -0.4999999999999951705, 0.7071067811865506814, 0.5000000000000002220 ) ) ;
#5288 = CARTESIAN_POINT ( 'NONE',  ( 75.75736027240803594, -18.50000000000104095, 13.27279124660868703 ) ) ;
#5289 = ORIENTED_EDGE ( 'NONE', *, *, #4349, .F. ) ;
#5290 = VECTOR ( 'NONE', #6700, 1000.000000000000000 ) ;
#5291 = DIRECTION ( 'NONE',  ( -0.7071067811865580088, 0.000000000000000000, -0.7071067811865372477 ) ) ;
#5292 = EDGE_CURVE ( 'NONE', #9171, #9999, #4001, .T. ) ;
#5293 = CARTESIAN_POINT ( 'NONE',  ( 102.6975551841026970, -6.023016659406605022, -7.869128059356588878 ) ) ;
#5294 = ORIENTED_EDGE ( 'NONE', *, *, #1684, .T. ) ;
#5295 = FACE_OUTER_BOUND ( 'NONE', #1197, .T. ) ;
#5296 = EDGE_CURVE ( 'NONE', #8150, #3589, #9680, .T. ) ;
#5297 = DIRECTION ( 'NONE',  ( 0.7071067811865436870, 5.236901059552623732E-15, -0.7071067811865513475 ) ) ;
#5298 = DIRECTION ( 'NONE',  ( 7.891197274167559081E-15, -1.000000000000000000, -7.651925070584634063E-15 ) ) ;
#5299 = CARTESIAN_POINT ( 'NONE',  ( 101.7112819791297369, -5.806184949683045105, -6.882854854383606558 ) ) ;
#5300 = DIRECTION ( 'NONE',  ( 0.000000000000000000, 1.000000000000000000, 0.000000000000000000 ) ) ;
#5301 = CIRCLE ( 'NONE', #4458, 0.1000000000000117878 ) ;
#5302 = B_SPLINE_SURFACE_WITH_KNOTS ( 'NONE', 3, 1, ( 
 ( #1063, #8218 ),
 ( #7473, #2433 ),
 ( #195, #1700 ),
 ( #3451, #9871 ),
 ( #4130, #4911 ),
 ( #2491, #952 ),
 ( #8167, #4082 ),
 ( #4288, #901 ),
 ( #5659, #1641 ),
 ( #7526, #396 ),
 ( #84, #1744 ),
 ( #4959, #148 ),
 ( #3400, #6618 ),
 ( #8518, #9369 ),
 ( #2256, #1412 ),
 ( #9319, #2102 ),
 ( #6071, #4580 ),
 ( #7076, #509 ),
 ( #452, #2948 ) ),
 .UNSPECIFIED., .F., .F., .F.,
 ( 4, 1, 1, 1, 1, 1, 1, 1, 1, 1, 1, 1, 1, 1, 1, 1, 4 ),
 ( 2, 2 ),
 ( 0.000000000000000000, 0.1047763618991324197, 0.1566628469313914307, 0.2096650427055426480, 0.2449224382293686553, 0.2665868483314293158, 0.2773180179477281460, 0.2971053170208720617, 0.3253324117022814432, 0.3594046459838958762, 0.4145480382561923527, 0.4843931664128275916, 0.5585732515988123259, 0.6351685080609651424, 0.7000371107622971323, 0.7819458582267565516, 1.000000000000000000 ),
 ( 0.000000000000000000, 1.000000000000000000 ),
 .UNSPECIFIED. ) ;
#5303 = CARTESIAN_POINT ( 'NONE',  ( 97.84888527117068691, 8.200000000000004619, -3.868986283848387497 ) ) ;
#5304 = FACE_OUTER_BOUND ( 'NONE', #5096, .T. ) ;
#5305 = ORIENTED_EDGE ( 'NONE', *, *, #83, .F. ) ;
#5306 = EDGE_CURVE ( 'NONE', #7752, #8056, #10230, .T. ) ;
#5307 = FACE_OUTER_BOUND ( 'NONE', #9362, .T. ) ;
#5308 = CARTESIAN_POINT ( 'NONE',  ( 92.67349368912285001, -28.99999999999998224, 2.154933435623364701 ) ) ;
#5309 = MECHANICAL_DESIGN_GEOMETRIC_PRESENTATION_REPRESENTATION (  '', ( #8376 ), #10067 ) ;
#5310 = EDGE_LOOP ( 'NONE', ( #1065, #1236, #8309, #273 ) ) ;
#5311 = CARTESIAN_POINT ( 'NONE',  ( 97.77817459305201453, 8.200000000000002842, -3.798275605729713345 ) ) ;
#5312 = EDGE_CURVE ( 'NONE', #2534, #6264, #9715, .T. ) ;
#5313 = EDGE_CURVE ( 'NONE', #2227, #7333, #5126, .T. ) ;
#5314 = EDGE_CURVE ( 'NONE', #6472, #3589, #555, .T. ) ;
#5315 = ORIENTED_EDGE ( 'NONE', *, *, #9527, .T. ) ;
#5316 = CARTESIAN_POINT ( 'NONE',  ( 105.5547049043997134, -16.70926321126091452, -11.57480591707749795 ) ) ;
#5317 = ORIENTED_EDGE ( 'NONE', *, *, #1682, .F. ) ;
#5318 = CARTESIAN_POINT ( 'NONE',  ( 74.48456806627245896, -8.141197477026930806E-13, 14.54558345274421960 ) ) ;
#5319 = AXIS2_PLACEMENT_3D ( 'NONE', #9520, #7174, #6275 ) ;
#5320 = CYLINDRICAL_SURFACE ( 'NONE', #5947, 2.499999999999988454 ) ;
#5321 = FACE_OUTER_BOUND ( 'NONE', #211, .T. ) ;
#5322 = FACE_OUTER_BOUND ( 'NONE', #4038, .T. ) ;
#5323 = CARTESIAN_POINT ( 'NONE',  ( 97.55065216786111648, -16.96800325554958633, -3.570753180538785987 ) ) ;
#5324 = DIRECTION ( 'NONE',  ( 0.7071067811865474617, 0.000000000000000000, -0.7071067811865474617 ) ) ;
#5325 = CARTESIAN_POINT ( 'NONE',  ( 60.14436877094388478, 30.11650471912260230, 1.999999999999996669 ) ) ;
#5326 = CARTESIAN_POINT ( 'NONE',  ( 89.15000000000001990, 30.53337520964456786, -95.00000000000000000 ) ) ;
#5327 = ORIENTED_EDGE ( 'NONE', *, *, #5421, .T. ) ;
#5328 = CARTESIAN_POINT ( 'NONE',  ( 99.09344834785565581, -18.12918257376988507, -5.113549360533369281 ) ) ;
#5329 = ORIENTED_EDGE ( 'NONE', *, *, #1047, .T. ) ;
#5330 = CARTESIAN_POINT ( 'NONE',  ( 98.27314933988262169, 8.300000000000002487, -3.444722215136461596 ) ) ;
#5331 = CARTESIAN_POINT ( 'NONE',  ( 65.12994231491109076, -30.99999999999998579, 2.000000000000000000 ) ) ;
#5332 = ORIENTED_EDGE ( 'NONE', *, *, #7721, .T. ) ;
#5333 = CARTESIAN_POINT ( 'NONE',  ( 50.50000000000001421, 43.99999999999998579, 1.000000000000000000 ) ) ;
#5334 = CARTESIAN_POINT ( 'NONE',  ( 90.57460134722101941, 28.01574602181039353, 4.253825777525216623 ) ) ;
#5335 = VECTOR ( 'NONE', #5827, 1000.000000000000000 ) ;
#5336 = VERTEX_POINT ( 'NONE', #7121 ) ;
#5337 = ORIENTED_EDGE ( 'NONE', *, *, #1855, .T. ) ;
#5338 = CARTESIAN_POINT ( 'NONE',  ( 103.8085749430515250, -8.143294783059557673, -8.980147818305459495 ) ) ;
#5339 = DIRECTION ( 'NONE',  ( -5.664518850833135923E-16, -1.000000000000000000, 8.057240886663300191E-16 ) ) ;
#5340 = DIRECTION ( 'NONE',  ( -0.7071067811865512365, -1.691909977029938907E-16, -0.7071067811865437980 ) ) ;
#5341 = EDGE_CURVE ( 'NONE', #4360, #8028, #10364, .T. ) ;
#5342 = VECTOR ( 'NONE', #3344, 1000.000000000000000 ) ;
#5343 = ORIENTED_EDGE ( 'NONE', *, *, #4970, .T. ) ;
#5344 = CARTESIAN_POINT ( 'NONE',  ( 90.28840462579145765, 21.49999999999898392, -0.6132783599442162004 ) ) ;
#5345 = LINE ( 'NONE', #8593, #5347 ) ;
#5346 = CYLINDRICAL_SURFACE ( 'NONE', #5539, 1.999999999999998224 ) ;
#5347 = VECTOR ( 'NONE', #7749, 1000.000000000000000 ) ;
#5348 = DIRECTION ( 'NONE',  ( 0.7071067811865456854, 1.099064721078642582E-14, -0.7071067811865493491 ) ) ;
#5349 = FACE_BOUND ( 'NONE', #7466, .T. ) ;
#5350 = LINE ( 'NONE', #9347, #2970 ) ;
#5351 = LINE ( 'NONE', #1187, #6246 ) ;
#5352 = AXIS2_PLACEMENT_3D ( 'NONE', #350, #3599, #6817 ) ;
#5353 = CIRCLE ( 'NONE', #1803, 0.5999999999999873213 ) ;
#5354 = CARTESIAN_POINT ( 'NONE',  ( 104.1850288425443551, 22.33933982822017228, -9.356601717798266549 ) ) ;
#5355 = ORIENTED_EDGE ( 'NONE', *, *, #6802, .T. ) ;
#5356 = CIRCLE ( 'NONE', #800, 0.5999999999999873213 ) ;
#5357 = CARTESIAN_POINT ( 'NONE',  ( 91.87939488346123085, -9.000000000000184741, 2.949032241285013178 ) ) ;
#5358 = CARTESIAN_POINT ( 'NONE',  ( 91.96638690793631099, -28.99999999999998224, 1.447826654436821237 ) ) ;
#5359 = ORIENTED_EDGE ( 'NONE', *, *, #7852, .F. ) ;
#5360 = CARTESIAN_POINT ( 'NONE',  ( 105.4378303895095428, -16.85904859463921923, -11.45793140218709283 ) ) ;
#5361 = VERTEX_POINT ( 'NONE', #977 ) ;
#5362 = DIRECTION ( 'NONE',  ( 0.7071067811865512365, 1.691909977029939647E-16, 0.7071067811865437980 ) ) ;
#5363 = EDGE_CURVE ( 'NONE', #6264, #5115, #6311, .T. ) ;
#5364 = VECTOR ( 'NONE', #8458, 1000.000000000000000 ) ;
#5365 = EDGE_LOOP ( 'NONE', ( #5444, #1446, #6904, #8684, #1373, #4789, #3129, #8478 ) ) ;
#5366 = DIRECTION ( 'NONE',  ( 0.000000000000000000, -0.000000000000000000, 1.000000000000000000 ) ) ;
#5367 = AXIS2_PLACEMENT_3D ( 'NONE', #3455, #7312, #5077 ) ;
#5368 = AXIS2_PLACEMENT_3D ( 'NONE', #5038, #8297, #9938 ) ;
#5369 = CARTESIAN_POINT ( 'NONE',  ( 101.8694522941407854, -6.140032239759722898, -7.889553306818331890 ) ) ;
#5370 = EDGE_CURVE ( 'NONE', #2770, #9237, #9089, .T. ) ;
#5371 = EDGE_CURVE ( 'NONE', #5089, #6167, #2457, .T. ) ;
#5372 = LINE ( 'NONE', #1205, #8361 ) ;
#5373 = CARTESIAN_POINT ( 'NONE',  ( 91.87939488346117400, 3.999999999999831690, 2.949032241285065581 ) ) ;
#5374 = CARTESIAN_POINT ( 'NONE',  ( 97.07373689464270683, -15.26505061210533043, -3.093837907320406533 ) ) ;
#5375 = DIRECTION ( 'NONE',  ( -0.7071067811865454633, 0.000000000000000000, 0.7071067811865495711 ) ) ;
#5376 = CARTESIAN_POINT ( 'NONE',  ( 104.4249783362055410, 8.200000000000004619, -10.44507934888330780 ) ) ;
#5377 = CARTESIAN_POINT ( 'NONE',  ( 82.00000000000001421, -43.99999999999998579, 1.000000000000000000 ) ) ;
#5378 = ORIENTED_EDGE ( 'NONE', *, *, #5605, .F. ) ;
#5379 = CARTESIAN_POINT ( 'NONE',  ( 97.15847020210995311, -14.08861376026648848, -3.178571214787643928 ) ) ;
#5380 = EDGE_LOOP ( 'NONE', ( #5072, #3370, #9425, #929, #7913, #2089 ) ) ;
#5381 = CARTESIAN_POINT ( 'NONE',  ( 47.41421356237359674, 1.134490336022446682E-14, 47.41421356237309936 ) ) ;
#5382 = EDGE_CURVE ( 'NONE', #4526, #5963, #3419, .T. ) ;
#5383 = CARTESIAN_POINT ( 'NONE',  ( 102.4566270271187989, -15.10532799608344590, -8.476728039796558534 ) ) ;
#5384 = STYLED_ITEM ( 'NONE', ( #725 ), #2766 ) ;
#5385 = ORIENTED_EDGE ( 'NONE', *, *, #1861, .T. ) ;
#5386 = CARTESIAN_POINT ( 'NONE',  ( 89.44782665443688074, -27.99999999999998224, 3.966386907936291895 ) ) ;
#5387 = ORIENTED_EDGE ( 'NONE', *, *, #521, .F. ) ;
#5388 = B_SPLINE_SURFACE_WITH_KNOTS ( 'NONE', 3, 1, ( 
 ( #7176, #4833 ),
 ( #5677, #8094 ),
 ( #1613, #824 ),
 ( #8145, #7940 ),
 ( #6327, #872 ),
 ( #2304, #6383 ),
 ( #8719, #9633 ),
 ( #2366, #7280 ) ),
 .UNSPECIFIED., .F., .F., .F.,
 ( 4, 1, 1, 1, 1, 4 ),
 ( 2, 2 ),
 ( 0.000000000000000000, 0.1782573703587648772, 0.3494658574888978020, 0.5207024417209522582, 0.6770102187256243909, 1.000000000000000000 ),
 ( 0.000000000000000000, 1.000000000000000000 ),
 .UNSPECIFIED. ) ;
#5389 = ORIENTED_EDGE ( 'NONE', *, *, #8629, .F. ) ;
#5390 = CARTESIAN_POINT ( 'NONE',  ( 102.3186667316766147, -6.159600610020007139, -7.490239606930522598 ) ) ;
#5391 = CARTESIAN_POINT ( 'NONE',  ( 51.50000000000002842, -43.99999999999995737, 2.000000000000000000 ) ) ;
#5392 = LINE ( 'NONE', #10393, #4195 ) ;
#5393 = ORIENTED_EDGE ( 'NONE', *, *, #6970, .F. ) ;
#5394 = LINE ( 'NONE', #690, #397 ) ;
#5395 = B_SPLINE_CURVE_WITH_KNOTS ( 'NONE', 3,
 ( #9752, #2426, #140, #1633, #2542, #4028, #2588, #5653 ),
 .UNSPECIFIED., .F., .F.,
 ( 4, 1, 1, 1, 1, 4 ),
 ( 0.000000000000000000, 0.1782573703587648772, 0.3494658574888978020, 0.5207024417209522582, 0.6770102187256243909, 1.000000000000000000 ),
 .UNSPECIFIED. ) ;
#5396 = DIRECTION ( 'NONE',  ( -0.7071067811865512365, -1.691909977029938907E-16, -0.7071067811865437980 ) ) ;
#5397 = EDGE_LOOP ( 'NONE', ( #7772, #7816 ) ) ;
#5398 = CARTESIAN_POINT ( 'NONE',  ( 98.35403198387682266, -11.86216094775715746, -3.525604859130671009 ) ) ;
#5399 = CARTESIAN_POINT ( 'NONE',  ( 87.56604351822331012, -20.50000000000091305, 1.464108000793260089 ) ) ;
#5400 = DIRECTION ( 'NONE',  ( 2.590264123990840275E-16, -1.000000000000000000, -1.975420881607622276E-17 ) ) ;
#5401 = DIRECTION ( 'NONE',  ( 0.7071067811865513475, 0.000000000000000000, 0.7071067811865436870 ) ) ;
#5402 = DIRECTION ( 'NONE',  ( 0.7071067811865436870, 5.661391076984757553E-15, -0.7071067811865513475 ) ) ;
#5403 = DIRECTION ( 'NONE',  ( 1.000000000000000000, 0.000000000000000000, 0.000000000000000000 ) ) ;
#5404 = CARTESIAN_POINT ( 'NONE',  ( 96.74411681578446576, -16.48455183905596400, -2.764217828462138371 ) ) ;
#5405 = EDGE_CURVE ( 'NONE', #9937, #9249, #7493, .T. ) ;
#5406 = EDGE_LOOP ( 'NONE', ( #8865, #3977 ) ) ;
#5407 = LINE ( 'NONE', #2395, #6153 ) ;
#5408 = DIRECTION ( 'NONE',  ( -0.7071067811865513475, -1.691909977029939647E-16, -0.7071067811865437980 ) ) ;
#5409 = ADVANCED_FACE ( 'NONE', ( #6529 ), #7329, .F. ) ;
#5410 = ORIENTED_EDGE ( 'NONE', *, *, #2919, .F. ) ;
#5411 = DIRECTION ( 'NONE',  ( 0.000000000000000000, 0.000000000000000000, 1.000000000000000000 ) ) ;
#5412 = ORIENTED_EDGE ( 'NONE', *, *, #1620, .T. ) ;
#5413 = CARTESIAN_POINT ( 'NONE',  ( 96.39358322798061351, -13.97412752232801658, -2.413684240658305225 ) ) ;
#5414 = DIRECTION ( 'NONE',  ( 0.7071067811865440200, 1.971276677246372752E-16, -0.7071067811865511255 ) ) ;
#5415 = ORIENTED_EDGE ( 'NONE', *, *, #10099, .T. ) ;
#5416 = PLANE ( 'NONE',  #9813 ) ;
#5417 = DIRECTION ( 'NONE',  ( 0.7071067811865439090, -9.702749360196279496E-16, -0.7071067811865512365 ) ) ;
#5418 = DIRECTION ( 'NONE',  ( 0.7071067811865512365, 1.691909977029939647E-16, 0.7071067811865437980 ) ) ;
#5419 = EDGE_CURVE ( 'NONE', #2824, #2665, #9024, .T. ) ;
#5420 = DIRECTION ( 'NONE',  ( 0.7071067811865513475, 1.691909977029939893E-16, 0.7071067811865436870 ) ) ;
#5421 = EDGE_CURVE ( 'NONE', #10519, #9050, #5042, .T. ) ;
#5422 = DIRECTION ( 'NONE',  ( -0.7071067811865513475, 0.000000000000000000, -0.7071067811865436870 ) ) ;
#5423 = CARTESIAN_POINT ( 'NONE',  ( 99.13023165859119956, -18.10801337405880673, -5.150332671268889939 ) ) ;
#5424 = EDGE_CURVE ( 'NONE', #7394, #9069, #1034, .T. ) ;
#5425 = CYLINDRICAL_SURFACE ( 'NONE', #1310, 0.8500000000000170752 ) ;
#5426 = ADVANCED_FACE ( 'NONE', ( #2621 ), #36, .T. ) ;
#5427 = EDGE_CURVE ( 'NONE', #3962, #285, #1716, .T. ) ;
#5428 = CARTESIAN_POINT ( 'NONE',  ( 55.23044737829938100, 24.00000000000001066, 1.999999999999996669 ) ) ;
#5429 = DIRECTION ( 'NONE',  ( -0.7071067811865453523, 0.000000000000000000, 0.7071067811865496822 ) ) ;
#5430 = ORIENTED_EDGE ( 'NONE', *, *, #9409, .F. ) ;
#5431 = LINE ( 'NONE', #2261, #4696 ) ;
#5432 = ORIENTED_EDGE ( 'NONE', *, *, #8053, .F. ) ;
#5433 = LINE ( 'NONE', #1527, #4189 ) ;
#5434 = DIRECTION ( 'NONE',  ( -0.7071067811865513475, -1.691909977029939893E-16, -0.7071067811865436870 ) ) ;
#5435 = ORIENTED_EDGE ( 'NONE', *, *, #6345, .T. ) ;
#5436 = DIRECTION ( 'NONE',  ( -0.7071067811865464625, 0.000000000000000000, -0.7071067811865486830 ) ) ;
#5437 = VERTEX_POINT ( 'NONE', #8143 ) ;
#5438 = ORIENTED_EDGE ( 'NONE', *, *, #4250, .T. ) ;
#5439 = EDGE_CURVE ( 'NONE', #5963, #9678, #2429, .T. ) ;
#5440 = EDGE_CURVE ( 'NONE', #3542, #8844, #5131, .T. ) ;
#5441 = LINE ( 'NONE', #5550, #1483 ) ;
#5442 = DIRECTION ( 'NONE',  ( 0.7071067811865474617, 0.000000000000000000, -0.7071067811865474617 ) ) ;
#5443 = AXIS2_PLACEMENT_3D ( 'NONE', #9416, #1304, #3796 ) ;
#5444 = ORIENTED_EDGE ( 'NONE', *, *, #8149, .T. ) ;
#5445 = DIRECTION ( 'NONE',  ( -0.7071067811865513475, -1.691909977029939647E-16, -0.7071067811865437980 ) ) ;
#5446 = VECTOR ( 'NONE', #144, 1000.000000000000000 ) ;
#5447 = ORIENTED_EDGE ( 'NONE', *, *, #8050, .F. ) ;
#5448 = CARTESIAN_POINT ( 'NONE',  ( 107.3285344780201171, 15.00000000000001421, 5.610662923000938385 ) ) ;
#5449 = ADVANCED_FACE ( 'NONE', ( #8349 ), #55, .F. ) ;
#5450 = DIRECTION ( 'NONE',  ( -0.7071067811865513475, -1.691909977029939647E-16, -0.7071067811865437980 ) ) ;
#5451 = FACE_OUTER_BOUND ( 'NONE', #9083, .T. ) ;
#5452 = CARTESIAN_POINT ( 'NONE',  ( 101.9664020515063925, -18.19084692207945153, -7.986503064184121925 ) ) ;
#5453 = ORIENTED_EDGE ( 'NONE', *, *, #10099, .F. ) ;
#5454 = CIRCLE ( 'NONE', #3448, 2.499999999999988454 ) ;
#5455 = CARTESIAN_POINT ( 'NONE',  ( 100.7003051300367389, -12.99999999999998757, -5.871878005290604996 ) ) ;
#5456 = ORIENTED_EDGE ( 'NONE', *, *, #4137, .F. ) ;
#5457 = CARTESIAN_POINT ( 'NONE',  ( 110.5448295684103215, 18.00000000000001421, 2.394367832610700741 ) ) ;
#5458 = DIRECTION ( 'NONE',  ( 0.7071067811865513475, 0.000000000000000000, 0.7071067811865437980 ) ) ;
#5459 = ORIENTED_EDGE ( 'NONE', *, *, #4404, .F. ) ;
#5460 = CARTESIAN_POINT ( 'NONE',  ( 105.8963361818992155, -15.48077086870394048, -11.06790905715331697 ) ) ;
#5461 = VECTOR ( 'NONE', #2608, 1000.000000000000000 ) ;
#5462 = EDGE_LOOP ( 'NONE', ( #5378, #2305, #7970, #3913 ) ) ;
#5463 = CARTESIAN_POINT ( 'NONE',  ( 101.6195439455792240, -12.99999999999997158, -6.791116820833102530 ) ) ;
#5464 = ORIENTED_EDGE ( 'NONE', *, *, #4350, .T. ) ;
#5465 = CARTESIAN_POINT ( 'NONE',  ( 104.8628437835990894, -9.230980157769057115, -10.03441665885299727 ) ) ;
#5466 = ORIENTED_EDGE ( 'NONE', *, *, #5762, .T. ) ;
#5467 = ADVANCED_FACE ( 'NONE', ( #1875 ), #5781, .F. ) ;
#5468 = VECTOR ( 'NONE', #2971, 1000.000000000000000 ) ;
#5469 = DIRECTION ( 'NONE',  ( 1.196361017915055756E-16, -1.000000000000000000, 1.196361017915036281E-16 ) ) ;
#5470 = FACE_OUTER_BOUND ( 'NONE', #8670, .T. ) ;
#5471 = DIRECTION ( 'NONE',  ( -0.7071067811865513475, -1.691909977029939647E-16, -0.7071067811865437980 ) ) ;
#5472 = ORIENTED_EDGE ( 'NONE', *, *, #8985, .T. ) ;
#5473 = CARTESIAN_POINT ( 'NONE',  ( 103.6471608769003154, -4.466681948922258430E-14, -8.818733752154237493 ) ) ;
#5474 = CARTESIAN_POINT ( 'NONE',  ( 102.7986327394764459, 19.40000000000001279, -8.818733752154200189 ) ) ;
#5475 = CARTESIAN_POINT ( 'NONE',  ( 59.67386801804335761, 28.50108831184961389, 1.999999999998505418 ) ) ;
#5476 = DIRECTION ( 'NONE',  ( -0.7071067811865513475, -1.691909977029939893E-16, -0.7071067811865437980 ) ) ;
#5477 = ORIENTED_EDGE ( 'NONE', *, *, #2450, .F. ) ;
#5478 = CARTESIAN_POINT ( 'NONE',  ( 47.41421356237359674, 1.134490336022446682E-14, 47.41421356237309936 ) ) ;
#5479 = ORIENTED_EDGE ( 'NONE', *, *, #9759, .F. ) ;
#5480 = FACE_BOUND ( 'NONE', #10428, .T. ) ;
#5481 = CARTESIAN_POINT ( 'NONE',  ( 92.67349368912286423, -27.99999999999998224, 2.154933435623354487 ) ) ;
#5482 = EDGE_LOOP ( 'NONE', ( #4378, #806, #5485, #8720 ) ) ;
#5483 = DIRECTION ( 'NONE',  ( 0.7071067811865474617, 0.000000000000000000, -0.7071067811865474617 ) ) ;
#5484 = DIRECTION ( 'NONE',  ( -0.7071067811865512365, -1.691909977029939647E-16, -0.7071067811865437980 ) ) ;
#5485 = ORIENTED_EDGE ( 'NONE', *, *, #8229, .T. ) ;
#5486 = ORIENTED_EDGE ( 'NONE', *, *, #4387, .T. ) ;
#5487 = CARTESIAN_POINT ( 'NONE',  ( 104.8726793473831549, -13.02812432834024570, -10.89278036006095185 ) ) ;
#5488 = ADVANCED_FACE ( 'NONE', ( #1086 ), #168, .F. ) ;
#5489 = CARTESIAN_POINT ( 'NONE',  ( 100.4061821080363615, -9.269595278418758966, -5.577754983290288848 ) ) ;
#5490 = FILL_AREA_STYLE_COLOUR ( '', #1251 ) ;
#5491 = EDGE_CURVE ( 'NONE', #9442, #74, #5301, .T. ) ;
#5492 = DIRECTION ( 'NONE',  ( -0.4999999999999966693, -0.7071067811865502373, 0.4999999999999996669 ) ) ;
#5493 = ORIENTED_EDGE ( 'NONE', *, *, #8679, .F. ) ;
#5494 = EDGE_CURVE ( 'NONE', #5860, #2594, #3584, .T. ) ;
#5495 = EDGE_CURVE ( 'NONE', #764, #1358, #7656, .T. ) ;
#5496 = CIRCLE ( 'NONE', #252, 0.5999999999999861000 ) ;
#5497 = ADVANCED_FACE ( 'NONE', ( #5307 ), #8607, .F. ) ;
#5498 = CARTESIAN_POINT ( 'NONE',  ( 103.9884503625455920, -9.460148610354735865, -10.00855137522336058 ) ) ;
#5499 = EDGE_LOOP ( 'NONE', ( #2101, #7952, #6463, #6113 ) ) ;
#5500 = CYLINDRICAL_SURFACE ( 'NONE', #10292, 4.999999999999998224 ) ;
#5501 = LINE ( 'NONE', #4559, #7402 ) ;
#5502 = FACE_OUTER_BOUND ( 'NONE', #287, .T. ) ;
#5503 = DIRECTION ( 'NONE',  ( 2.392722035830078972E-16, -1.000000000000000000, 0.000000000000000000 ) ) ;
#5504 = CARTESIAN_POINT ( 'NONE',  ( 92.58650166464771303, 3.999999999999831690, 2.241925460098513678 ) ) ;
#5505 = CIRCLE ( 'NONE', #4161, 0.8500000000000170752 ) ;
#5506 = ORIENTED_EDGE ( 'NONE', *, *, #2080, .T. ) ;
#5507 = CARTESIAN_POINT ( 'NONE',  ( 103.2228968081883949, 19.40000000000000924, -9.242997820866149183 ) ) ;
#5508 = VERTEX_POINT ( 'NONE', #6906 ) ;
#5509 = LINE ( 'NONE', #9457, #7331 ) ;
#5510 = DIRECTION ( 'NONE',  ( -1.000000000000000000, -1.156482317317891801E-14, 0.000000000000000000 ) ) ;
#5511 = VECTOR ( 'NONE', #1911, 1000.000000000000000 ) ;
#5512 = EDGE_LOOP ( 'NONE', ( #1724, #6522, #500, #8193 ) ) ;
#5513 = CARTESIAN_POINT ( 'NONE',  ( 102.9983677492453040, -12.99460872837454595, -8.169940624499199444 ) ) ;
#5514 = ORIENTED_EDGE ( 'NONE', *, *, #4964, .T. ) ;
#5515 = LINE ( 'NONE', #9721, #8899 ) ;
#5516 = VECTOR ( 'NONE', #9178, 1000.000000000000000 ) ;
#5517 = ORIENTED_EDGE ( 'NONE', *, *, #819, .F. ) ;
#5518 = VERTEX_POINT ( 'NONE', #5151 ) ;
#5519 = DIRECTION ( 'NONE',  ( 0.7071067811865513475, 1.691909977029939893E-16, 0.7071067811865436870 ) ) ;
#5520 = VECTOR ( 'NONE', #10177, 1000.000000000000000 ) ;
#5521 = DIRECTION ( 'NONE',  ( -0.7071067811865512365, -1.691909977029938907E-16, -0.7071067811865437980 ) ) ;
#5522 = FACE_OUTER_BOUND ( 'NONE', #6630, .T. ) ;
#5523 = AXIS2_PLACEMENT_3D ( 'NONE', #4233, #5801, #1786 ) ;
#5524 = LINE ( 'NONE', #9682, #9267 ) ;
#5525 = AXIS2_PLACEMENT_3D ( 'NONE', #8136, #3835, #10318 ) ;
#5526 = ADVANCED_FACE ( 'NONE', ( #6158 ), #378, .F. ) ;
#5527 = VERTEX_POINT ( 'NONE', #5255 ) ;
#5528 = CARTESIAN_POINT ( 'NONE',  ( 99.98078674204360539, -15.43998074868367176, -6.000887754721272671 ) ) ;
#5529 = VECTOR ( 'NONE', #7967, 1000.000000000000000 ) ;
#5530 = LINE ( 'NONE', #8148, #469 ) ;
#5531 = CARTESIAN_POINT ( 'NONE',  ( 90.00000000000001421, 31.00000000000001776, -45.49747468305808695 ) ) ;
#5532 = CARTESIAN_POINT ( 'NONE',  ( 106.5462986797651723, 18.00000000000001421, -11.71787155501910505 ) ) ;
#5533 = VECTOR ( 'NONE', #2544, 1000.000000000000000 ) ;
#5534 = ORIENTED_EDGE ( 'NONE', *, *, #852, .F. ) ;
#5535 = CARTESIAN_POINT ( 'NONE',  ( 98.87722015309547885, -18.01831877851650532, -4.048793028349346734 ) ) ;
#5536 = ORIENTED_EDGE ( 'NONE', *, *, #6419, .F. ) ;
#5537 = AXIS2_PLACEMENT_3D ( 'NONE', #7756, #1963, #4407 ) ;
#5538 = DIRECTION ( 'NONE',  ( -1.000000000000000000, 0.000000000000000000, -7.661695352231032633E-14 ) ) ;
#5539 = AXIS2_PLACEMENT_3D ( 'NONE', #1283, #2813, #6039 ) ;
#5540 = CARTESIAN_POINT ( 'NONE',  ( 89.60925074043117888, 21.49999999999898392, -1.442432245304490435 ) ) ;
#5541 = ORIENTED_EDGE ( 'NONE', *, *, #946, .F. ) ;
#5542 = ADVANCED_FACE ( 'NONE', ( #10101 ), #6953, .F. ) ;
#5543 = CIRCLE ( 'NONE', #8274, 2.499999999999988454 ) ;
#5544 = CARTESIAN_POINT ( 'NONE',  ( 65.12994231491110497, -28.99999999999998579, 2.000000000000003553 ) ) ;
#5545 = CARTESIAN_POINT ( 'NONE',  ( 90.46518132108815280, -15.00000000000018829, 1.534818678911885392 ) ) ;
#5546 = VECTOR ( 'NONE', #2710, 999.9999999999998863 ) ;
#5547 = EDGE_CURVE ( 'NONE', #1371, #8774, #1256, .T. ) ;
#5548 = ORIENTED_EDGE ( 'NONE', *, *, #5044, .F. ) ;
#5549 = ORIENTED_EDGE ( 'NONE', *, *, #4775, .F. ) ;
#5550 = CARTESIAN_POINT ( 'NONE',  ( 44.51507575950881801, -18.50000000000127187, 44.51507575950819984 ) ) ;
#5551 = CARTESIAN_POINT ( 'NONE',  ( 99.52948968425717169, -7.861201327428839036, -4.701062559511083982 ) ) ;
#5552 = VECTOR ( 'NONE', #2160, 1000.000000000000000 ) ;
#5553 = CARTESIAN_POINT ( 'NONE',  ( 102.7791110087745210, -18.48695981420894796, -8.799212021452291310 ) ) ;
#5554 = ORIENTED_EDGE ( 'NONE', *, *, #2650, .F. ) ;
#5555 = UNCERTAINTY_MEASURE_WITH_UNIT (LENGTH_MEASURE( 1.000000000000000082E-05 ), #9603, 'distance_accuracy_value', 'NONE');
#5556 = PLANE ( 'NONE',  #9559 ) ;
#5557 = DIRECTION ( 'NONE',  ( 0.7071067811865450192, -0.000000000000000000, -0.7071067811865500152 ) ) ;
#5558 = EDGE_CURVE ( 'NONE', #7135, #5708, #6850, .T. ) ;
#5559 = VERTEX_POINT ( 'NONE', #2884 ) ;
#5560 = AXIS2_PLACEMENT_3D ( 'NONE', #1132, #7543, #1082 ) ;
#5561 = LINE ( 'NONE', #2389, #3700 ) ;
#5562 = DIRECTION ( 'NONE',  ( -0.7071067811865512365, -1.691909977029938907E-16, -0.7071067811865437980 ) ) ;
#5563 = DIRECTION ( 'NONE',  ( 0.000000000000000000, 0.000000000000000000, -1.000000000000000000 ) ) ;
#5564 = AXIS2_PLACEMENT_3D ( 'NONE', #7995, #722, #8293 ) ;
#5565 = EDGE_CURVE ( 'NONE', #2940, #3009, #8033, .T. ) ;
#5566 = CARTESIAN_POINT ( 'NONE',  ( 103.3002699756125082, -18.55483342693396409, -9.320370988290271441 ) ) ;
#5567 = EDGE_CURVE ( 'NONE', #703, #3941, #6108, .T. ) ;
#5568 = EDGE_CURVE ( 'NONE', #226, #6686, #7766, .T. ) ;
#5569 = ORIENTED_EDGE ( 'NONE', *, *, #8339, .F. ) ;
#5570 = DIRECTION ( 'NONE',  ( 0.7071067811865388020, 0.000000000000000000, -0.7071067811865562325 ) ) ;
#5571 = ORIENTED_EDGE ( 'NONE', *, *, #8944, .F. ) ;
#5572 = PLANE ( 'NONE',  #2945 ) ;
#5573 = DIRECTION ( 'NONE',  ( -0.7071067811865513475, -1.691909977029939647E-16, -0.7071067811865437980 ) ) ;
#5574 = ORIENTED_EDGE ( 'NONE', *, *, #10509, .T. ) ;
#5575 = DIRECTION ( 'NONE',  ( 8.163404592832000439E-15, -1.000000000000000000, 0.000000000000000000 ) ) ;
#5576 = ORIENTED_EDGE ( 'NONE', *, *, #2377, .F. ) ;
#5577 = CARTESIAN_POINT ( 'NONE',  ( 100.5760394579787231, -6.521635208207606560, -6.596140470656452592 ) ) ;
#5578 = EDGE_CURVE ( 'NONE', #9594, #2587, #8531, .T. ) ;
#5579 = ORIENTED_EDGE ( 'NONE', *, *, #1938, .F. ) ;
#5580 = EDGE_LOOP ( 'NONE', ( #6983, #3270, #1160, #8898, #9998 ) ) ;
#5581 = FACE_OUTER_BOUND ( 'NONE', #3258, .T. ) ;
#5582 = FACE_OUTER_BOUND ( 'NONE', #4191, .T. ) ;
#5583 = DIRECTION ( 'NONE',  ( -1.000000000000000000, 0.000000000000000000, 0.000000000000000000 ) ) ;
#5584 = LINE ( 'NONE', #8787, #463 ) ;
#5585 = ORIENTED_EDGE ( 'NONE', *, *, #1805, .F. ) ;
#5586 = CARTESIAN_POINT ( 'NONE',  ( 102.6850288425443551, 22.33933982822020070, -7.856601717798257667 ) ) ;
#5587 = CARTESIAN_POINT ( 'NONE',  ( 98.05525128526190315, -11.34900446756578596, -3.226824160515751494 ) ) ;
#5588 = CARTESIAN_POINT ( 'NONE',  ( 82.00000000000001421, -43.99999999999999289, 2.000000000000000000 ) ) ;
#5589 = VERTEX_POINT ( 'NONE', #1293 ) ;
#5590 = CARTESIAN_POINT ( 'NONE',  ( 99.78549621306925133, -17.80367215533594560, -4.957069088323149408 ) ) ;
#5591 = EDGE_LOOP ( 'NONE', ( #2555, #1904, #9673, #2667 ) ) ;
#5592 = DIRECTION ( 'NONE',  ( -0.7071067811865512365, -2.775557561562891351E-16, -0.7071067811865437980 ) ) ;
#5593 = CARTESIAN_POINT ( 'NONE',  ( 101.6658932780435975, -5.819364924317196319, -7.685994290721248845 ) ) ;
#5594 = VERTEX_POINT ( 'NONE', #4464 ) ;
#5595 = DIRECTION ( 'NONE',  ( 0.7071067811865449082, 0.000000000000000000, -0.7071067811865502373 ) ) ;
#5596 = CARTESIAN_POINT ( 'NONE',  ( 64.06757521053707194, -29.17706118374912805, 2.000000000000003109 ) ) ;
#5597 = CARTESIAN_POINT ( 'NONE',  ( 102.9713117230515991, -7.511631173923678517, -8.142884598305483834 ) ) ;
#5598 = VERTEX_POINT ( 'NONE', #4516 ) ;
#5599 = ORIENTED_EDGE ( 'NONE', *, *, #3394, .F. ) ;
#5600 = CARTESIAN_POINT ( 'NONE',  ( 105.4042443581480626, -15.60723331330414254, -11.42434537082580448 ) ) ;
#5601 = CARTESIAN_POINT ( 'NONE',  ( 99.37380270505744306, -8.482061694257355455, -5.393903717735155645 ) ) ;
#5602 = ADVANCED_FACE ( 'NONE', ( #4367 ), #10209, .F. ) ;
#5603 =( NAMED_UNIT ( * ) PLANE_ANGLE_UNIT ( ) SI_UNIT ( $, .RADIAN. ) );
#5604 = CARTESIAN_POINT ( 'NONE',  ( 105.3530506084056526, -17.80878040598074463, -10.52462348365959599 ) ) ;
#5605 = EDGE_CURVE ( 'NONE', #3542, #10242, #2935, .T. ) ;
#5606 = VERTEX_POINT ( 'NONE', #9189 ) ;
#5607 = LINE ( 'NONE', #4127, #581 ) ;
#5608 = CARTESIAN_POINT ( 'NONE',  ( 90.00000000000001421, 36.99999999999999289, 1.000000000000000000 ) ) ;
#5609 = ORIENTED_EDGE ( 'NONE', *, *, #5819, .F. ) ;
#5610 = CARTESIAN_POINT ( 'NONE',  ( 103.4350288425443694, 23.40000000000001279, -8.606601717798277207 ) ) ;
#5611 = CARTESIAN_POINT ( 'NONE',  ( 106.8335597311895100, 15.00000000000000355, 6.105637669831538439 ) ) ;
#5612 = PLANE ( 'NONE',  #8570 ) ;
#5613 = LINE ( 'NONE', #4608, #650 ) ;
#5614 = UNCERTAINTY_MEASURE_WITH_UNIT (LENGTH_MEASURE( 1.000000000000000082E-05 ), #1233, 'distance_accuracy_value', 'NONE');
#5615 = VERTEX_POINT ( 'NONE', #10003 ) ;
#5616 = AXIS2_PLACEMENT_3D ( 'NONE', #4101, #4828, #2618 ) ;
#5617 = FACE_OUTER_BOUND ( 'NONE', #6239, .T. ) ;
#5618 = DIRECTION ( 'NONE',  ( -7.891197274167560658E-15, 1.000000000000000000, 7.651925070584635641E-15 ) ) ;
#5619 = CARTESIAN_POINT ( 'NONE',  ( 105.8114297359128386, -13.00961609880119774, -10.98300261116696319 ) ) ;
#5620 = VERTEX_POINT ( 'NONE', #2137 ) ;
#5621 = CARTESIAN_POINT ( 'NONE',  ( 104.4249783362055695, 9.664066052554728614, -10.44507934888331491 ) ) ;
#5622 = CIRCLE ( 'NONE', #4603, 2.000000000000000000 ) ;
#5623 = VERTEX_POINT ( 'NONE', #5357 ) ;
#5624 = ORIENTED_EDGE ( 'NONE', *, *, #7852, .T. ) ;
#5625 = CARTESIAN_POINT ( 'NONE',  ( 90.39447064296945200, 15.07573593128707401, -0.6572123427662335260 ) ) ;
#5626 = EDGE_CURVE ( 'NONE', #3811, #4880, #6752, .T. ) ;
#5627 = CARTESIAN_POINT ( 'NONE',  ( 90.76427943876342397, 26.51809490005961578, -52.91179805048403750 ) ) ;
#5628 = EDGE_CURVE ( 'NONE', #8857, #5831, #2262, .T. ) ;
#5629 = CARTESIAN_POINT ( 'NONE',  ( 89.94267475574098114, -29.01243798160300713, 3.619028314913868893 ) ) ;
#5630 = AXIS2_PLACEMENT_3D ( 'NONE', #9475, #2204, #8716 ) ;
#5631 = EDGE_CURVE ( 'NONE', #5336, #10304, #5509, .T. ) ;
#5632 = EDGE_CURVE ( 'NONE', #2490, #2227, #7974, .T. ) ;
#5633 = CARTESIAN_POINT ( 'NONE',  ( 50.50000000000002842, -43.99999999999998579, 2.000000000000000000 ) ) ;
#5634 = CARTESIAN_POINT ( 'NONE',  ( 104.3936609690503730, -9.007425705138800254, -9.565233844304303901 ) ) ;
#5635 = CARTESIAN_POINT ( 'NONE',  ( 89.00000000000002842, -36.99999999999998579, 2.000000000000000000 ) ) ;
#5636 = ORIENTED_EDGE ( 'NONE', *, *, #7641, .F. ) ;
#5637 = CARTESIAN_POINT ( 'NONE',  ( 99.35463583508644092, -17.68845111143918913, -5.374736847764137515 ) ) ;
#5638 = DIRECTION ( 'NONE',  ( -0.4564180996384907818, -0.7637833702331918717, 0.4564180996384956668 ) ) ;
#5639 = LINE ( 'NONE', #9996, #1176 ) ;
#5640 = ORIENTED_EDGE ( 'NONE', *, *, #620, .F. ) ;
#5641 = CARTESIAN_POINT ( 'NONE',  ( 96.75663264029741129, -13.77509831864917622, -2.776733652974978206 ) ) ;
#5642 = AXIS2_PLACEMENT_3D ( 'NONE', #8866, #1600, #7316 ) ;
#5643 = DIRECTION ( 'NONE',  ( 0.7071067811865482389, 0.000000000000000000, -0.7071067811865467956 ) ) ;
#5644 = CARTESIAN_POINT ( 'NONE',  ( 101.2870179104178447, -5.806184949683045105, -7.307118923095485385 ) ) ;
#5645 = VERTEX_POINT ( 'NONE', #701 ) ;
#5646 = CARTESIAN_POINT ( 'NONE',  ( 102.7639337830928099, -8.447659833541155905, -8.784034795770660153 ) ) ;
#5647 = DIRECTION ( 'NONE',  ( 0.7071067811865513475, 1.691909977029939154E-16, 0.7071067811865435759 ) ) ;
#5648 = STYLED_ITEM ( 'NONE', ( #1910 ), #5978 ) ;
#5649 = ORIENTED_EDGE ( 'NONE', *, *, #9602, .F. ) ;
#5650 = VERTEX_POINT ( 'NONE', #1396 ) ;
#5651 = CARTESIAN_POINT ( 'NONE',  ( 103.2936872653032907, -17.24962401802550005, -9.313788277981121411 ) ) ;
#5652 = CARTESIAN_POINT ( 'NONE',  ( 102.3904209951923576, -14.61673633523885485, -7.561993870446241495 ) ) ;
#5653 = CARTESIAN_POINT ( 'NONE',  ( 103.5248171295702662, -9.569500498558465296, -9.544918142248032922 ) ) ;
#5654 = PLANE ( 'NONE',  #110 ) ;
#5655 = AXIS2_PLACEMENT_3D ( 'NONE', #1611, #5676, #7071 ) ;
#5656 = ORIENTED_EDGE ( 'NONE', *, *, #1406, .F. ) ;
#5657 = CARTESIAN_POINT ( 'NONE',  ( 89.15000000000001990, 30.53337520964456786, -162.2337144733732259 ) ) ;
#5658 = DIRECTION ( 'NONE',  ( -0.6653078692586509302, -0.3387194682993791561, 0.6653078692586611442 ) ) ;
#5659 = CARTESIAN_POINT ( 'NONE',  ( 99.10522561554526533, -7.861201327428839036, -5.125326628223006331 ) ) ;
#5660 = EDGE_CURVE ( 'NONE', #4460, #3354, #7510, .T. ) ;
#5661 = DIRECTION ( 'NONE',  ( -0.7071067811865513475, -1.691909977029939400E-16, -0.7071067811865436870 ) ) ;
#5662 = DIRECTION ( 'NONE',  ( -0.7071067811865512365, -2.775557561562891351E-16, -0.7071067811865437980 ) ) ;
#5663 = CARTESIAN_POINT ( 'NONE',  ( 101.6308657865101281, 15.55147186257616809, -6.802438661763998695 ) ) ;
#5664 = AXIS2_PLACEMENT_3D ( 'NONE', #762, #6427, #3944 ) ;
#5665 = ORIENTED_EDGE ( 'NONE', *, *, #8979, .F. ) ;
#5666 = LINE ( 'NONE', #5026, #7338 ) ;
#5667 = DIRECTION ( 'NONE',  ( 0.000000000000000000, 1.000000000000000000, 0.000000000000000000 ) ) ;
#5668 = FACE_OUTER_BOUND ( 'NONE', #7982, .T. ) ;
#5669 = CARTESIAN_POINT ( 'NONE',  ( 101.9661569264804371, -14.61673633523885485, -7.986257939158148744 ) ) ;
#5670 = ORIENTED_EDGE ( 'NONE', *, *, #10061, .T. ) ;
#5671 = VERTEX_POINT ( 'NONE', #595 ) ;
#5672 = CARTESIAN_POINT ( 'NONE',  ( 90.15504871012861088, 15.49999999999898748, -0.6946037666966263791 ) ) ;
#5673 = LINE ( 'NONE', #4208, #2580 ) ;
#5674 = VECTOR ( 'NONE', #5658, 1000.000000000000114 ) ;
#5675 = DIRECTION ( 'NONE',  ( 0.7071067811865439090, -1.232595164407831220E-32, -0.7071067811865512365 ) ) ;
#5676 = DIRECTION ( 'NONE',  ( -1.000000000000000000, 2.312964634635743450E-16, 0.000000000000000000 ) ) ;
#5677 = CARTESIAN_POINT ( 'NONE',  ( 105.3885897770835527, -16.92215494435891898, -11.40869078976136031 ) ) ;
#5678 = ORIENTED_EDGE ( 'NONE', *, *, #7311, .T. ) ;
#5679 = EDGE_CURVE ( 'NONE', #7144, #8857, #7814, .T. ) ;
#5680 = PLANE ( 'NONE',  #8785 ) ;
#5681 = CARTESIAN_POINT ( 'NONE',  ( 51.50000000000002132, 43.99999999999998579, 1.000000000000000000 ) ) ;
#5682 = AXIS2_PLACEMENT_3D ( 'NONE', #7245, #1683, #17 ) ;
#5683 = ADVANCED_FACE ( 'NONE', ( #3939 ), #10408, .T. ) ;
#5684 = VERTEX_POINT ( 'NONE', #3143 ) ;
#5685 = CARTESIAN_POINT ( 'NONE',  ( 97.18089670900930344, -13.77509831864917622, -2.352469584263094049 ) ) ;
#5686 = EDGE_CURVE ( 'NONE', #4879, #7177, #7055, .T. ) ;
#5687 = ORIENTED_EDGE ( 'NONE', *, *, #5861, .T. ) ;
#5688 = EDGE_CURVE ( 'NONE', #5598, #5336, #8029, .T. ) ;
#5689 = DIRECTION ( 'NONE',  ( 1.000000000000000000, 0.000000000000000000, -0.000000000000000000 ) ) ;
#5690 = AXIS2_PLACEMENT_3D ( 'NONE', #2741, #3652, #8572 ) ;
#5691 = CARTESIAN_POINT ( 'NONE',  ( 102.7986327394764459, 19.40000000000001279, -8.818733752154187755 ) ) ;
#5692 = ORIENTED_EDGE ( 'NONE', *, *, #3223, .T. ) ;
#5693 = AXIS2_PLACEMENT_3D ( 'NONE', #9419, #8620, #7672 ) ;
#5694 = CARTESIAN_POINT ( 'NONE',  ( 101.9304993788307030, -10.69888452622595310, -7.950600391508558573 ) ) ;
#5695 = LINE ( 'NONE', #8949, #963 ) ;
#5696 = EDGE_LOOP ( 'NONE', ( #9740, #3492, #4173, #8889 ) ) ;
#5697 = ORIENTED_EDGE ( 'NONE', *, *, #4544, .F. ) ;
#5698 = CARTESIAN_POINT ( 'NONE',  ( 105.6398965437900301, -13.96005843359964693, -11.65999755646783065 ) ) ;
#5699 = LINE ( 'NONE', #3491, #9773 ) ;
#5700 = EDGE_LOOP ( 'NONE', ( #4398, #10160, #6612, #8036, #533 ) ) ;
#5701 = FACE_OUTER_BOUND ( 'NONE', #6960, .T. ) ;
#5702 = AXIS2_PLACEMENT_3D ( 'NONE', #42, #2657, #6578 ) ;
#5703 = EDGE_CURVE ( 'NONE', #4618, #4600, #5407, .T. ) ;
#5704 = AXIS2_PLACEMENT_3D ( 'NONE', #748, #7205, #7101 ) ;
#5705 = CARTESIAN_POINT ( 'NONE',  ( 99.59949493661166287, 16.17573593128808440, -5.619595949289388770 ) ) ;
#5706 = VECTOR ( 'NONE', #8383, 1000.000000000000000 ) ;
#5707 = AXIS2_PLACEMENT_3D ( 'NONE', #9486, #5592, #8730 ) ;
#5708 = VERTEX_POINT ( 'NONE', #3888 ) ;
#5709 = LINE ( 'NONE', #8962, #4467 ) ;
#5710 = CARTESIAN_POINT ( 'NONE',  ( 103.8803217741523497, -17.39975506580979214, -9.900422786830127109 ) ) ;
#5711 = VECTOR ( 'NONE', #4481, 1000.000000000000000 ) ;
#5712 = FACE_OUTER_BOUND ( 'NONE', #8048, .T. ) ;
#5713 = CARTESIAN_POINT ( 'NONE',  ( 105.3885897770835527, -16.92215494435891898, -11.40869078976136031 ) ) ;
#5714 = CARTESIAN_POINT ( 'NONE',  ( 97.16838088449631528, -16.48455183905596400, -2.339953759750274198 ) ) ;
#5715 = LINE ( 'NONE', #2702, #2468 ) ;
#5716 = PRESENTATION_LAYER_ASSIGNMENT (  '', '', ( #5880 ) ) ;
#5717 = CARTESIAN_POINT ( 'NONE',  ( 96.64092547683948453, -15.38330545295326246, -2.661026489516987947 ) ) ;
#5718 = ORIENTED_EDGE ( 'NONE', *, *, #577, .T. ) ;
#5719 = CARTESIAN_POINT ( 'NONE',  ( 99.72100586341082362, -18.04189124437491287, -4.892578738664810523 ) ) ;
#5720 = AXIS2_PLACEMENT_3D ( 'NONE', #3363, #7222, #8831 ) ;
#5721 = DIRECTION ( 'NONE',  ( -0.000000000000000000, -1.000000000000000000, -0.000000000000000000 ) ) ;
#5722 = ORIENTED_EDGE ( 'NONE', *, *, #1751, .F. ) ;
#5723 = CARTESIAN_POINT ( 'NONE',  ( 92.58650166464775566, -9.000000000000184741, 2.241925460098458167 ) ) ;
#5724 = CARTESIAN_POINT ( 'NONE',  ( 91.05170451952906774, 29.03856806632549237, 2.638961415155753887 ) ) ;
#5725 = LINE ( 'NONE', #1185, #5546 ) ;
#5726 = CARTESIAN_POINT ( 'NONE',  ( 99.13158871091418689, 15.01992465586121206, -5.151689723591896808 ) ) ;
#5727 = B_SPLINE_CURVE_WITH_KNOTS ( 'NONE', 3,
 ( #737, #1427, #5338, #1480, #9437, #5390, #8738, #6295 ),
 .UNSPECIFIED., .F., .F.,
 ( 4, 1, 1, 1, 1, 4 ),
 ( 0.000000000000000000, 0.3229897812743756091, 0.4792975582790477418, 0.6505341425111021980, 0.8217426296412351228, 1.000000000000000000 ),
 .UNSPECIFIED. ) ;
#5728 = FACE_OUTER_BOUND ( 'NONE', #6195, .T. ) ;
#5729 = ORIENTED_EDGE ( 'NONE', *, *, #8552, .F. ) ;
#5730 = ADVANCED_FACE ( 'NONE', ( #8703 ), #2241, .T. ) ;
#5731 = ORIENTED_EDGE ( 'NONE', *, *, #10480, .F. ) ;
#5732 = CARTESIAN_POINT ( 'NONE',  ( 35.36937435945322505, 24.00000000000000711, -102.1281003236042864 ) ) ;
#5733 = CARTESIAN_POINT ( 'NONE',  ( 104.9299979977840422, -17.83185802076771154, -10.10157087303809220 ) ) ;
#5734 = ADVANCED_FACE ( 'NONE', ( #2194, #4663, #7108 ), #5572, .F. ) ;
#5735 = DIRECTION ( 'NONE',  ( 0.000000000000000000, 0.000000000000000000, 1.000000000000000000 ) ) ;
#5736 = DIRECTION ( 'NONE',  ( 1.000000000000000000, 0.000000000000000000, 0.000000000000000000 ) ) ;
#5737 = LINE ( 'NONE', #3534, #6384 ) ;
#5738 = ORIENTED_EDGE ( 'NONE', *, *, #3901, .F. ) ;
#5739 = CARTESIAN_POINT ( 'NONE',  ( 44.51507575950881801, -18.50000000000127187, 44.51507575950819984 ) ) ;
#5740 = VERTEX_POINT ( 'NONE', #1552 ) ;
#5741 = LINE ( 'NONE', #8988, #1504 ) ;
#5742 = ORIENTED_EDGE ( 'NONE', *, *, #3903, .F. ) ;
#5743 = CARTESIAN_POINT ( 'NONE',  ( 114.0935983190576906, 9.999999999999824141, 25.16323567688139562 ) ) ;
#5744 = LINE ( 'NONE', #7459, #5290 ) ;
#5745 = ADVANCED_FACE ( 'NONE', ( #8651 ), #3085, .F. ) ;
#5746 = ORIENTED_EDGE ( 'NONE', *, *, #8953, .T. ) ;
#5747 = CARTESIAN_POINT ( 'NONE',  ( 100.5358910396795551, 16.05147186257617165, -5.707463914933430971 ) ) ;
#5748 = FACE_OUTER_BOUND ( 'NONE', #8794, .T. ) ;
#5749 = ADVANCED_FACE ( 'NONE', ( #5617 ), #9563, .F. ) ;
#5750 = EDGE_LOOP ( 'NONE', ( #8578, #5949 ) ) ;
#5751 = CARTESIAN_POINT ( 'NONE',  ( 104.8487019967812728, -13.01872362430056640, -10.86880300945898448 ) ) ;
#5752 = LINE ( 'NONE', #4949, #6374 ) ;
#5753 = VERTEX_POINT ( 'NONE', #3196 ) ;
#5754 = DIRECTION ( 'NONE',  ( 1.000000000000000000, -2.312964634635742957E-16, 0.000000000000000000 ) ) ;
#5755 = VERTEX_POINT ( 'NONE', #7866 ) ;
#5756 = DIRECTION ( 'NONE',  ( 0.7071067811865416886, -0.000000000000000000, -0.7071067811865532349 ) ) ;
#5757 = EDGE_CURVE ( 'NONE', #3469, #10429, #9720, .T. ) ;
#5758 = CARTESIAN_POINT ( 'NONE',  ( 75.26238552557721562, 21.49999999999887379, 12.49497378730366215 ) ) ;
#5759 = ORIENTED_EDGE ( 'NONE', *, *, #6801, .F. ) ;
#5760 = EDGE_CURVE ( 'NONE', #6686, #135, #10464, .T. ) ;
#5761 = CARTESIAN_POINT ( 'NONE',  ( 105.0345905193927365, -17.27644674173570039, -11.05469153207040911 ) ) ;
#5762 = EDGE_CURVE ( 'NONE', #8150, #4825, #2764, .T. ) ;
#5763 = EDGE_CURVE ( 'NONE', #6241, #9146, #1705, .T. ) ;
#5764 = CARTESIAN_POINT ( 'NONE',  ( 90.58578643762692195, 24.00000000000001776, -53.98275605729659787 ) ) ;
#5765 = DIRECTION ( 'NONE',  ( 0.4999999999999946154, 0.7071067811865512365, -0.5000000000000001110 ) ) ;
#5766 = CARTESIAN_POINT ( 'NONE',  ( 75.26238552557725825, 15.49999999999887734, 12.49497378730362129 ) ) ;
#5767 = DIRECTION ( 'NONE',  ( 0.7071067811865778818, 0.000000000000000000, -0.7071067811865171526 ) ) ;
#5768 = ORIENTED_EDGE ( 'NONE', *, *, #1429, .T. ) ;
#5769 = CARTESIAN_POINT ( 'NONE',  ( 98.87722015309542201, -18.01831877851650532, -4.048793028349392920 ) ) ;
#5770 = DIRECTION ( 'NONE',  ( 4.613751193975717226E-15, 1.000000000000000000, -4.853023397558777138E-15 ) ) ;
#5771 = ORIENTED_EDGE ( 'NONE', *, *, #10199, .F. ) ;
#5772 = DIRECTION ( 'NONE',  ( 1.000000000000000000, 9.376883653928788436E-17, 0.000000000000000000 ) ) ;
#5773 = DIRECTION ( 'NONE',  ( 0.7071067811865439090, 0.000000000000000000, -0.7071067811865512365 ) ) ;
#5774 = DIRECTION ( 'NONE',  ( 0.3535533905932150556, 0.8660254037844432595, -0.3535533905933211929 ) ) ;
#5775 = FACE_BOUND ( 'NONE', #1069, .T. ) ;
#5776 = ORIENTED_EDGE ( 'NONE', *, *, #3798, .T. ) ;
#5777 = ORIENTED_EDGE ( 'NONE', *, *, #759, .T. ) ;
#5778 = DIRECTION ( 'NONE',  ( 0.7071067811865496822, 0.000000000000000000, -0.7071067811865453523 ) ) ;
#5779 = AXIS2_PLACEMENT_3D ( 'NONE', #2628, #6489, #5643 ) ;
#5780 = DIRECTION ( 'NONE',  ( -0.7071067811865513475, -1.691909977029939893E-16, -0.7071067811865437980 ) ) ;
#5781 = PLANE ( 'NONE',  #5799 ) ;
#5782 = CARTESIAN_POINT ( 'NONE',  ( 102.0901573467554897, -5.819364924317196319, -7.261730222009370017 ) ) ;
#5783 = DIRECTION ( 'NONE',  ( 0.000000000000000000, -0.5773502691896429395, -0.8164965809277140441 ) ) ;
#5784 = VECTOR ( 'NONE', #646, 1000.000000000000000 ) ;
#5785 = CARTESIAN_POINT ( 'NONE',  ( 52.00000000000002132, 44.99999999999998579, 0.000000000000000000 ) ) ;
#5786 = CARTESIAN_POINT ( 'NONE',  ( 101.2870179104179300, -5.806184949683045105, -7.307118923095408114 ) ) ;
#5787 = EDGE_CURVE ( 'NONE', #5645, #8464, #1020, .T. ) ;
#5788 = ORIENTED_EDGE ( 'NONE', *, *, #4964, .F. ) ;
#5789 = PLANE ( 'NONE',  #4705 ) ;
#5790 = VERTEX_POINT ( 'NONE', #909 ) ;
#5791 = LINE ( 'NONE', #8106, #4436 ) ;
#5792 = AXIS2_PLACEMENT_3D ( 'NONE', #933, #8316, #4268 ) ;
#5793 = CARTESIAN_POINT ( 'NONE',  ( 100.2025742371097010, -14.95660470975032652, -6.222675249787407381 ) ) ;
#5794 = EDGE_LOOP ( 'NONE', ( #3297, #8215, #9386, #8939 ) ) ;
#5795 = B_SPLINE_CURVE_WITH_KNOTS ( 'NONE', 3,
 ( #7825, #9470, #2203, #8562, #5369, #505, #2944, #4529, #7778, #975, #6475, #8299, #3416, #9839, #9086, #1715, #9726, #1032, #4150, #9030 ),
 .UNSPECIFIED., .F., .F.,
 ( 4, 2, 2, 2, 2, 2, 2, 2, 2, 4 ),
 ( 0.000000000000000000, 0.0006664999149661813551, 0.0009997498724492589681, 0.001332999829932336689, 0.001999499744898489747, 0.002665999659864643021, 0.003332499574830796295, 0.003998999489796948269, 0.004665499404763098941, 0.005331999319729249613 ),
 .UNSPECIFIED. ) ;
#5796 = DIRECTION ( 'NONE',  ( 0.7071067811865439090, 0.000000000000000000, -0.7071067811865512365 ) ) ;
#5797 = DIRECTION ( 'NONE',  ( -0.7071067811865398012, 0.000000000000000000, 0.7071067811865553443 ) ) ;
#5798 = ORIENTED_EDGE ( 'NONE', *, *, #2591, .T. ) ;
#5799 = AXIS2_PLACEMENT_3D ( 'NONE', #9943, #6477, #9727 ) ;
#5800 = CARTESIAN_POINT ( 'NONE',  ( 104.6495264296052028, -13.11239921519228879, -10.66962744228294824 ) ) ;
#5801 = DIRECTION ( 'NONE',  ( -0.6659521009943003556, 0.3361779266438311708, 0.6659521009943073500 ) ) ;
#5802 = CARTESIAN_POINT ( 'NONE',  ( 92.94005505524100386, -20.50000000000092371, -0.9400550552409875360 ) ) ;
#5803 = ORIENTED_EDGE ( 'NONE', *, *, #524, .T. ) ;
#5804 = LINE ( 'NONE', #3277, #1154 ) ;
#5805 = CARTESIAN_POINT ( 'NONE',  ( 102.9399546498574551, -7.176240401769854671, -8.960055662535081566 ) ) ;
#5806 = EDGE_LOOP ( 'NONE', ( #3339, #5393 ) ) ;
#5807 =( GEOMETRIC_REPRESENTATION_CONTEXT ( 3 ) GLOBAL_UNCERTAINTY_ASSIGNED_CONTEXT ( ( #3130 ) ) GLOBAL_UNIT_ASSIGNED_CONTEXT ( ( #9230, #10396, #2228 ) ) REPRESENTATION_CONTEXT ( 'NONE', 'WORKASPACE' ) );
#5808 = FILL_AREA_STYLE_COLOUR ( '', #9208 ) ;
#5809 = CARTESIAN_POINT ( 'NONE',  ( 104.3135164091591491, -18.04866127958090871, -9.485089284413072974 ) ) ;
#5810 = EDGE_CURVE ( 'NONE', #4077, #2770, #861, .T. ) ;
#5811 = FACE_OUTER_BOUND ( 'NONE', #7865, .T. ) ;
#5812 = ADVANCED_FACE ( 'NONE', ( #6679 ), #3242, .F. ) ;
#5813 = CARTESIAN_POINT ( 'NONE',  ( 105.0345905193926797, -17.27644674173570039, -11.05469153207046951 ) ) ;
#5814 = DIRECTION ( 'NONE',  ( -2.384284886935756262E-16, -1.000000000000000000, 4.777006922765887003E-16 ) ) ;
#5815 = DIRECTION ( 'NONE',  ( 1.196361017915046142E-16, -1.000000000000000000, 1.196361017915046142E-16 ) ) ;
#5816 = CARTESIAN_POINT ( 'NONE',  ( 97.11628547452620808, -12.88547808643477310, -3.136386487203791429 ) ) ;
#5817 = CIRCLE ( 'NONE', #1271, 3.000000000000002665 ) ;
#5818 = EDGE_CURVE ( 'NONE', #4730, #4375, #4047, .T. ) ;
#5819 = EDGE_CURVE ( 'NONE', #7649, #4540, #7267, .T. ) ;
#5820 = ORIENTED_EDGE ( 'NONE', *, *, #6840, .F. ) ;
#5821 = CARTESIAN_POINT ( 'NONE',  ( 87.00000000000001421, -33.58337520964456502, 0.000000000000000000 ) ) ;
#5822 = DIRECTION ( 'NONE',  ( -0.7071067811865512365, -1.691909977029938907E-16, -0.7071067811865437980 ) ) ;
#5823 = AXIS2_PLACEMENT_3D ( 'NONE', #3243, #7109, #652 ) ;
#5824 = VERTEX_POINT ( 'NONE', #9827 ) ;
#5825 = DIRECTION ( 'NONE',  ( 0.7071067811865513475, 1.691909977029939893E-16, 0.7071067811865436870 ) ) ;
#5826 = CARTESIAN_POINT ( 'NONE',  ( 106.5462986797651723, 10.60000000000001208, -11.71787155501910505 ) ) ;
#5827 = DIRECTION ( 'NONE',  ( -4.236540459583858444E-15, -1.000000000000000000, 6.354810689375788060E-15 ) ) ;
#5828 = DIRECTION ( 'NONE',  ( -0.4578745913571511950, 0.7620378712236284269, 0.4578745913571559134 ) ) ;
#5829 = CARTESIAN_POINT ( 'NONE',  ( 90.58578643762692195, 24.00000000000001421, -53.98275605729660498 ) ) ;
#5830 = ORIENTED_EDGE ( 'NONE', *, *, #3645, .T. ) ;
#5831 = VERTEX_POINT ( 'NONE', #39 ) ;
#5832 = PLANE ( 'NONE',  #5368 ) ;
#5833 = DIRECTION ( 'NONE',  ( -0.7071067811865513475, -1.691909977029939647E-16, -0.7071067811865437980 ) ) ;
#5834 = ORIENTED_EDGE ( 'NONE', *, *, #6510, .F. ) ;
#5835 = LINE ( 'NONE', #4260, #4806 ) ;
#5836 = MECHANICAL_DESIGN_GEOMETRIC_PRESENTATION_REPRESENTATION (  '', ( #4491 ), #4822 ) ;
#5837 = ORIENTED_EDGE ( 'NONE', *, *, #5312, .F. ) ;
#5838 = DIRECTION ( 'NONE',  ( 1.000000000000000000, 0.000000000000000000, -0.000000000000000000 ) ) ;
#5839 = VERTEX_POINT ( 'NONE', #6573 ) ;
#5840 = FACE_OUTER_BOUND ( 'NONE', #5205, .T. ) ;
#5841 = ORIENTED_EDGE ( 'NONE', *, *, #8739, .F. ) ;
#5842 = CARTESIAN_POINT ( 'NONE',  ( 99.86038476133774111, -16.99672652006153939, -5.031957636591602778 ) ) ;
#5843 = EDGE_LOOP ( 'NONE', ( #5718, #6706, #222, #3007 ) ) ;
#5844 = AXIS2_PLACEMENT_3D ( 'NONE', #3882, #5815, #6724 ) ;
#5845 = CARTESIAN_POINT ( 'NONE',  ( 44.51507575950874696, 1.770076217968721795E-14, 44.51507575950826379 ) ) ;
#5846 = CARTESIAN_POINT ( 'NONE',  ( 98.45295608438357249, -18.01831877851650532, -4.473057097061247767 ) ) ;
#5847 = EDGE_CURVE ( 'NONE', #7065, #3017, #8659, .T. ) ;
#5848 = PLANE ( 'NONE',  #8917 ) ;
#5849 = CARTESIAN_POINT ( 'NONE',  ( 101.7214814446895872, -6.529575309756275203, -6.893054319943484387 ) ) ;
#5850 = VECTOR ( 'NONE', #3336, 1000.000000000000000 ) ;
#5851 = DIRECTION ( 'NONE',  ( -0.7071067811865431318, 9.702749360196279496E-16, 0.7071067811865519026 ) ) ;
#5852 = DIRECTION ( 'NONE',  ( 0.000000000000000000, 0.000000000000000000, -1.000000000000000000 ) ) ;
#5853 = CIRCLE ( 'NONE', #5690, 1.000000000000000000 ) ;
#5854 = EDGE_LOOP ( 'NONE', ( #216, #4391, #682, #4498 ) ) ;
#5855 = VECTOR ( 'NONE', #3574, 1000.000000000000000 ) ;
#5856 = CARTESIAN_POINT ( 'NONE',  ( 104.0007142674936205, 8.300000000000004263, -10.02081528017136414 ) ) ;
#5857 = ADVANCED_FACE ( 'NONE', ( #3458 ), #7430, .F. ) ;
#5858 = CIRCLE ( 'NONE', #5682, 0.5999999999999937605 ) ;
#5859 = DIRECTION ( 'NONE',  ( 0.6653078692586502640, 0.3387194682993884265, -0.6653078692586571474 ) ) ;
#5860 = VERTEX_POINT ( 'NONE', #9878 ) ;
#5861 = EDGE_CURVE ( 'NONE', #5069, #10279, #4248, .T. ) ;
#5862 = DIRECTION ( 'NONE',  ( 0.7071067811865522357, 6.106226635438359986E-16, 0.7071067811865427988 ) ) ;
#5863 = CARTESIAN_POINT ( 'NONE',  ( 102.4810450396986852, -17.84868297269977333, -8.501146052376341800 ) ) ;
#5864 = CLOSED_SHELL ( 'NONE', ( #1623, #1241, #8759, #8091 ) ) ;
#5865 = DIRECTION ( 'NONE',  ( -0.7071067811865513475, -1.691909977029939893E-16, -0.7071067811865436870 ) ) ;
#5866 =( BOUNDED_CURVE ( )  B_SPLINE_CURVE ( 3, ( #4511, #793, #7253, #1290 ),
 .UNSPECIFIED., .F., .F. ) 
 B_SPLINE_CURVE_WITH_KNOTS ( ( 4, 4 ),
 ( 3.141592653589793116, 4.712388980384689674 ),
 .UNSPECIFIED. ) 
 CURVE ( )  GEOMETRIC_REPRESENTATION_ITEM ( )  RATIONAL_B_SPLINE_CURVE ( ( 1.000000000000000000, 0.8047378541243649375, 0.8047378541243649375, 1.000000000000000000 ) ) 
 REPRESENTATION_ITEM ( '' )  );
#5867 = VERTEX_POINT ( 'NONE', #5821 ) ;
#5868 = VECTOR ( 'NONE', #6639, 1000.000000000000000 ) ;
#5869 = CARTESIAN_POINT ( 'NONE',  ( 103.6471608769003154, 19.40000000000000924, -8.818733752154226835 ) ) ;
#5870 = DIRECTION ( 'NONE',  ( -1.000000000000000000, 0.000000000000000000, 0.000000000000000000 ) ) ;
#5871 = VECTOR ( 'NONE', #7743, 1000.000000000000000 ) ;
#5872 = CARTESIAN_POINT ( 'NONE',  ( 96.69073435369143965, -16.04617331740085007, -2.710835366368979038 ) ) ;
#5873 = VECTOR ( 'NONE', #6453, 1000.000000000000000 ) ;
#5874 = CIRCLE ( 'NONE', #1654, 0.8500000000000170752 ) ;
#5875 = ORIENTED_EDGE ( 'NONE', *, *, #10513, .F. ) ;
#5876 = AXIS2_PLACEMENT_3D ( 'NONE', #3734, #1960, #2874 ) ;
#5877 = DIRECTION ( 'NONE',  ( 0.000000000000000000, 0.1281494217779570455, -0.9917548717792997737 ) ) ;
#5878 = EDGE_CURVE ( 'NONE', #1658, #9836, #5666, .T. ) ;
#5879 = CARTESIAN_POINT ( 'NONE',  ( 102.3906661202182562, -18.19084692207945153, -7.562238995472270631 ) ) ;
#5880 = STYLED_ITEM ( 'NONE', ( #8741 ), #2471 ) ;
#5881 = FACE_OUTER_BOUND ( 'NONE', #8777, .T. ) ;
#5882 = ADVANCED_FACE ( 'NONE', ( #8287 ), #203, .F. ) ;
#5883 = EDGE_CURVE ( 'NONE', #4361, #9223, #9128, .T. ) ;
#5884 = EDGE_CURVE ( 'NONE', #9324, #6941, #8538, .T. ) ;
#5885 = CARTESIAN_POINT ( 'NONE',  ( 97.84888527117068691, 15.00000000000001243, -3.868986283848379948 ) ) ;
#5886 = CARTESIAN_POINT ( 'NONE',  ( 103.9465722464547639, -18.00729467886627688, -9.966673259132564411 ) ) ;
#5887 = LINE ( 'NONE', #1573, #3720 ) ;
#5888 = DIRECTION ( 'NONE',  ( -0.7071067811865512365, -1.326091603618060524E-16, -0.7071067811865439090 ) ) ;
#5889 = ORIENTED_EDGE ( 'NONE', *, *, #44, .F. ) ;
#5890 = CARTESIAN_POINT ( 'NONE',  ( 104.9986555687505216, -17.05437323195199539, -10.17022844400444725 ) ) ;
#5891 = PRESENTATION_LAYER_ASSIGNMENT (  '', '', ( #5384 ) ) ;
#5892 = CARTESIAN_POINT ( 'NONE',  ( 103.5850288425443750, 23.61213203435596242, -8.756601717798291773 ) ) ;
#5893 = ORIENTED_EDGE ( 'NONE', *, *, #4646, .T. ) ;
#5894 = DIRECTION ( 'NONE',  ( -0.7071067811865437980, 0.000000000000000000, 0.7071067811865513475 ) ) ;
#5895 = CIRCLE ( 'NONE', #9471, 0.3000000000000065392 ) ;
#5896 = CARTESIAN_POINT ( 'NONE',  ( 89.15000000000001990, 33.58337520964456502, -95.00000000000000000 ) ) ;
#5897 = ORIENTED_EDGE ( 'NONE', *, *, #10313, .F. ) ;
#5898 = DIRECTION ( 'NONE',  ( 0.7071067811865513475, 1.691909977029939893E-16, 0.7071067811865436870 ) ) ;
#5899 = EDGE_CURVE ( 'NONE', #2263, #5684, #6892, .T. ) ;
#5900 = MANIFOLD_SOLID_BREP ( 'Boss.-Extru.12[9]', #8773 ) ;
#5901 = ORIENTED_EDGE ( 'NONE', *, *, #3710, .F. ) ;
#5902 = CARTESIAN_POINT ( 'NONE',  ( 90.74802403356274283, -14.00000000000019362, -1.717872514546246787 ) ) ;
#5903 = ORIENTED_EDGE ( 'NONE', *, *, #7644, .F. ) ;
#5904 = CARTESIAN_POINT ( 'NONE',  ( 99.76362164687326128, -17.48981397740233135, -4.935194522127137162 ) ) ;
#5905 = EDGE_LOOP ( 'NONE', ( #6524, #836, #6729, #4510 ) ) ;
#5906 = CARTESIAN_POINT ( 'NONE',  ( 113.9046275430549571, 8.200000000000006395, -0.9654301420339815865 ) ) ;
#5907 = CARTESIAN_POINT ( 'NONE',  ( 99.93289077577841795, -15.56176507793671782, -5.952991788456121647 ) ) ;
#5908 = CARTESIAN_POINT ( 'NONE',  ( 99.42069125028892529, -8.562767868955319273, -5.440792262966623660 ) ) ;
#5909 = CARTESIAN_POINT ( 'NONE',  ( 55.23044737829938100, -23.99999999999998224, 2.000000000000003553 ) ) ;
#5910 = DIRECTION ( 'NONE',  ( 0.2377136916150763002, 0.9417984931170015894, -0.2377136916150971169 ) ) ;
#5911 = DIRECTION ( 'NONE',  ( 0.7071067811865393571, 0.000000000000000000, -0.7071067811865555663 ) ) ;
#5912 = DIRECTION ( 'NONE',  ( 0.7071067811865388020, 0.000000000000000000, -0.7071067811865562325 ) ) ;
#5913 = ORIENTED_EDGE ( 'NONE', *, *, #6854, .T. ) ;
#5914 = CARTESIAN_POINT ( 'NONE',  ( 77.24228451289977215, -18.50000000000104095, 14.75771548710039660 ) ) ;
#5915 = ORIENTED_EDGE ( 'NONE', *, *, #4141, .T. ) ;
#5916 = PLANE ( 'NONE',  #6560 ) ;
#5917 = AXIS2_PLACEMENT_3D ( 'NONE', #9298, #371, #2029 ) ;
#5918 = CARTESIAN_POINT ( 'NONE',  ( 101.9247085719245263, -5.903187733375055757, -7.096281447178410140 ) ) ;
#5919 = ORIENTED_EDGE ( 'NONE', *, *, #9925, .T. ) ;
#5920 = DIRECTION ( 'NONE',  ( 0.7071067811865512365, 1.691909977029938907E-16, 0.7071067811865437980 ) ) ;
#5921 = DIRECTION ( 'NONE',  ( -0.000000000000000000, -1.000000000000000000, -0.000000000000000000 ) ) ;
#5922 = EDGE_LOOP ( 'NONE', ( #7873, #2255, #10095, #2128 ) ) ;
#5923 = CARTESIAN_POINT ( 'NONE',  ( 100.4061821080363899, -9.269595278418758966, -5.577754983290263979 ) ) ;
#5924 = CARTESIAN_POINT ( 'NONE',  ( 105.9099025766972773, -2.999999999999983569, -13.90990257669741403 ) ) ;
#5925 = PLANE ( 'NONE',  #4041 ) ;
#5926 = EDGE_CURVE ( 'NONE', #2748, #8124, #7654, .T. ) ;
#5927 = VERTEX_POINT ( 'NONE', #3512 ) ;
#5928 = LINE ( 'NONE', #585, #3119 ) ;
#5929 = CARTESIAN_POINT ( 'NONE',  ( 74.44365081389605621, 27.00000000000001776, 17.55634918610413564 ) ) ;
#5930 = CYLINDRICAL_SURFACE ( 'NONE', #8107, 0.6000000000000060840 ) ;
#5931 = DIRECTION ( 'NONE',  ( 0.7071067811865513475, 1.110223024625155924E-16, 0.7071067811865436870 ) ) ;
#5932 = CARTESIAN_POINT ( 'NONE',  ( 91.61902831491390486, 29.01243798160304621, 1.942674755740886106 ) ) ;
#5933 = DIRECTION ( 'NONE',  ( -0.5400764004494176262, 0.6454726666212866615, 0.5400764004494230663 ) ) ;
#5934 = CARTESIAN_POINT ( 'NONE',  ( 90.58578643762533034, -24.65461647244233490, -53.98275605729819659 ) ) ;
#5935 = FACE_OUTER_BOUND ( 'NONE', #2339, .T. ) ;
#5936 = CARTESIAN_POINT ( 'NONE',  ( 0.01403530012552417494, -28.99999999999999645, -61.11590701478489507 ) ) ;
#5937 = VERTEX_POINT ( 'NONE', #2871 ) ;
#5938 = EDGE_LOOP ( 'NONE', ( #6496, #10117, #7111, #8405 ) ) ;
#5939 = DIRECTION ( 'NONE',  ( 1.000000000000000000, 0.000000000000000000, 0.000000000000000000 ) ) ;
#5940 = VECTOR ( 'NONE', #9226, 1000.000000000000000 ) ;
#5941 = CARTESIAN_POINT ( 'NONE',  ( 89.40452114930819505, 21.49999999999898392, -1.647161836427473158 ) ) ;
#5942 = VERTEX_POINT ( 'NONE', #9341 ) ;
#5943 = DIRECTION ( 'NONE',  ( 0.7071067811865513475, 1.691909977029939893E-16, 0.7071067811865437980 ) ) ;
#5944 = CARTESIAN_POINT ( 'NONE',  ( 82.00000000000001421, 44.99999999999998579, 1.000000000000000000 ) ) ;
#5945 = FACE_OUTER_BOUND ( 'NONE', #8085, .T. ) ;
#5946 = DIRECTION ( 'NONE',  ( -1.000000000000000000, 0.000000000000000000, 0.000000000000000000 ) ) ;
#5947 = AXIS2_PLACEMENT_3D ( 'NONE', #1048, #1204, #2786 ) ;
#5948 = EDGE_CURVE ( 'NONE', #2849, #1502, #10033, .T. ) ;
#5949 = ORIENTED_EDGE ( 'NONE', *, *, #5277, .F. ) ;
#5950 = CARTESIAN_POINT ( 'NONE',  ( 92.37436963029171011, 15.49999999999898748, -1.788583192664813915 ) ) ;
#5951 = ORIENTED_EDGE ( 'NONE', *, *, #9509, .F. ) ;
#5952 = DIRECTION ( 'NONE',  ( 1.000000000000000000, 1.541976423090495880E-16, -0.000000000000000000 ) ) ;
#5953 = EDGE_CURVE ( 'NONE', #2326, #10506, #2811, .T. ) ;
#5954 = ADVANCED_FACE ( 'NONE', ( #10149 ), #1863, .F. ) ;
#5955 = EDGE_CURVE ( 'NONE', #2534, #848, #2103, .T. ) ;
#5956 = CARTESIAN_POINT ( 'NONE',  ( 99.36123214435735918, -17.80367215533594560, -5.381333157035051329 ) ) ;
#5957 = CIRCLE ( 'NONE', #5117, 0.1000000000000044326 ) ;
#5958 = CARTESIAN_POINT ( 'NONE',  ( 100.3913320271161354, -10.57104243174377878, -6.411433039793926980 ) ) ;
#5959 = CARTESIAN_POINT ( 'NONE',  ( 99.59493139378710680, -8.351923368053016716, -4.766504269040967579 ) ) ;
#5960 = DIRECTION ( 'NONE',  ( 1.000000000000000000, 3.469446951953611033E-15, 0.000000000000000000 ) ) ;
#5961 = CYLINDRICAL_SURFACE ( 'NONE', #9290, 1.999999999999998224 ) ;
#5962 = DIRECTION ( 'NONE',  ( -1.368152625047868352E-14, -1.000000000000000000, 1.407404936514977561E-14 ) ) ;
#5963 = VERTEX_POINT ( 'NONE', #3730 ) ;
#5964 = CARTESIAN_POINT ( 'NONE',  ( 96.39230376721641846, -14.63243011313593911, -2.412404779894013362 ) ) ;
#5965 = VECTOR ( 'NONE', #9782, 999.9999999999998863 ) ;
#5966 = VERTEX_POINT ( 'NONE', #6731 ) ;
#5967 = LINE ( 'NONE', #1321, #8771 ) ;
#5968 = DIRECTION ( 'NONE',  ( 0.000000000000000000, -0.2466911001296613337, 0.9690941652475354440 ) ) ;
#5969 = ORIENTED_EDGE ( 'NONE', *, *, #332, .F. ) ;
#5970 = SURFACE_STYLE_USAGE ( .BOTH. , #2749 ) ;
#5971 = PLANE ( 'NONE',  #9256 ) ;
#5972 = ORIENTED_EDGE ( 'NONE', *, *, #4942, .T. ) ;
#5973 = CARTESIAN_POINT ( 'NONE',  ( 100.3486271151705012, -6.704420284902468552, -5.520199990424361935 ) ) ;
#5974 = PLANE ( 'NONE',  #3999 ) ;
#5975 = LINE ( 'NONE', #6725, #5940 ) ;
#5976 = STYLED_ITEM ( 'NONE', ( #146 ), #6095 ) ;
#5977 = VERTEX_POINT ( 'NONE', #9986 ) ;
#5978 = MANIFOLD_SOLID_BREP ( 'Boss.-Extru.12[1]', #8761 ) ;
#5979 = CARTESIAN_POINT ( 'NONE',  ( 102.1622366364085508, 23.00000000000001421, -17.65756851698610319 ) ) ;
#5980 = CARTESIAN_POINT ( 'NONE',  ( 46.00000000000057554, -14.00000000000064482, 45.99999999999993605 ) ) ;
#5981 = EDGE_CURVE ( 'NONE', #4825, #6472, #4650, .T. ) ;
#5982 = DIRECTION ( 'NONE',  ( -0.7071067811865513475, 0.000000000000000000, -0.7071067811865437980 ) ) ;
#5983 = AXIS2_PLACEMENT_3D ( 'NONE', #2088, #6954, #1350 ) ;
#5984 = CARTESIAN_POINT ( 'NONE',  ( 106.7062266549311289, -18.19084692207945153, -3.246678460759485407 ) ) ;
#5985 = CARTESIAN_POINT ( 'NONE',  ( 102.2732911153907622, -6.023016659406605022, -8.293392128068518332 ) ) ;
#5986 = LINE ( 'NONE', #489, #9824 ) ;
#5987 = DIRECTION ( 'NONE',  ( 0.7071067811865434649, 4.898042755699220774E-15, -0.7071067811865515695 ) ) ;
#5988 = ORIENTED_EDGE ( 'NONE', *, *, #6989, .T. ) ;
#5989 = DIRECTION ( 'NONE',  ( -4.710277376051348426E-16, -1.000000000000000000, -4.710277376051299123E-16 ) ) ;
#5990 = DIRECTION ( 'NONE',  ( 0.000000000000000000, 0.000000000000000000, -1.000000000000000000 ) ) ;
#5991 = EDGE_CURVE ( 'NONE', #2032, #566, #5928, .T. ) ;
#5992 = ORIENTED_EDGE ( 'NONE', *, *, #1172, .T. ) ;
#5993 = VECTOR ( 'NONE', #6424, 1000.000000000000000 ) ;
#5994 = DIRECTION ( 'NONE',  ( -0.7071067811865513475, -1.691909977029939400E-16, -0.7071067811865436870 ) ) ;
#5995 = APPLICATION_CONTEXT ( 'automotive_design' ) ;
#5996 = DIRECTION ( 'NONE',  ( 0.7071067811865513475, 1.691909977029939893E-16, 0.7071067811865436870 ) ) ;
#5997 = DIRECTION ( 'NONE',  ( -0.7071067811865523467, -6.106226635438360972E-16, -0.7071067811865429098 ) ) ;
#5998 = MANIFOLD_SOLID_BREP ( 'Boss.-Extru.12[5]', #10130 ) ;
#5999 = ORIENTED_EDGE ( 'NONE', *, *, #2664, .T. ) ;
#6000 = CARTESIAN_POINT ( 'NONE',  ( 86.71751538079944055, -20.50000000000091305, 0.6155798633694075095 ) ) ;
#6001 = ORIENTED_EDGE ( 'NONE', *, *, #5239, .T. ) ;
#6002 = DIRECTION ( 'NONE',  ( -1.196361017915055756E-16, 1.000000000000000000, -1.196361017915036035E-16 ) ) ;
#6003 = CARTESIAN_POINT ( 'NONE',  ( 90.00000000000002842, -36.99999999999998579, 1.000000000000000000 ) ) ;
#6004 = CIRCLE ( 'NONE', #1448, 1.949958776210912736 ) ;
#6005 = DIRECTION ( 'NONE',  ( 0.4999999999999958922, -0.7071067811865496822, -0.5000000000000012212 ) ) ;
#6006 = EDGE_CURVE ( 'NONE', #3794, #7668, #8690, .T. ) ;
#6007 = CARTESIAN_POINT ( 'NONE',  ( 100.1717745818065168, -9.881440232739864271, -6.191875594484240963 ) ) ;
#6008 = ADVANCED_FACE ( 'NONE', ( #1386 ), #5556, .F. ) ;
#6009 = CARTESIAN_POINT ( 'NONE',  ( 0.000000000000000000, 0.000000000000000000, -93.00000000000000000 ) ) ;
#6010 = EDGE_CURVE ( 'NONE', #6790, #7333, #5394, .T. ) ;
#6011 = VECTOR ( 'NONE', #640, 1000.000000000000000 ) ;
#6012 = ADVANCED_FACE ( 'NONE', ( #7146 ), #2864, .T. ) ;
#6013 = DIRECTION ( 'NONE',  ( 0.7071067811865512365, 0.000000000000000000, 0.7071067811865439090 ) ) ;
#6014 = CARTESIAN_POINT ( 'NONE',  ( 96.75330445332964757, -13.86598387991791448, -2.773405466007329512 ) ) ;
#6015 = ORIENTED_EDGE ( 'NONE', *, *, #3372, .F. ) ;
#6016 = DIRECTION ( 'NONE',  ( -0.000000000000000000, 1.000000000000000000, -0.000000000000000000 ) ) ;
#6017 = VERTEX_POINT ( 'NONE', #5344 ) ;
#6018 = CARTESIAN_POINT ( 'NONE',  ( 90.58578643762693616, -26.92893218813451028, -53.98275605729660498 ) ) ;
#6019 = CARTESIAN_POINT ( 'NONE',  ( 87.56604351822331012, -14.00000000000016520, 1.464108000793260089 ) ) ;
#6020 = VERTEX_POINT ( 'NONE', #1337 ) ;
#6021 = VECTOR ( 'NONE', #5721, 1000.000000000000000 ) ;
#6022 = DIRECTION ( 'NONE',  ( -0.7071067811865456854, -1.099064721078642582E-14, 0.7071067811865493491 ) ) ;
#6023 = CARTESIAN_POINT ( 'NONE',  ( 104.5106218898363863, -13.37914367311768338, -9.682194765090399002 ) ) ;
#6024 = EDGE_LOOP ( 'NONE', ( #7844, #7803 ) ) ;
#6025 = ORIENTED_EDGE ( 'NONE', *, *, #4090, .F. ) ;
#6026 = EDGE_CURVE ( 'NONE', #3017, #7115, #3778, .T. ) ;
#6027 = DIRECTION ( 'NONE',  ( 0.7071067811865513475, 1.110223024625155924E-16, 0.7071067811865436870 ) ) ;
#6028 = DIRECTION ( 'NONE',  ( -4.282972444135817679E-15, 1.000000000000000000, 4.043700240552853219E-15 ) ) ;
#6029 = DIRECTION ( 'NONE',  ( 1.000000000000000000, 9.376883653928788436E-17, 0.000000000000000000 ) ) ;
#6030 = AXIS2_PLACEMENT_3D ( 'NONE', #4072, #4798, #783 ) ;
#6031 = VERTEX_POINT ( 'NONE', #4034 ) ;
#6032 = VECTOR ( 'NONE', #10332, 1000.000000000000000 ) ;
#6033 = AXIS2_PLACEMENT_3D ( 'NONE', #136, #348, #3597 ) ;
#6034 = MANIFOLD_SOLID_BREP ( 'Boss.-Extru.12[6]', #7407 ) ;
#6035 = CARTESIAN_POINT ( 'NONE',  ( 112.7025460150378251, 22.67573593128805598, 0.2366513859831699540 ) ) ;
#6036 = CARTESIAN_POINT ( 'NONE',  ( 116.1629509039021571, -27.99999999999998224, -21.33452377915619635 ) ) ;
#6037 = AXIS2_PLACEMENT_3D ( 'NONE', #6370, #8919, #2294 ) ;
#6038 = VECTOR ( 'NONE', #8432, 1000.000000000000114 ) ;
#6039 = DIRECTION ( 'NONE',  ( 0.000000000000000000, 1.000000000000000000, 0.000000000000000000 ) ) ;
#6040 = DIRECTION ( 'NONE',  ( 0.000000000000000000, -0.5832947033759829925, -0.8122606041250085562 ) ) ;
#6041 = CARTESIAN_POINT ( 'NONE',  ( 101.1952798768673034, -12.99999999999998579, -7.215380889545049747 ) ) ;
#6042 = SURFACE_STYLE_USAGE ( .BOTH. , #8495 ) ;
#6043 = VECTOR ( 'NONE', #430, 1000.000000000000000 ) ;
#6044 = CARTESIAN_POINT ( 'NONE',  ( 104.5310443533835354, -22.99999999999998579, -20.02637623396103805 ) ) ;
#6045 = CARTESIAN_POINT ( 'NONE',  ( 103.9300035893749481, 8.200000000000001066, -9.950104602052714853 ) ) ;
#6046 = VERTEX_POINT ( 'NONE', #2430 ) ;
#6047 = CARTESIAN_POINT ( 'NONE',  ( 104.9466086916000336, -13.15615792883040314, -10.11818156685398407 ) ) ;
#6048 = CIRCLE ( 'NONE', #10141, 0.1000000000000062783 ) ;
#6049 = DIRECTION ( 'NONE',  ( -0.1777329711922843447, 0.9678956461841969894, 0.1777329711922877864 ) ) ;
#6050 = ORIENTED_EDGE ( 'NONE', *, *, #577, .F. ) ;
#6051 = DIRECTION ( 'NONE',  ( -0.7071067811865520136, 8.881784197001254296E-16, -0.7071067811865431318 ) ) ;
#6052 = CIRCLE ( 'NONE', #1334, 0.1000000000000031974 ) ;
#6053 = MECHANICAL_DESIGN_GEOMETRIC_PRESENTATION_REPRESENTATION (  '', ( #6400 ), #309 ) ;
#6054 = CARTESIAN_POINT ( 'NONE',  ( 90.33596521465912588, -28.95380580000712811, 4.492461910083201282 ) ) ;
#6055 = AXIS2_PLACEMENT_3D ( 'NONE', #4006, #3260, #10484 ) ;
#6056 = ORIENTED_EDGE ( 'NONE', *, *, #5787, .F. ) ;
#6057 = CARTESIAN_POINT ( 'NONE',  ( 89.15000000000000568, -30.53337520964456431, -162.2337144733732259 ) ) ;
#6058 = AXIS2_PLACEMENT_3D ( 'NONE', #4314, #8403, #9845 ) ;
#6059 = VERTEX_POINT ( 'NONE', #6410 ) ;
#6060 = DIRECTION ( 'NONE',  ( 0.7071067811865442421, 0.000000000000000000, -0.7071067811865507924 ) ) ;
#6061 = AXIS2_PLACEMENT_3D ( 'NONE', #5061, #399, #4276 ) ;
#6062 = EDGE_CURVE ( 'NONE', #7871, #2704, #5607, .T. ) ;
#6063 = VECTOR ( 'NONE', #52, 1000.000000000000000 ) ;
#6064 = ORIENTED_EDGE ( 'NONE', *, *, #7456, .T. ) ;
#6065 = DIRECTION ( 'NONE',  ( 0.000000000000000000, -0.000000000000000000, 1.000000000000000000 ) ) ;
#6066 = EDGE_CURVE ( 'NONE', #5753, #4375, #10504, .T. ) ;
#6067 = CARTESIAN_POINT ( 'NONE',  ( 90.15493343562337714, 28.00000000000001776, 4.673493689122863337 ) ) ;
#6068 = CARTESIAN_POINT ( 'NONE',  ( 90.00000000000001421, 31.00000000000001776, -45.49747468305809406 ) ) ;
#6069 = AXIS2_PLACEMENT_3D ( 'NONE', #10476, #2565, #5778 ) ;
#6070 = DIRECTION ( 'NONE',  ( -1.000000000000000000, 0.000000000000000000, 0.000000000000000000 ) ) ;
#6071 = CARTESIAN_POINT ( 'NONE',  ( 103.0875023805769501, -9.219426233395644488, -9.107603393254750657 ) ) ;
#6072 = DIRECTION ( 'NONE',  ( 0.000000000000000000, 0.000000000000000000, 1.000000000000000000 ) ) ;
#6073 = CARTESIAN_POINT ( 'NONE',  ( 110.6749290837167194, -12.99999999999996980, 2.264268317304304112 ) ) ;
#6074 = CARTESIAN_POINT ( 'NONE',  ( 97.02293765401140035, -15.11136301436272156, -3.043038666689097838 ) ) ;
#6075 = VERTEX_POINT ( 'NONE', #9818 ) ;
#6076 = CARTESIAN_POINT ( 'NONE',  ( 103.5850288425443892, 23.61213203435596242, -8.756601717798291773 ) ) ;
#6077 = ORIENTED_EDGE ( 'NONE', *, *, #3155, .T. ) ;
#6078 = EDGE_CURVE ( 'NONE', #1629, #9442, #80, .T. ) ;
#6079 = CARTESIAN_POINT ( 'NONE',  ( 89.60925074043117888, 21.49999999999898392, -1.442432245304490657 ) ) ;
#6080 = CARTESIAN_POINT ( 'NONE',  ( 102.7986327394764601, 22.67573593128807019, -8.818733752154200189 ) ) ;
#6081 = ORIENTED_EDGE ( 'NONE', *, *, #8826, .T. ) ;
#6082 = PRODUCT_DEFINITION ( 'UNKNOWN', '', #3857, #9667 ) ;
#6083 = EDGE_CURVE ( 'NONE', #1952, #6321, #5709, .T. ) ;
#6084 = CARTESIAN_POINT ( 'NONE',  ( 90.39447064296945200, 21.49999999999898392, -0.6572123427662339701 ) ) ;
#6085 = VERTEX_POINT ( 'NONE', #8277 ) ;
#6086 = ORIENTED_EDGE ( 'NONE', *, *, #6876, .T. ) ;
#6087 = CARTESIAN_POINT ( 'NONE',  ( 67.30147186257650560, -28.12483040656399069, 27.52695526216986721 ) ) ;
#6088 = LINE ( 'NONE', #2754, #9755 ) ;
#6089 = CARTESIAN_POINT ( 'NONE',  ( 110.5060966544098306, -12.99999999999998401, -15.67766952966379002 ) ) ;
#6090 = EDGE_CURVE ( 'NONE', #6636, #2564, #3335, .T. ) ;
#6091 = ORIENTED_EDGE ( 'NONE', *, *, #9278, .T. ) ;
#6092 = EDGE_CURVE ( 'NONE', #1486, #10455, #3230, .T. ) ;
#6093 = EDGE_CURVE ( 'NONE', #4747, #2094, #2270, .T. ) ;
#6094 = EDGE_CURVE ( 'NONE', #1556, #1872, #1742, .T. ) ;
#6095 = MANIFOLD_SOLID_BREP ( 'Boss.-Extru.12[7]', #9785 ) ;
#6096 = DIRECTION ( 'NONE',  ( 0.7071067811865389130, 0.000000000000000000, -0.7071067811865562325 ) ) ;
#6097 = CARTESIAN_POINT ( 'NONE',  ( 104.1876913256177204, -8.316731036941829913, -9.359264200871640682 ) ) ;
#6098 = VERTEX_POINT ( 'NONE', #2010 ) ;
#6099 = CARTESIAN_POINT ( 'NONE',  ( 104.5310443533835070, 23.00000000000001421, -20.02637623396102740 ) ) ;
#6100 = CARTESIAN_POINT ( 'NONE',  ( 86.71751538079944055, -14.00000000000016520, 0.6155798633694075095 ) ) ;
#6101 = CARTESIAN_POINT ( 'NONE',  ( 103.9490811982822009, -9.569500498558463519, -9.120654073536099915 ) ) ;
#6102 = CYLINDRICAL_SURFACE ( 'NONE', #3889, 3.000000000000002665 ) ;
#6103 = LINE ( 'NONE', #427, #6551 ) ;
#6104 = ORIENTED_EDGE ( 'NONE', *, *, #8212, .T. ) ;
#6105 = CARTESIAN_POINT ( 'NONE',  ( 55.23044737829937390, 24.00000000000001066, 2.000000000000000000 ) ) ;
#6106 = DIRECTION ( 'NONE',  ( 0.000000000000000000, 1.000000000000000000, 0.000000000000000000 ) ) ;
#6107 = ORIENTED_EDGE ( 'NONE', *, *, #5762, .F. ) ;
#6108 = LINE ( 'NONE', #3529, #7862 ) ;
#6109 = DIRECTION ( 'NONE',  ( -0.7071067811865450192, 0.000000000000000000, 0.7071067811865500152 ) ) ;
#6110 = ORIENTED_EDGE ( 'NONE', *, *, #7905, .T. ) ;
#6111 = CARTESIAN_POINT ( 'NONE',  ( 90.00000000000001421, 33.58337520964456502, 0.000000000000000000 ) ) ;
#6112 = ORIENTED_EDGE ( 'NONE', *, *, #4269, .T. ) ;
#6113 = ORIENTED_EDGE ( 'NONE', *, *, #9975, .F. ) ;
#6114 = DIRECTION ( 'NONE',  ( -0.7071067811865449082, 0.000000000000000000, 0.7071067811865501263 ) ) ;
#6115 = EDGE_LOOP ( 'NONE', ( #1010, #1052, #3749, #1828, #9562, #1194 ) ) ;
#6116 = PLANE ( 'NONE',  #9293 ) ;
#6117 = VERTEX_POINT ( 'NONE', #9657 ) ;
#6118 = DIRECTION ( 'NONE',  ( 0.4999999999999993894, -0.7071067811865421326, -0.5000000000000083267 ) ) ;
#6119 = CARTESIAN_POINT ( 'NONE',  ( 51.50000000000002132, 43.99999999999998579, 2.000000000000000000 ) ) ;
#6120 = EDGE_CURVE ( 'NONE', #9678, #9069, #6774, .T. ) ;
#6121 = ORIENTED_EDGE ( 'NONE', *, *, #9473, .F. ) ;
#6122 = CARTESIAN_POINT ( 'NONE',  ( 97.15032856324638999, -15.82585033546533460, -3.170429575924067045 ) ) ;
#6123 = CARTESIAN_POINT ( 'NONE',  ( 97.68985016559659584, -10.91229507811548949, -2.861423040850421984 ) ) ;
#6124 = LINE ( 'NONE', #4538, #8281 ) ;
#6125 = CARTESIAN_POINT ( 'NONE',  ( 99.93289077577840374, -15.56176507793671782, -5.952991788456131417 ) ) ;
#6126 = EDGE_LOOP ( 'NONE', ( #1203, #5275, #8641, #10491, #3501, #9676, #3328, #6677, #5410, #10135 ) ) ;
#6127 = CARTESIAN_POINT ( 'NONE',  ( 104.4249783362055410, 9.664066052554728614, -10.44507934888330780 ) ) ;
#6128 = VERTEX_POINT ( 'NONE', #8377 ) ;
#6129 = DIRECTION ( 'NONE',  ( -1.000000000000000000, -0.000000000000000000, 0.000000000000000000 ) ) ;
#6130 = CIRCLE ( 'NONE', #3604, 0.5999999999999922062 ) ;
#6131 = CARTESIAN_POINT ( 'NONE',  ( 102.9983677492452614, -12.99460872837454595, -8.169940624499210102 ) ) ;
#6132 = EDGE_LOOP ( 'NONE', ( #6502, #4829, #6439, #7270 ) ) ;
#6133 = CARTESIAN_POINT ( 'NONE',  ( 105.1066208548628538, -16.36005977435968362, -11.12672186754067738 ) ) ;
#6134 = ORIENTED_EDGE ( 'NONE', *, *, #3381, .F. ) ;
#6136 = ORIENTED_EDGE ( 'NONE', *, *, #4210, .T. ) ;
#6135 = VECTOR ( 'NONE', #53, 1000.000000000000000 ) ;
#6137 = DIRECTION ( 'NONE',  ( 0.7071067811865439090, -8.874685183736384563E-31, -0.7071067811865512365 ) ) ;
#6138 = DIRECTION ( 'NONE',  ( 1.541976423090495880E-16, -1.000000000000000000, 0.000000000000000000 ) ) ;
#6139 = DIRECTION ( 'NONE',  ( 9.376883653928788436E-17, -1.000000000000000000, 9.376883653928691061E-17 ) ) ;
#6140 = ORIENTED_EDGE ( 'NONE', *, *, #10454, .F. ) ;
#6141 = VECTOR ( 'NONE', #10220, 1000.000000000000000 ) ;
#6142 = CARTESIAN_POINT ( 'NONE',  ( 103.2033750774864416, -18.48695981420894796, -8.374947952740367185 ) ) ;
#6143 = CARTESIAN_POINT ( 'NONE',  ( 102.0901573467554897, -5.819364924317196319, -7.261730222009367353 ) ) ;
#6144 = PRESENTATION_LAYER_ASSIGNMENT (  '', '', ( #6313 ) ) ;
#6145 = ADVANCED_FACE ( 'NONE', ( #2998 ), #6825, .T. ) ;
#6146 = ORIENTED_EDGE ( 'NONE', *, *, #6151, .F. ) ;
#6147 = DIRECTION ( 'NONE',  ( -0.7071067811865513475, -1.691909977029939893E-16, -0.7071067811865437980 ) ) ;
#6148 = LINE ( 'NONE', #9397, #5516 ) ;
#6149 = DIRECTION ( 'NONE',  ( -0.000000000000000000, -0.000000000000000000, -1.000000000000000000 ) ) ;
#6150 = CARTESIAN_POINT ( 'NONE',  ( 77.52512722537439060, -20.50000000000091305, 9.807968018794575471 ) ) ;
#6151 = EDGE_CURVE ( 'NONE', #30, #8669, #3470, .T. ) ;
#6152 = DIRECTION ( 'NONE',  ( 0.7071067811865389130, 0.000000000000000000, -0.7071067811865562325 ) ) ;
#6153 = VECTOR ( 'NONE', #2354, 1000.000000000000000 ) ;
#6154 = DIRECTION ( 'NONE',  ( -0.7071067811865421326, 0.000000000000000000, 0.7071067811865530128 ) ) ;
#6155 = EDGE_CURVE ( 'NONE', #6882, #5069, #10077, .T. ) ;
#6156 =( BOUNDED_SURFACE ( )  B_SPLINE_SURFACE ( 3, 2, ( 
 ( #9772, #8709, #8389 ),
 ( #2711, #6627, #5934 ),
 ( #9077, #1076, #7437 ),
 ( #4145, #1815, #916 ),
 ( #5033, #3575, #160 ),
 ( #8342, #9131, #9180 ),
 ( #5085, #4300, #7375 ),
 ( #9934, #8292, #98 ),
 ( #3409, #9882, #4922 ),
 ( #9023, #1759, #1916 ) ),
 .UNSPECIFIED., .F., .F., .F. ) 
 B_SPLINE_SURFACE_WITH_KNOTS ( ( 4, 2, 2, 2, 4 ),
 ( 3, 3 ),
 ( 3.141592653589793116, 3.534291735288517255, 3.926990816987241395, 4.319689898685965090, 4.712388980384689674 ),
 ( 0.000000000000000000, 1.000000000000000000 ),
 .UNSPECIFIED. ) 
 GEOMETRIC_REPRESENTATION_ITEM ( )  RATIONAL_B_SPLINE_SURFACE ( (
 ( 1.000000000000000000, 0.9238795325112856283, 1.000000000000000000),
 ( 1.000000000000000000, 0.9238886108758336269, 1.000000000000000000),
 ( 1.000000000000000000, 0.9189375406521742562, 1.000000000000000000),
 ( 1.000000000000000000, 0.8994581711983489214, 1.000000000000000000),
 ( 1.000000000000000000, 0.8849191471436406164, 1.000000000000000000),
 ( 1.000000000000000000, 0.8471316604252336901, 1.000000000000000000),
 ( 1.000000000000000000, 0.8238783972954488721, 1.000000000000000000),
 ( 1.000000000000000000, 0.7702345535791714770, 1.000000000000000000),
 ( 1.000000000000000000, 0.7398497524009357562, 1.000000000000000000),
 ( 1.000000000000000000, 0.7071067811865475727, 1.000000000000000000) ) ) 
 REPRESENTATION_ITEM ( '' )  SURFACE ( )  );
#6157 = LINE ( 'NONE', #1501, #6464 ) ;
#6158 = FACE_OUTER_BOUND ( 'NONE', #8289, .T. ) ;
#6159 = CARTESIAN_POINT ( 'NONE',  ( 91.28092278961577222, -29.03017541628407017, 2.374971672420815860 ) ) ;
#6160 = VECTOR ( 'NONE', #10085, 1000.000000000000000 ) ;
#6161 = EDGE_LOOP ( 'NONE', ( #6348, #6268, #10148, #1400 ) ) ;
#6162 = CARTESIAN_POINT ( 'NONE',  ( 101.1952798768673176, -12.99999999999998757, -7.215380889545035537 ) ) ;
#6163 = MANIFOLD_SOLID_BREP ( 'Boss.-Extru.12[4]', #5864 ) ;
#6164 = ORIENTED_EDGE ( 'NONE', *, *, #3891, .T. ) ;
#6165 = CARTESIAN_POINT ( 'NONE',  ( 105.6977705423412601, -22.99999999999998579, -21.19310242291885871 ) ) ;
#6166 = EDGE_CURVE ( 'NONE', #619, #1629, #9907, .T. ) ;
#6167 = VERTEX_POINT ( 'NONE', #3445 ) ;
#6168 = CARTESIAN_POINT ( 'NONE',  ( 87.85000000000002274, -28.53337520964456431, -162.2337144733732259 ) ) ;
#6169 = AXIS2_PLACEMENT_3D ( 'NONE', #9576, #4152, #980 ) ;
#6170 = ORIENTED_EDGE ( 'NONE', *, *, #9403, .T. ) ;
#6171 = LINE ( 'NONE', #10219, #4766 ) ;
#6172 = CARTESIAN_POINT ( 'NONE',  ( 97.97549880782042919, -17.70433872755713978, -3.995599820498113797 ) ) ;
#6173 = FACE_OUTER_BOUND ( 'NONE', #91, .T. ) ;
#6174 = CARTESIAN_POINT ( 'NONE',  ( 99.07903601033137875, -18.12007151695916107, -5.099137023009088665 ) ) ;
#6175 = LINE ( 'NONE', #6123, #4513 ) ;
#6176 = LINE ( 'NONE', #6969, #4219 ) ;
#6177 = DIRECTION ( 'NONE',  ( 0.7039826708764802543, 0.09389780727591018339, -0.7039826708764876928 ) ) ;
#6178 = VERTEX_POINT ( 'NONE', #1901 ) ;
#6179 = CARTESIAN_POINT ( 'NONE',  ( 87.85000000000002274, 33.58337520964456502, 0.000000000000000000 ) ) ;
#6180 = ORIENTED_EDGE ( 'NONE', *, *, #4269, .F. ) ;
#6181 = CIRCLE ( 'NONE', #2125, 0.5999999999999909850 ) ;
#6182 = CARTESIAN_POINT ( 'NONE',  ( 98.27314933988262169, 15.00000000000001243, -3.444722215136458043 ) ) ;
#6183 = CARTESIAN_POINT ( 'NONE',  ( 55.23044737829938811, -23.99999999999998579, 2.000000000000000000 ) ) ;
#6184 = ORIENTED_EDGE ( 'NONE', *, *, #2982, .T. ) ;
#6185 = CARTESIAN_POINT ( 'NONE',  ( 106.9705627484770929, 17.40000000000001634, -12.14213562373102206 ) ) ;
#6186 = CIRCLE ( 'NONE', #7549, 1.949958776210932276 ) ;
#6187 = ORIENTED_EDGE ( 'NONE', *, *, #2328, .F. ) ;
#6188 = ORIENTED_EDGE ( 'NONE', *, *, #4065, .T. ) ;
#6189 = CARTESIAN_POINT ( 'NONE',  ( 102.1197374944193541, -14.81268972800024741, -8.139838507097161724 ) ) ;
#6190 = B_SPLINE_CURVE_WITH_KNOTS ( 'NONE', 3,
 ( #6870, #6924, #400, #8415, #6074, #9323, #10125, #4328, #8521, #9211, #2848, #2904, #2053, #5272, #5227, #9259, #6125, #3551, #1263 ),
 .UNSPECIFIED., .F., .F.,
 ( 4, 1, 1, 1, 1, 1, 1, 1, 1, 1, 1, 1, 1, 1, 1, 1, 4 ),
 ( 0.000000000000000000, 0.2180541417732434484, 0.2999628892377028122, 0.3648314919390348576, 0.4414267484011876741, 0.5156068335871724084, 0.5854519617438076473, 0.6405953540161041238, 0.6746675882977185568, 0.7028946829791279383, 0.7226819820522718540, 0.7334131516685706842, 0.7550775617706313447, 0.7903349572944573520, 0.8433371530686085693, 0.8952236381008675803, 1.000000000000000000 ),
 .UNSPECIFIED. ) ;
#6191 = CARTESIAN_POINT ( 'NONE',  ( 104.0007142674936063, 9.664066052554728614, -10.02081528017137479 ) ) ;
#6192 = EDGE_CURVE ( 'NONE', #931, #1843, #6228, .T. ) ;
#6193 = VECTOR ( 'NONE', #4240, 1000.000000000000000 ) ;
#6194 = EDGE_CURVE ( 'NONE', #9311, #3165, #6669, .T. ) ;
#6195 = EDGE_LOOP ( 'NONE', ( #2627, #3591, #7980, #9456, #6914, #10282 ) ) ;
#6196 = DIRECTION ( 'NONE',  ( 0.7071067811865440200, 1.971276677246372752E-16, -0.7071067811865511255 ) ) ;
#6197 = CARTESIAN_POINT ( 'NONE',  ( 90.00000000000001421, -30.99999999999997868, -51.29646455628141410 ) ) ;
#6198 = ORIENTED_EDGE ( 'NONE', *, *, #9409, .T. ) ;
#6199 = CARTESIAN_POINT ( 'NONE',  ( 118.9913780286483416, -28.99999999999998579, -25.57716446627547668 ) ) ;
#6200 = CIRCLE ( 'NONE', #3332, 1.300000000000005373 ) ;
#6201 = FACE_OUTER_BOUND ( 'NONE', #5066, .T. ) ;
#6202 = CARTESIAN_POINT ( 'NONE',  ( 44.51507575950879669, -14.00000000000051337, 44.51507575950822115 ) ) ;
#6203 = CARTESIAN_POINT ( 'NONE',  ( 97.26558609688466106, -10.91229507811548949, -3.285687109562347885 ) ) ;
#6204 = ADVANCED_FACE ( 'NONE', ( #4395 ), #408, .F. ) ;
#6205 = VECTOR ( 'NONE', #5962, 1000.000000000000000 ) ;
#6206 = AXIS2_PLACEMENT_3D ( 'NONE', #4274, #237, #9257 ) ;
#6207 = EDGE_CURVE ( 'NONE', #8240, #7032, #7633, .T. ) ;
#6208 = CARTESIAN_POINT ( 'NONE',  ( 111.7693480478366013, -16.94059784720014150, 1.169849353184402529 ) ) ;
#6209 = VECTOR ( 'NONE', #4745, 1000.000000000000000 ) ;
#6210 = DIRECTION ( 'NONE',  ( -0.7071067811865301422, 0.000000000000000000, 0.7071067811865647812 ) ) ;
#6211 = EDGE_CURVE ( 'NONE', #6448, #2511, #2643, .T. ) ;
#6212 = CARTESIAN_POINT ( 'NONE',  ( 90.37558991078486770, -29.03019972435998852, 3.280417041646946696 ) ) ;
#6213 = ADVANCED_FACE ( 'NONE', ( #9118 ), #1061, .F. ) ;
#6214 = EDGE_CURVE ( 'NONE', #1324, #9829, #3499, .T. ) ;
#6215 = ORIENTED_EDGE ( 'NONE', *, *, #4958, .T. ) ;
#6216 = CARTESIAN_POINT ( 'NONE',  ( 102.2685815453060769, -17.67840115327054562, -8.288682557983841903 ) ) ;
#6217 = ORIENTED_EDGE ( 'NONE', *, *, #9277, .F. ) ;
#6218 = CARTESIAN_POINT ( 'NONE',  ( 104.0007142674936063, 7.600000000000003197, -10.02081528017137479 ) ) ;
#6219 = VECTOR ( 'NONE', #3369, 999.9999999999998863 ) ;
#6220 = AXIS2_PLACEMENT_3D ( 'NONE', #7196, #10239, #3922 ) ;
#6221 = EDGE_LOOP ( 'NONE', ( #5175, #9697, #742, #6760 ) ) ;
#6222 = CARTESIAN_POINT ( 'NONE',  ( 100.7651803615609083, 17.82426406871194047, -6.785281374238634200 ) ) ;
#6223 = CIRCLE ( 'NONE', #1834, 0.9999999999999977796 ) ;
#6224 = AXIS2_PLACEMENT_3D ( 'NONE', #3627, #10044, #2769 ) ;
#6225 = CARTESIAN_POINT ( 'NONE',  ( 106.5462986797651723, 18.00000000000001066, -11.71787155501910149 ) ) ;
#6226 = AXIS2_PLACEMENT_3D ( 'NONE', #3847, #9577, #8786 ) ;
#6227 = CARTESIAN_POINT ( 'NONE',  ( 101.6195439455792382, -12.99999999999998757, -6.791116820833113188 ) ) ;
#6228 = LINE ( 'NONE', #7684, #10076 ) ;
#6229 = AXIS2_PLACEMENT_3D ( 'NONE', #1229, #7754, #5982 ) ;
#6230 = ADVANCED_FACE ( 'NONE', ( #1517 ), #4676, .T. ) ;
#6231 = ADVANCED_FACE ( 'NONE', ( #4885 ), #3052, .T. ) ;
#6232 = CARTESIAN_POINT ( 'NONE',  ( 91.62376202979785944, 28.05775754847208958, 3.204665094948349946 ) ) ;
#6233 = VECTOR ( 'NONE', #2392, 1000.000000000000000 ) ;
#6234 = CARTESIAN_POINT ( 'NONE',  ( 97.54372357193967957, -13.44520167806456001, -3.563824584617297120 ) ) ;
#6235 = VECTOR ( 'NONE', #5170, 1000.000000000000114 ) ;
#6236 = CARTESIAN_POINT ( 'NONE',  ( 76.25233501923850099, 21.49999999999887379, 13.48492328096487824 ) ) ;
#6237 = CARTESIAN_POINT ( 'NONE',  ( 57.71561894748766974, 26.51809490006206360, 2.764279438764583041 ) ) ;
#6238 = FACE_OUTER_BOUND ( 'NONE', #353, .T. ) ;
#6239 = EDGE_LOOP ( 'NONE', ( #4575, #333, #7683, #8359, #8765, #5903, #2144, #5649, #10027, #9690, #8643, #6363, #271, #1170, #6746, #4307, #3045, #1673, #769, #8657, #2955, #1604, #10347, #7400, #7155, #3058, #8335, #10371 ) ) ;
#6240 = CARTESIAN_POINT ( 'NONE',  ( 97.97549880782041498, -17.70433872755713978, -3.995599820498123123 ) ) ;
#6241 = VERTEX_POINT ( 'NONE', #10479 ) ;
#6242 = CARTESIAN_POINT ( 'NONE',  ( 97.63098721654996837, -11.34900446756577352, -3.651088229227668513 ) ) ;
#6243 = LINE ( 'NONE', #2219, #6813 ) ;
#6244 = VECTOR ( 'NONE', #7719, 1000.000000000000000 ) ;
#6245 = ORIENTED_EDGE ( 'NONE', *, *, #1887, .F. ) ;
#6246 = VECTOR ( 'NONE', #1287, 1000.000000000000114 ) ;
#6247 = CARTESIAN_POINT ( 'NONE',  ( 90.99422192505824114, 28.04526312344628280, 3.834205199687995780 ) ) ;
#6248 = ORIENTED_EDGE ( 'NONE', *, *, #3776, .T. ) ;
#6249 = B_SPLINE_SURFACE_WITH_KNOTS ( 'NONE', 3, 1, ( 
 ( #1570, #7178 ),
 ( #6329, #2306 ),
 ( #6435, #9684 ),
 ( #1720, #3371 ),
 ( #5413, #7166 ),
 ( #3149, #6372 ),
 ( #1814, #4095 ),
 ( #7320, #9771 ) ),
 .UNSPECIFIED., .F., .F., .F.,
 ( 4, 1, 1, 1, 1, 4 ),
 ( 2, 2 ),
 ( 0.000000000000000000, 0.2317113570506716957, 0.3869881936420744850, 0.5493815465833487011, 0.7225508604132591106, 1.000000000000000000 ),
 ( 0.000000000000000000, 1.000000000000000000 ),
 .UNSPECIFIED. ) ;
#6250 = ORIENTED_EDGE ( 'NONE', *, *, #10252, .T. ) ;
#6251 = CARTESIAN_POINT ( 'NONE',  ( 105.0539401611694075, -12.84440447661096307, -11.07404117384721332 ) ) ;
#6252 = CARTESIAN_POINT ( 'NONE',  ( 102.2241501882607793, -11.24750411939341177, -7.395723063514714646 ) ) ;
#6253 = CARTESIAN_POINT ( 'NONE',  ( 98.20243866176394931, 15.00000000000000178, -3.374011537017789220 ) ) ;
#6254 = AXIS2_PLACEMENT_3D ( 'NONE', #2122, #6940, #4401 ) ;
#6255 = ORIENTED_EDGE ( 'NONE', *, *, #9663, .T. ) ;
#6256 = CARTESIAN_POINT ( 'NONE',  ( 96.80802604422939339, -15.16820293461260150, -1.979598919483224417 ) ) ;
#6257 = CARTESIAN_POINT ( 'NONE',  ( -2.107285043434111049, 27.00000000000000355, -58.99458667122522826 ) ) ;
#6258 = VERTEX_POINT ( 'NONE', #9681 ) ;
#6259 = FACE_OUTER_BOUND ( 'NONE', #7347, .T. ) ;
#6260 = EDGE_CURVE ( 'NONE', #971, #3233, #8093, .T. ) ;
#6261 = DIRECTION ( 'NONE',  ( 1.000000000000000000, 0.000000000000000000, 0.000000000000000000 ) ) ;
#6262 = DIRECTION ( 'NONE',  ( 0.7071067811865449082, 0.000000000000000000, -0.7071067811865502373 ) ) ;
#6263 = CARTESIAN_POINT ( 'NONE',  ( 104.5964231361770800, -18.06620530114334500, -10.61652414885472950 ) ) ;
#6264 = VERTEX_POINT ( 'NONE', #7988 ) ;
#6265 = LINE ( 'NONE', #1442, #9535 ) ;
#6266 = CARTESIAN_POINT ( 'NONE',  ( 103.9300035893749623, 3.000000000000012879, -19.42533546995246496 ) ) ;
#6267 = LINE ( 'NONE', #9511, #415 ) ;
#6268 = ORIENTED_EDGE ( 'NONE', *, *, #2454, .F. ) ;
#6269 = DIRECTION ( 'NONE',  ( -0.000000000000000000, -0.000000000000000000, 1.000000000000000000 ) ) ;
#6270 = LINE ( 'NONE', #6320, #9410 ) ;
#6271 = ORIENTED_EDGE ( 'NONE', *, *, #5953, .T. ) ;
#6272 = PLANE ( 'NONE',  #3028 ) ;
#6273 = ORIENTED_EDGE ( 'NONE', *, *, #5948, .T. ) ;
#6274 = CARTESIAN_POINT ( 'NONE',  ( -2.107285043434107052, -26.99999999999999645, -58.99458667122524247 ) ) ;
#6275 = DIRECTION ( 'NONE',  ( 0.7071067811865426878, 0.000000000000000000, -0.7071067811865524577 ) ) ;
#6276 = CARTESIAN_POINT ( 'NONE',  ( 90.33572040980480722, 28.95386826718967654, 4.492706714932253043 ) ) ;
#6277 = ADVANCED_FACE ( 'NONE', ( #10365 ), #1666, .T. ) ;
#6278 = ORIENTED_EDGE ( 'NONE', *, *, #2077, .T. ) ;
#6279 = CARTESIAN_POINT ( 'NONE',  ( 99.29340295886385093, -18.00331259261601602, -5.313503971541638116 ) ) ;
#6280 = CARTESIAN_POINT ( 'NONE',  ( 97.77817459305201453, 15.60000000000000320, -3.798275605729727555 ) ) ;
#6281 = CARTESIAN_POINT ( 'NONE',  ( 57.95681033264718707, 27.53388954532408306, 2.000000000001427303 ) ) ;
#6282 = CARTESIAN_POINT ( 'NONE',  ( 92.00000000000001421, 31.00000000000002132, 2.000000000000000444 ) ) ;
#6283 = ORIENTED_EDGE ( 'NONE', *, *, #6211, .F. ) ;
#6284 = FACE_OUTER_BOUND ( 'NONE', #4319, .T. ) ;
#6285 = EDGE_CURVE ( 'NONE', #5069, #7377, #9729, .T. ) ;
#6286 = EDGE_LOOP ( 'NONE', ( #6454, #3658, #6081, #6064 ) ) ;
#6287 = ADVANCED_FACE ( 'NONE', ( #5522 ), #7227, .F. ) ;
#6288 = EDGE_CURVE ( 'NONE', #9237, #3841, #2590, .T. ) ;
#6289 = DIRECTION ( 'NONE',  ( 0.7071067811865513475, 1.691909977029939400E-16, 0.7071067811865436870 ) ) ;
#6290 = DIRECTION ( 'NONE',  ( -0.7071067811865514585, -2.775557561562890858E-16, -0.7071067811865437980 ) ) ;
#6291 = ORIENTED_EDGE ( 'NONE', *, *, #3023, .T. ) ;
#6292 = LINE ( 'NONE', #4639, #6209 ) ;
#6293 = ORIENTED_EDGE ( 'NONE', *, *, #7256, .F. ) ;
#6294 = VERTEX_POINT ( 'NONE', #8833 ) ;
#6295 = CARTESIAN_POINT ( 'NONE',  ( 101.7112819791297227, -5.806184949683045105, -6.882854854383613663 ) ) ;
#6296 = CARTESIAN_POINT ( 'NONE',  ( 103.5248171295702662, -9.569500498558465296, -9.544918142248032922 ) ) ;
#6297 = DIRECTION ( 'NONE',  ( -0.7071067811865512365, -1.691909977029938907E-16, -0.7071067811865437980 ) ) ;
#6298 = AXIS2_PLACEMENT_3D ( 'NONE', #5743, #8941, #1677 ) ;
#6299 = CARTESIAN_POINT ( 'NONE',  ( 106.1220346110532375, 17.40000000000001279, -12.14213562373103095 ) ) ;
#6300 = ORIENTED_EDGE ( 'NONE', *, *, #5558, .F. ) ;
#6301 = UNCERTAINTY_MEASURE_WITH_UNIT (LENGTH_MEASURE( 1.000000000000000082E-05 ), #9059, 'distance_accuracy_value', 'NONE');
#6302 = FILL_AREA_STYLE_COLOUR ( '', #8197 ) ;
#6303 = DIRECTION ( 'NONE',  ( 0.000000000000000000, 1.000000000000000000, 0.000000000000000000 ) ) ;
#6304 = VECTOR ( 'NONE', #3468, 1000.000000000000000 ) ;
#6305 = VERTEX_POINT ( 'NONE', #2365 ) ;
#6306 = DIRECTION ( 'NONE',  ( 1.196361017915052058E-16, -1.000000000000000000, 1.196361017915039486E-16 ) ) ;
#6307 = CARTESIAN_POINT ( 'NONE',  ( 118.9913780286483416, -27.99999999999998224, -25.57716446627549089 ) ) ;
#6308 = DIRECTION ( 'NONE',  ( 1.213954982738639481E-14, 1.000000000000000000, -1.253207294205747269E-14 ) ) ;
#6309 = CARTESIAN_POINT ( 'NONE',  ( 105.4652317825482157, -16.91648542639164887, -11.48533279522586348 ) ) ;
#6310 = ORIENTED_EDGE ( 'NONE', *, *, #125, .T. ) ;
#6311 = CIRCLE ( 'NONE', #29, 1.000000000000000888 ) ;
#6312 = DIRECTION ( 'NONE',  ( 0.000000000000000000, 1.000000000000000000, 0.000000000000000000 ) ) ;
#6313 = STYLED_ITEM ( 'NONE', ( #1537 ), #2448 ) ;
#6314 = ADVANCED_FACE ( 'NONE', ( #5470 ), #3844, .T. ) ;
#6315 = CARTESIAN_POINT ( 'NONE',  ( 130.8808224589213580, 13.00000000000001954, 8.374011537017549855 ) ) ;
#6316 = DIRECTION ( 'NONE',  ( -0.7071067811865383579, 0.000000000000000000, 0.7071067811865565655 ) ) ;
#6317 = CARTESIAN_POINT ( 'NONE',  ( 89.00000000000001421, 29.00000000000001776, 1.000000000000000222 ) ) ;
#6318 = AXIS2_PLACEMENT_3D ( 'NONE', #9510, #10255, #6210 ) ;
#6319 = EDGE_LOOP ( 'NONE', ( #4054, #2008 ) ) ;
#6320 = CARTESIAN_POINT ( 'NONE',  ( 0.01403530012552417494, 29.00000000000000355, -61.11590701478488796 ) ) ;
#6321 = VERTEX_POINT ( 'NONE', #3902 ) ;
#6322 = EDGE_CURVE ( 'NONE', #2781, #3841, #5817, .T. ) ;
#6323 = ORIENTED_EDGE ( 'NONE', *, *, #3062, .F. ) ;
#6324 = DIRECTION ( 'NONE',  ( 1.000000000000000000, 3.901759862943810133E-15, 0.000000000000000000 ) ) ;
#6325 = CARTESIAN_POINT ( 'NONE',  ( 90.00000000000001421, 24.00000000000001066, -55.39696961966971145 ) ) ;
#6326 = CARTESIAN_POINT ( 'NONE',  ( 74.41385738815336026, 21.49999999999885958, 13.34350192472751395 ) ) ;
#6327 = CARTESIAN_POINT ( 'NONE',  ( 103.8892523404472144, -18.04866127958090871, -9.909353353125004205 ) ) ;
#6328 = ORIENTED_EDGE ( 'NONE', *, *, #8858, .T. ) ;
#6329 = CARTESIAN_POINT ( 'NONE',  ( 97.36327891949119362, -11.59870155029420147, -3.383379932168882664 ) ) ;
#6330 = CARTESIAN_POINT ( 'NONE',  ( 100.4162709215677580, -14.77175927998101734, -6.436371934245429749 ) ) ;
#6331 = CARTESIAN_POINT ( 'NONE',  ( 89.40452114930819505, 21.49999999999898392, -1.647161836427473158 ) ) ;
#6332 = FACE_OUTER_BOUND ( 'NONE', #1738, .T. ) ;
#6333 = DIRECTION ( 'NONE',  ( -1.000000000000000000, -8.163404592831866333E-15, -0.000000000000000000 ) ) ;
#6334 = ORIENTED_EDGE ( 'NONE', *, *, #1812, .T. ) ;
#6335 = CARTESIAN_POINT ( 'NONE',  ( 98.35831352794129145, -12.57279707635200516, -3.529886403195154010 ) ) ;
#6336 = ORIENTED_EDGE ( 'NONE', *, *, #10378, .T. ) ;
#6337 = FACE_BOUND ( 'NONE', #8110, .T. ) ;
#6338 = PLANE ( 'NONE',  #4609 ) ;
#6339 = EDGE_CURVE ( 'NONE', #698, #9876, #1564, .T. ) ;
#6340 = ORIENTED_EDGE ( 'NONE', *, *, #7094, .T. ) ;
#6341 = VECTOR ( 'NONE', #596, 1000.000000000000000 ) ;
#6342 = DIRECTION ( 'NONE',  ( -0.7071067811865437980, 0.000000000000000000, 0.7071067811865513475 ) ) ;
#6343 = EDGE_CURVE ( 'NONE', #4634, #135, #823, .T. ) ;
#6344 = CARTESIAN_POINT ( 'NONE',  ( 83.84777054234307059, 51.52483040656326807, 10.98065658240322762 ) ) ;
#6345 = EDGE_CURVE ( 'NONE', #8688, #10079, #2620, .T. ) ;
#6346 = ADVANCED_FACE ( 'NONE', ( #7122 ), #3255, .F. ) ;
#6347 = ORIENTED_EDGE ( 'NONE', *, *, #8679, .T. ) ;
#6348 = ORIENTED_EDGE ( 'NONE', *, *, #5948, .F. ) ;
#6349 = CARTESIAN_POINT ( 'NONE',  ( 103.3952287478682877, -13.26522203829090607, -9.415329760546063298 ) ) ;
#6350 = CARTESIAN_POINT ( 'NONE',  ( 99.64913408724937938, -7.529869328087566593, -4.820706962503288118 ) ) ;
#6351 = DIRECTION ( 'NONE',  ( -0.7071067811865426878, 0.000000000000000000, 0.7071067811865524577 ) ) ;
#6352 = LINE ( 'NONE', #6901, #6043 ) ;
#6353 = ORIENTED_EDGE ( 'NONE', *, *, #3418, .F. ) ;
#6354 = AXIS2_PLACEMENT_3D ( 'NONE', #10157, #2976, #2929 ) ;
#6355 = CARTESIAN_POINT ( 'NONE',  ( 110.5060966544098306, -12.99999999999998401, -15.67766952966379002 ) ) ;
#6356 = EDGE_CURVE ( 'NONE', #6805, #3040, #8144, .T. ) ;
#6357 = ORIENTED_EDGE ( 'NONE', *, *, #5495, .T. ) ;
#6358 = FACE_OUTER_BOUND ( 'NONE', #5580, .T. ) ;
#6359 = DIRECTION ( 'NONE',  ( 0.1882815193062847003, 0.9638984069783668174, -0.1882815193062875869 ) ) ;
#6360 = LINE ( 'NONE', #3236, #6011 ) ;
#6361 = CARTESIAN_POINT ( 'NONE',  ( 102.1232780794929198, -18.30191432762219605, -8.143379092170654587 ) ) ;
#6362 = VECTOR ( 'NONE', #4446, 1000.000000000000000 ) ;
#6363 = ORIENTED_EDGE ( 'NONE', *, *, #3309, .T. ) ;
#6364 = CARTESIAN_POINT ( 'NONE',  ( 97.92976791516488788, -11.86216094775716101, -3.949868927842596467 ) ) ;
#6365 = ORIENTED_EDGE ( 'NONE', *, *, #10031, .F. ) ;
#6366 = DIRECTION ( 'NONE',  ( -0.000000000000000000, -0.000000000000000000, -1.000000000000000000 ) ) ;
#6367 = FACE_OUTER_BOUND ( 'NONE', #2335, .T. ) ;
#6368 = VECTOR ( 'NONE', #8747, 999.9999999999998863 ) ;
#6369 = ORIENTED_EDGE ( 'NONE', *, *, #248, .T. ) ;
#6370 = CARTESIAN_POINT ( 'NONE',  ( 101.8816738188301372, -18.85672476411543030, -7.901774831507897723 ) ) ;
#6371 = ORIENTED_EDGE ( 'NONE', *, *, #2138, .T. ) ;
#6372 = CARTESIAN_POINT ( 'NONE',  ( 96.80802604422939339, -15.16820293461260150, -1.979598919483224861 ) ) ;
#6373 = DIRECTION ( 'NONE',  ( 0.7071067811865513475, 0.000000000000000000, 0.7071067811865436870 ) ) ;
#6374 = VECTOR ( 'NONE', #5062, 1000.000000000000000 ) ;
#6375 = AXIS2_PLACEMENT_3D ( 'NONE', #6009, #2584, #1845 ) ;
#6376 = ORIENTED_EDGE ( 'NONE', *, *, #6083, .T. ) ;
#6377 = ORIENTED_EDGE ( 'NONE', *, *, #3307, .T. ) ;
#6378 = CYLINDRICAL_SURFACE ( 'NONE', #9637, 0.3000000000000065392 ) ;
#6379 = AXIS2_PLACEMENT_3D ( 'NONE', #4697, #4591, #7841 ) ;
#6380 = CARTESIAN_POINT ( 'NONE',  ( 90.00000000000001421, 30.11650471912260230, -50.48304822702093020 ) ) ;
#6381 = CARTESIAN_POINT ( 'NONE',  ( 90.41441675610937523, -29.03165803352281316, 3.247931616538392685 ) ) ;
#6382 = EDGE_CURVE ( 'NONE', #2397, #1033, #218, .T. ) ;
#6383 = CARTESIAN_POINT ( 'NONE',  ( 103.4991408499973744, -18.10935709594162191, -8.670713725251287585 ) ) ;
#6384 = VECTOR ( 'NONE', #4262, 1000.000000000000000 ) ;
#6385 = ORIENTED_EDGE ( 'NONE', *, *, #4465, .F. ) ;
#6386 = CARTESIAN_POINT ( 'NONE',  ( 99.47047170141783567, -16.73828622342406547, -5.490572714095565132 ) ) ;
#6387 = DIRECTION ( 'NONE',  ( -0.7071067811865512365, -1.691909977029938907E-16, -0.7071067811865439090 ) ) ;
#6388 = LINE ( 'NONE', #9639, #4549 ) ;
#6389 = ADVANCED_FACE ( 'NONE', ( #871 ), #7445, .T. ) ;
#6390 = VECTOR ( 'NONE', #3603, 999.9999999999998863 ) ;
#6391 = VERTEX_POINT ( 'NONE', #5944 ) ;
#6392 = DIRECTION ( 'NONE',  ( -0.7071067811865439090, 0.000000000000000000, 0.7071067811865512365 ) ) ;
#6393 = ORIENTED_EDGE ( 'NONE', *, *, #1699, .T. ) ;
#6394 = AXIS2_PLACEMENT_3D ( 'NONE', #6041, #3676, #5139 ) ;
#6395 = DIRECTION ( 'NONE',  ( -7.771561172376053184E-15, 1.000000000000000000, 7.771561172376136804E-15 ) ) ;
#6396 = AXIS2_PLACEMENT_3D ( 'NONE', #10507, #3880, #7857 ) ;
#6397 = LINE ( 'NONE', #779, #8524 ) ;
#6398 = ORIENTED_EDGE ( 'NONE', *, *, #2400, .T. ) ;
#6399 = CARTESIAN_POINT ( 'NONE',  ( 105.5547049043997134, -16.70926321126091452, -11.57480591707749795 ) ) ;
#6400 = STYLED_ITEM ( 'NONE', ( #7465 ), #2600 ) ;
#6401 = CARTESIAN_POINT ( 'NONE',  ( 102.1534155796147303, -10.21832455064751954, -8.173516592292543237 ) ) ;
#6402 = CARTESIAN_POINT ( 'NONE',  ( 91.83366586693249189, 28.04529958556316771, 2.994761257813702837 ) ) ;
#6403 = ORIENTED_EDGE ( 'NONE', *, *, #1886, .F. ) ;
#6404 = ORIENTED_EDGE ( 'NONE', *, *, #2724, .F. ) ;
#6405 = CARTESIAN_POINT ( 'NONE',  ( 102.6697609002657430, -13.06820758278078465, -8.689861912943504407 ) ) ;
#6406 = CARTESIAN_POINT ( 'NONE',  ( 99.05703369612034237, -8.153829598535178746, -5.077134708798053175 ) ) ;
#6407 = CARTESIAN_POINT ( 'NONE',  ( 101.9664020515063783, -18.19084692207945153, -7.986503064184143241 ) ) ;
#6408 = EDGE_CURVE ( 'NONE', #2230, #841, #9893, .T. ) ;
#6409 = ORIENTED_EDGE ( 'NONE', *, *, #6445, .T. ) ;
#6410 = CARTESIAN_POINT ( 'NONE',  ( 75.75736027240803594, -14.00000000000025402, 13.27279124660866749 ) ) ;
#6411 = CARTESIAN_POINT ( 'NONE',  ( 102.8350288425443466, 22.12720779386422976, -8.006601717798263351 ) ) ;
#6412 = EDGE_LOOP ( 'NONE', ( #1728, #10005, #6773, #9087 ) ) ;
#6413 = CARTESIAN_POINT ( 'NONE',  ( 103.9490811982822009, -9.569500498558463519, -9.120654073536099915 ) ) ;
#6414 = EDGE_CURVE ( 'NONE', #3610, #4890, #5835, .T. ) ;
#6415 = CARTESIAN_POINT ( 'NONE',  ( 90.60660267732545492, -14.00000000000016520, -3.273507433156631841 ) ) ;
#6416 = PLANE ( 'NONE',  #982 ) ;
#6417 = DIRECTION ( 'NONE',  ( -0.7071067811865512365, -1.691909977029938907E-16, -0.7071067811865437980 ) ) ;
#6418 = DIRECTION ( 'NONE',  ( 4.282972444135815313E-15, -1.000000000000000000, -4.043700240552850852E-15 ) ) ;
#6419 = EDGE_CURVE ( 'NONE', #2543, #938, #3980, .T. ) ;
#6420 = EDGE_CURVE ( 'NONE', #5594, #9698, #2622, .T. ) ;
#6421 = ADVANCED_FACE ( 'NONE', ( #1768 ), #6676, .T. ) ;
#6422 = ORIENTED_EDGE ( 'NONE', *, *, #5660, .T. ) ;
#6423 = CARTESIAN_POINT ( 'NONE',  ( 97.92976791516490209, -11.86216094775716279, -3.949868927842589805 ) ) ;
#6424 = DIRECTION ( 'NONE',  ( 0.000000000000000000, 1.000000000000000000, 0.000000000000000000 ) ) ;
#6425 = CARTESIAN_POINT ( 'NONE',  ( 103.8194928165801372, -13.26522203829090607, -8.991065691834213780 ) ) ;
#6426 = ORIENTED_EDGE ( 'NONE', *, *, #4908, .T. ) ;
#6427 = DIRECTION ( 'NONE',  ( 0.5000000000000000000, -0.7071067811865437980, -0.5000000000000054401 ) ) ;
#6428 = ORIENTED_EDGE ( 'NONE', *, *, #7782, .F. ) ;
#6429 = ORIENTED_EDGE ( 'NONE', *, *, #9663, .F. ) ;
#6430 = DIRECTION ( 'NONE',  ( 0.000000000000000000, -1.000000000000000000, 0.000000000000000000 ) ) ;
#6431 = CARTESIAN_POINT ( 'NONE',  ( 90.86910030639982949, 27.07273360092422010, -52.28287284467170082 ) ) ;
#6432 = CARTESIAN_POINT ( 'NONE',  ( 97.84888527117067270, 15.00000000000000711, -3.868986283848387497 ) ) ;
#6433 = CARTESIAN_POINT ( 'NONE',  ( 114.8007051002443148, -9.000000000000179412, 24.45612889569477488 ) ) ;
#6434 = VERTEX_POINT ( 'NONE', #2674 ) ;
#6435 = CARTESIAN_POINT ( 'NONE',  ( 97.04330136492163206, -12.19630914884918482, -3.063402377599340642 ) ) ;
#6436 = CARTESIAN_POINT ( 'NONE',  ( 101.1952798768673034, -12.99999999999996980, -7.215380889545035537 ) ) ;
#6437 = CARTESIAN_POINT ( 'NONE',  ( 106.3695219844685624, 3.000000000000014211, -15.78373554684174529 ) ) ;
#6438 = CARTESIAN_POINT ( 'NONE',  ( 104.8492424049174758, 9.664066052554728614, -10.02081528017138190 ) ) ;
#6439 = ORIENTED_EDGE ( 'NONE', *, *, #6408, .F. ) ;
#6440 = CARTESIAN_POINT ( 'NONE',  ( 97.12665197497693725, -12.74734812099879910, -3.146752987654539258 ) ) ;
#6441 = ORIENTED_EDGE ( 'NONE', *, *, #6322, .F. ) ;
#6442 = CARTESIAN_POINT ( 'NONE',  ( 66.87720779386458503, -28.12483040656399069, 27.10269119345794309 ) ) ;
#6443 = DIRECTION ( 'NONE',  ( 0.000000000000000000, 0.000000000000000000, -1.000000000000000000 ) ) ;
#6444 = VERTEX_POINT ( 'NONE', #9944 ) ;
#6445 = EDGE_CURVE ( 'NONE', #5623, #8379, #111, .T. ) ;
#6446 = CARTESIAN_POINT ( 'NONE',  ( 102.2806529657446788, -9.992599959252377317, -8.300753978422493518 ) ) ;
#6447 = DIRECTION ( 'NONE',  ( -0.3535533905932657373, -0.8660254037844429265, 0.3535533905932711218 ) ) ;
#6448 = VERTEX_POINT ( 'NONE', #3420 ) ;
#6449 = EDGE_LOOP ( 'NONE', ( #7818, #6758, #9650, #9550 ) ) ;
#6450 = CARTESIAN_POINT ( 'NONE',  ( 105.4490146778934587, -13.14957196169017450, -11.46911569057120062 ) ) ;
#6451 = CARTESIAN_POINT ( 'NONE',  ( 100.6819841756671536, -10.17301288377232460, -5.853557050921063265 ) ) ;
#6452 = DIRECTION ( 'NONE',  ( -0.7071067811865512365, 0.000000000000000000, -0.7071067811865439090 ) ) ;
#6453 = DIRECTION ( 'NONE',  ( 0.7071067811865513475, 1.691909977029939893E-16, 0.7071067811865436870 ) ) ;
#6454 = ORIENTED_EDGE ( 'NONE', *, *, #7251, .F. ) ;
#6455 = SURFACE_STYLE_USAGE ( .BOTH. , #4179 ) ;
#6456 = DIRECTION ( 'NONE',  ( 0.000000000000000000, -1.000000000000000000, -0.000000000000000000 ) ) ;
#6457 = LINE ( 'NONE', #9502, #1830 ) ;
#6459 = EDGE_LOOP ( 'NONE', ( #9183, #1808, #8708, #4434 ) ) ;
#6458 = AXIS2_PLACEMENT_3D ( 'NONE', #9954, #7720, #5108 ) ;
#6460 = LINE ( 'NONE', #6567, #8096 ) ;
#6461 = DIRECTION ( 'NONE',  ( 0.000000000000000000, -1.401374967288901240E-15, -1.000000000000000000 ) ) ;
#6462 = CARTESIAN_POINT ( 'NONE',  ( 96.65733850209781508, -15.60429466963094036, -2.677439514775322049 ) ) ;
#6463 = ORIENTED_EDGE ( 'NONE', *, *, #7958, .F. ) ;
#6464 = VECTOR ( 'NONE', #8027, 1000.000000000000114 ) ;
#6465 = CARTESIAN_POINT ( 'NONE',  ( 97.60626546847326779, -16.11036491588398079, -2.777838343727265347 ) ) ;
#6466 = CARTESIAN_POINT ( 'NONE',  ( 113.4096527962243783, 8.199999999999995737, -0.4704553952033819764 ) ) ;
#6467 = CARTESIAN_POINT ( 'NONE',  ( 96.81784729669254830, -13.97412752232801658, -1.989420171946379323 ) ) ;
#6468 = ADVANCED_FACE ( 'NONE', ( #3368 ), #5045, .T. ) ;
#6469 = EDGE_CURVE ( 'NONE', #6128, #1486, #1717, .T. ) ;
#6470 = CARTESIAN_POINT ( 'NONE',  ( 99.62737431508801933, -8.847115551107986420, -5.647475327765738129 ) ) ;
#6471 = VECTOR ( 'NONE', #5222, 1000.000000000000000 ) ;
#6472 = VERTEX_POINT ( 'NONE', #6530 ) ;
#6473 = EDGE_LOOP ( 'NONE', ( #4178, #2473 ) ) ;
#6474 = CARTESIAN_POINT ( 'NONE',  ( 101.2773123959168373, 15.55147186257616809, -7.297413408594585427 ) ) ;
#6475 = CARTESIAN_POINT ( 'NONE',  ( 102.7882832763717147, -6.960200241636004925, -8.808384289049360660 ) ) ;
#6476 = ORIENTED_EDGE ( 'NONE', *, *, #845, .T. ) ;
#6477 = DIRECTION ( 'NONE',  ( -0.7071067811865512365, -1.691909977029938907E-16, -0.7071067811865439090 ) ) ;
#6478 = DIRECTION ( 'NONE',  ( 0.000000000000000000, 0.000000000000000000, 1.000000000000000000 ) ) ;
#6479 = VECTOR ( 'NONE', #9418, 1000.000000000000000 ) ;
#6480 = PLANE ( 'NONE',  #1322 ) ;
#6481 = EDGE_CURVE ( 'NONE', #2462, #2002, #1876, .T. ) ;
#6482 = ORIENTED_EDGE ( 'NONE', *, *, #3559, .T. ) ;
#6483 = CARTESIAN_POINT ( 'NONE',  ( 99.56733110924967889, -16.31688325936441686, -5.587432121927344397 ) ) ;
#6484 = FACE_OUTER_BOUND ( 'NONE', #1648, .T. ) ;
#6485 = EDGE_LOOP ( 'NONE', ( #2768, #192, #6488, #3679 ) ) ;
#6486 = CARTESIAN_POINT ( 'NONE',  ( 102.1622366364085508, 23.00000000000001421, -17.65756851698610674 ) ) ;
#6487 = VECTOR ( 'NONE', #8178, 1000.000000000000000 ) ;
#6488 = ORIENTED_EDGE ( 'NONE', *, *, #4643, .F. ) ;
#6489 = DIRECTION ( 'NONE',  ( 0.7071067811865513475, 1.691909977029939893E-16, 0.7071067811865436870 ) ) ;
#6490 = CARTESIAN_POINT ( 'NONE',  ( 90.15493343562341977, -27.99999999999997868, 4.673493689122830475 ) ) ;
#6491 = ORIENTED_EDGE ( 'NONE', *, *, #3871, .T. ) ;
#6492 = DIRECTION ( 'NONE',  ( 0.7071067811865513475, 1.691909977029939893E-16, 0.7071067811865436870 ) ) ;
#6493 = DIRECTION ( 'NONE',  ( 0.7071067811865520136, -8.881784197001254296E-16, 0.7071067811865431318 ) ) ;
#6494 = VECTOR ( 'NONE', #2387, 1000.000000000000114 ) ;
#6495 = ORIENTED_EDGE ( 'NONE', *, *, #6006, .T. ) ;
#6496 = ORIENTED_EDGE ( 'NONE', *, *, #9177, .F. ) ;
#6497 = CARTESIAN_POINT ( 'NONE',  ( 102.7650255959388517, -16.60423354981860200, -8.785126608616668165 ) ) ;
#6498 = CYLINDRICAL_SURFACE ( 'NONE', #7914, 1.000000000000000888 ) ;
#6499 = VERTEX_POINT ( 'NONE', #8190 ) ;
#6500 = DIRECTION ( 'NONE',  ( 0.7071067811865453523, 0.000000000000000000, -0.7071067811865496822 ) ) ;
#6501 = VECTOR ( 'NONE', #2518, 1000.000000000000000 ) ;
#6502 = ORIENTED_EDGE ( 'NONE', *, *, #8552, .T. ) ;
#6503 = LINE ( 'NONE', #8217, #5850 ) ;
#6504 = ADVANCED_FACE ( 'NONE', ( #6589 ), #7548, .F. ) ;
#6505 = CARTESIAN_POINT ( 'NONE',  ( 101.1952798768673034, -12.99999999999997158, -7.215380889545014220 ) ) ;
#6506 = EDGE_LOOP ( 'NONE', ( #9860, #1543, #8375, #8937 ) ) ;
#6507 = DIRECTION ( 'NONE',  ( -0.7071067811865513475, -1.691909977029939647E-16, -0.7071067811865437980 ) ) ;
#6508 = CYLINDRICAL_SURFACE ( 'NONE', #8905, 0.5999999999999873213 ) ;
#6509 = CARTESIAN_POINT ( 'NONE',  ( 103.5248171295702662, -9.569500498558465296, -9.544918142248032922 ) ) ;
#6510 = EDGE_CURVE ( 'NONE', #7532, #3224, #3293, .T. ) ;
#6511 = VECTOR ( 'NONE', #223, 1000.000000000000000 ) ;
#6512 = ORIENTED_EDGE ( 'NONE', *, *, #9544, .T. ) ;
#6513 = CARTESIAN_POINT ( 'NONE',  ( 99.78549621306920869, -17.80367215533594560, -4.957069088323196482 ) ) ;
#6514 = LINE ( 'NONE', #9930, #4665 ) ;
#6515 = FACE_OUTER_BOUND ( 'NONE', #1776, .T. ) ;
#6516 = VECTOR ( 'NONE', #6028, 1000.000000000000000 ) ;
#6517 = LINE ( 'NONE', #9770, #7069 ) ;
#6518 = CARTESIAN_POINT ( 'NONE',  ( 91.96638690793632520, -28.99999999999998579, 1.447826654436834115 ) ) ;
#6519 = FACE_BOUND ( 'NONE', #166, .T. ) ;
#6520 = EDGE_LOOP ( 'NONE', ( #2250, #4061, #1329, #5036 ) ) ;
#6521 = EDGE_CURVE ( 'NONE', #4375, #9135, #9784, .T. ) ;
#6522 = ORIENTED_EDGE ( 'NONE', *, *, #9408, .F. ) ;
#6523 = FACE_OUTER_BOUND ( 'NONE', #2054, .T. ) ;
#6524 = ORIENTED_EDGE ( 'NONE', *, *, #9061, .F. ) ;
#6525 = CARTESIAN_POINT ( 'NONE',  ( 100.2760410613247899, -12.99999999999998579, -6.296142074002529121 ) ) ;
#6526 = EDGE_CURVE ( 'NONE', #6636, #8904, #433, .T. ) ;
#6527 = VECTOR ( 'NONE', #853, 1000.000000000000000 ) ;
#6528 = EDGE_CURVE ( 'NONE', #2732, #2717, #10102, .T. ) ;
#6529 = FACE_OUTER_BOUND ( 'NONE', #1460, .T. ) ;
#6530 = CARTESIAN_POINT ( 'NONE',  ( 104.5310443533835070, -2.999999999999984901, -20.02637623396101674 ) ) ;
#6531 = DIRECTION ( 'NONE',  ( -0.000000000000000000, -1.000000000000000000, -0.000000000000000000 ) ) ;
#6532 = CARTESIAN_POINT ( 'NONE',  ( 89.00000000000001421, -30.99999999999998224, 2.000000000000000000 ) ) ;
#6533 = CARTESIAN_POINT ( 'NONE',  ( 96.81784729669247724, -13.97412752232801658, -1.989420171946450600 ) ) ;
#6534 = EDGE_CURVE ( 'NONE', #1658, #3662, #54, .T. ) ;
#6535 = VECTOR ( 'NONE', #4384, 1000.000000000000000 ) ;
#6536 = ORIENTED_EDGE ( 'NONE', *, *, #4089, .F. ) ;
#6537 = CARTESIAN_POINT ( 'NONE',  ( 97.00542025436305948, -14.63853261203153266, -2.176993129616834999 ) ) ;
#6538 = ORIENTED_EDGE ( 'NONE', *, *, #8308, .T. ) ;
#6539 = CARTESIAN_POINT ( 'NONE',  ( 87.85000000000002274, -28.53337520964456431, -93.00000000000000000 ) ) ;
#6540 = AXIS2_PLACEMENT_3D ( 'NONE', #6014, #7884, #3958 ) ;
#6541 = EDGE_CURVE ( 'NONE', #9199, #9645, #1137, .T. ) ;
#6542 = EDGE_CURVE ( 'NONE', #8508, #3638, #5152, .T. ) ;
#6543 = CARTESIAN_POINT ( 'NONE',  ( 100.9334335098829314, -14.69140301790534942, -6.105006385136918290 ) ) ;
#6544 = VERTEX_POINT ( 'NONE', #4568 ) ;
#6545 = CIRCLE ( 'NONE', #2166, 1.949958776210929834 ) ;
#6546 = CARTESIAN_POINT ( 'NONE',  ( 102.6640210026125999, -9.145811751281291535, -8.684122015290476782 ) ) ;
#6547 = CYLINDRICAL_SURFACE ( 'NONE', #5186, 0.3000000000000061506 ) ;
#6548 = VERTEX_POINT ( 'NONE', #10167 ) ;
#6549 = VECTOR ( 'NONE', #1577, 1000.000000000000000 ) ;
#6550 = ORIENTED_EDGE ( 'NONE', *, *, #5565, .T. ) ;
#6551 = VECTOR ( 'NONE', #1393, 1000.000000000000000 ) ;
#6552 = CARTESIAN_POINT ( 'NONE',  ( 105.5445814809162499, -13.40565823603246010, -11.56468249359396872 ) ) ;
#6553 = CARTESIAN_POINT ( 'NONE',  ( 90.00000000000001421, -30.99999999999998579, 1.000000000000001110 ) ) ;
#6554 = VERTEX_POINT ( 'NONE', #1196 ) ;
#6555 = SURFACE_STYLE_USAGE ( .BOTH. , #892 ) ;
#6556 = ORIENTED_EDGE ( 'NONE', *, *, #9925, .F. ) ;
#6557 = CIRCLE ( 'NONE', #5876, 0.3000000000000237477 ) ;
#6558 = CARTESIAN_POINT ( 'NONE',  ( 113.3904139806818705, 22.55147186257611125, -0.4512165796608808566 ) ) ;
#6559 = CARTESIAN_POINT ( 'NONE',  ( 102.3186667316766290, -6.159600610020007139, -7.490239606930517269 ) ) ;
#6560 = AXIS2_PLACEMENT_3D ( 'NONE', #8476, #2908, #5276 ) ;
#6561 = VERTEX_POINT ( 'NONE', #9459 ) ;
#6562 = DIRECTION ( 'NONE',  ( 0.7071067811865513475, 1.691909977029939154E-16, 0.7071067811865435759 ) ) ;
#6563 = CARTESIAN_POINT ( 'NONE',  ( 103.2228968081883806, 22.67573593128807019, -8.394469683442286723 ) ) ;
#6564 = AXIS2_PLACEMENT_3D ( 'NONE', #9036, #2572, #341 ) ;
#6565 = VECTOR ( 'NONE', #5851, 1000.000000000000000 ) ;
#6566 = DIRECTION ( 'NONE',  ( 0.7071067811865440200, 0.000000000000000000, -0.7071067811865507924 ) ) ;
#6567 = CARTESIAN_POINT ( 'NONE',  ( 102.0727830388865556, -15.00000000000027711, 37.18405095705267627 ) ) ;
#6568 = CARTESIAN_POINT ( 'NONE',  ( 103.2850288425443495, 23.61213203435598729, -8.456601717798267970 ) ) ;
#6569 = FACE_OUTER_BOUND ( 'NONE', #3655, .T. ) ;
#6570 = AXIS2_PLACEMENT_3D ( 'NONE', #9701, #3438, #6452 ) ;
#6571 = DIRECTION ( 'NONE',  ( 0.7071067811865512365, 1.691909977029938907E-16, 0.7071067811865437980 ) ) ;
#6572 = ORIENTED_EDGE ( 'NONE', *, *, #10142, .T. ) ;
#6573 = CARTESIAN_POINT ( 'NONE',  ( 97.63098721654996837, -11.34900446756577352, -3.651088229227662296 ) ) ;
#6574 = AXIS2_PLACEMENT_3D ( 'NONE', #8251, #992, #8890 ) ;
#6575 = CARTESIAN_POINT ( 'NONE',  ( 109.4454364826299866, 3.000000000000012879, -17.44543648263018909 ) ) ;
#6576 = EDGE_CURVE ( 'NONE', #7139, #5650, #10049, .T. ) ;
#6577 = ORIENTED_EDGE ( 'NONE', *, *, #7257, .T. ) ;
#6578 = DIRECTION ( 'NONE',  ( -1.000000000000000000, 0.000000000000000000, -9.830099697202080628E-14 ) ) ;
#6579 = CIRCLE ( 'NONE', #5564, 1.000000000000000000 ) ;
#6580 = CARTESIAN_POINT ( 'NONE',  ( 41.73333539013160731, 29.00000000000001421, 4.000000000000003553 ) ) ;
#6581 = FACE_OUTER_BOUND ( 'NONE', #6485, .T. ) ;
#6582 = DIRECTION ( 'NONE',  ( -0.7071067811865513475, -1.691909977029939647E-16, -0.7071067811865437980 ) ) ;
#6583 = EDGE_LOOP ( 'NONE', ( #3216, #6104, #9029, #7026 ) ) ;
#6584 = EDGE_LOOP ( 'NONE', ( #2921, #2991 ) ) ;
#6585 = LINE ( 'NONE', #7171, #1174 ) ;
#6586 = EDGE_LOOP ( 'NONE', ( #4209, #6577, #8252, #8522 ) ) ;
#6587 = LINE ( 'NONE', #7442, #6304 ) ;
#6588 = DIRECTION ( 'NONE',  ( 0.000000000000000000, 0.000000000000000000, -1.000000000000000000 ) ) ;
#6589 = FACE_OUTER_BOUND ( 'NONE', #6132, .T. ) ;
#6590 = LINE ( 'NONE', #9843, #5868 ) ;
#6591 = EDGE_LOOP ( 'NONE', ( #10461, #8208, #2912, #2082 ) ) ;
#6592 = LINE ( 'NONE', #1879, #6511 ) ;
#6593 = CARTESIAN_POINT ( 'NONE',  ( 101.6293942357297055, -5.841189978825650719, -7.649495248407231607 ) ) ;
#6594 = VERTEX_POINT ( 'NONE', #7815 ) ;
#6595 = DIRECTION ( 'NONE',  ( -0.7071067811865514585, -2.775557561562890858E-16, -0.7071067811865437980 ) ) ;
#6596 = ORIENTED_EDGE ( 'NONE', *, *, #4505, .F. ) ;
#6597 = DIRECTION ( 'NONE',  ( 0.7071067811865513475, 1.691909977029939893E-16, 0.7071067811865436870 ) ) ;
#6598 = CARTESIAN_POINT ( 'NONE',  ( 112.5408331034443847, -9.689317062940419945, 0.3983642975766178429 ) ) ;
#6599 = ORIENTED_EDGE ( 'NONE', *, *, #6420, .F. ) ;
#6600 = EDGE_CURVE ( 'NONE', #145, #5831, #1243, .T. ) ;
#6601 = CARTESIAN_POINT ( 'NONE',  ( 99.11801114435841953, -7.848105419366402380, -5.138112157036125005 ) ) ;
#6602 = CARTESIAN_POINT ( 'NONE',  ( 87.00000000000001421, -33.58337520964456502, -162.2337144733732259 ) ) ;
#6603 = ORIENTED_EDGE ( 'NONE', *, *, #10323, .T. ) ;
#6604 = ADVANCED_FACE ( 'NONE', ( #2774 ), #1151, .T. ) ;
#6605 = VERTEX_POINT ( 'NONE', #338 ) ;
#6606 = CARTESIAN_POINT ( 'NONE',  ( 106.5462986797651723, 10.60000000000001208, -11.71787155501911215 ) ) ;
#6607 = EDGE_CURVE ( 'NONE', #7666, #5860, #8506, .T. ) ;
#6608 = ADVANCED_FACE ( 'NONE', ( #3832 ), #1601, .T. ) ;
#6609 = CARTESIAN_POINT ( 'NONE',  ( 103.6167525649380678, -13.30574702266219944, -9.636853577615813293 ) ) ;
#6610 = CARTESIAN_POINT ( 'NONE',  ( 107.6776695296636319, -22.99999999999998579, -15.67766952966380423 ) ) ;
#6611 = DIRECTION ( 'NONE',  ( -0.7071067811865454633, 0.000000000000000000, 0.7071067811865495711 ) ) ;
#6612 = ORIENTED_EDGE ( 'NONE', *, *, #860, .F. ) ;
#6613 = DIRECTION ( 'NONE',  ( 0.000000000000000000, 1.000000000000000000, -1.601283208593788455E-15 ) ) ;
#6614 = CARTESIAN_POINT ( 'NONE',  ( 103.6471608769003296, 19.40000000000001279, -8.818733752154228611 ) ) ;
#6615 = ORIENTED_EDGE ( 'NONE', *, *, #8279, .T. ) ;
#6616 = PRESENTATION_STYLE_ASSIGNMENT (( #7303 ) ) ;
#6617 = CARTESIAN_POINT ( 'NONE',  ( 102.5555186545787194, -17.56833855368435238, -7.727091529832608607 ) ) ;
#6618 = CARTESIAN_POINT ( 'NONE',  ( 101.0003035266906153, -6.521635208207606560, -6.171876401944554225 ) ) ;
#6619 = CARTESIAN_POINT ( 'NONE',  ( 110.6749290837167479, -12.99999999999998579, 2.264268317304262368 ) ) ;
#6620 = FACE_OUTER_BOUND ( 'NONE', #9054, .T. ) ;
#6621 = DIRECTION ( 'NONE',  ( 0.000000000000000000, 0.5832947033759742217, 0.8122606041250148845 ) ) ;
#6622 = ORIENTED_EDGE ( 'NONE', *, *, #713, .T. ) ;
#6623 = CARTESIAN_POINT ( 'NONE',  ( 100.2440606532845635, -13.13575954536769252, -5.415633528538433161 ) ) ;
#6624 = CARTESIAN_POINT ( 'NONE',  ( 106.5462986797651723, 10.60000000000001208, -11.71787155501910505 ) ) ;
#6625 = DIRECTION ( 'NONE',  ( 0.000000000000000000, -4.626800952289172180E-16, -1.000000000000000000 ) ) ;
#6626 = CARTESIAN_POINT ( 'NONE',  ( 132.7193000900063851, -12.99999999999997868, 6.535533905932522813 ) ) ;
#6627 = CARTESIAN_POINT ( 'NONE',  ( 90.00000000001907097, -24.76309943649514977, -54.56854249492351272 ) ) ;
#6628 = PLANE ( 'NONE',  #10166 ) ;
#6629 = CYLINDRICAL_SURFACE ( 'NONE', #4025, 1.949958776210932943 ) ;
#6630 = EDGE_LOOP ( 'NONE', ( #9671, #1540, #3967, #3635 ) ) ;
#6631 = ORIENTED_EDGE ( 'NONE', *, *, #3180, .F. ) ;
#6632 = CARTESIAN_POINT ( 'NONE',  ( 103.3140675572617226, -13.23750878621948068, -8.485640432515623388 ) ) ;
#6633 = CIRCLE ( 'NONE', #1228, 2.499999999999988454 ) ;
#6634 = EDGE_CURVE ( 'NONE', #8331, #30, #6267, .T. ) ;
#6635 = CARTESIAN_POINT ( 'NONE',  ( 89.60925074043117888, 15.49999999999898748, -1.442432245304490213 ) ) ;
#6636 = VERTEX_POINT ( 'NONE', #7161 ) ;
#6637 = CARTESIAN_POINT ( 'NONE',  ( 103.9300035893749481, 8.200000000000001066, -9.950104602052714853 ) ) ;
#6638 = CARTESIAN_POINT ( 'NONE',  ( 113.9182289217365707, -9.230980157769055339, -0.9790315207155974031 ) ) ;
#6639 = DIRECTION ( 'NONE',  ( 0.7071067811865522357, 6.106226635438359986E-16, 0.7071067811865427988 ) ) ;
#6640 = AXIS2_PLACEMENT_3D ( 'NONE', #7328, #2670, #1 ) ;
#6641 = ORIENTED_EDGE ( 'NONE', *, *, #729, .T. ) ;
#6642 = DIRECTION ( 'NONE',  ( -0.7071067811865513475, -1.691909977029939647E-16, -0.7071067811865437980 ) ) ;
#6643 = EDGE_CURVE ( 'NONE', #4460, #277, #7867, .T. ) ;
#6644 = EDGE_LOOP ( 'NONE', ( #3473, #2546 ) ) ;
#6645 = CARTESIAN_POINT ( 'NONE',  ( 103.4350288425443551, 19.40000000000000924, -8.606601717798259443 ) ) ;
#6646 = VERTEX_POINT ( 'NONE', #8030 ) ;
#6647 = EDGE_CURVE ( 'NONE', #2230, #8630, #3890, .T. ) ;
#6648 = CARTESIAN_POINT ( 'NONE',  ( 100.5358910396795551, 16.05147186257617165, -5.707463914933430971 ) ) ;
#6649 = VECTOR ( 'NONE', #4742, 1000.000000000000000 ) ;
#6650 = CARTESIAN_POINT ( 'NONE',  ( 99.29674179469897410, -18.04189124437491287, -5.316842807376665370 ) ) ;
#6651 = CARTESIAN_POINT ( 'NONE',  ( 100.5091694411710534, -14.69140301790533520, -6.529270453848774913 ) ) ;
#6652 = CARTESIAN_POINT ( 'NONE',  ( 101.8816738188301514, -18.85672476411543030, -7.901774831507883512 ) ) ;
#6653 = AXIS2_PLACEMENT_3D ( 'NONE', #7444, #3471, #3367 ) ;
#6654 = FACE_OUTER_BOUND ( 'NONE', #5512, .T. ) ;
#6655 = DIRECTION ( 'NONE',  ( -0.7071067811865437980, 1.467497978196606616E-31, 0.7071067811865512365 ) ) ;
#6656 = ADVANCED_FACE ( 'NONE', ( #3039 ), #1445, .F. ) ;
#6657 = DIRECTION ( 'NONE',  ( 0.4578745913571419801, -0.7620378712236336449, -0.4578745913571563020 ) ) ;
#6658 = VERTEX_POINT ( 'NONE', #4049 ) ;
#6659 = DIRECTION ( 'NONE',  ( -0.7071067811865426878, 0.000000000000000000, 0.7071067811865524577 ) ) ;
#6660 = VERTEX_POINT ( 'NONE', #9564 ) ;
#6661 = ADVANCED_FACE ( 'NONE', ( #2396 ), #7976, .T. ) ;
#6662 = DIRECTION ( 'NONE',  ( 0.7071067811865540120, 0.000000000000000000, -0.7071067811865410224 ) ) ;
#6663 = CARTESIAN_POINT ( 'NONE',  ( 102.3708118199746906, -11.34900446756577352, 1.088736374196985546 ) ) ;
#6664 = ORIENTED_EDGE ( 'NONE', *, *, #9602, .T. ) ;
#6665 = EDGE_CURVE ( 'NONE', #7546, #8101, #8714, .T. ) ;
#6666 = VECTOR ( 'NONE', #4956, 1000.000000000000000 ) ;
#6667 = EDGE_CURVE ( 'NONE', #9999, #6919, #3991, .T. ) ;
#6668 = EDGE_CURVE ( 'NONE', #4743, #6783, #10466, .T. ) ;
#6669 = LINE ( 'NONE', #4339, #923 ) ;
#6670 = PLANE ( 'NONE',  #10272 ) ;
#6671 = CARTESIAN_POINT ( 'NONE',  ( 101.1952798768672892, -13.00000000000001066, -7.215380889545035537 ) ) ;
#6672 = ORIENTED_EDGE ( 'NONE', *, *, #2630, .T. ) ;
#6673 = LINE ( 'NONE', #8282, #8935 ) ;
#6674 = CARTESIAN_POINT ( 'NONE',  ( 75.82807095052649515, 15.49999999999885425, 16.17192904947367538 ) ) ;
#6675 = DIRECTION ( 'NONE',  ( 1.000000000000000000, -2.602085213965213008E-15, 0.000000000000000000 ) ) ;
#6676 = TOROIDAL_SURFACE ( 'NONE', #1937, 4.000000000000000000, 1.000000000000000000 ) ;
#6677 = ORIENTED_EDGE ( 'NONE', *, *, #8951, .F. ) ;
#6678 = EDGE_CURVE ( 'NONE', #6931, #10260, #1772, .T. ) ;
#6679 = FACE_OUTER_BOUND ( 'NONE', #7869, .T. ) ;
#6680 = CARTESIAN_POINT ( 'NONE',  ( 76.53517773171300576, 21.49999999999885958, 15.46482226828714523 ) ) ;
#6681 = LINE ( 'NONE', #3294, #4858 ) ;
#6682 = DIRECTION ( 'NONE',  ( 0.000000000000000000, -0.06654261146355826273, 0.9977835841802620287 ) ) ;
#6683 = CARTESIAN_POINT ( 'NONE',  ( 96.75663264029735444, -13.77509831864917622, -2.776733652975031497 ) ) ;
#6684 = DIRECTION ( 'NONE',  ( -0.7071067811865450192, 0.000000000000000000, 0.7071067811865500152 ) ) ;
#6685 = CARTESIAN_POINT ( 'NONE',  ( 46.00000000000049027, 1.100652136481847933E-14, 46.00000000000000711 ) ) ;
#6686 = VERTEX_POINT ( 'NONE', #8652 ) ;
#6687 = ORIENTED_EDGE ( 'NONE', *, *, #886, .T. ) ;
#6688 = PLANE ( 'NONE',  #6224 ) ;
#6689 = CARTESIAN_POINT ( 'NONE',  ( 102.5555186545787194, -17.56833855368435238, -7.727091529832611272 ) ) ;
#6690 = ORIENTED_EDGE ( 'NONE', *, *, #3775, .T. ) ;
#6691 = CARTESIAN_POINT ( 'NONE',  ( 102.6850288425443267, 22.33933982822020070, -7.856601717798246121 ) ) ;
#6692 = CARTESIAN_POINT ( 'NONE',  ( 102.6975551841026970, -6.023016659406605022, -7.869128059356592431 ) ) ;
#6693 = AXIS2_PLACEMENT_3D ( 'NONE', #988, #5213, #3590 ) ;
#6694 = CARTESIAN_POINT ( 'NONE',  ( 78.44436604091688992, -15.00000000000028244, 13.55563395908326108 ) ) ;
#6695 = CARTESIAN_POINT ( 'NONE',  ( 100.2760410613247899, -12.99999999999998579, -6.296142074002530009 ) ) ;
#6696 = ORIENTED_EDGE ( 'NONE', *, *, #1172, .F. ) ;
#6697 = LINE ( 'NONE', #7557, #8122 ) ;
#6698 = CIRCLE ( 'NONE', #9417, 0.6000000000000064171 ) ;
#6699 = CARTESIAN_POINT ( 'NONE',  ( 88.00000000000001421, 28.53337520964456431, 0.000000000000000000 ) ) ;
#6700 = DIRECTION ( 'NONE',  ( 0.7071067811865435759, -1.971276677246371272E-16, -0.7071067811865514585 ) ) ;
#6701 = EDGE_CURVE ( 'NONE', #5645, #7412, #8769, .T. ) ;
#6702 = CARTESIAN_POINT ( 'NONE',  ( 100.6873954507221640, -6.541475681029950806, -6.707496463399835740 ) ) ;
#6703 = CARTESIAN_POINT ( 'NONE',  ( 99.48129776483227715, -8.153829598535178746, -4.652870640086126386 ) ) ;
#6704 = CIRCLE ( 'NONE', #2149, 0.5999999999999935385 ) ;
#6705 = EDGE_CURVE ( 'NONE', #7144, #145, #8213, .T. ) ;
#6706 = ORIENTED_EDGE ( 'NONE', *, *, #5686, .F. ) ;
#6707 = LINE ( 'NONE', #183, #7915 ) ;
#6708 = CARTESIAN_POINT ( 'NONE',  ( 100.7148386732320802, -6.541571229526563336, -6.734939685909798968 ) ) ;
#6709 = CARTESIAN_POINT ( 'NONE',  ( 102.3059378875420720, -18.85672476411543030, -7.477510762795964716 ) ) ;
#6710 = ORIENTED_EDGE ( 'NONE', *, *, #156, .T. ) ;
#6711 = DIRECTION ( 'NONE',  ( -0.7071067811865426878, 0.000000000000000000, 0.7071067811865524577 ) ) ;
#6712 = AXIS2_PLACEMENT_3D ( 'NONE', #8184, #9482, #8793 ) ;
#6713 = ORIENTED_EDGE ( 'NONE', *, *, #4115, .T. ) ;
#6714 = VECTOR ( 'NONE', #5910, 1000.000000000000114 ) ;
#6715 = CARTESIAN_POINT ( 'NONE',  ( 105.3904642356275474, -15.64079648507917675, -11.41056524830530350 ) ) ;
#6716 = AXIS2_PLACEMENT_3D ( 'NONE', #3222, #8260, #6447 ) ;
#6717 = FACE_OUTER_BOUND ( 'NONE', #678, .T. ) ;
#6718 = VERTEX_POINT ( 'NONE', #7057 ) ;
#6719 = DIRECTION ( 'NONE',  ( -0.7071067811865513475, -1.691909977029939893E-16, -0.7071067811865437980 ) ) ;
#6720 = CARTESIAN_POINT ( 'NONE',  ( 106.1102418450348495, -14.59124098754031884, -11.28181472028887100 ) ) ;
#6721 = VERTEX_POINT ( 'NONE', #2195 ) ;
#6722 = AXIS2_PLACEMENT_3D ( 'NONE', #10258, #9461, #2887 ) ;
#6723 = CARTESIAN_POINT ( 'NONE',  ( 102.5642877907956034, -17.20777669025232015, -8.584388803473377294 ) ) ;
#6724 = DIRECTION ( 'NONE',  ( 0.000000000000000000, -1.196361017915046142E-16, -1.000000000000000000 ) ) ;
#6725 = CARTESIAN_POINT ( 'NONE',  ( 118.9913780286483416, 1.134490336022446366E-14, -24.16295090390240574 ) ) ;
#6726 = AXIS2_PLACEMENT_3D ( 'NONE', #5330, #1946, #8373 ) ;
#6727 = AXIS2_PLACEMENT_3D ( 'NONE', #8097, #4063, #62 ) ;
#6728 = B_SPLINE_CURVE_WITH_KNOTS ( 'NONE', 3,
 ( #4519, #5360, #5258, #6956, #10168, #8611, #1198, #6852, #7713, #3791, #7771, #436, #3687, #6909, #7012, #1353, #4419, #8557, #6216, #4570 ),
 .UNSPECIFIED., .F., .F.,
 ( 4, 2, 2, 2, 2, 2, 2, 2, 2, 4 ),
 ( 0.000000000000000000, 0.0006664999149661947992, 0.0009997498724492906268, 0.001332999829932386780, 0.001999499744898548294, 0.002665999659864710242, 0.003332499574830871756, 0.003998999489797033270, 0.004665499404763195218, 0.005331999319729356299 ),
 .UNSPECIFIED. ) ;
#6729 = ORIENTED_EDGE ( 'NONE', *, *, #7723, .T. ) ;
#6730 = AXIS2_PLACEMENT_3D ( 'NONE', #5030, #8340, #6625 ) ;
#6731 = CARTESIAN_POINT ( 'NONE',  ( 104.4127144312575126, -11.53539626432507070, -9.584287306511425797 ) ) ;
#6732 = DIRECTION ( 'NONE',  ( 0.7071067811865439090, 2.465190328815662439E-32, -0.7071067811865512365 ) ) ;
#6733 = ADVANCED_FACE ( 'NONE', ( #9670 ), #3086, .T. ) ;
#6734 = AXIS2_PLACEMENT_3D ( 'NONE', #3985, #4714, #3139 ) ;
#6735 = ORIENTED_EDGE ( 'NONE', *, *, #3709, .T. ) ;
#6736 = MECHANICAL_DESIGN_GEOMETRIC_PRESENTATION_REPRESENTATION (  '', ( #5880 ), #5029 ) ;
#6737 = DIRECTION ( 'NONE',  ( -0.7071067811865513475, 0.000000000000000000, -0.7071067811865437980 ) ) ;
#6738 = FACE_OUTER_BOUND ( 'NONE', #4158, .T. ) ;
#6739 = FACE_OUTER_BOUND ( 'NONE', #2124, .T. ) ;
#6740 = DIRECTION ( 'NONE',  ( -0.7071067811865716646, -6.694644838489693939E-14, -0.7071067811865233699 ) ) ;
#6741 = ADVANCED_FACE ( 'NONE', ( #9619 ), #4612, .T. ) ;
#6742 = DIRECTION ( 'NONE',  ( -1.281026566875033131E-14, -1.000000000000000000, 1.281026566875033131E-14 ) ) ;
#6743 = LINE ( 'NONE', #8294, #7398 ) ;
#6744 = ADVANCED_FACE ( 'NONE', ( #6367 ), #4720, .F. ) ;
#6745 = ORIENTED_EDGE ( 'NONE', *, *, #2303, .T. ) ;
#6746 = ORIENTED_EDGE ( 'NONE', *, *, #2135, .T. ) ;
#6747 = LINE ( 'NONE', #8346, #4528 ) ;
#6748 = EDGE_LOOP ( 'NONE', ( #10524, #3867, #4952, #9433 ) ) ;
#6749 = VECTOR ( 'NONE', #7776, 1000.000000000000114 ) ;
#6750 = DIRECTION ( 'NONE',  ( 0.7071067811865389130, 0.000000000000000000, -0.7071067811865562325 ) ) ;
#6751 = ORIENTED_EDGE ( 'NONE', *, *, #1459, .F. ) ;
#6752 = LINE ( 'NONE', #2720, #3111 ) ;
#6753 = DIRECTION ( 'NONE',  ( 0.7071067811865439090, -2.465190328815662439E-32, -0.7071067811865512365 ) ) ;
#6754 = FACE_OUTER_BOUND ( 'NONE', #8726, .T. ) ;
#6755 = ORIENTED_EDGE ( 'NONE', *, *, #1278, .T. ) ;
#6756 = CARTESIAN_POINT ( 'NONE',  ( 106.5462986797651723, 10.60000000000001030, -11.71787155501910149 ) ) ;
#6757 = FACE_OUTER_BOUND ( 'NONE', #9743, .T. ) ;
#6758 = ORIENTED_EDGE ( 'NONE', *, *, #1676, .T. ) ;
#6759 = CARTESIAN_POINT ( 'NONE',  ( 97.77817459305202874, 8.300000000000002487, -3.798275605729727111 ) ) ;
#6760 = ORIENTED_EDGE ( 'NONE', *, *, #4327, .F. ) ;
#6761 = DIRECTION ( 'NONE',  ( -0.7071067811865437980, 2.010785889676950999E-14, 0.7071067811865513475 ) ) ;
#6762 = CARTESIAN_POINT ( 'NONE',  ( 77.38370586913687532, 21.49999999999887379, 14.61629413086329521 ) ) ;
#6763 = CARTESIAN_POINT ( 'NONE',  ( 99.72666257636221587, -6.912371385410866154, -5.746763589039940001 ) ) ;
#6764 = CARTESIAN_POINT ( 'NONE',  ( 99.52948968425720011, -7.861201327428839036, -4.701062559511061778 ) ) ;
#6765 = FACE_OUTER_BOUND ( 'NONE', #9515, .T. ) ;
#6766 = LINE ( 'NONE', #10018, #6205 ) ;
#6767 = ORIENTED_EDGE ( 'NONE', *, *, #2655, .T. ) ;
#6768 = DIRECTION ( 'NONE',  ( 0.7071067811865456854, 1.099064721078642582E-14, -0.7071067811865493491 ) ) ;
#6769 = ORIENTED_EDGE ( 'NONE', *, *, #9632, .T. ) ;
#6770 = LINE ( 'NONE', #7734, #8100 ) ;
#6771 = ADVANCED_FACE ( 'NONE', ( #155 ), #9252, .T. ) ;
#6772 = DIRECTION ( 'NONE',  ( 0.7071067811865513475, 1.691909977029937675E-16, 0.7071067811865436870 ) ) ;
#6773 = ORIENTED_EDGE ( 'NONE', *, *, #2432, .F. ) ;
#6774 = LINE ( 'NONE', #2802, #1602 ) ;
#6775 = CARTESIAN_POINT ( 'NONE',  ( 105.4782042298812996, -12.84440447661096307, -10.64977710513533005 ) ) ;
#6776 = VERTEX_POINT ( 'NONE', #7433 ) ;
#6777 = CARTESIAN_POINT ( 'NONE',  ( 100.9268305776094508, -11.31398825372005668, -6.098403452863338181 ) ) ;
#6778 = LINE ( 'NONE', #4554, #9075 ) ;
#6779 = LINE ( 'NONE', #3728, #3530 ) ;
#6780 = ORIENTED_EDGE ( 'NONE', *, *, #6092, .T. ) ;
#6781 = CARTESIAN_POINT ( 'NONE',  ( 105.7814602361296323, -17.16669888734009675, -10.95303311138358460 ) ) ;
#6782 = LINE ( 'NONE', #9342, #442 ) ;
#6783 = VERTEX_POINT ( 'NONE', #204 ) ;
#6784 = DIRECTION ( 'NONE',  ( -0.7071067811865513475, -2.775557561562890858E-16, -0.7071067811865436870 ) ) ;
#6785 = CARTESIAN_POINT ( 'NONE',  ( 102.4107647738324260, 22.12720779386422976, -8.430865786510185700 ) ) ;
#6786 = FACE_OUTER_BOUND ( 'NONE', #6024, .T. ) ;
#6787 = CARTESIAN_POINT ( 'NONE',  ( 97.18089670900928922, -13.77509831864917622, -2.352469584263104707 ) ) ;
#6788 = CYLINDRICAL_SURFACE ( 'NONE', #1672, 0.1000000000000117878 ) ;
#6789 = LINE ( 'NONE', #2765, #8590 ) ;
#6790 = VERTEX_POINT ( 'NONE', #4968 ) ;
#6791 = ORIENTED_EDGE ( 'NONE', *, *, #2266, .T. ) ;
#6792 = CARTESIAN_POINT ( 'NONE',  ( 82.00000000000001421, 28.53337520964456431, 0.000000000000000000 ) ) ;
#6793 = ORIENTED_EDGE ( 'NONE', *, *, #4761, .T. ) ;
#6794 = EDGE_CURVE ( 'NONE', #2619, #4046, #1806, .T. ) ;
#6795 = CARTESIAN_POINT ( 'NONE',  ( 89.00000000000001421, 36.99999999999998579, 1.000000000000000000 ) ) ;
#6796 = ORIENTED_EDGE ( 'NONE', *, *, #4820, .T. ) ;
#6797 = CARTESIAN_POINT ( 'NONE',  ( 87.00000000000002842, 33.58337520964456502, -162.2337144733732259 ) ) ;
#6798 = ADVANCED_FACE ( 'NONE', ( #4296 ), #4874, .F. ) ;
#6799 = ADVANCED_FACE ( 'NONE', ( #2654 ), #10404, .T. ) ;
#6800 = DIRECTION ( 'NONE',  ( -0.000000000000000000, 1.000000000000000000, -0.000000000000000000 ) ) ;
#6801 = EDGE_CURVE ( 'NONE', #5824, #7346, #794, .T. ) ;
#6802 = EDGE_CURVE ( 'NONE', #566, #3638, #8179, .T. ) ;
#6803 = ORIENTED_EDGE ( 'NONE', *, *, #9322, .T. ) ;
#6804 = CYLINDRICAL_SURFACE ( 'NONE', #6722, 0.5999999999999937605 ) ;
#6805 = VERTEX_POINT ( 'NONE', #9129 ) ;
#6806 = LINE ( 'NONE', #2780, #777 ) ;
#6807 = CIRCLE ( 'NONE', #5443, 5.000000000000004441 ) ;
#6808 = ORIENTED_EDGE ( 'NONE', *, *, #3871, .F. ) ;
#6809 = DIRECTION ( 'NONE',  ( -0.5000000000000078826, -0.7071067811865324737, 0.5000000000000133227 ) ) ;
#6810 = VERTEX_POINT ( 'NONE', #8226 ) ;
#6811 = FACE_OUTER_BOUND ( 'NONE', #1630, .T. ) ;
#6812 = CARTESIAN_POINT ( 'NONE',  ( 105.6977705423412601, -22.99999999999998579, -21.19310242291885515 ) ) ;
#6813 = VECTOR ( 'NONE', #8674, 1000.000000000000114 ) ;
#6814 = EDGE_CURVE ( 'NONE', #7139, #8185, #7480, .T. ) ;
#6815 = CARTESIAN_POINT ( 'NONE',  ( 102.1145186924098169, -12.99999999999998579, -8.134619705087571262 ) ) ;
#6816 = DIRECTION ( 'NONE',  ( -0.7071067811865513475, -1.691909977029939647E-16, -0.7071067811865437980 ) ) ;
#6817 = DIRECTION ( 'NONE',  ( 1.000000000000000000, 0.000000000000000000, 0.000000000000000000 ) ) ;
#6818 = ORIENTED_EDGE ( 'NONE', *, *, #2349, .T. ) ;
#6819 = CARTESIAN_POINT ( 'NONE',  ( 76.53517773171304839, 15.49999999999886313, 15.46482226828711859 ) ) ;
#6820 = CIRCLE ( 'NONE', #8683, 1.949958776210929834 ) ;
#6821 = ORIENTED_EDGE ( 'NONE', *, *, #1751, .T. ) ;
#6822 = CARTESIAN_POINT ( 'NONE',  ( 92.00000000000000000, -28.99999999999998934, -45.49747468305810827 ) ) ;
#6823 = CARTESIAN_POINT ( 'NONE',  ( 105.6859777763229715, -14.59124098754031884, -11.70607878900074894 ) ) ;
#6824 = ORIENTED_EDGE ( 'NONE', *, *, #7723, .F. ) ;
#6825 = PLANE ( 'NONE',  #7017 ) ;
#6826 = DIRECTION ( 'NONE',  ( -0.7071067811865513475, -1.691909977029939647E-16, -0.7071067811865437980 ) ) ;
#6827 = AXIS2_PLACEMENT_3D ( 'NONE', #9141, #3304, #2568 ) ;
#6828 = ORIENTED_EDGE ( 'NONE', *, *, #1381, .T. ) ;
#6829 = CYLINDRICAL_SURFACE ( 'NONE', #292, 0.1000000000000095673 ) ;
#6830 = DIRECTION ( 'NONE',  ( -0.7071067811865513475, -1.691909977029939647E-16, -0.7071067811865437980 ) ) ;
#6831 = DIRECTION ( 'NONE',  ( 0.7071067811865475727, -1.226634733346698443E-14, -0.7071067811865475727 ) ) ;
#6832 = MECHANICAL_DESIGN_GEOMETRIC_PRESENTATION_REPRESENTATION (  '', ( #5976 ), #2959 ) ;
#6833 = EDGE_LOOP ( 'NONE', ( #4721, #3986, #1240, #7501 ) ) ;
#6834 = SURFACE_SIDE_STYLE ('',( #4499 ) ) ;
#6835 = EDGE_CURVE ( 'NONE', #2858, #6178, #8916, .T. ) ;
#6836 = DIRECTION ( 'NONE',  ( 0.7071067811865513475, 0.000000000000000000, 0.7071067811865437980 ) ) ;
#6837 = ORIENTED_EDGE ( 'NONE', *, *, #248, .F. ) ;
#6838 = CARTESIAN_POINT ( 'NONE',  ( 77.27207793864224072, 24.00000000000001776, 16.14213562373101851 ) ) ;
#6839 = AXIS2_PLACEMENT_3D ( 'NONE', #9631, #6478, #3098 ) ;
#6840 = EDGE_CURVE ( 'NONE', #2402, #5508, #4337, .T. ) ;
#6841 = LINE ( 'NONE', #10089, #5855 ) ;
#6842 = CARTESIAN_POINT ( 'NONE',  ( 106.5462986797651723, 10.00000000000001421, -11.71787155501910505 ) ) ;
#6843 = CARTESIAN_POINT ( 'NONE',  ( 77.27207793864225494, -23.99999999999998224, 16.14213562373102562 ) ) ;
#6844 = VERTEX_POINT ( 'NONE', #910 ) ;
#6845 = ORIENTED_EDGE ( 'NONE', *, *, #1046, .T. ) ;
#6846 = CARTESIAN_POINT ( 'NONE',  ( 105.8114297359129239, -13.00961609880119774, -10.98300261116688681 ) ) ;
#6847 = CARTESIAN_POINT ( 'NONE',  ( 101.2066017177981934, 16.05147186257617165, -6.378174593052074570 ) ) ;
#6848 = EDGE_LOOP ( 'NONE', ( #5759, #1347, #6890, #8237 ) ) ;
#6849 = AXIS2_PLACEMENT_3D ( 'NONE', #8867, #5573, #6316 ) ;
#6850 = LINE ( 'NONE', #2036, #2605 ) ;
#6851 = CARTESIAN_POINT ( 'NONE',  ( 91.65124916751771877, -29.01049734722035112, 1.898738369401549608 ) ) ;
#6852 = CARTESIAN_POINT ( 'NONE',  ( 104.6735823771002885, -17.63977873526000550, -10.69368338977794330 ) ) ;
#6853 = ORIENTED_EDGE ( 'NONE', *, *, #7721, .F. ) ;
#6854 = EDGE_CURVE ( 'NONE', #1358, #2752, #6514, .T. ) ;
#6855 = DIRECTION ( 'NONE',  ( 0.7071067811865436870, 1.443099686290226954E-15, -0.7071067811865513475 ) ) ;
#6856 = ORIENTED_EDGE ( 'NONE', *, *, #2891, .F. ) ;
#6857 = CARTESIAN_POINT ( 'NONE',  ( 98.87722015309549306, -18.01831877851650532, -4.048793028349331635 ) ) ;
#6858 = ORIENTED_EDGE ( 'NONE', *, *, #6078, .T. ) ;
#6859 = EDGE_CURVE ( 'NONE', #4990, #4817, #1073, .T. ) ;
#6860 = LINE ( 'NONE', #8410, #1568 ) ;
#6861 = B_SPLINE_CURVE_WITH_KNOTS ( 'NONE', 3,
 ( #4998, #1000, #2379, #5597, #1101, #5849, #8364, #9105, #1890, #3548, #6764, #6703, #5959, #7563, #294, #9960, #9157, #2689, #7508 ),
 .UNSPECIFIED., .F., .F.,
 ( 4, 1, 1, 1, 1, 1, 1, 1, 1, 1, 1, 1, 1, 1, 1, 1, 4 ),
 ( 0.000000000000000000, 0.2180541417732434484, 0.2999628892377028122, 0.3648314919390348576, 0.4414267484011876741, 0.5156068335871724084, 0.5854519617438076473, 0.6405953540161041238, 0.6746675882977185568, 0.7028946829791279383, 0.7226819820522718540, 0.7334131516685706842, 0.7550775617706313447, 0.7903349572944573520, 0.8433371530686085693, 0.8952236381008675803, 1.000000000000000000 ),
 .UNSPECIFIED. ) ;
#6862 = AXIS2_PLACEMENT_3D ( 'NONE', #8872, #706, #3202 ) ;
#6863 = FACE_OUTER_BOUND ( 'NONE', #2894, .T. ) ;
#6864 = FACE_OUTER_BOUND ( 'NONE', #879, .T. ) ;
#6865 = ADVANCED_FACE ( 'NONE', ( #9718 ), #2501, .T. ) ;
#6866 = LINE ( 'NONE', #9918, #3860 ) ;
#6867 = LINE ( 'NONE', #510, #4013 ) ;
#6868 = AXIS2_PLACEMENT_3D ( 'NONE', #1494, #803, #6461 ) ;
#6869 = CARTESIAN_POINT ( 'NONE',  ( 115.4558441227156180, -23.99999999999998224, -22.04163056034274959 ) ) ;
#6870 = CARTESIAN_POINT ( 'NONE',  ( 99.81979658457264293, -13.13575954536769252, -5.839897597250363503 ) ) ;
#6871 = VERTEX_POINT ( 'NONE', #6575 ) ;
#6872 = CARTESIAN_POINT ( 'NONE',  ( 101.6195439455792524, -12.99999999999998757, -6.791116820833138945 ) ) ;
#6873 = ADVANCED_FACE ( 'NONE', ( #9828 ), #481, .F. ) ;
#6874 = ORIENTED_EDGE ( 'NONE', *, *, #6665, .F. ) ;
#6875 = EDGE_CURVE ( 'NONE', #10462, #6499, #419, .T. ) ;
#6876 = EDGE_CURVE ( 'NONE', #8124, #3165, #4966, .T. ) ;
#6877 = DIRECTION ( 'NONE',  ( -0.7071067811865454633, 0.000000000000000000, 0.7071067811865495711 ) ) ;
#6878 = CARTESIAN_POINT ( 'NONE',  ( 104.5223446228880988, -13.15615792883040314, -10.54244563556590286 ) ) ;
#6879 = VERTEX_POINT ( 'NONE', #3670 ) ;
#6880 = CIRCLE ( 'NONE', #7383, 2.600000000000008527 ) ;
#6881 = DIRECTION ( 'NONE',  ( -1.541976423090495880E-16, 1.000000000000000000, 0.000000000000000000 ) ) ;
#6882 = VERTEX_POINT ( 'NONE', #9393 ) ;
#6883 = ORIENTED_EDGE ( 'NONE', *, *, #9528, .T. ) ;
#6884 = CIRCLE ( 'NONE', #2317, 0.9999999999999964473 ) ;
#6885 = AXIS2_PLACEMENT_3D ( 'NONE', #8860, #5562, #1545 ) ;
#6886 = DIRECTION ( 'NONE',  ( -0.7071067811865512365, -1.326091603618060771E-16, -0.7071067811865439090 ) ) ;
#6887 = FACE_OUTER_BOUND ( 'NONE', #8612, .T. ) ;
#6888 = LINE ( 'NONE', #3613, #8623 ) ;
#6889 = CIRCLE ( 'NONE', #6716, 1.949958776210929834 ) ;
#6890 = ORIENTED_EDGE ( 'NONE', *, *, #10407, .F. ) ;
#6891 = VECTOR ( 'NONE', #6582, 1000.000000000000000 ) ;
#6892 = LINE ( 'NONE', #8336, #1757 ) ;
#6893 = CARTESIAN_POINT ( 'NONE',  ( 105.9789689731116340, -16.70926321126091452, -11.15054184836557205 ) ) ;
#6894 = VECTOR ( 'NONE', #8244, 1000.000000000000114 ) ;
#6895 = LINE ( 'NONE', #6100, #10114 ) ;
#6896 = CARTESIAN_POINT ( 'NONE',  ( 103.7634272569057998, -8.316731036941829913, -9.783528269583570136 ) ) ;
#6897 = VECTOR ( 'NONE', #6613, 1000.000000000000000 ) ;
#6898 = CARTESIAN_POINT ( 'NONE',  ( 103.0107647738324488, 23.40000000000001279, -9.030865786510188897 ) ) ;
#6899 = AXIS2_PLACEMENT_3D ( 'NONE', #2658, #4921, #8341 ) ;
#6900 = VERTEX_POINT ( 'NONE', #6943 ) ;
#6901 = CARTESIAN_POINT ( 'NONE',  ( 87.00000000000001421, -33.58337520964456502, 0.000000000000000000 ) ) ;
#6902 = AXIS2_PLACEMENT_3D ( 'NONE', #6838, #9344, #2072 ) ;
#6903 = DIRECTION ( 'NONE',  ( 0.2944909064902047624, 0.9091480693424792703, -0.2944909064902000440 ) ) ;
#6904 = ORIENTED_EDGE ( 'NONE', *, *, #3568, .F. ) ;
#6905 = EDGE_CURVE ( 'NONE', #5623, #1254, #6782, .T. ) ;
#6906 = CARTESIAN_POINT ( 'NONE',  ( 99.47523086789973945, 15.75147186257615850, -5.495331880577450256 ) ) ;
#6907 = CARTESIAN_POINT ( 'NONE',  ( 101.7015764646287721, 17.40000000000001634, -6.873149339882658637 ) ) ;
#6908 = AXIS2_PLACEMENT_3D ( 'NONE', #9296, #2075, #10156 ) ;
#6909 = CARTESIAN_POINT ( 'NONE',  ( 103.3228279177988895, -18.07097122087602870, -9.342928930476599447 ) ) ;
#6910 = ORIENTED_EDGE ( 'NONE', *, *, #2915, .F. ) ;
#6911 = LINE ( 'NONE', #10170, #9926 ) ;
#6912 = VERTEX_POINT ( 'NONE', #6036 ) ;
#6913 = DIRECTION ( 'NONE',  ( -0.7071067811865512365, -1.691909977029938907E-16, -0.7071067811865439090 ) ) ;
#6914 = ORIENTED_EDGE ( 'NONE', *, *, #7099, .T. ) ;
#6915 = CARTESIAN_POINT ( 'NONE',  ( 107.6776695296636319, 3.000000000000012879, -15.67766952966381488 ) ) ;
#6916 = DIRECTION ( 'NONE',  ( -0.000000000000000000, 1.000000000000000000, -0.000000000000000000 ) ) ;
#6917 = VECTOR ( 'NONE', #972, 999.9999999999998863 ) ;
#6918 = CARTESIAN_POINT ( 'NONE',  ( 100.8530483272049167, 16.15147186257616951, -6.873149339882659525 ) ) ;
#6919 = VERTEX_POINT ( 'NONE', #5929 ) ;
#6920 = CARTESIAN_POINT ( 'NONE',  ( 99.41853043839330439, -13.25010142251017342, -5.438631451070936151 ) ) ;
#6921 = VECTOR ( 'NONE', #317, 1000.000000000000000 ) ;
#6922 = CARTESIAN_POINT ( 'NONE',  ( 104.9287865396937178, -17.80878040598074463, -10.94888755237152012 ) ) ;
#6923 = FACE_OUTER_BOUND ( 'NONE', #2198, .T. ) ;
#6924 = CARTESIAN_POINT ( 'NONE',  ( 99.27536146884138191, -13.49216445527318164, -5.295462481519110476 ) ) ;
#6925 = ORIENTED_EDGE ( 'NONE', *, *, #8436, .F. ) ;
#6926 = CARTESIAN_POINT ( 'NONE',  ( 96.74411681578455102, -16.48455183905596400, -2.764217828462042004 ) ) ;
#6927 = EDGE_LOOP ( 'NONE', ( #2892, #3083, #9134, #3047 ) ) ;
#6928 = CARTESIAN_POINT ( 'NONE',  ( 106.9705627484771355, -22.99999999999998579, -16.38477631085031305 ) ) ;
#6929 = ADVANCED_FACE ( 'NONE', ( #10200 ), #2872, .F. ) ;
#6930 = LINE ( 'NONE', #1421, #2599 ) ;
#6931 = VERTEX_POINT ( 'NONE', #320 ) ;
#6932 = EDGE_CURVE ( 'NONE', #7973, #6721, #5345, .T. ) ;
#6933 = CARTESIAN_POINT ( 'NONE',  ( 107.6776695296636319, 3.000000000000012879, -15.67766952966381488 ) ) ;
#6934 = ADVANCED_FACE ( 'NONE', ( #8488 ), #1169, .F. ) ;
#6935 = EDGE_CURVE ( 'NONE', #5942, #6912, #4501, .T. ) ;
#6936 = ORIENTED_EDGE ( 'NONE', *, *, #5296, .F. ) ;
#6937 = ORIENTED_EDGE ( 'NONE', *, *, #6668, .F. ) ;
#6938 = CARTESIAN_POINT ( 'NONE',  ( 97.84888527117068691, 15.00000000000001243, -3.868986283848379948 ) ) ;
#6939 = CYLINDRICAL_SURFACE ( 'NONE', #9245, 2.499999999999988454 ) ;
#6940 = DIRECTION ( 'NONE',  ( -0.7071067811865513475, -1.691909977029939893E-16, -0.7071067811865437980 ) ) ;
#6941 = VERTEX_POINT ( 'NONE', #9988 ) ;
#6942 = DIRECTION ( 'NONE',  ( 0.7071067811865513475, 1.691909977029939893E-16, 0.7071067811865436870 ) ) ;
#6943 = CARTESIAN_POINT ( 'NONE',  ( 73.63603992884834781, -14.00000000000029488, 13.69705531532065379 ) ) ;
#6944 = B_SPLINE_CURVE_WITH_KNOTS ( 'NONE', 3,
 ( #7926, #3894, #8828, #3151, #8041, #157, #5634, #10118 ),
 .UNSPECIFIED., .F., .F.,
 ( 4, 1, 1, 1, 1, 4 ),
 ( 0.000000000000000000, 0.2774491395867408894, 0.4506184534166512989, 0.6130118063579255150, 0.7682886429493283043, 1.000000000000000000 ),
 .UNSPECIFIED. ) ;
#6945 = LINE ( 'NONE', #9232, #4691 ) ;
#6946 = DIRECTION ( 'NONE',  ( 2.432600736427236330E-15, -1.000000000000000000, -2.193328532844251359E-15 ) ) ;
#6947 = FILL_AREA_STYLE ('',( #2028 ) ) ;
#6948 = FACE_OUTER_BOUND ( 'NONE', #6848, .T. ) ;
#6949 = DIRECTION ( 'NONE',  ( -0.7071067811865513475, -1.691909977029939647E-16, -0.7071067811865437980 ) ) ;
#6950 = CARTESIAN_POINT ( 'NONE',  ( 104.6169211135489121, -18.39378958353815463, -9.788493988802853707 ) ) ;
#6951 = CARTESIAN_POINT ( 'NONE',  ( 100.3237590053235806, 10.60000000000001030, -5.495331880577457362 ) ) ;
#6952 = ORIENTED_EDGE ( 'NONE', *, *, #2862, .F. ) ;
#6953 = PLANE ( 'NONE',  #3624 ) ;
#6954 = DIRECTION ( 'NONE',  ( 0.000000000000000000, 1.000000000000000000, 0.000000000000000000 ) ) ;
#6955 = ORIENTED_EDGE ( 'NONE', *, *, #4756, .T. ) ;
#6956 = CARTESIAN_POINT ( 'NONE',  ( 105.1228278640712688, -17.19078396390291630, -11.14292887674888632 ) ) ;
#6957 = ORIENTED_EDGE ( 'NONE', *, *, #3502, .T. ) ;
#6958 = DIRECTION ( 'NONE',  ( 0.7071067811865417996, 0.000000000000000000, -0.7071067811865533459 ) ) ;
#6959 = EDGE_CURVE ( 'NONE', #9146, #5048, #2706, .T. ) ;
#6960 = EDGE_LOOP ( 'NONE', ( #4717, #8117, #8357, #4394 ) ) ;
#6961 = CARTESIAN_POINT ( 'NONE',  ( 99.13158871091418689, 15.00000000000000178, -5.151689723591896808 ) ) ;
#6962 = ORIENTED_EDGE ( 'NONE', *, *, #2432, .T. ) ;
#6963 = LINE ( 'NONE', #6225, #9872 ) ;
#6964 = DIRECTION ( 'NONE',  ( 0.7071067811865522357, 6.106226635438359986E-16, 0.7071067811865427988 ) ) ;
#6965 = EDGE_CURVE ( 'NONE', #6660, #6783, #10034, .T. ) ;
#6966 = CARTESIAN_POINT ( 'NONE',  ( 106.5397107229735809, -11.24750411939340999, -3.080162528801966726 ) ) ;
#6967 = CARTESIAN_POINT ( 'NONE',  ( 98.48085707746733419, -18.01375000395730908, -4.500958090145060986 ) ) ;
#6968 = PLANE ( 'NONE',  #3511 ) ;
#6969 = CARTESIAN_POINT ( 'NONE',  ( 100.8530483272049167, 16.15147186257616951, -6.873149339882659525 ) ) ;
#6970 = EDGE_CURVE ( 'NONE', #1967, #10084, #3323, .T. ) ;
#6971 = CARTESIAN_POINT ( 'NONE',  ( 107.5716035124856802, 23.00000000000001421, -16.98581707485888259 ) ) ;
#6972 = ORIENTED_EDGE ( 'NONE', *, *, #7062, .F. ) ;
#6973 = CARTESIAN_POINT ( 'NONE',  ( 99.29674179469897410, -18.04189124437491287, -5.316842807376674251 ) ) ;
#6974 = EDGE_LOOP ( 'NONE', ( #9554, #4895, #4965, #3781 ) ) ;
#6975 = CARTESIAN_POINT ( 'NONE',  ( 106.3695219844685624, 3.000000000000014211, -15.78373554684174529 ) ) ;
#6976 = VECTOR ( 'NONE', #5833, 1000.000000000000000 ) ;
#6977 = CARTESIAN_POINT ( 'NONE',  ( 104.5743915000385869, -17.05437323195199539, -10.59449251271636605 ) ) ;
#6978 = ORIENTED_EDGE ( 'NONE', *, *, #10064, .T. ) ;
#6979 = CARTESIAN_POINT ( 'NONE',  ( 108.6112379177636029, 15.60000000000000142, 4.327959483257429518 ) ) ;
#6980 = ORIENTED_EDGE ( 'NONE', *, *, #8225, .F. ) ;
#6981 = B_SPLINE_CURVE_WITH_KNOTS ( 'NONE', 3,
 ( #8194, #7232, #7179, #1669, #720, #3259, #7993, #4888 ),
 .UNSPECIFIED., .F., .F.,
 ( 4, 1, 1, 1, 1, 4 ),
 ( 0.000000000000000000, 0.2317113570506716957, 0.3869881936420744850, 0.5493815465833487011, 0.7225508604132591106, 1.000000000000000000 ),
 .UNSPECIFIED. ) ;
#6983 = ORIENTED_EDGE ( 'NONE', *, *, #7788, .F. ) ;
#6982 = CIRCLE ( 'NONE', #728, 5.000000000000004441 ) ;
#6984 = DIRECTION ( 'NONE',  ( -0.000000000000000000, 1.000000000000000000, -0.000000000000000000 ) ) ;
#6985 = LINE ( 'NONE', #847, #4678 ) ;
#6986 = EDGE_CURVE ( 'NONE', #2397, #2727, #4403, .T. ) ;
#6987 = CARTESIAN_POINT ( 'NONE',  ( 109.3791441434610761, 10.00000000000001599, 3.560053257559949724 ) ) ;
#6988 = CARTESIAN_POINT ( 'NONE',  ( 98.90181167708377075, -10.31138064058062653, -4.921912689761470894 ) ) ;
#6989 = EDGE_CURVE ( 'NONE', #7813, #8185, #9764, .T. ) ;
#6990 = EDGE_CURVE ( 'NONE', #3233, #920, #586, .T. ) ;
#6991 = EDGE_CURVE ( 'NONE', #2704, #2594, #6704, .T. ) ;
#6992 = ORIENTED_EDGE ( 'NONE', *, *, #6414, .T. ) ;
#6993 = AXIS2_PLACEMENT_3D ( 'NONE', #346, #4577, #3595 ) ;
#6994 = B_SPLINE_CURVE_WITH_KNOTS ( 'NONE', 3,
 ( #3174, #3221, #2474, #5694, #4744, #6401, #6446, #3968, #8005, #4849, #6546, #9647, #10386, #5646, #8112, #8948, #4116, #7343, #68, #8845, #9803, #2532, #4943, #679, #3918, #7136, #8317, #4165, #1841, #6702, #1050, #2738, #4324, #10066, #7621, #293, #6763, #7403, #3485, #9959, #3430, #4270, #7562, #6601, #8259, #9104, #1936, #2688, #9905, #2631, #5058, #8412, #8363, #2581, #5908, #347, #3547, #1993, #7460, #1100, #180, #10015, #5164, #9156, #6007, #7507, #4997, #5958, #1781, #1889, #132, #9207 ),
 .UNSPECIFIED., .F., .F.,
 ( 4, 2, 2, 2, 2, 2, 2, 2, 2, 2, 2, 2, 2, 2, 2, 2, 2, 2, 2, 2, 2, 2, 2, 2, 2, 2, 2, 2, 2, 2, 2, 2, 2, 2, 2, 4 ),
 ( 0.000000000000000000, 0.0004357624421641354581, 0.0008715248843282709162, 0.001743049768656531858, 0.002178812210820662166, 0.002614574652984793125, 0.003050337095148923216, 0.003486099537313053741, 0.003921861979477183832, 0.004357624421641313923, 0.004793386863805444015, 0.005229149305969574106, 0.005664911748133704197, 0.006100674190297834289, 0.006972199074626122227, 0.007407961516790263594, 0.007843723958954407563, 0.008279486401118550665, 0.008715248843282693766, 0.009151011285446838603, 0.009586773727610979970, 0.009804654948693043715, 0.01002253616977510746, 0.01013147678031613846, 0.01024041739085716947, 0.01045829861193923495, 0.01067617983302129869, 0.01089406105410336417, 0.01111194227518542792, 0.01132982349626749340, 0.01176558593843163823, 0.01220134838059578654, 0.01263711082275993138, 0.01307287326492407795, 0.01350863570708822452, 0.01394439814925236935 ),
 .UNSPECIFIED. ) ;
#6995 = CARTESIAN_POINT ( 'NONE',  ( 104.5596211879973652, -13.13575954536769785, -1.100072993825693235 ) ) ;
#6996 = DIRECTION ( 'NONE',  ( -0.4961240555915030770, 0.7125460286373598295, 0.4961240555915081840 ) ) ;
#6997 = ORIENTED_EDGE ( 'NONE', *, *, #6469, .T. ) ;
#6998 = CARTESIAN_POINT ( 'NONE',  ( 74.48456806627218896, -20.50000000000106581, 14.54558345274450737 ) ) ;
#6999 = LINE ( 'NONE', #5399, #9269 ) ;
#7000 = CARTESIAN_POINT ( 'NONE',  ( 101.9247085719245263, -5.903187733375055757, -7.096281447178408364 ) ) ;
#7001 = LINE ( 'NONE', #1128, #1864 ) ;
#7002 = VECTOR ( 'NONE', #3788, 1000.000000000000000 ) ;
#7003 = DIRECTION ( 'NONE',  ( 0.7071067811865513475, 1.691909977029939893E-16, 0.7071067811865436870 ) ) ;
#7004 = B_SPLINE_SURFACE_WITH_KNOTS ( 'NONE', 3, 1, ( 
 ( #128, #6543 ),
 ( #5793, #3428 ),
 ( #5907, #9800 ),
 ( #4894, #3544 ),
 ( #9043, #3384 ),
 ( #8255, #2734 ),
 ( #5956, #1678 ),
 ( #6650, #2629 ),
 ( #8155, #881 ),
 ( #4113, #2529 ),
 ( #5846, #1360 ),
 ( #6172, #10113 ),
 ( #10065, #2046 ),
 ( #393, #1150 ),
 ( #2787, #3698 ),
 ( #7620, #8515 ),
 ( #1991, #7779 ),
 ( #1934, #2997 ),
 ( #4531, #5163 ) ),
 .UNSPECIFIED., .F., .F., .F.,
 ( 4, 1, 1, 1, 1, 1, 1, 1, 1, 1, 1, 1, 1, 1, 1, 1, 4 ),
 ( 2, 2 ),
 ( 0.000000000000000000, 0.1047763618991324197, 0.1566628469313914307, 0.2096650427055426480, 0.2449224382293686553, 0.2665868483314293158, 0.2773180179477281460, 0.2971053170208720617, 0.3253324117022814432, 0.3594046459838958762, 0.4145480382561923527, 0.4843931664128275916, 0.5585732515988123259, 0.6351685080609651424, 0.7000371107622971323, 0.7819458582267565516, 1.000000000000000000 ),
 ( 0.000000000000000000, 1.000000000000000000 ),
 .UNSPECIFIED. ) ;
#7005 = EDGE_CURVE ( 'NONE', #6882, #7346, #3819, .T. ) ;
#7006 = EDGE_CURVE ( 'NONE', #9836, #8300, #5065, .T. ) ;
#7007 = CARTESIAN_POINT ( 'NONE',  ( 90.00000000000002842, -33.58337520964456502, -162.2337144733732259 ) ) ;
#7008 = DIRECTION ( 'NONE',  ( -0.7071067811865454633, 0.000000000000000000, 0.7071067811865495711 ) ) ;
#7009 = CARTESIAN_POINT ( 'NONE',  ( 90.99476125778998892, -28.04529957866083123, 3.833665866956236901 ) ) ;
#7010 = MECHANICAL_DESIGN_GEOMETRIC_PRESENTATION_REPRESENTATION (  '', ( #9220 ), #2775 ) ;
#7011 = ORIENTED_EDGE ( 'NONE', *, *, #8820, .F. ) ;
#7012 = CARTESIAN_POINT ( 'NONE',  ( 103.1646470148874357, -18.05298843148498733, -9.184748027565165174 ) ) ;
#7013 = ORIENTED_EDGE ( 'NONE', *, *, #6062, .T. ) ;
#7014 = DIRECTION ( 'NONE',  ( -0.7071067811865513475, 0.000000000000000000, -0.7071067811865436870 ) ) ;
#7015 = VERTEX_POINT ( 'NONE', #5498 ) ;
#7016 = DIRECTION ( 'NONE',  ( 0.7071067811865375807, 0.000000000000000000, -0.7071067811865575647 ) ) ;
#7017 = AXIS2_PLACEMENT_3D ( 'NONE', #358, #1409, #5124 ) ;
#7018 = ORIENTED_EDGE ( 'NONE', *, *, #6541, .T. ) ;
#7019 = DIRECTION ( 'NONE',  ( -1.196361017915046142E-16, 1.000000000000000000, -1.196361017915046142E-16 ) ) ;
#7020 = CARTESIAN_POINT ( 'NONE',  ( 90.00000000000001421, 29.19289801129466611, -47.73064555932690212 ) ) ;
#7021 = DIRECTION ( 'NONE',  ( 0.5388421462631858283, 0.6475324569633252869, -0.5388421462631917125 ) ) ;
#7022 = CARTESIAN_POINT ( 'NONE',  ( 97.12408640586723152, -15.68890138684475488, -3.144187418544853951 ) ) ;
#7023 = DIRECTION ( 'NONE',  ( -0.7071067811865512365, -1.691909977029938907E-16, -0.7071067811865437980 ) ) ;
#7024 = CARTESIAN_POINT ( 'NONE',  ( 56.86551010381790405, 25.30873942358887874, 2.622594631482643379 ) ) ;
#7025 = FACE_BOUND ( 'NONE', #7246, .T. ) ;
#7026 = ORIENTED_EDGE ( 'NONE', *, *, #1496, .T. ) ;
#7027 = CARTESIAN_POINT ( 'NONE',  ( 115.4558441227156322, -28.99999999999998579, -22.04163056034273538 ) ) ;
#7028 = EDGE_LOOP ( 'NONE', ( #246, #3160, #3497, #7210 ) ) ;
#7029 = VECTOR ( 'NONE', #327, 1000.000000000000114 ) ;
#7030 = DIRECTION ( 'NONE',  ( 1.196361017915055756E-16, -1.000000000000000000, 1.196361017915036035E-16 ) ) ;
#7031 = CARTESIAN_POINT ( 'NONE',  ( 102.9885518595075240, -17.20777669025232015, -8.160124734761458498 ) ) ;
#7032 = VERTEX_POINT ( 'NONE', #3132 ) ;
#7033 = EDGE_CURVE ( 'NONE', #4688, #2776, #1463, .T. ) ;
#7034 = CARTESIAN_POINT ( 'NONE',  ( 104.0007142674936205, 9.664066052554728614, -10.02081528017136769 ) ) ;
#7035 = VECTOR ( 'NONE', #9713, 1000.000000000000000 ) ;
#7036 = EDGE_LOOP ( 'NONE', ( #6755, #7391, #1134, #4129, #2013, #6641 ) ) ;
#7037 = ORIENTED_EDGE ( 'NONE', *, *, #3645, .F. ) ;
#7038 = CARTESIAN_POINT ( 'NONE',  ( 99.89949493661166002, 10.00000000000001421, -5.919595949289369052 ) ) ;
#7039 = CARTESIAN_POINT ( 'NONE',  ( 103.9458611660724756, -9.000924224658467310, -9.117434041326378136 ) ) ;
#7040 = AXIS2_PLACEMENT_3D ( 'NONE', #409, #6881, #1218 ) ;
#7041 = ORIENTED_EDGE ( 'NONE', *, *, #7257, .F. ) ;
#7042 = CARTESIAN_POINT ( 'NONE',  ( 75.26238552557721562, 21.49999999999887379, 12.49497378730366215 ) ) ;
#7043 = EDGE_LOOP ( 'NONE', ( #6365, #3066, #8205, #3926 ) ) ;
#7044 = CARTESIAN_POINT ( 'NONE',  ( 104.4249783362055410, 9.664066052554730391, -9.596551211459445341 ) ) ;
#7045 = CIRCLE ( 'NONE', #1474, 0.1499999999999973577 ) ;
#7046 = FACE_OUTER_BOUND ( 'NONE', #7955, .T. ) ;
#7047 = CARTESIAN_POINT ( 'NONE',  ( 102.9995993577843478, -6.632082894133788820, -9.019700370462118144 ) ) ;
#7048 = DIRECTION ( 'NONE',  ( 2.312964634635743450E-15, -1.000000000000000000, -2.312964634635743450E-15 ) ) ;
#7049 = LINE ( 'NONE', #5504, #5023 ) ;
#7050 = AXIS2_PLACEMENT_3D ( 'NONE', #8057, #1423, #8733 ) ;
#7051 = CARTESIAN_POINT ( 'NONE',  ( 99.13158871091418689, 15.00000000000000000, -5.151689723591888814 ) ) ;
#7052 = ORIENTED_EDGE ( 'NONE', *, *, #4592, .F. ) ;
#7053 = EDGE_CURVE ( 'NONE', #1189, #6919, #8017, .T. ) ;
#7054 = AXIS2_PLACEMENT_3D ( 'NONE', #1769, #2570, #1091 ) ;
#7055 = LINE ( 'NONE', #4719, #7002 ) ;
#7056 = VECTOR ( 'NONE', #1117, 1000.000000000000000 ) ;
#7057 = CARTESIAN_POINT ( 'NONE',  ( 88.00000000000001421, -26.99999999999998224, 0.000000000000000000 ) ) ;
#7058 = ORIENTED_EDGE ( 'NONE', *, *, #3449, .F. ) ;
#7059 = DIRECTION ( 'NONE',  ( 9.376883653928788436E-17, -1.000000000000000000, 9.376883653928691061E-17 ) ) ;
#7060 = EDGE_CURVE ( 'NONE', #5202, #4552, #8079, .T. ) ;
#7061 = VECTOR ( 'NONE', #8498, 1000.000000000000000 ) ;
#7062 = EDGE_CURVE ( 'NONE', #5098, #9469, #6880, .T. ) ;
#7063 = CARTESIAN_POINT ( 'NONE',  ( 87.85000000000002274, -30.53337520964456431, 0.000000000000000000 ) ) ;
#7064 = VECTOR ( 'NONE', #4084, 1000.000000000000000 ) ;
#7065 = VERTEX_POINT ( 'NONE', #9444 ) ;
#7066 = DIRECTION ( 'NONE',  ( -0.7071067811865581199, 0.000000000000000000, -0.7071067811865369146 ) ) ;
#7067 = ORIENTED_EDGE ( 'NONE', *, *, #2989, .F. ) ;
#7068 = AXIS2_PLACEMENT_3D ( 'NONE', #5381, #9588, #10277 ) ;
#7069 = VECTOR ( 'NONE', #864, 1000.000000000000000 ) ;
#7070 = FACE_OUTER_BOUND ( 'NONE', #10358, .T. ) ;
#7071 = DIRECTION ( 'NONE',  ( 0.000000000000000000, -1.000000000000000000, 0.000000000000000000 ) ) ;
#7072 = AXIS2_PLACEMENT_3D ( 'NONE', #5586, #8095, #4735 ) ;
#7073 = CARTESIAN_POINT ( 'NONE',  ( 91.07169065379876827, 29.03850503232451530, 2.618697086518924522 ) ) ;
#7074 = ORIENTED_EDGE ( 'NONE', *, *, #6794, .T. ) ;
#7075 = VECTOR ( 'NONE', #1497, 999.9999999999998863 ) ;
#7076 = CARTESIAN_POINT ( 'NONE',  ( 101.8538511346417295, -10.40250754864332983, -7.873952147319497108 ) ) ;
#7077 = COLOUR_RGB ( '',0.7921568627450980005, 0.8196078431372548767, 0.9333333333333333481 ) ;
#7078 = CARTESIAN_POINT ( 'NONE',  ( 100.3237590053235806, 10.00000000000001421, -5.495331880577444927 ) ) ;
#7079 = CARTESIAN_POINT ( 'NONE',  ( 57.21364445969332735, 28.30182704129450855, 1.999999999999996669 ) ) ;
#7080 = LINE ( 'NONE', #8626, #6032 ) ;
#7081 = ORIENTED_EDGE ( 'NONE', *, *, #2022, .T. ) ;
#7082 = DIRECTION ( 'NONE',  ( -0.7071067811865436870, -7.719621255195224505E-15, 0.7071067811865513475 ) ) ;
#7083 = ORIENTED_EDGE ( 'NONE', *, *, #7585, .T. ) ;
#7084 = DIRECTION ( 'NONE',  ( -0.7071067811865439090, 6.694020509638550801E-15, 0.7071067811865512365 ) ) ;
#7085 = CARTESIAN_POINT ( 'NONE',  ( 51.50000000000002842, -43.99999999999998579, 2.000000000000000000 ) ) ;
#7086 = AXIS2_PLACEMENT_3D ( 'NONE', #8102, #8840, #7395 ) ;
#7087 = ORIENTED_EDGE ( 'NONE', *, *, #7848, .F. ) ;
#7088 = CARTESIAN_POINT ( 'NONE',  ( 90.00000000000002842, -33.58337520964456502, -95.00000000000000000 ) ) ;
#7089 = ORIENTED_EDGE ( 'NONE', *, *, #1745, .T. ) ;
#7090 = VERTEX_POINT ( 'NONE', #7203 ) ;
#7091 = CARTESIAN_POINT ( 'NONE',  ( 97.92976791516488788, -11.86216094775716101, -3.949868927842596467 ) ) ;
#7092 = CARTESIAN_POINT ( 'NONE',  ( 100.5760394579787231, -6.521635208207606560, -6.596140470656452592 ) ) ;
#7093 = DIRECTION ( 'NONE',  ( -0.7071067811865514585, -2.775557561562890858E-16, -0.7071067811865437980 ) ) ;
#7094 = EDGE_CURVE ( 'NONE', #4361, #5977, #10397, .T. ) ;
#7095 = ORIENTED_EDGE ( 'NONE', *, *, #2854, .F. ) ;
#7096 = DIRECTION ( 'NONE',  ( -0.7071067811865512365, -2.775557561562891844E-16, -0.7071067811865439090 ) ) ;
#7097 = DIRECTION ( 'NONE',  ( 0.4999999999999838463, -0.7071067811865665576, -0.4999999999999890643 ) ) ;
#7098 = ORIENTED_EDGE ( 'NONE', *, *, #8920, .T. ) ;
#7099 = EDGE_CURVE ( 'NONE', #4823, #6721, #2337, .T. ) ;
#7100 = DIRECTION ( 'NONE',  ( -0.7071067811865513475, -1.691909977029939647E-16, -0.7071067811865437980 ) ) ;
#7101 = DIRECTION ( 'NONE',  ( -0.7071067811865454633, 0.000000000000000000, 0.7071067811865495711 ) ) ;
#7102 = LINE ( 'NONE', #8073, #3667 ) ;
#7103 = CARTESIAN_POINT ( 'NONE',  ( 65.12994231491109076, -28.99999999999998579, 3.999999999999989786 ) ) ;
#7104 = CARTESIAN_POINT ( 'NONE',  ( 77.97918471982880817, -27.99999999999998224, 16.84924240491756109 ) ) ;
#7105 = EDGE_LOOP ( 'NONE', ( #1668, #2563, #6404, #5768, #3417, #10385 ) ) ;
#7106 = LINE ( 'NONE', #3081, #24 ) ;
#7107 = ORIENTED_EDGE ( 'NONE', *, *, #5292, .T. ) ;
#7108 = FACE_BOUND ( 'NONE', #1712, .T. ) ;
#7109 = DIRECTION ( 'NONE',  ( 0.000000000000000000, 0.000000000000000000, 1.000000000000000000 ) ) ;
#7110 = CARTESIAN_POINT ( 'NONE',  ( 102.3904209951923576, -14.61673633523885485, -7.561993870446241495 ) ) ;
#7111 = ORIENTED_EDGE ( 'NONE', *, *, #5046, .T. ) ;
#7112 = CARTESIAN_POINT ( 'NONE',  ( 101.8538511346417437, -10.40250754864332983, -7.873952147319479344 ) ) ;
#7113 = EDGE_LOOP ( 'NONE', ( #9941, #8051, #1121, #9847 ) ) ;
#7114 = ADVANCED_FACE ( 'NONE', ( #8856 ), #8691, .T. ) ;
#7115 = VERTEX_POINT ( 'NONE', #1435 ) ;
#7116 = CARTESIAN_POINT ( 'NONE',  ( 99.55585277962610746, 15.01992465586121206, -4.727425654879970018 ) ) ;
#7117 = ORIENTED_EDGE ( 'NONE', *, *, #4604, .F. ) ;
#7118 = EDGE_CURVE ( 'NONE', #10242, #4289, #8743, .T. ) ;
#7119 = EDGE_CURVE ( 'NONE', #6085, #2587, #10451, .T. ) ;
#7120 = EDGE_CURVE ( 'NONE', #10057, #10390, #7904, .T. ) ;
#7121 = CARTESIAN_POINT ( 'NONE',  ( 101.4894444302728260, 18.00000000000001421, -6.661017305526706345 ) ) ;
#7122 = FACE_OUTER_BOUND ( 'NONE', #1131, .T. ) ;
#7123 = LINE ( 'NONE', #5633, #9622 ) ;
#7124 = CARTESIAN_POINT ( 'NONE',  ( 92.49246191008300855, 28.95380580000314907, 2.335965214660159717 ) ) ;
#7125 = ORIENTED_EDGE ( 'NONE', *, *, #4541, .T. ) ;
#7126 = CARTESIAN_POINT ( 'NONE',  ( 107.2534054609516829, 13.00000000000001421, -15.25340546095185701 ) ) ;
#7127 = CARTESIAN_POINT ( 'NONE',  ( 97.26558609688466106, -10.91229507811548949, -3.285687109562347885 ) ) ;
#7128 = PLANE ( 'NONE',  #3510 ) ;
#7129 = ORIENTED_EDGE ( 'NONE', *, *, #4275, .T. ) ;
#7130 = CARTESIAN_POINT ( 'NONE',  ( 98.83072756289898564, -18.14831470448512007, -4.850828575576706214 ) ) ;
#7131 = ORIENTED_EDGE ( 'NONE', *, *, #3671, .T. ) ;
#7132 = FACE_BOUND ( 'NONE', #7380, .T. ) ;
#7133 = EDGE_CURVE ( 'NONE', #1920, #7896, #2229, .T. ) ;
#7134 = CARTESIAN_POINT ( 'NONE',  ( 100.6955775909726043, -17.15322309509430099, -6.715678603650306222 ) ) ;
#7135 = VERTEX_POINT ( 'NONE', #8642 ) ;
#7136 = CARTESIAN_POINT ( 'NONE',  ( 101.5842675207595676, -6.669375982527279589, -7.604368533437378730 ) ) ;
#7137 = DIRECTION ( 'NONE',  ( 0.7071067811865445751, 0.000000000000000000, -0.7071067811865504593 ) ) ;
#7138 = ORIENTED_EDGE ( 'NONE', *, *, #1024, .T. ) ;
#7139 = VERTEX_POINT ( 'NONE', #5608 ) ;
#7140 = DIRECTION ( 'NONE',  ( -0.7071067811865445751, 0.000000000000000000, 0.7071067811865505703 ) ) ;
#7141 = CARTESIAN_POINT ( 'NONE',  ( 100.9268305776094223, -11.31398825372005668, -6.098403452863355056 ) ) ;
#7142 = SURFACE_SIDE_STYLE ('',( #8687 ) ) ;
#7143 = DIRECTION ( 'NONE',  ( 1.000000000000000000, 1.196361017915053538E-16, 0.000000000000000000 ) ) ;
#7144 = VERTEX_POINT ( 'NONE', #1387 ) ;
#7145 = UNCERTAINTY_MEASURE_WITH_UNIT (LENGTH_MEASURE( 1.000000000000000082E-05 ), #7695, 'distance_accuracy_value', 'NONE');
#7146 = FACE_OUTER_BOUND ( 'NONE', #3201, .T. ) ;
#7147 = DIRECTION ( 'NONE',  ( -9.376883653928788436E-17, 1.000000000000000000, -9.376883653928691061E-17 ) ) ;
#7148 = AXIS2_PLACEMENT_3D ( 'NONE', #1239, #6049, #10046 ) ;
#7149 = ORIENTED_EDGE ( 'NONE', *, *, #6990, .F. ) ;
#7150 = PLANE ( 'NONE',  #4192 ) ;
#7151 = FACE_OUTER_BOUND ( 'NONE', #82, .T. ) ;
#7152 = CYLINDRICAL_SURFACE ( 'NONE', #8940, 0.1499999999999915012 ) ;
#7153 = LINE ( 'NONE', #3078, #1793 ) ;
#7154 = CARTESIAN_POINT ( 'NONE',  ( 102.6202833469479430, -18.45920433908339575, -8.640384359625697286 ) ) ;
#7155 = ORIENTED_EDGE ( 'NONE', *, *, #2655, .F. ) ;
#7156 = VECTOR ( 'NONE', #7399, 1000.000000000000000 ) ;
#7157 = CYLINDRICAL_SURFACE ( 'NONE', #3786, 0.2999999999999896638 ) ;
#7158 = EDGE_CURVE ( 'NONE', #9876, #10234, #3074, .T. ) ;
#7159 = EDGE_LOOP ( 'NONE', ( #2684, #1130, #1881, #6824 ) ) ;
#7160 = DIRECTION ( 'NONE',  ( -0.7071067811865513475, -1.691909977029939647E-16, -0.7071067811865437980 ) ) ;
#7161 = CARTESIAN_POINT ( 'NONE',  ( 90.60660267732536965, -20.50000000000091305, -3.273507433156548352 ) ) ;
#7162 = EDGE_CURVE ( 'NONE', #7065, #2772, #7420, .T. ) ;
#7163 = ORIENTED_EDGE ( 'NONE', *, *, #4724, .F. ) ;
#7164 = CARTESIAN_POINT ( 'NONE',  ( 104.3045858428641992, -17.39975506580979214, -9.476158718118279367 ) ) ;
#7165 = AXIS2_PLACEMENT_3D ( 'NONE', #10165, #2773, #9356 ) ;
#7166 = CARTESIAN_POINT ( 'NONE',  ( 96.81784729669254830, -13.97412752232801658, -1.989420171946379323 ) ) ;
#7167 = LINE ( 'NONE', #4772, #3308 ) ;
#7168 = DIRECTION ( 'NONE',  ( 0.7071067811865513475, 1.691909977029939893E-16, 0.7071067811865436870 ) ) ;
#7169 = ORIENTED_EDGE ( 'NONE', *, *, #10515, .T. ) ;
#7170 = ORIENTED_EDGE ( 'NONE', *, *, #979, .T. ) ;
#7171 = CARTESIAN_POINT ( 'NONE',  ( 92.00000000000001421, 29.00000000000001776, 1.000000000000000888 ) ) ;
#7172 = AXIS2_PLACEMENT_3D ( 'NONE', #9929, #2653, #5877 ) ;
#7173 = CARTESIAN_POINT ( 'NONE',  ( 90.62259463148386374, 25.30873942359132656, -53.76190689414853807 ) ) ;
#7174 = DIRECTION ( 'NONE',  ( 0.7071067811865513475, 1.691909977029939400E-16, 0.7071067811865436870 ) ) ;
#7175 = ADVANCED_FACE ( 'NONE', ( #8125 ), #951, .F. ) ;
#7176 = CARTESIAN_POINT ( 'NONE',  ( 105.5547049043997134, -16.70926321126091452, -11.57480591707749795 ) ) ;
#7177 = VERTEX_POINT ( 'NONE', #1743 ) ;
#7178 = CARTESIAN_POINT ( 'NONE',  ( 98.05525128526190315, -11.34900446756577352, -3.226824160515742612 ) ) ;
#7179 = CARTESIAN_POINT ( 'NONE',  ( 97.04330136492163206, -12.19630914884918482, -3.063402377599340642 ) ) ;
#7180 = DIRECTION ( 'NONE',  ( 0.7071067811865436870, 0.000000000000000000, -0.7071067811865513475 ) ) ;
#7181 = EDGE_CURVE ( 'NONE', #9427, #1920, #3399, .T. ) ;
#7182 = DIRECTION ( 'NONE',  ( 0.7071067811865513475, 1.691909977029939893E-16, 0.7071067811865436870 ) ) ;
#7183 = DIRECTION ( 'NONE',  ( 0.000000000000000000, 9.376883653928691061E-17, 1.000000000000000000 ) ) ;
#7184 = SURFACE_STYLE_FILL_AREA ( #9532 ) ;
#7185 = EDGE_LOOP ( 'NONE', ( #3808, #3190, #4366, #3414 ) ) ;
#7186 = LINE ( 'NONE', #3061, #10369 ) ;
#7187 = CARTESIAN_POINT ( 'NONE',  ( 103.4537086824955878, -7.349759618135095707, -9.473809695173265766 ) ) ;
#7188 = ORIENTED_EDGE ( 'NONE', *, *, #6794, .F. ) ;
#7189 = ADVANCED_FACE ( 'NONE', ( #7472 ), #8805, .T. ) ;
#7190 = LINE ( 'NONE', #1627, #8089 ) ;
#7191 = CARTESIAN_POINT ( 'NONE',  ( 87.00000000000002842, 33.58337520964456502, 0.000000000000000000 ) ) ;
#7192 = ORIENTED_EDGE ( 'NONE', *, *, #2351, .F. ) ;
#7193 = ADVANCED_FACE ( 'NONE', ( #1795 ), #6670, .F. ) ;
#7194 = ORIENTED_EDGE ( 'NONE', *, *, #3042, .F. ) ;
#7195 = EDGE_CURVE ( 'NONE', #2263, #6434, #3447, .T. ) ;
#7196 = CARTESIAN_POINT ( 'NONE',  ( 89.00000000000001421, 31.00000000000002132, 1.000000000000000000 ) ) ;
#7197 = FACE_OUTER_BOUND ( 'NONE', #526, .T. ) ;
#7198 =( NAMED_UNIT ( * ) SI_UNIT ( $, .STERADIAN. ) SOLID_ANGLE_UNIT ( ) );
#7199 = CARTESIAN_POINT ( 'NONE',  ( 103.5261169389625309, -18.59111928802864711, -9.546217951640310062 ) ) ;
#7200 = ORIENTED_EDGE ( 'NONE', *, *, #7224, .F. ) ;
#7201 = CIRCLE ( 'NONE', #4649, 0.6000000000000045297 ) ;
#7202 = CARTESIAN_POINT ( 'NONE',  ( 97.04330136492163206, -12.19630914884918482, -3.063402377599337534 ) ) ;
#7203 = CARTESIAN_POINT ( 'NONE',  ( 104.4249783362055410, 9.664066052554728614, -9.596551211459448893 ) ) ;
#7204 = DIRECTION ( 'NONE',  ( 9.376883653928788436E-17, -1.000000000000000000, 9.376883653928691061E-17 ) ) ;
#7205 = DIRECTION ( 'NONE',  ( -0.7071067811865512365, -2.775557561562891351E-16, -0.7071067811865437980 ) ) ;
#7206 = FACE_OUTER_BOUND ( 'NONE', #1599, .T. ) ;
#7207 = DIRECTION ( 'NONE',  ( -7.891197274167560658E-15, 1.000000000000000000, 7.651925070584635641E-15 ) ) ;
#7208 = DIRECTION ( 'NONE',  ( 0.7071067811865441310, 2.333991585859676237E-14, -0.7071067811865510144 ) ) ;
#7209 = CIRCLE ( 'NONE', #8231, 2.499999999999988454 ) ;
#7210 = ORIENTED_EDGE ( 'NONE', *, *, #7006, .F. ) ;
#7211 = EDGE_LOOP ( 'NONE', ( #1004, #5385, #7687, #3981 ) ) ;
#7212 = DIRECTION ( 'NONE',  ( 1.000000000000000000, 0.000000000000000000, -0.000000000000000000 ) ) ;
#7213 = CARTESIAN_POINT ( 'NONE',  ( 74.44365081389607042, -28.99999999999998224, 17.55634918610411788 ) ) ;
#7214 = VECTOR ( 'NONE', #9819, 999.9999999999998863 ) ;
#7215 = ORIENTED_EDGE ( 'NONE', *, *, #1938, .T. ) ;
#7216 = CARTESIAN_POINT ( 'NONE',  ( 104.5106218898363437, -13.37914367311768338, -9.682194765090432753 ) ) ;
#7217 = CARTESIAN_POINT ( 'NONE',  ( 99.92436304645858058, -6.704420284902468552, -5.944464059136290501 ) ) ;
#7218 = AXIS2_PLACEMENT_3D ( 'NONE', #9052, #2637, #7297 ) ;
#7219 = CIRCLE ( 'NONE', #9774, 0.6000000000000057510 ) ;
#7220 = VERTEX_POINT ( 'NONE', #7358 ) ;
#7221 = ORIENTED_EDGE ( 'NONE', *, *, #6288, .F. ) ;
#7222 = DIRECTION ( 'NONE',  ( 0.7071067811865437980, 0.000000000000000000, -0.7071067811865513475 ) ) ;
#7223 = AXIS2_PLACEMENT_3D ( 'NONE', #885, #4117, #7344 ) ;
#7224 = EDGE_CURVE ( 'NONE', #1872, #7090, #9917, .T. ) ;
#7225 = B_SPLINE_CURVE_WITH_KNOTS ( 'NONE', 3,
 ( #5299, #7000, #7702, #10091, #8545, #590, #9297, #6101 ),
 .UNSPECIFIED., .F., .F.,
 ( 4, 1, 1, 1, 1, 4 ),
 ( 0.000000000000000000, 0.1782573703587648772, 0.3494658574888978020, 0.5207024417209522582, 0.6770102187256243909, 1.000000000000000000 ),
 .UNSPECIFIED. ) ;
#7226 = DIRECTION ( 'NONE',  ( 0.7071067811865512365, 1.326091603618060524E-16, 0.7071067811865439090 ) ) ;
#7227 = PLANE ( 'NONE',  #10246 ) ;
#7228 = AXIS2_PLACEMENT_3D ( 'NONE', #1288, #6949, #6154 ) ;
#7229 = PLANE ( 'NONE',  #1482 ) ;
#7230 = AXIS2_PLACEMENT_3D ( 'NONE', #1138, #2519, #8507 ) ;
#7231 = EDGE_LOOP ( 'NONE', ( #2888, #7272, #6441, #8728, #4632, #6482 ) ) ;
#7232 = CARTESIAN_POINT ( 'NONE',  ( 97.36327891949119362, -11.59870155029420147, -3.383379932168882664 ) ) ;
#7233 = VECTOR ( 'NONE', #4243, 1000.000000000000000 ) ;
#7234 = CARTESIAN_POINT ( 'NONE',  ( 97.46756543363349579, -12.19630914884918482, -2.639138308887485795 ) ) ;
#7235 = LINE ( 'NONE', #266, #3376 ) ;
#7236 = CIRCLE ( 'NONE', #2170, 0.8500000000000170752 ) ;
#7237 = ORIENTED_EDGE ( 'NONE', *, *, #2022, .F. ) ;
#7238 = CARTESIAN_POINT ( 'NONE',  ( 97.12106941901775770, -16.17465732226597197, -2.292642294271564740 ) ) ;
#7239 = AXIS2_PLACEMENT_3D ( 'NONE', #4455, #7701, #2876 ) ;
#7240 = CARTESIAN_POINT ( 'NONE',  ( 87.48793039687154760, 21.49999999999898392, 0.6788880982551674936 ) ) ;
#7241 = CIRCLE ( 'NONE', #8439, 1.949958776210912736 ) ;
#7242 = CARTESIAN_POINT ( 'NONE',  ( 90.57493772951512767, -28.01577115648686345, 4.253489395231111025 ) ) ;
#7243 = ORIENTED_EDGE ( 'NONE', *, *, #1676, .F. ) ;
#7244 = CARTESIAN_POINT ( 'NONE',  ( 97.77817459305201453, 8.200000000000002842, -3.798275605729713345 ) ) ;
#7245 = CARTESIAN_POINT ( 'NONE',  ( 97.77817459305201453, 8.200000000000002842, -3.798275605729727555 ) ) ;
#7246 = EDGE_LOOP ( 'NONE', ( #1395, #9263 ) ) ;
#7247 = ORIENTED_EDGE ( 'NONE', *, *, #3442, .F. ) ;
#7248 = CARTESIAN_POINT ( 'NONE',  ( 105.4758683224429348, -13.21238767447135487, -11.49596933512066244 ) ) ;
#7249 = CARTESIAN_POINT ( 'NONE',  ( 103.3843108743396044, -8.143294783059557673, -9.404411887017378291 ) ) ;
#7250 = DIRECTION ( 'NONE',  ( -0.7071067811865512365, -2.775557561562891351E-16, -0.7071067811865437980 ) ) ;
#7251 = EDGE_CURVE ( 'NONE', #9073, #3997, #4865, .T. ) ;
#7252 = VECTOR ( 'NONE', #9848, 999.9999999999998863 ) ;
#7253 = CARTESIAN_POINT ( 'NONE',  ( 60.15937956643392681, -28.99999999999998224, 3.171572875253807045 ) ) ;
#7254 = EDGE_LOOP ( 'NONE', ( #8884, #10376 ) ) ;
#7255 = EDGE_CURVE ( 'NONE', #675, #764, #7304, .T. ) ;
#7256 = EDGE_CURVE ( 'NONE', #9161, #6776, #6503, .T. ) ;
#7257 = EDGE_CURVE ( 'NONE', #5361, #3794, #2644, .T. ) ;
#7258 = DIRECTION ( 'NONE',  ( -0.000000000000000000, -1.000000000000000000, -0.000000000000000000 ) ) ;
#7259 = CARTESIAN_POINT ( 'NONE',  ( 102.5642877907956034, -17.20777669025232015, -8.584388803473377294 ) ) ;
#7260 = ORIENTED_EDGE ( 'NONE', *, *, #9378, .T. ) ;
#7261 = DIRECTION ( 'NONE',  ( -0.7071067811865520136, 8.881784197001252323E-16, -0.7071067811865430208 ) ) ;
#7262 = CYLINDRICAL_SURFACE ( 'NONE', #8596, 2.499999999999988454 ) ;
#7263 = CARTESIAN_POINT ( 'NONE',  ( 103.9300035893749197, 3.000000000000011990, -19.42533546995249694 ) ) ;
#7264 = CARTESIAN_POINT ( 'NONE',  ( 103.6386753807671113, -18.54032345273408922, -9.658776393444844288 ) ) ;
#7265 = EDGE_LOOP ( 'NONE', ( #2020, #859, #9099, #1979, #10406, #1449, #2353, #2986, #3606, #2148, #575 ) ) ;
#7266 = ADVANCED_FACE ( 'NONE', ( #1854 ), #3036, .F. ) ;
#7267 = LINE ( 'NONE', #2556, #4615 ) ;
#7268 = EDGE_CURVE ( 'NONE', #752, #1033, #1168, .T. ) ;
#7269 = DIRECTION ( 'NONE',  ( 0.7071067811865507924, -6.661338147750937270E-16, 0.7071067811865443531 ) ) ;
#7270 = ORIENTED_EDGE ( 'NONE', *, *, #6647, .T. ) ;
#7271 = CARTESIAN_POINT ( 'NONE',  ( 104.9466086915999483, -13.15615792883040314, -10.11818156685406045 ) ) ;
#7272 = ORIENTED_EDGE ( 'NONE', *, *, #6288, .T. ) ;
#7273 = DIRECTION ( 'NONE',  ( -0.7071067811865436870, -1.203706215242022408E-31, 0.7071067811865513475 ) ) ;
#7274 = ORIENTED_EDGE ( 'NONE', *, *, #10223, .T. ) ;
#7275 = EDGE_LOOP ( 'NONE', ( #840, #2164, #7125, #6164 ) ) ;
#7276 = FACE_OUTER_BOUND ( 'NONE', #2156, .T. ) ;
#7277 = CARTESIAN_POINT ( 'NONE',  ( 105.9789689731115772, -16.70926321126091452, -11.15054184836562889 ) ) ;
#7278 = DIRECTION ( 'NONE',  ( 1.000000000000000000, 0.000000000000000000, 0.000000000000000000 ) ) ;
#7279 = CARTESIAN_POINT ( 'NONE',  ( 104.1850288425443409, 22.33933982822017228, -9.356601717798259443 ) ) ;
#7280 = CARTESIAN_POINT ( 'NONE',  ( 102.5555186545787194, -17.56833855368435238, -7.727091529832614825 ) ) ;
#7281 = CARTESIAN_POINT ( 'NONE',  ( 107.3285344780201171, 8.200000000000008171, 5.610662923000938385 ) ) ;
#7282 = CARTESIAN_POINT ( 'NONE',  ( 101.6195439455792382, -12.99999999999998579, -6.791116820833123846 ) ) ;
#7283 = DIRECTION ( 'NONE',  ( 0.000000000000000000, 0.000000000000000000, -1.000000000000000000 ) ) ;
#7284 = ORIENTED_EDGE ( 'NONE', *, *, #4210, .F. ) ;
#7285 = CARTESIAN_POINT ( 'NONE',  ( 96.58115618565116733, -14.63853261203153266, -2.601257198328719600 ) ) ;
#7286 = ORIENTED_EDGE ( 'NONE', *, *, #657, .T. ) ;
#7287 = CARTESIAN_POINT ( 'NONE',  ( 102.8607647738324431, 23.61213203435598018, -8.880865786510181437 ) ) ;
#7288 = FACE_OUTER_BOUND ( 'NONE', #7601, .T. ) ;
#7289 = ORIENTED_EDGE ( 'NONE', *, *, #8285, .F. ) ;
#7290 = ADVANCED_FACE ( 'NONE', ( #2011 ), #7685, .T. ) ;
#7291 = CARTESIAN_POINT ( 'NONE',  ( 59.91534047652401540, -27.99833421094028196, 3.130899693600869060 ) ) ;
#7292 = DIRECTION ( 'NONE',  ( 0.7071067811865520136, -0.000000000000000000, 0.7071067811865431318 ) ) ;
#7293 = ADVANCED_FACE ( 'NONE', ( #9166 ), #1902, .F. ) ;
#7294 = VERTEX_POINT ( 'NONE', #7634 ) ;
#7295 = ORIENTED_EDGE ( 'NONE', *, *, #6814, .T. ) ;
#7296 = CARTESIAN_POINT ( 'NONE',  ( 104.2459221041972057, -13.28581482432864469, -10.26602311687494762 ) ) ;
#7297 = DIRECTION ( 'NONE',  ( -0.7071067811865439090, 0.000000000000000000, 0.7071067811865512365 ) ) ;
#7298 = VERTEX_POINT ( 'NONE', #359 ) ;
#7299 = CARTESIAN_POINT ( 'NONE',  ( 76.14626900206049243, 21.49999999999887379, 13.37885726378693008 ) ) ;
#7300 = AXIS2_PLACEMENT_3D ( 'NONE', #6089, #5340, #8435 ) ;
#7301 = DIRECTION ( 'NONE',  ( -0.7071067811865384689, 4.992650596562919106E-14, -0.7071067811865566766 ) ) ;
#7302 = ORIENTED_EDGE ( 'NONE', *, *, #3798, .F. ) ;
#7303 = SURFACE_STYLE_USAGE ( .BOTH. , #7419 ) ;
#7304 = LINE ( 'NONE', #897, #10448 ) ;
#7305 = EDGE_CURVE ( 'NONE', #5527, #6020, #2860, .T. ) ;
#7306 = ORIENTED_EDGE ( 'NONE', *, *, #9541, .F. ) ;
#7307 = CYLINDRICAL_SURFACE ( 'NONE', #4036, 0.8500000000000170752 ) ;
#7308 = FACE_OUTER_BOUND ( 'NONE', #7694, .T. ) ;
#7309 = CARTESIAN_POINT ( 'NONE',  ( 97.08111051695644278, -15.56395264824424274, -2.252683392210414137 ) ) ;
#7310 = DIRECTION ( 'NONE',  ( -9.376883653928788436E-17, 1.000000000000000000, -9.376883653928688596E-17 ) ) ;
#7311 = EDGE_CURVE ( 'NONE', #9091, #9427, #3173, .T. ) ;
#7312 = DIRECTION ( 'NONE',  ( -0.000000000000000000, -0.000000000000000000, -1.000000000000000000 ) ) ;
#7313 = ADVANCED_FACE ( 'NONE', ( #2911 ), #5971, .F. ) ;
#7314 = VERTEX_POINT ( 'NONE', #6084 ) ;
#7315 = VECTOR ( 'NONE', #7415, 999.9999999999998863 ) ;
#7316 = DIRECTION ( 'NONE',  ( -0.7071067811865454633, 0.000000000000000000, 0.7071067811865495711 ) ) ;
#7317 = CARTESIAN_POINT ( 'NONE',  ( 105.3530506084055958, -17.80878040598074463, -10.52462348365964750 ) ) ;
#7318 = CARTESIAN_POINT ( 'NONE',  ( 97.77817459305201453, 15.00000000000000178, -3.798275605729727555 ) ) ;
#7319 = CYLINDRICAL_SURFACE ( 'NONE', #8782, 2.600000000000008527 ) ;
#7320 = CARTESIAN_POINT ( 'NONE',  ( 96.74411681578446576, -16.48455183905596400, -2.764217828462138371 ) ) ;
#7321 = FACE_OUTER_BOUND ( 'NONE', #7028, .T. ) ;
#7322 = VECTOR ( 'NONE', #9851, 1000.000000000000000 ) ;
#7323 = ADVANCED_FACE ( 'NONE', ( #2060 ), #5282, .T. ) ;
#7324 = EDGE_CURVE ( 'NONE', #5708, #6871, #8413, .T. ) ;
#7325 = ORIENTED_EDGE ( 'NONE', *, *, #2281, .T. ) ;
#7326 = ORIENTED_EDGE ( 'NONE', *, *, #1300, .F. ) ;
#7327 = DIRECTION ( 'NONE',  ( -0.7071067811865513475, 0.000000000000000000, -0.7071067811865436870 ) ) ;
#7328 = CARTESIAN_POINT ( 'NONE',  ( 101.1952798768673034, -12.99999999999998579, -7.215380889545049747 ) ) ;
#7329 = CYLINDRICAL_SURFACE ( 'NONE', #7679, 2.000000000000001776 ) ;
#7330 = DIRECTION ( 'NONE',  ( -0.7071067811865474617, 0.000000000000000000, 0.7071067811865474617 ) ) ;
#7331 = VECTOR ( 'NONE', #2983, 1000.000000000000114 ) ;
#7332 = LINE ( 'NONE', #2254, #4680 ) ;
#7333 = VERTEX_POINT ( 'NONE', #251 ) ;
#7334 = DIRECTION ( 'NONE',  ( -0.7071067811865520136, 8.881784197001252323E-16, -0.7071067811865430208 ) ) ;
#7335 = DIRECTION ( 'NONE',  ( -0.7071067811865513475, 0.000000000000000000, -0.7071067811865436870 ) ) ;
#7336 = EDGE_LOOP ( 'NONE', ( #6409, #4390, #8459, #887 ) ) ;
#7337 = CARTESIAN_POINT ( 'NONE',  ( 99.76362164687324707, -17.48981397740233135, -4.935194522127151373 ) ) ;
#7338 = VECTOR ( 'NONE', #4872, 1000.000000000000000 ) ;
#7339 = ORIENTED_EDGE ( 'NONE', *, *, #2440, .T. ) ;
#7340 = DIRECTION ( 'NONE',  ( -0.7071067811865513475, -1.691909977029939647E-16, -0.7071067811865437980 ) ) ;
#7341 = FACE_OUTER_BOUND ( 'NONE', #7733, .T. ) ;
#7342 = ORIENTED_EDGE ( 'NONE', *, *, #156, .F. ) ;
#7343 = CARTESIAN_POINT ( 'NONE',  ( 102.5508465351228722, -7.649546252933109969, -8.570947547800628286 ) ) ;
#7344 = DIRECTION ( 'NONE',  ( 0.000000000000000000, -1.734723475976807094E-15, 1.000000000000000000 ) ) ;
#7345 = VECTOR ( 'NONE', #4517, 1000.000000000000000 ) ;
#7346 = VERTEX_POINT ( 'NONE', #522 ) ;
#7347 = EDGE_LOOP ( 'NONE', ( #3250, #7455, #498, #3719 ) ) ;
#7348 = CARTESIAN_POINT ( 'NONE',  ( 105.2354509685917350, -12.84033889687601793, -11.25555198126948575 ) ) ;
#7349 = DIRECTION ( 'NONE',  ( 0.7071067811865389130, 0.000000000000000000, -0.7071067811865562325 ) ) ;
#7350 = VERTEX_POINT ( 'NONE', #2962 ) ;
#7351 = CARTESIAN_POINT ( 'NONE',  ( 91.17228810227464919, -9.000000000000184741, 0.8277118977253611343 ) ) ;
#7352 = DIRECTION ( 'NONE',  ( 0.000000000000000000, 1.000000000000000000, -1.084202172485503448E-16 ) ) ;
#7353 = VECTOR ( 'NONE', #7920, 1000.000000000000000 ) ;
#7354 = EDGE_CURVE ( 'NONE', #1317, #3841, #4345, .T. ) ;
#7355 = LINE ( 'NONE', #2933, #9708 ) ;
#7356 = VERTEX_POINT ( 'NONE', #7088 ) ;
#7357 = CARTESIAN_POINT ( 'NONE',  ( 92.37436963029171011, 15.49999999999898748, -0.3743696302917209895 ) ) ;
#7358 = CARTESIAN_POINT ( 'NONE',  ( 102.1107647738324289, 22.55147186257614678, -8.130865786510177884 ) ) ;
#7359 = VERTEX_POINT ( 'NONE', #5545 ) ;
#7360 = CARTESIAN_POINT ( 'NONE',  ( 101.2773123959168515, 17.10000000000000853, -6.448885271170732736 ) ) ;
#7361 =( BOUNDED_CURVE ( )  B_SPLINE_CURVE ( 3, ( #6105, #7960, #8164, #8903 ),
 .UNSPECIFIED., .F., .F. ) 
 B_SPLINE_CURVE_WITH_KNOTS ( ( 4, 4 ),
 ( 3.141592653589793116, 4.712388980384689674 ),
 .UNSPECIFIED. ) 
 CURVE ( )  GEOMETRIC_REPRESENTATION_ITEM ( )  RATIONAL_B_SPLINE_CURVE ( ( 1.000000000000000000, 0.8047378541243649375, 0.8047378541243649375, 1.000000000000000000 ) ) 
 REPRESENTATION_ITEM ( '' )  );
#7362 = CARTESIAN_POINT ( 'NONE',  ( 97.77817459305202874, 8.200000000000002842, -2.949747468305869091 ) ) ;
#7363 = CARTESIAN_POINT ( 'NONE',  ( 90.00000000000001421, 31.00000000000001776, -45.49747468305808695 ) ) ;
#7364 = DIRECTION ( 'NONE',  ( -0.7071067811865513475, 0.000000000000000000, -0.7071067811865436870 ) ) ;
#7365 = DIRECTION ( 'NONE',  ( 0.7071067811865522357, 6.106226635438359986E-16, 0.7071067811865427988 ) ) ;
#7366 = B_SPLINE_CURVE_WITH_KNOTS ( 'NONE', 3,
 ( #8734, #570, #1475, #6402, #9648, #10281, #6247, #5334, #7796, #3810 ),
 .UNSPECIFIED., .F., .F.,
 ( 4, 2, 2, 2, 4 ),
 ( 0.000000000000000000, 0.0008912889536718895684, 0.001782577907343779137, 0.002673866861015668922, 0.003565155814687558274 ),
 .UNSPECIFIED. ) ;
#7367 = VECTOR ( 'NONE', #7614, 1000.000000000000000 ) ;
#7368 = ORIENTED_EDGE ( 'NONE', *, *, #3899, .F. ) ;
#7369 = CARTESIAN_POINT ( 'NONE',  ( 106.9705627484771355, -22.99999999999998579, -16.38477631085031305 ) ) ;
#7370 = CARTESIAN_POINT ( 'NONE',  ( 104.9287865396937747, -17.80878040598074463, -10.94888755237145972 ) ) ;
#7371 = ORIENTED_EDGE ( 'NONE', *, *, #523, .F. ) ;
#7372 = PLANE ( 'NONE',  #986 ) ;
#7373 = AXIS2_PLACEMENT_3D ( 'NONE', #150, #5076, #1067 ) ;
#7374 = FACE_OUTER_BOUND ( 'NONE', #5905, .T. ) ;
#7375 = CARTESIAN_POINT ( 'NONE',  ( 91.28777520801077117, -28.36893194222969328, -49.77082343502735995 ) ) ;
#7376 = PLANE ( 'NONE',  #7741 ) ;
#7377 = VERTEX_POINT ( 'NONE', #2222 ) ;
#7378 = ORIENTED_EDGE ( 'NONE', *, *, #8763, .F. ) ;
#7379 = DIRECTION ( 'NONE',  ( 0.7071067811865513475, 1.691909977029939893E-16, 0.7071067811865436870 ) ) ;
#7380 = EDGE_LOOP ( 'NONE', ( #1166, #6015, #416 ) ) ;
#7381 = EDGE_CURVE ( 'NONE', #833, #1358, #3919, .T. ) ;
#7382 = CARTESIAN_POINT ( 'NONE',  ( 103.4991408499973176, -18.10935709594162191, -8.670713725251342652 ) ) ;
#7383 = AXIS2_PLACEMENT_3D ( 'NONE', #6355, #5396, #2182 ) ;
#7384 = CARTESIAN_POINT ( 'NONE',  ( 109.0918830920367100, -12.99999999999998401, -17.09188309203688760 ) ) ;
#7385 = EDGE_CURVE ( 'NONE', #2646, #8101, #2323, .T. ) ;
#7386 = DIRECTION ( 'NONE',  ( 0.7071067811865436870, 5.236901059552623732E-15, -0.7071067811865513475 ) ) ;
#7387 = ADVANCED_FACE ( 'NONE', ( #1531 ), #8636, .T. ) ;
#7388 = ADVANCED_FACE ( 'NONE', ( #7953 ), #680, .T. ) ;
#7389 = LINE ( 'NONE', #5049, #1821 ) ;
#7390 = VECTOR ( 'NONE', #485, 1000.000000000000114 ) ;
#7391 = ORIENTED_EDGE ( 'NONE', *, *, #9545, .T. ) ;
#7392 = DIRECTION ( 'NONE',  ( -0.7071067811865512365, -2.775557561562891844E-16, -0.7071067811865439090 ) ) ;
#7393 = VECTOR ( 'NONE', #3065, 1000.000000000000000 ) ;
#7394 = VERTEX_POINT ( 'NONE', #6185 ) ;
#7395 = DIRECTION ( 'NONE',  ( 1.000000000000000000, 0.000000000000000000, 0.000000000000000000 ) ) ;
#7396 = ORIENTED_EDGE ( 'NONE', *, *, #4882, .T. ) ;
#7397 = LINE ( 'NONE', #6648, #8012 ) ;
#7398 = VECTOR ( 'NONE', #1919, 1000.000000000000000 ) ;
#7399 = DIRECTION ( 'NONE',  ( 0.000000000000000000, 1.000000000000000000, 0.000000000000000000 ) ) ;
#7400 = ORIENTED_EDGE ( 'NONE', *, *, #3044, .F. ) ;
#7401 = VECTOR ( 'NONE', #6269, 1000.000000000000000 ) ;
#7402 = VECTOR ( 'NONE', #2187, 1000.000000000000000 ) ;
#7403 = CARTESIAN_POINT ( 'NONE',  ( 99.56088486479953303, -7.076449315085084457, -5.580985877477202095 ) ) ;
#7404 = DIRECTION ( 'NONE',  ( 0.7071067811865513475, 1.691909977029939893E-16, 0.7071067811865436870 ) ) ;
#7405 = VECTOR ( 'NONE', #334, 1000.000000000000114 ) ;
#7406 = ORIENTED_EDGE ( 'NONE', *, *, #9856, .F. ) ;
#7407 = CLOSED_SHELL ( 'NONE', ( #2633, #9381, #6008, #8404, #7787, #2797, #6012, #9971 ) ) ;
#7408 = CARTESIAN_POINT ( 'NONE',  ( 103.9354979942984869, -13.33832471427021105, -9.955599006976251886 ) ) ;
#7409 = PLANE ( 'NONE',  #5188 ) ;
#7410 = ORIENTED_EDGE ( 'NONE', *, *, #4437, .T. ) ;
#7411 = DIRECTION ( 'NONE',  ( 7.891197274167559081E-15, -1.000000000000000000, -7.651925070584634063E-15 ) ) ;
#7412 = VERTEX_POINT ( 'NONE', #3767 ) ;
#7413 = CIRCLE ( 'NONE', #3349, 1.949958776210930056 ) ;
#7414 = LINE ( 'NONE', #143, #6897 ) ;
#7415 = DIRECTION ( 'NONE',  ( -0.6653078692586433807, -0.3387194682993883710, 0.6653078692586640308 ) ) ;
#7416 = AXIS2_PLACEMENT_3D ( 'NONE', #4078, #7250, #4172 ) ;
#7417 = ORIENTED_EDGE ( 'NONE', *, *, #2111, .T. ) ;
#7418 = CIRCLE ( 'NONE', #6055, 0.5999999999999873213 ) ;
#7419 = SURFACE_SIDE_STYLE ('',( #3398 ) ) ;
#7420 = LINE ( 'NONE', #10505, #4167 ) ;
#7421 = CIRCLE ( 'NONE', #4201, 0.2999999999999881650 ) ;
#7422 = DIRECTION ( 'NONE',  ( -0.7071067811865512365, -1.691909977029939647E-16, -0.7071067811865437980 ) ) ;
#7423 = EDGE_CURVE ( 'NONE', #3794, #7607, #1377, .T. ) ;
#7424 = DIRECTION ( 'NONE',  ( 0.7071067811865426878, 0.000000000000000000, -0.7071067811865524577 ) ) ;
#7425 = VECTOR ( 'NONE', #7048, 1000.000000000000000 ) ;
#7426 = DIRECTION ( 'NONE',  ( -0.000000000000000000, -0.000000000000000000, -1.000000000000000000 ) ) ;
#7427 = COLOUR_RGB ( '',0.7921568627450980005, 0.8196078431372548767, 0.9333333333333333481 ) ;
#7428 = DIRECTION ( 'NONE',  ( 0.7071067811865513475, 1.691909977029939893E-16, 0.7071067811865436870 ) ) ;
#7429 = VERTEX_POINT ( 'NONE', #3175 ) ;
#7430 = PLANE ( 'NONE',  #10062 ) ;
#7431 = AXIS2_PLACEMENT_3D ( 'NONE', #6474, #765, #7327 ) ;
#7432 = EDGE_CURVE ( 'NONE', #2511, #5589, #6292, .T. ) ;
#7433 = CARTESIAN_POINT ( 'NONE',  ( 73.63603992884834781, -20.50000000000105516, 13.69705531532066267 ) ) ;
#7434 = CYLINDRICAL_SURFACE ( 'NONE', #10473, 0.5999999999999861000 ) ;
#7435 = EDGE_CURVE ( 'NONE', #8396, #10196, #4674, .T. ) ;
#7436 = CYLINDRICAL_SURFACE ( 'NONE', #4863, 1.299999999999991163 ) ;
#7437 = CARTESIAN_POINT ( 'NONE',  ( 90.62259463148241423, -25.30873942359043482, -53.76190689415050628 ) ) ;
#7438 = DIRECTION ( 'NONE',  ( -3.583075348888049954E-15, 1.000000000000000000, 3.343803145305078394E-15 ) ) ;
#7439 = ORIENTED_EDGE ( 'NONE', *, *, #4630, .T. ) ;
#7440 = VERTEX_POINT ( 'NONE', #10387 ) ;
#7441 = CARTESIAN_POINT ( 'NONE',  ( 97.12106941901774348, -16.17465732226597197, -2.292642294271576731 ) ) ;
#7442 = CARTESIAN_POINT ( 'NONE',  ( 56.64466094067248036, -28.99999999999998579, 2.585786437626899747 ) ) ;
#7443 = ORIENTED_EDGE ( 'NONE', *, *, #7195, .T. ) ;
#7444 = CARTESIAN_POINT ( 'NONE',  ( 106.1220346110532375, 10.60000000000001030, -12.14213562373102384 ) ) ;
#7445 = PLANE ( 'NONE',  #758 ) ;
#7446 = ADVANCED_FACE ( 'NONE', ( #622 ), #3118, .F. ) ;
#7447 = DIRECTION ( 'NONE',  ( 0.7071067811865415775, 0.000000000000000000, -0.7071067811865535679 ) ) ;
#7448 = VERTEX_POINT ( 'NONE', #8006 ) ;
#7449 = EDGE_CURVE ( 'NONE', #10106, #3633, #733, .T. ) ;
#7450 = DIRECTION ( 'NONE',  ( -0.7071067811865512365, -1.691909977029938907E-16, -0.7071067811865437980 ) ) ;
#7451 = CARTESIAN_POINT ( 'NONE',  ( 103.9367414288088014, -8.979019503491747045, -9.956842441486578821 ) ) ;
#7452 = ADVANCED_FACE ( 'NONE', ( #3969 ), #2269, .F. ) ;
#7453 = ORIENTED_EDGE ( 'NONE', *, *, #4958, .F. ) ;
#7454 = PLANE ( 'NONE',  #2523 ) ;
#7455 = ORIENTED_EDGE ( 'NONE', *, *, #9538, .T. ) ;
#7456 = EDGE_CURVE ( 'NONE', #1084, #3997, #4176, .T. ) ;
#7457 = EDGE_CURVE ( 'NONE', #6658, #4126, #7366, .T. ) ;
#7458 = CARTESIAN_POINT ( 'NONE',  ( 97.77817459305204295, 8.300000000000002487, -3.798275605729727111 ) ) ;
#7459 = CARTESIAN_POINT ( 'NONE',  ( 99.89949493661166002, 10.00000000000001421, -5.919595949289369052 ) ) ;
#7460 = CARTESIAN_POINT ( 'NONE',  ( 99.65225860787091960, -8.866332377198245851, -5.672359620548635739 ) ) ;
#7461 = CARTESIAN_POINT ( 'NONE',  ( 89.40452114930819505, 15.49999999999898748, -1.647161836427473158 ) ) ;
#7462 = CARTESIAN_POINT ( 'NONE',  ( 105.6977705423412459, -2.999999999999984901, -21.19310242291883384 ) ) ;
#7463 = CARTESIAN_POINT ( 'NONE',  ( 103.8959230684747723, -17.32257649971192492, -9.916024081152592373 ) ) ;
#7464 = DIRECTION ( 'NONE',  ( 0.000000000000000000, 9.376883653928688596E-17, 1.000000000000000000 ) ) ;
#7465 = PRESENTATION_STYLE_ASSIGNMENT (( #6555 ) ) ;
#7466 = EDGE_LOOP ( 'NONE', ( #4569, #7503 ) ) ;
#7467 = ADVANCED_FACE ( 'NONE', ( #69 ), #6547, .T. ) ;
#7468 = LINE ( 'NONE', #9863, #5207 ) ;
#7469 = DIRECTION ( 'NONE',  ( 0.7071067811865513475, 1.691909977029939893E-16, 0.7071067811865436870 ) ) ;
#7470 = ORIENTED_EDGE ( 'NONE', *, *, #7990, .F. ) ;
#7471 =( NAMED_UNIT ( * ) SI_UNIT ( $, .STERADIAN. ) SOLID_ANGLE_UNIT ( ) );
#7472 = FACE_OUTER_BOUND ( 'NONE', #8914, .T. ) ;
#7473 = CARTESIAN_POINT ( 'NONE',  ( 100.4934619049424498, -10.80588650403014128, -6.513562917620214776 ) ) ;
#7474 = ORIENTED_EDGE ( 'NONE', *, *, #5495, .F. ) ;
#7475 = CARTESIAN_POINT ( 'NONE',  ( 99.32607574579570553, -10.31138064058062476, -4.497648621049552098 ) ) ;
#7476 = LINE ( 'NONE', #9922, #5342 ) ;
#7477 = DIRECTION ( 'NONE',  ( 0.7071067811865513475, 1.691909977029939893E-16, 0.7071067811865437980 ) ) ;
#7478 = ORIENTED_EDGE ( 'NONE', *, *, #2217, .T. ) ;
#7479 = CARTESIAN_POINT ( 'NONE',  ( 98.39976287653227871, -17.70433872755713978, -3.571335751786258950 ) ) ;
#7480 = LINE ( 'NONE', #3292, #6021 ) ;
#7481 = CARTESIAN_POINT ( 'NONE',  ( 97.26558609688466106, -10.91229507811548949, -3.285687109562347885 ) ) ;
#7482 = CARTESIAN_POINT ( 'NONE',  ( 97.77817459305201453, 15.00000000000000178, -2.949747468305856657 ) ) ;
#7483 = CARTESIAN_POINT ( 'NONE',  ( 97.12106941901774348, -16.17465732226597197, -2.292642294271575398 ) ) ;
#7484 = CARTESIAN_POINT ( 'NONE',  ( 87.00000000000002842, 28.53337520964456431, -162.2337144733732259 ) ) ;
#7485 = DIRECTION ( 'NONE',  ( -0.7071067811865513475, -1.691909977029939647E-16, -0.7071067811865437980 ) ) ;
#7486 = ORIENTED_EDGE ( 'NONE', *, *, #449, .T. ) ;
#7487 = EDGE_CURVE ( 'NONE', #931, #934, #5858, .T. ) ;
#7488 = CARTESIAN_POINT ( 'NONE',  ( 105.8963361818993008, -15.48077086870394048, -11.06790905715324058 ) ) ;
#7489 = AXIS2_PLACEMENT_3D ( 'NONE', #7619, #8360, #9364 ) ;
#7490 = CARTESIAN_POINT ( 'NONE',  ( 112.3404139806818591, 23.61213203435598373, 0.5987834203391371179 ) ) ;
#7491 = EDGE_LOOP ( 'NONE', ( #4936, #4258, #7627, #3629, #3457, #7856, #5237, #746 ) ) ;
#7492 = EDGE_CURVE ( 'NONE', #4825, #8150, #4515, .T. ) ;
#7493 = LINE ( 'NONE', #2516, #10052 ) ;
#7494 = DIRECTION ( 'NONE',  ( -0.7071067811865513475, -1.691909977029939647E-16, -0.7071067811865437980 ) ) ;
#7495 = EDGE_LOOP ( 'NONE', ( #2616, #8354, #3035, #608, #2682 ) ) ;
#7496 = CARTESIAN_POINT ( 'NONE',  ( 55.23044737829938811, -23.99999999999998579, 2.000000000000000000 ) ) ;
#7497 = CIRCLE ( 'NONE', #9366, 1.000000000000000888 ) ;
#7498 = ORIENTED_EDGE ( 'NONE', *, *, #9521, .F. ) ;
#7499 = LINE ( 'NONE', #6695, #9587 ) ;
#7500 = CARTESIAN_POINT ( 'NONE',  ( 101.4586516439536155, -5.812155589232776087, -7.478752656631090012 ) ) ;
#7501 = ORIENTED_EDGE ( 'NONE', *, *, #3885, .T. ) ;
#7502 = CARTESIAN_POINT ( 'NONE',  ( 37.49069470301285634, 27.00000000000000355, -104.2494206671639319 ) ) ;
#7503 = ORIENTED_EDGE ( 'NONE', *, *, #5757, .F. ) ;
#7504 = FACE_BOUND ( 'NONE', #6473, .T. ) ;
#7505 = AXIS2_PLACEMENT_3D ( 'NONE', #6227, #5521, #8039 ) ;
#7506 = FACE_OUTER_BOUND ( 'NONE', #4992, .T. ) ;
#7507 = CARTESIAN_POINT ( 'NONE',  ( 100.2623736845893063, -10.15576920018734697, -6.282474697267065977 ) ) ;
#7508 = CARTESIAN_POINT ( 'NONE',  ( 100.9268305776094650, -11.31398825372005135, -6.098403452863331964 ) ) ;
#7509 = EDGE_LOOP ( 'NONE', ( #10471, #6136, #2449, #2243 ) ) ;
#7510 = CIRCLE ( 'NONE', #6318, 0.1000000000000099559 ) ;
#7511 = DIRECTION ( 'NONE',  ( 0.000000000000000000, -1.000000000000000000, 0.000000000000000000 ) ) ;
#7512 = CARTESIAN_POINT ( 'NONE',  ( 100.1116269709676203, 16.05147186257617165, -6.131727983645356872 ) ) ;
#7513 = ORIENTED_EDGE ( 'NONE', *, *, #1473, .F. ) ;
#7514 = CARTESIAN_POINT ( 'NONE',  ( 97.03919744916069590, -12.21070246693935424, -3.059298461838375616 ) ) ;
#7515 = EDGE_LOOP ( 'NONE', ( #1013, #2889, #1219, #7999 ) ) ;
#7516 = DIRECTION ( 'NONE',  ( -0.7071067811865565655, 0.000000000000000000, 0.7071067811865383579 ) ) ;
#7517 = ADVANCED_FACE ( 'NONE', ( #4020 ), #4897, .F. ) ;
#7518 = LINE ( 'NONE', #5174, #7838 ) ;
#7519 = VERTEX_POINT ( 'NONE', #10496 ) ;
#7520 = MECHANICAL_DESIGN_GEOMETRIC_PRESENTATION_REPRESENTATION (  '', ( #8699 ), #2439 ) ;
#7521 = DIRECTION ( 'NONE',  ( 0.4999999999999992784, -0.7071067811865449082, -0.5000000000000044409 ) ) ;
#7522 = EDGE_CURVE ( 'NONE', #948, #5437, #6889, .T. ) ;
#7523 = DIRECTION ( 'NONE',  ( -0.7071067811865445751, 0.000000000000000000, 0.7071067811865502373 ) ) ;
#7524 = EDGE_CURVE ( 'NONE', #59, #515, #4944, .T. ) ;
#7525 = ADVANCED_FACE ( 'NONE', ( #4850 ), #1782, .T. ) ;
#7526 = CARTESIAN_POINT ( 'NONE',  ( 99.22487001853745880, -7.529869328087566593, -5.244971031215210466 ) ) ;
#7527 = ORIENTED_EDGE ( 'NONE', *, *, #6634, .F. ) ;
#7528 = CARTESIAN_POINT ( 'NONE',  ( 102.4127745452639004, -6.834263753685235088, -7.584347420517789651 ) ) ;
#7529 = CARTESIAN_POINT ( 'NONE',  ( 41.73333539013160731, -26.99999999999999645, -102.8352071047914080 ) ) ;
#7530 = DIRECTION ( 'NONE',  ( -0.7071067811865513475, -1.691909977029939647E-16, -0.7071067811865437980 ) ) ;
#7531 = MECHANICAL_DESIGN_GEOMETRIC_PRESENTATION_REPRESENTATION (  '', ( #2444 ), #3128 ) ;
#7532 = VERTEX_POINT ( 'NONE', #8897 ) ;
#7533 = CARTESIAN_POINT ( 'NONE',  ( 105.3530506084056526, -17.80878040598074463, -10.52462348365959599 ) ) ;
#7534 = CARTESIAN_POINT ( 'NONE',  ( 103.2228968081883949, 19.40000000000001279, -9.242997820866154512 ) ) ;
#7535 = CARTESIAN_POINT ( 'NONE',  ( 107.7146060998692718, -12.37008508985941369, 5.224591301151773948 ) ) ;
#7536 = CARTESIAN_POINT ( 'NONE',  ( 103.0611838965949403, -9.689317062940421721, -9.081284909272707040 ) ) ;
#7537 = CARTESIAN_POINT ( 'NONE',  ( 97.55091604368881519, -12.74734812099879910, -2.722488918942665759 ) ) ;
#7538 = CARTESIAN_POINT ( 'NONE',  ( 41.73333539013160731, -28.99999999999998934, 4.000000000000003553 ) ) ;
#7539 = FACE_BOUND ( 'NONE', #9167, .T. ) ;
#7540 = AXIS2_PLACEMENT_3D ( 'NONE', #5886, #6740, #5774 ) ;
#7541 = EDGE_LOOP ( 'NONE', ( #459, #1146, #268, #4774 ) ) ;
#7542 = ORIENTED_EDGE ( 'NONE', *, *, #4653, .F. ) ;
#7543 = DIRECTION ( 'NONE',  ( -0.7071067811865513475, -1.691909977029939893E-16, -0.7071067811865437980 ) ) ;
#7544 = ORIENTED_EDGE ( 'NONE', *, *, #1659, .T. ) ;
#7545 = DIRECTION ( 'NONE',  ( 1.000000000000000000, -0.000000000000000000, 0.000000000000000000 ) ) ;
#7546 = VERTEX_POINT ( 'NONE', #2475 ) ;
#7547 = DIRECTION ( 'NONE',  ( -0.7071067811865512365, -1.691909977029939647E-16, -0.7071067811865437980 ) ) ;
#7548 = PLANE ( 'NONE',  #7875 ) ;
#7549 = AXIS2_PLACEMENT_3D ( 'NONE', #3031, #2234, #6262 ) ;
#7550 = ORIENTED_EDGE ( 'NONE', *, *, #3507, .T. ) ;
#7551 = DIRECTION ( 'NONE',  ( -0.7071067811865513475, 0.000000000000000000, -0.7071067811865436870 ) ) ;
#7552 = ORIENTED_EDGE ( 'NONE', *, *, #1248, .T. ) ;
#7553 = CARTESIAN_POINT ( 'NONE',  ( 38.90490826538594860, -23.99999999999999645, -105.6636342295370383 ) ) ;
#7554 = CARTESIAN_POINT ( 'NONE',  ( 103.9884503625455920, -9.460148610354735865, -10.00855137522336058 ) ) ;
#7555 = ADVANCED_FACE ( 'NONE', ( #5748 ), #4230, .F. ) ;
#7556 = ORIENTED_EDGE ( 'NONE', *, *, #5981, .T. ) ;
#7557 = CARTESIAN_POINT ( 'NONE',  ( 38.90490826538594149, 24.00000000000000711, -105.6636342295370383 ) ) ;
#7558 = VERTEX_POINT ( 'NONE', #6652 ) ;
#7559 = VECTOR ( 'NONE', #5191, 1000.000000000000114 ) ;
#7560 = DIRECTION ( 'NONE',  ( -0.7071067811865426878, 0.000000000000000000, 0.7071067811865524577 ) ) ;
#7561 = CARTESIAN_POINT ( 'NONE',  ( 108.6676190233248036, -12.99999999999998401, -13.83919189857875054 ) ) ;
#7562 = CARTESIAN_POINT ( 'NONE',  ( 99.16000622284616384, -7.715474137338525829, -5.180107235523872866 ) ) ;
#7563 = CARTESIAN_POINT ( 'NONE',  ( 99.79806677376937785, -8.482061694257355455, -4.969639649023228856 ) ) ;
#7564 = AXIS2_PLACEMENT_3D ( 'NONE', #7879, #7021, #3647 ) ;
#7565 = FACE_OUTER_BOUND ( 'NONE', #3364, .T. ) ;
#7566 = CARTESIAN_POINT ( 'NONE',  ( 105.3530506084055958, -17.80878040598074463, -10.52462348365964750 ) ) ;
#7567 = ORIENTED_EDGE ( 'NONE', *, *, #2960, .T. ) ;
#7568 = DIRECTION ( 'NONE',  ( -0.7071067811865426878, 0.000000000000000000, 0.7071067811865524577 ) ) ;
#7569 = VECTOR ( 'NONE', #3057, 1000.000000000000000 ) ;
#7570 = ORIENTED_EDGE ( 'NONE', *, *, #2660, .T. ) ;
#7571 = CIRCLE ( 'NONE', #3000, 0.8500000000000170752 ) ;
#7572 = PLANE ( 'NONE',  #2838 ) ;
#7573 = AXIS2_PLACEMENT_3D ( 'NONE', #8772, #4667, #1653 ) ;
#7574 = LINE ( 'NONE', #6663, #4773 ) ;
#7575 = VERTEX_POINT ( 'NONE', #9696 ) ;
#7576 = DIRECTION ( 'NONE',  ( 0.7071067811865522357, 6.106226635438359986E-16, 0.7071067811865427988 ) ) ;
#7577 = CARTESIAN_POINT ( 'NONE',  ( 105.4720721131873660, -15.48077086870394048, -11.49217312586516648 ) ) ;
#7578 = ORIENTED_EDGE ( 'NONE', *, *, #692, .T. ) ;
#7579 = AXIS2_PLACEMENT_3D ( 'NONE', #9732, #4784, #2461 ) ;
#7580 = CARTESIAN_POINT ( 'NONE',  ( 104.5743915000385869, -17.05437323195199539, -10.59449251271637316 ) ) ;
#7581 = EDGE_CURVE ( 'NONE', #9146, #4264, #1581, .T. ) ;
#7582 = CARTESIAN_POINT ( 'NONE',  ( 111.3613230256795674, -18.85672476411542675, 1.577874375341435043 ) ) ;
#7583 = CARTESIAN_POINT ( 'NONE',  ( 101.7998861195488729, -11.24750411939340999, -7.819987132226613902 ) ) ;
#7584 = CIRCLE ( 'NONE', #1485, 2.000000000000001776 ) ;
#7585 = EDGE_CURVE ( 'NONE', #9912, #6660, #5695, .T. ) ;
#7586 = EDGE_CURVE ( 'NONE', #5518, #8195, #8059, .T. ) ;
#7587 = VECTOR ( 'NONE', #8791, 1000.000000000000000 ) ;
#7588 = EDGE_CURVE ( 'NONE', #1298, #8711, #7045, .T. ) ;
#7589 = EDGE_LOOP ( 'NONE', ( #10108, #7417, #3263, #6376, #9887, #10283, #6255, #6110 ) ) ;
#7590 = AXIS2_PLACEMENT_3D ( 'NONE', #9176, #8290, #6737 ) ;
#7591 = SURFACE_SIDE_STYLE ('',( #5134 ) ) ;
#7592 = VECTOR ( 'NONE', #9210, 1000.000000000000114 ) ;
#7593 = CARTESIAN_POINT ( 'NONE',  ( 47.41421356237359674, -27.99999999999998224, 47.41421356237309936 ) ) ;
#7594 = ORIENTED_EDGE ( 'NONE', *, *, #7119, .T. ) ;
#7595 = CIRCLE ( 'NONE', #9973, 1.000000000000000000 ) ;
#7596 = CARTESIAN_POINT ( 'NONE',  ( 106.1220346110532375, 10.60000000000001208, -12.14213562373103095 ) ) ;
#7597 = LINE ( 'NONE', #5984, #2822 ) ;
#7598 = CARTESIAN_POINT ( 'NONE',  ( 97.58319749354276951, -12.15039280264173982, -3.603298506220466102 ) ) ;
#7599 = DIRECTION ( 'NONE',  ( 0.7071067811865440200, 1.971276677246372752E-16, -0.7071067811865511255 ) ) ;
#7600 = CARTESIAN_POINT ( 'NONE',  ( 75.82807095052649515, 15.49999999999886313, 14.75771548710057246 ) ) ;
#7601 = EDGE_LOOP ( 'NONE', ( #5493, #4701, #5105, #7486 ) ) ;
#7602 = CIRCLE ( 'NONE', #9808, 1.000000000000000888 ) ;
#7603 = CARTESIAN_POINT ( 'NONE',  ( 98.00746156225470429, -12.15039280264173982, -3.179034437508540645 ) ) ;
#7604 = EDGE_CURVE ( 'NONE', #6554, #6810, #1312, .T. ) ;
#7605 = VECTOR ( 'NONE', #5519, 1000.000000000000000 ) ;
#7606 = CYLINDRICAL_SURFACE ( 'NONE', #1071, 1.000000000000000000 ) ;
#7607 = VERTEX_POINT ( 'NONE', #936 ) ;
#7608 = DIRECTION ( 'NONE',  ( 0.7071067811865474617, 1.040834085586087728E-14, -0.7071067811865474617 ) ) ;
#7609 = VECTOR ( 'NONE', #7832, 1000.000000000000000 ) ;
#7610 = CARTESIAN_POINT ( 'NONE',  ( 89.44782665443686653, -28.99999999999998224, 3.966386907936292783 ) ) ;
#7611 = VERTEX_POINT ( 'NONE', #3322 ) ;
#7612 = DIRECTION ( 'NONE',  ( -0.5000000000000071054, -0.7071067811865338060, 0.5000000000000125455 ) ) ;
#7613 = ORIENTED_EDGE ( 'NONE', *, *, #4387, .F. ) ;
#7614 = DIRECTION ( 'NONE',  ( 0.7071067811865431318, 0.000000000000000000, -0.7071067811865520136 ) ) ;
#7615 = VECTOR ( 'NONE', #9235, 1000.000000000000000 ) ;
#7616 = ORIENTED_EDGE ( 'NONE', *, *, #6528, .F. ) ;
#7617 = CARTESIAN_POINT ( 'NONE',  ( 99.72100586341089468, -18.04189124437491287, -4.892578738664749238 ) ) ;
#7618 = ORIENTED_EDGE ( 'NONE', *, *, #8671, .T. ) ;
#7619 = CARTESIAN_POINT ( 'NONE',  ( 42.25233405971178513, 1.715935098703763923E-14, 42.25233405971132328 ) ) ;
#7620 = CARTESIAN_POINT ( 'NONE',  ( 97.15847020210996732, -14.08861376026648848, -3.178571214787634602 ) ) ;
#7621 = CARTESIAN_POINT ( 'NONE',  ( 99.99677804680538884, -6.724331493697004447, -6.016879059483112080 ) ) ;
#7622 = CARTESIAN_POINT ( 'NONE',  ( 102.1312545858667988, -17.56833855368435238, -8.151355598544524739 ) ) ;
#7623 = CARTESIAN_POINT ( 'NONE',  ( 104.8492424049174758, 8.200000000000004619, -10.02081528017138190 ) ) ;
#7624 = CARTESIAN_POINT ( 'NONE',  ( 101.7998861195488729, -11.24750411939340999, -7.819987132226613902 ) ) ;
#7625 = ORIENTED_EDGE ( 'NONE', *, *, #2854, .T. ) ;
#7626 = CARTESIAN_POINT ( 'NONE',  ( 96.48843796275411933, -15.58765579845313631, -2.508538975431693352 ) ) ;
#7627 = ORIENTED_EDGE ( 'NONE', *, *, #7588, .F. ) ;
#7628 = CARTESIAN_POINT ( 'NONE',  ( 106.8710791892915069, -17.56833855368434882, -3.411530995119881560 ) ) ;
#7629 = EDGE_CURVE ( 'NONE', #6046, #8706, #3387, .T. ) ;
#7630 = CARTESIAN_POINT ( 'NONE',  ( 105.5308849235747743, -16.36005977435968362, -10.70245779882875858 ) ) ;
#7631 = ORIENTED_EDGE ( 'NONE', *, *, #5235, .T. ) ;
#7632 = EDGE_CURVE ( 'NONE', #675, #5867, #133, .T. ) ;
#7633 = LINE ( 'NONE', #9916, #588 ) ;
#7634 = CARTESIAN_POINT ( 'NONE',  ( 78.44436604091688992, -15.00000000000028244, 13.55563395908326108 ) ) ;
#7635 = ORIENTED_EDGE ( 'NONE', *, *, #5861, .F. ) ;
#7636 = CARTESIAN_POINT ( 'NONE',  ( 101.2066017177981934, 15.45147186257616845, -7.226702730475925485 ) ) ;
#7637 = CARTESIAN_POINT ( 'NONE',  ( 103.9300035893749197, -22.99999999999998579, -19.42533546995248628 ) ) ;
#7638 = DIRECTION ( 'NONE',  ( 0.7071067811865513475, 1.691909977029939893E-16, 0.7071067811865437980 ) ) ;
#7639 = ORIENTED_EDGE ( 'NONE', *, *, #5047, .T. ) ;
#7640 =( NAMED_UNIT ( * ) SI_UNIT ( $, .STERADIAN. ) SOLID_ANGLE_UNIT ( ) );
#7641 = EDGE_CURVE ( 'NONE', #3301, #6258, #6861, .T. ) ;
#7642 = CARTESIAN_POINT ( 'NONE',  ( 104.4127144312575126, -9.460148610354735865, -9.584287306511434679 ) ) ;
#7643 = CARTESIAN_POINT ( 'NONE',  ( 98.20243866176394931, 7.600000000000001421, -3.374011537017801210 ) ) ;
#7644 = EDGE_CURVE ( 'NONE', #1994, #8156, #234, .T. ) ;
#7645 = ADVANCED_FACE ( 'NONE', ( #5059 ), #807, .F. ) ;
#7646 = CARTESIAN_POINT ( 'NONE',  ( 120.7882270184447293, 5.971996790704635384E-13, -33.03086770556409135 ) ) ;
#7647 = CARTESIAN_POINT ( 'NONE',  ( 97.77817459305202874, 14.90000000000000213, -3.798275605729713789 ) ) ;
#7648 = FACE_OUTER_BOUND ( 'NONE', #2000, .T. ) ;
#7649 = VERTEX_POINT ( 'NONE', #5747 ) ;
#7650 = ORIENTED_EDGE ( 'NONE', *, *, #1024, .F. ) ;
#7651 = CARTESIAN_POINT ( 'NONE',  ( 106.1102418450348921, -14.59124098754031884, -11.28181472028883015 ) ) ;
#7652 = DIRECTION ( 'NONE',  ( -0.7071067811865444641, 0.000000000000000000, 0.7071067811865506814 ) ) ;
#7653 = ORIENTED_EDGE ( 'NONE', *, *, #10415, .T. ) ;
#7654 = B_SPLINE_CURVE_WITH_KNOTS ( 'NONE', 3,
 ( #5079, #4295, #6142, #2922, #417, #7533, #6781, #2705 ),
 .UNSPECIFIED., .F., .F.,
 ( 4, 1, 1, 1, 1, 4 ),
 ( 0.000000000000000000, 0.2317113570506716957, 0.3869881936420744850, 0.5493815465833487011, 0.7225508604132591106, 1.000000000000000000 ),
 .UNSPECIFIED. ) ;
#7655 = EDGE_CURVE ( 'NONE', #4890, #8061, #5356, .T. ) ;
#7656 = LINE ( 'NONE', #6797, #2097 ) ;
#7657 = CARTESIAN_POINT ( 'NONE',  ( 91.20466509494760032, -28.05775754847256209, 3.623762029798634376 ) ) ;
#7658 = ORIENTED_EDGE ( 'NONE', *, *, #657, .F. ) ;
#7659 = CARTESIAN_POINT ( 'NONE',  ( 104.3350288425443608, 22.55147186257612546, -9.506601717798279338 ) ) ;
#7660 = EDGE_CURVE ( 'NONE', #9140, #8811, #7190, .T. ) ;
#7661 = EDGE_CURVE ( 'NONE', #2465, #5671, #9744, .T. ) ;
#7662 = ADVANCED_FACE ( 'NONE', ( #1730 ), #3117, .F. ) ;
#7663 = ORIENTED_EDGE ( 'NONE', *, *, #3247, .T. ) ;
#7664 = PLANE ( 'NONE',  #4985 ) ;
#7665 = CIRCLE ( 'NONE', #2746, 0.09999999999999185929 ) ;
#7666 = VERTEX_POINT ( 'NONE', #2322 ) ;
#7667 = CARTESIAN_POINT ( 'NONE',  ( 77.27207793864226915, -27.99999999999998224, 16.14213562373101496 ) ) ;
#7668 = VERTEX_POINT ( 'NONE', #8802 ) ;
#7669 = FACE_OUTER_BOUND ( 'NONE', #6644, .T. ) ;
#7670 = CARTESIAN_POINT ( 'NONE',  ( 90.00000000000001421, 29.00000000000001776, -45.49747468305810116 ) ) ;
#7671 = VECTOR ( 'NONE', #4393, 1000.000000000000000 ) ;
#7672 = DIRECTION ( 'NONE',  ( -0.7071067811864987229, 0.000000000000000000, 0.7071067811865963115 ) ) ;
#7673 = EDGE_LOOP ( 'NONE', ( #4231, #4906, #3672, #4016 ) ) ;
#7674 = CARTESIAN_POINT ( 'NONE',  ( 106.9705627484771355, 3.000000000000014211, -16.38477631085032371 ) ) ;
#7675 = PLANE ( 'NONE',  #129 ) ;
#7676 = CARTESIAN_POINT ( 'NONE',  ( 100.6955775909726043, -17.15322309509430099, -6.715678603650306222 ) ) ;
#7677 = ORIENTED_EDGE ( 'NONE', *, *, #6194, .T. ) ;
#7678 = LINE ( 'NONE', #6127, #3355 ) ;
#7679 = AXIS2_PLACEMENT_3D ( 'NONE', #9841, #1825, #4151 ) ;
#7680 = ORIENTED_EDGE ( 'NONE', *, *, #6420, .T. ) ;
#7681 = DIRECTION ( 'NONE',  ( -0.6959289325928883496, 0.1771040416259215544, 0.6959289325928955661 ) ) ;
#7682 = CARTESIAN_POINT ( 'NONE',  ( 103.8803217741523497, -17.39975506580979214, -9.900422786830120003 ) ) ;
#7683 = ORIENTED_EDGE ( 'NONE', *, *, #8953, .F. ) ;
#7684 = CARTESIAN_POINT ( 'NONE',  ( 97.77817459305201453, 7.600000000000001421, -3.798275605729727555 ) ) ;
#7685 = CYLINDRICAL_SURFACE ( 'NONE', #7040, 1.000000000000000888 ) ;
#7686 = VECTOR ( 'NONE', #8302, 1000.000000000000000 ) ;
#7687 = ORIENTED_EDGE ( 'NONE', *, *, #2758, .T. ) ;
#7688 = PRODUCT ( 'couvercle_xiao', 'couvercle_xiao', '', ( #7811 ) ) ;
#7689 = ORIENTED_EDGE ( 'NONE', *, *, #4820, .F. ) ;
#7690 = CARTESIAN_POINT ( 'NONE',  ( 99.79806677376937785, -8.482061694257355455, -4.969639649023227079 ) ) ;
#7691 = DIRECTION ( 'NONE',  ( 0.7071067811865331398, 0.000000000000000000, -0.7071067811865620056 ) ) ;
#7692 = DIRECTION ( 'NONE',  ( -0.7071067811865465735, 0.000000000000000000, -0.7071067811865484609 ) ) ;
#7693 = EDGE_CURVE ( 'NONE', #3080, #3249, #6994, .T. ) ;
#7694 = EDGE_LOOP ( 'NONE', ( #6300, #5951, #8159, #5915 ) ) ;
#7695 =( LENGTH_UNIT ( ) NAMED_UNIT ( * ) SI_UNIT ( .MILLI., .METRE. ) );
#7696 = CARTESIAN_POINT ( 'NONE',  ( 103.7634272569057998, -8.316731036941829913, -9.783528269583570136 ) ) ;
#7697 = ORIENTED_EDGE ( 'NONE', *, *, #6814, .F. ) ;
#7698 = DIRECTION ( 'NONE',  ( -0.7071067811865447972, 0.000000000000000000, 0.7071067811865501263 ) ) ;
#7699 = PRESENTATION_LAYER_ASSIGNMENT (  '', '', ( #2444 ) ) ;
#7700 = CARTESIAN_POINT ( 'NONE',  ( 91.66726284910514266, 21.49999999999898392, -1.081476411478250022 ) ) ;
#7701 = DIRECTION ( 'NONE',  ( -0.7071067811865439090, 0.000000000000000000, 0.7071067811865512365 ) ) ;
#7702 = CARTESIAN_POINT ( 'NONE',  ( 102.3186667316766290, -6.159600610020007139, -7.490239606930515492 ) ) ;
#7703 = DIRECTION ( 'NONE',  ( -0.7071067811865171526, 0.000000000000000000, 0.7071067811865779928 ) ) ;
#7704 = DIRECTION ( 'NONE',  ( 0.7071067811865522357, 6.106226635438359986E-16, 0.7071067811865427988 ) ) ;
#7705 = EDGE_LOOP ( 'NONE', ( #2162, #372, #4372, #5746 ) ) ;
#7706 = CARTESIAN_POINT ( 'NONE',  ( 100.7651803615609083, 17.82426406871194402, -6.785281374238623542 ) ) ;
#7707 = LINE ( 'NONE', #5941, #4443 ) ;
#7708 = VERTEX_POINT ( 'NONE', #6651 ) ;
#7709 = AXIS2_PLACEMENT_3D ( 'NONE', #4768, #757, #1397 ) ;
#7710 = CARTESIAN_POINT ( 'NONE',  ( 113.9046275430549571, 8.200000000000006395, -0.9654301420339815865 ) ) ;
#7711 = CARTESIAN_POINT ( 'NONE',  ( 90.15493343562340556, -28.99999999999997513, 4.673493689122834915 ) ) ;
#7712 = ORIENTED_EDGE ( 'NONE', *, *, #9315, .F. ) ;
#7713 = CARTESIAN_POINT ( 'NONE',  ( 104.5392021239070317, -17.75261616015867716, -10.55930313658468833 ) ) ;
#7714 = EDGE_LOOP ( 'NONE', ( #8275, #3088 ) ) ;
#7715 = ORIENTED_EDGE ( 'NONE', *, *, #7492, .F. ) ;
#7716 = DIRECTION ( 'NONE',  ( -0.7071067811865513475, -1.691909977029939647E-16, -0.7071067811865437980 ) ) ;
#7717 = ADVANCED_FACE ( 'NONE', ( #5111 ), #3596, .F. ) ;
#7718 = ORIENTED_EDGE ( 'NONE', *, *, #4778, .F. ) ;
#7719 = DIRECTION ( 'NONE',  ( -0.000000000000000000, -1.000000000000000000, -0.000000000000000000 ) ) ;
#7720 = DIRECTION ( 'NONE',  ( 0.000000000000000000, -1.000000000000000000, 0.000000000000000000 ) ) ;
#7721 = EDGE_CURVE ( 'NONE', #9469, #2665, #8202, .T. ) ;
#7722 = VECTOR ( 'NONE', #3737, 1000.000000000000000 ) ;
#7723 = EDGE_CURVE ( 'NONE', #6294, #8327, #9255, .T. ) ;
#7724 = FACE_OUTER_BOUND ( 'NONE', #7231, .T. ) ;
#7725 = FACE_OUTER_BOUND ( 'NONE', #5132, .T. ) ;
#7726 = CARTESIAN_POINT ( 'NONE',  ( 98.20327373961264072, -13.12042124391251008, -4.223374752290272482 ) ) ;
#7727 = LINE ( 'NONE', #2209, #4844 ) ;
#7728 = VECTOR ( 'NONE', #9169, 1000.000000000000000 ) ;
#7729 = LINE ( 'NONE', #10180, #2158 ) ;
#7730 = CARTESIAN_POINT ( 'NONE',  ( 103.9503810076744088, -18.59111928802864711, -9.121953882928437451 ) ) ;
#7731 = ORIENTED_EDGE ( 'NONE', *, *, #6521, .F. ) ;
#7732 = CARTESIAN_POINT ( 'NONE',  ( 96.40245264755532162, -14.87627095649735054, -2.422553660232901862 ) ) ;
#7733 = EDGE_LOOP ( 'NONE', ( #1857, #4313, #1894, #2107 ) ) ;
#7734 = CARTESIAN_POINT ( 'NONE',  ( 114.0935983190577190, 3.999999999999826805, 25.16323567688137075 ) ) ;
#7735 = CARTESIAN_POINT ( 'NONE',  ( 97.35391052434010817, 8.200000000000002842, -3.374011537017794549 ) ) ;
#7736 = ORIENTED_EDGE ( 'NONE', *, *, #328, .T. ) ;
#7737 = VECTOR ( 'NONE', #7097, 1000.000000000000114 ) ;
#7738 = DIRECTION ( 'NONE',  ( -0.7071067811865522357, -6.106226635438359986E-16, -0.7071067811865427988 ) ) ;
#7739 = ORIENTED_EDGE ( 'NONE', *, *, #5679, .T. ) ;
#7740 = ORIENTED_EDGE ( 'NONE', *, *, #9544, .F. ) ;
#7741 = AXIS2_PLACEMENT_3D ( 'NONE', #917, #1523, #9424 ) ;
#7742 = CIRCLE ( 'NONE', #9436, 0.6000000000000057510 ) ;
#7743 = DIRECTION ( 'NONE',  ( -0.7071067811865513475, -1.691909977029939400E-16, -0.7071067811865436870 ) ) ;
#7744 = DIRECTION ( 'NONE',  ( 0.000000000000000000, -0.5773502691896241767, 0.8164965809277271447 ) ) ;
#7745 = DIRECTION ( 'NONE',  ( -0.7071067811865457964, 0.000000000000000000, -0.7071067811865492381 ) ) ;
#7746 = AXIS2_PLACEMENT_3D ( 'NONE', #6933, #10189, #1062 ) ;
#7747 = ORIENTED_EDGE ( 'NONE', *, *, #6959, .F. ) ;
#7748 = FILL_AREA_STYLE_COLOUR ( '', #7868 ) ;
#7749 = DIRECTION ( 'NONE',  ( -3.280214403515942902E-15, 1.000000000000000000, 2.887691288845031861E-15 ) ) ;
#7750 = VECTOR ( 'NONE', #6531, 1000.000000000000000 ) ;
#7751 = EDGE_CURVE ( 'NONE', #2958, #6548, #935, .T. ) ;
#7752 = VERTEX_POINT ( 'NONE', #4229 ) ;
#7753 = AXIS2_PLACEMENT_3D ( 'NONE', #4712, #638, #7907 ) ;
#7754 = DIRECTION ( 'NONE',  ( 0.6815790999493102076, -0.2662702781471616431, -0.6815790999493174240 ) ) ;
#7755 = FACE_OUTER_BOUND ( 'NONE', #8817, .T. ) ;
#7756 = CARTESIAN_POINT ( 'NONE',  ( 106.9705627484771071, 23.00000000000001421, -16.38477631085030239 ) ) ;
#7757 = VECTOR ( 'NONE', #4461, 1000.000000000000000 ) ;
#7758 = CARTESIAN_POINT ( 'NONE',  ( 87.85000000000002274, -30.53337520964456431, 0.000000000000000000 ) ) ;
#7759 = AXIS2_PLACEMENT_3D ( 'NONE', #2308, #3212, #7943 ) ;
#7760 = APPLICATION_PROTOCOL_DEFINITION ( 'draft international standard', 'automotive_design', 1998, #3928 ) ;
#7761 = CARTESIAN_POINT ( 'NONE',  ( 102.2531638107723069, -18.39387274456696986, -8.273264823450068306 ) ) ;
#7762 = VECTOR ( 'NONE', #7100, 1000.000000000000000 ) ;
#7763 = CARTESIAN_POINT ( 'NONE',  ( 98.90181167708377075, -10.31138064058062476, -4.921912689761477999 ) ) ;
#7764 = ADVANCED_FACE ( 'NONE', ( #233 ), #5848, .T. ) ;
#7765 = VERTEX_POINT ( 'NONE', #1362 ) ;
#7766 = LINE ( 'NONE', #2827, #4791 ) ;
#7767 = AXIS2_PLACEMENT_3D ( 'NONE', #6872, #10127, #9374 ) ;
#7768 = AXIS2_PLACEMENT_3D ( 'NONE', #4989, #8986, #4935 ) ;
#7769 = EDGE_CURVE ( 'NONE', #8327, #8819, #6200, .T. ) ;
#7770 = ORIENTED_EDGE ( 'NONE', *, *, #10174, .T. ) ;
#7771 = CARTESIAN_POINT ( 'NONE',  ( 104.0973850662594344, -17.97092262283425868, -10.11748607893708218 ) ) ;
#7772 = ORIENTED_EDGE ( 'NONE', *, *, #9081, .F. ) ;
#7773 = FACE_OUTER_BOUND ( 'NONE', #5854, .T. ) ;
#7774 = AXIS2_PLACEMENT_3D ( 'NONE', #2413, #6595, #4010 ) ;
#7775 = EDGE_LOOP ( 'NONE', ( #2526, #1900 ) ) ;
#7776 = DIRECTION ( 'NONE',  ( -0.4999999999999879541, 0.7071067811865612285, 0.4999999999999926170 ) ) ;
#7777 = ORIENTED_EDGE ( 'NONE', *, *, #9869, .T. ) ;
#7778 = CARTESIAN_POINT ( 'NONE',  ( 102.4336898872711004, -6.528240297526547664, -8.453790899948737447 ) ) ;
#7779 = CARTESIAN_POINT ( 'NONE',  ( 98.35831352794124882, -12.57279707635200516, -3.529886403195195310 ) ) ;
#7780 = EDGE_CURVE ( 'NONE', #7394, #4114, #7783, .T. ) ;
#7781 = B_SPLINE_SURFACE_WITH_KNOTS ( 'NONE', 3, 1, ( 
 ( #7957, #6252 ),
 ( #4597, #3179 ),
 ( #2383, #8064 ),
 ( #8686, #3814 ),
 ( #9547, #684 ),
 ( #7899, #1535 ),
 ( #7092, #2276 ),
 ( #10342, #9596 ),
 ( #3069, #578 ),
 ( #3973, #6350 ),
 ( #2329, #5551 ),
 ( #6406, #9653 ),
 ( #791, #10500 ),
 ( #5601, #3227 ),
 ( #8851, #1586 ),
 ( #4803, #5489 ),
 ( #8740, #6451 ),
 ( #9700, #2425 ),
 ( #3923, #7141 ) ),
 .UNSPECIFIED., .F., .F., .F.,
 ( 4, 1, 1, 1, 1, 1, 1, 1, 1, 1, 1, 1, 1, 1, 1, 1, 4 ),
 ( 2, 2 ),
 ( 0.000000000000000000, 0.2180541417732434484, 0.2999628892377028122, 0.3648314919390348576, 0.4414267484011876741, 0.5156068335871724084, 0.5854519617438076473, 0.6405953540161041238, 0.6746675882977185568, 0.7028946829791279383, 0.7226819820522718540, 0.7334131516685706842, 0.7550775617706313447, 0.7903349572944573520, 0.8433371530686085693, 0.8952236381008675803, 1.000000000000000000 ),
 ( 0.000000000000000000, 1.000000000000000000 ),
 .UNSPECIFIED. ) ;
#7782 = EDGE_CURVE ( 'NONE', #7298, #3080, #2947, .T. ) ;
#7783 = LINE ( 'NONE', #3053, #5520 ) ;
#7784 = CARTESIAN_POINT ( 'NONE',  ( 97.90098979629902942, -13.17793216602106376, -3.921090808976687381 ) ) ;
#7785 = ADVANCED_FACE ( 'NONE', ( #4428 ), #4625, .T. ) ;
#7786 = DIRECTION ( 'NONE',  ( -0.7071067811865512365, -2.775557561562891351E-16, -0.7071067811865437980 ) ) ;
#7787 = ADVANCED_FACE ( 'NONE', ( #7725 ), #448, .F. ) ;
#7788 = EDGE_CURVE ( 'NONE', #6919, #3385, #4532, .T. ) ;
#7789 = DIRECTION ( 'NONE',  ( 0.2377136916150712764, 0.9417984931170064744, -0.2377136916150827395 ) ) ;
#7790 = CARTESIAN_POINT ( 'NONE',  ( 65.12994231491109076, 31.00000000000001776, 2.000000000000000000 ) ) ;
#7791 = ORIENTED_EDGE ( 'NONE', *, *, #9852, .F. ) ;
#7792 = EDGE_LOOP ( 'NONE', ( #976, #4055, #139, #3275 ) ) ;
#7793 = DIRECTION ( 'NONE',  ( 0.000000000000000000, -0.5773502691896280625, 0.8164965809277243691 ) ) ;
#7794 = FACE_OUTER_BOUND ( 'NONE', #6583, .T. ) ;
#7795 = VERTEX_POINT ( 'NONE', #5373 ) ;
#7796 = CARTESIAN_POINT ( 'NONE',  ( 90.36479445242370900, 28.00000000000002132, 4.463632672322522588 ) ) ;
#7797 = ORIENTED_EDGE ( 'NONE', *, *, #7524, .F. ) ;
#7798 = ORIENTED_EDGE ( 'NONE', *, *, #3305, .F. ) ;
#7799 = ADVANCED_FACE ( 'NONE', ( #6173 ), #4578, .T. ) ;
#7800 = CYLINDRICAL_SURFACE ( 'NONE', #106, 1.949958776210933165 ) ;
#7801 = DIRECTION ( 'NONE',  ( 0.7071067811865513475, 1.691909977029939893E-16, 0.7071067811865436870 ) ) ;
#7802 = CARTESIAN_POINT ( 'NONE',  ( 90.00000000000002842, 33.58337520964457212, -162.2337144733732259 ) ) ;
#7803 = ORIENTED_EDGE ( 'NONE', *, *, #4137, .T. ) ;
#7804 =( NAMED_UNIT ( * ) PLANE_ANGLE_UNIT ( ) SI_UNIT ( $, .RADIAN. ) );
#7805 = DIRECTION ( 'NONE',  ( -0.7071067811865513475, -1.691909977029939400E-16, -0.7071067811865436870 ) ) ;
#7806 = ORIENTED_EDGE ( 'NONE', *, *, #4125, .T. ) ;
#7807 = DIRECTION ( 'NONE',  ( 0.7071067811865440200, 1.971276677246372752E-16, -0.7071067811865511255 ) ) ;
#7808 = CARTESIAN_POINT ( 'NONE',  ( 97.84888527117067270, 15.00000000000000711, -3.868986283848387497 ) ) ;
#7809 = CARTESIAN_POINT ( 'NONE',  ( 42.25233405971178513, 26.00000000000001776, 42.25233405971131617 ) ) ;
#7810 = FACE_OUTER_BOUND ( 'NONE', #4902, .T. ) ;
#7811 = PRODUCT_CONTEXT ( 'NONE', #5995, 'mechanical' ) ;
#7812 = CARTESIAN_POINT ( 'NONE',  ( 44.51507575950881801, -18.50000000000127187, 44.51507575950819984 ) ) ;
#7813 = VERTEX_POINT ( 'NONE', #3797 ) ;
#7814 = LINE ( 'NONE', #6315, #10236 ) ;
#7815 = CARTESIAN_POINT ( 'NONE',  ( 99.47523086789975366, 10.60000000000000853, -5.495331880577450256 ) ) ;
#7816 = ORIENTED_EDGE ( 'NONE', *, *, #5847, .F. ) ;
#7817 = FACE_OUTER_BOUND ( 'NONE', #734, .T. ) ;
#7818 = ORIENTED_EDGE ( 'NONE', *, *, #1812, .F. ) ;
#7819 = LINE ( 'NONE', #9413, #9748 ) ;
#7820 = B_SPLINE_CURVE_WITH_KNOTS ( 'NONE', 3,
 ( #1985, #9952, #2683, #2782, #9250, #286, #1095, #9312, #6857, #3541, #10011, #7617, #2044, #5904, #5842, #8463, #1202, #5159, #3639 ),
 .UNSPECIFIED., .F., .F.,
 ( 4, 1, 1, 1, 1, 1, 1, 1, 1, 1, 1, 1, 1, 1, 1, 1, 4 ),
 ( 0.000000000000000000, 0.2180541417732434484, 0.2999628892377028122, 0.3648314919390348576, 0.4414267484011876741, 0.5156068335871724084, 0.5854519617438076473, 0.6405953540161041238, 0.6746675882977185568, 0.7028946829791279383, 0.7226819820522718540, 0.7334131516685706842, 0.7550775617706313447, 0.7903349572944573520, 0.8433371530686085693, 0.8952236381008675803, 1.000000000000000000 ),
 .UNSPECIFIED. ) ;
#7821 = ORIENTED_EDGE ( 'NONE', *, *, #5405, .F. ) ;
#7822 = DIRECTION ( 'NONE',  ( -1.000000000000000000, -0.000000000000000000, -0.000000000000000000 ) ) ;
#7823 = EDGE_LOOP ( 'NONE', ( #437, #8682, #2393, #3229 ) ) ;
#7824 = ADVANCED_FACE ( 'NONE', ( #6864 ), #2206, .T. ) ;
#7825 = CARTESIAN_POINT ( 'NONE',  ( 101.2870179104179300, -5.806184949683045105, -7.307118923095408114 ) ) ;
#7826 = ADVANCED_FACE ( 'NONE', ( #5322 ), #8461, .T. ) ;
#7827 = CARTESIAN_POINT ( 'NONE',  ( 91.81484650115807256, 29.00000000000001776, -46.60839567610515388 ) ) ;
#7828 = CARTESIAN_POINT ( 'NONE',  ( 97.84888527117067270, 14.90000000000000213, -3.868986283848387497 ) ) ;
#7829 = AXIS2_PLACEMENT_3D ( 'NONE', #391, #3642, #9253 ) ;
#7830 = CARTESIAN_POINT ( 'NONE',  ( 99.81979658457265714, -13.13575954536769252, -5.839897597250341299 ) ) ;
#7831 = DIRECTION ( 'NONE',  ( -0.7071067811865513475, 0.000000000000000000, -0.7071067811865437980 ) ) ;
#7832 = DIRECTION ( 'NONE',  ( 0.7071067811865513475, 1.691909977029939893E-16, 0.7071067811865436870 ) ) ;
#7833 = DIRECTION ( 'NONE',  ( -1.000000000000000000, -5.026175035178150888E-15, 0.000000000000000000 ) ) ;
#7834 = ORIENTED_EDGE ( 'NONE', *, *, #9527, .F. ) ;
#7835 = FACE_OUTER_BOUND ( 'NONE', #1713, .T. ) ;
#7836 = EDGE_LOOP ( 'NONE', ( #3199, #6495, #10010, #10211 ) ) ;
#7837 = LINE ( 'NONE', #7949, #297 ) ;
#7838 = VECTOR ( 'NONE', #2747, 1000.000000000000000 ) ;
#7839 = CARTESIAN_POINT ( 'NONE',  ( 102.3904209951923292, -14.61673633523885485, -7.561993870446253929 ) ) ;
#7840 = ORIENTED_EDGE ( 'NONE', *, *, #781, .F. ) ;
#7841 = DIRECTION ( 'NONE',  ( -0.7071067811865454633, 0.000000000000000000, 0.7071067811865495711 ) ) ;
#7842 = ORIENTED_EDGE ( 'NONE', *, *, #9472, .T. ) ;
#7844 = ORIENTED_EDGE ( 'NONE', *, *, #9509, .T. ) ;
#7843 = VECTOR ( 'NONE', #8092, 999.9999999999998863 ) ;
#7845 = DIRECTION ( 'NONE',  ( 0.7071067811865513475, 1.691909977029939893E-16, 0.7071067811865436870 ) ) ;
#7846 = CARTESIAN_POINT ( 'NONE',  ( 102.3186667316766290, -6.159600610020007139, -7.490239606930513716 ) ) ;
#7847 = CARTESIAN_POINT ( 'NONE',  ( 106.1220346110532375, 10.60000000000001208, -12.14213562373103095 ) ) ;
#7848 = EDGE_CURVE ( 'NONE', #4489, #8688, #5524, .T. ) ;
#7849 = ORIENTED_EDGE ( 'NONE', *, *, #7604, .T. ) ;
#7850 = ADVANCED_FACE ( 'NONE', ( #8042 ), #5388, .F. ) ;
#7851 = AXIS2_PLACEMENT_3D ( 'NONE', #6691, #8930, #870 ) ;
#7852 = EDGE_CURVE ( 'NONE', #8305, #2465, #5584, .T. ) ;
#7853 = ADVANCED_FACE ( 'NONE', ( #4060 ), #6480, .F. ) ;
#7854 = SURFACE_STYLE_FILL_AREA ( #9443 ) ;
#7855 = CARTESIAN_POINT ( 'NONE',  ( 89.00000000000001421, 31.00000000000002132, 1.000000000000000000 ) ) ;
#7856 = ORIENTED_EDGE ( 'NONE', *, *, #2920, .T. ) ;
#7857 = DIRECTION ( 'NONE',  ( -0.7071067811865513475, 0.000000000000000000, -0.7071067811865436870 ) ) ;
#7858 = FACE_OUTER_BOUND ( 'NONE', #7185, .T. ) ;
#7859 = DIRECTION ( 'NONE',  ( 1.000000000000000000, 2.590264123990840275E-16, 0.000000000000000000 ) ) ;
#7860 =( NAMED_UNIT ( * ) SI_UNIT ( $, .STERADIAN. ) SOLID_ANGLE_UNIT ( ) );
#7861 = LINE ( 'NONE', #2345, #9292 ) ;
#7862 = VECTOR ( 'NONE', #1136, 1000.000000000000000 ) ;
#7863 = LINE ( 'NONE', #4459, #981 ) ;
#7864 = CARTESIAN_POINT ( 'NONE',  ( 103.2850288425443637, 23.61213203435597663, -8.456601717798266193 ) ) ;
#7865 = EDGE_LOOP ( 'NONE', ( #3444, #8025, #240, #3884 ) ) ;
#7866 = CARTESIAN_POINT ( 'NONE',  ( 103.4854479653068751, -9.689317062940419945, -8.657020840560793573 ) ) ;
#7867 = LINE ( 'NONE', #6466, #10418 ) ;
#7868 = COLOUR_RGB ( '',0.7921568627450980005, 0.8196078431372548767, 0.9333333333333333481 ) ;
#7869 = EDGE_LOOP ( 'NONE', ( #8715, #1477, #5218, #10072 ) ) ;
#7870 = CARTESIAN_POINT ( 'NONE',  ( 89.00000000000001421, -28.99999999999998934, 2.000000000000000000 ) ) ;
#7871 = VERTEX_POINT ( 'NONE', #768 ) ;
#7872 = CARTESIAN_POINT ( 'NONE',  ( 99.89949493661166002, 15.45147186257616845, -5.919595949289384151 ) ) ;
#7873 = ORIENTED_EDGE ( 'NONE', *, *, #2303, .F. ) ;
#7874 = FACE_OUTER_BOUND ( 'NONE', #6520, .T. ) ;
#7875 = AXIS2_PLACEMENT_3D ( 'NONE', #10004, #2723, #9190 ) ;
#7876 = ORIENTED_EDGE ( 'NONE', *, *, #4404, .T. ) ;
#7877 = CARTESIAN_POINT ( 'NONE',  ( 50.50000000000002842, -43.99999999999998579, 1.000000000000000000 ) ) ;
#7878 = PRESENTATION_STYLE_ASSIGNMENT (( #5970 ) ) ;
#7879 = CARTESIAN_POINT ( 'NONE',  ( 107.4094171220143181, -11.86216094775716101, 5.529780279006728527 ) ) ;
#7880 = EDGE_CURVE ( 'NONE', #4540, #8407, #3002, .T. ) ;
#7881 = ORIENTED_EDGE ( 'NONE', *, *, #8675, .F. ) ;
#7882 = CARTESIAN_POINT ( 'NONE',  ( 97.19793158145354539, -14.14631064852410169, -3.218032594131198465 ) ) ;
#7883 = FACE_OUTER_BOUND ( 'NONE', #4473, .T. ) ;
#7884 = DIRECTION ( 'NONE',  ( -0.7071067811865829889, 5.778710843173939793E-14, -0.7071067811865121566 ) ) ;
#7885 = EDGE_LOOP ( 'NONE', ( #1328, #6273, #8160, #3554 ) ) ;
#7886 = CARTESIAN_POINT ( 'NONE',  ( 99.81979658457262872, -13.13575954536769252, -5.839897597250363503 ) ) ;
#7887 = ORIENTED_EDGE ( 'NONE', *, *, #9242, .T. ) ;
#7888 = COLOUR_RGB ( '',0.7921568627450980005, 0.8196078431372548767, 0.9333333333333333481 ) ;
#7889 = CARTESIAN_POINT ( 'NONE',  ( 106.3695219844685624, -22.99999999999998579, -15.78373554684173463 ) ) ;
#7890 = CARTESIAN_POINT ( 'NONE',  ( 103.2228968081883949, 19.40000000000001279, -9.242997820866154512 ) ) ;
#7891 = VERTEX_POINT ( 'NONE', #5635 ) ;
#7892 = ADVANCED_FACE ( 'NONE', ( #1518 ), #8883, .F. ) ;
#7893 = LINE ( 'NONE', #2737, #2489 ) ;
#7894 = CARTESIAN_POINT ( 'NONE',  ( 101.1952798768673318, -12.99999999999998579, -7.215380889545056853 ) ) ;
#7895 = VECTOR ( 'NONE', #3402, 1000.000000000000000 ) ;
#7896 = VERTEX_POINT ( 'NONE', #7992 ) ;
#7897 = ORIENTED_EDGE ( 'NONE', *, *, #6078, .F. ) ;
#7898 = CARTESIAN_POINT ( 'NONE',  ( 102.4942422204928647, -15.83300514452294649, -8.514343233170674097 ) ) ;
#7899 = CARTESIAN_POINT ( 'NONE',  ( 101.2972173759776666, -6.529575309756275203, -7.317318388655410288 ) ) ;
#7900 = DIRECTION ( 'NONE',  ( -0.7071067811865417996, 0.000000000000000000, 0.7071067811865533459 ) ) ;
#7901 = AXIS2_PLACEMENT_3D ( 'NONE', #9500, #2280, #8069 ) ;
#7902 = ORIENTED_EDGE ( 'NONE', *, *, #8724, .F. ) ;
#7903 = UNCERTAINTY_MEASURE_WITH_UNIT (LENGTH_MEASURE( 1.000000000000000082E-05 ), #3059, 'distance_accuracy_value', 'NONE');
#7904 = LINE ( 'NONE', #3779, #5176 ) ;
#7905 = EDGE_CURVE ( 'NONE', #2752, #4449, #717, .T. ) ;
#7906 = DIRECTION ( 'NONE',  ( 0.7071067811865388020, 0.000000000000000000, -0.7071067811865562325 ) ) ;
#7907 = DIRECTION ( 'NONE',  ( 0.7071067811865359154, 0.000000000000000000, -0.7071067811865590080 ) ) ;
#7908 = DIRECTION ( 'NONE',  ( 0.7071067811865436870, 0.000000000000000000, -0.7071067811865513475 ) ) ;
#7909 = EDGE_CURVE ( 'NONE', #7532, #9391, #4104, .T. ) ;
#7910 = CARTESIAN_POINT ( 'NONE',  ( 105.1333099179651214, -17.47085259553460190, -11.15341093064275313 ) ) ;
#7911 = ADVANCED_FACE ( 'NONE', ( #8834 ), #1667, .F. ) ;
#7912 = ADVANCED_FACE ( 'NONE', ( #4003 ), #7229, .F. ) ;
#7913 = ORIENTED_EDGE ( 'NONE', *, *, #7432, .F. ) ;
#7914 = AXIS2_PLACEMENT_3D ( 'NONE', #890, #5852, #1847 ) ;
#7915 = VECTOR ( 'NONE', #3434, 999.9999999999998863 ) ;
#7916 = DIRECTION ( 'NONE',  ( -0.000000000000000000, -0.000000000000000000, 1.000000000000000000 ) ) ;
#7917 = EDGE_LOOP ( 'NONE', ( #10494, #602, #6550, #688, #9084, #8003, #3566, #9974, #9570, #2865 ) ) ;
#7918 = AXIS2_PLACEMENT_3D ( 'NONE', #812, #10411, #4051 ) ;
#7919 = DIRECTION ( 'NONE',  ( -0.7071067811865512365, -2.775557561562891351E-16, -0.7071067811865437980 ) ) ;
#7920 = DIRECTION ( 'NONE',  ( -2.392722035830078972E-16, 1.000000000000000000, 3.231026779835494231E-32 ) ) ;
#7921 = ORIENTED_EDGE ( 'NONE', *, *, #1109, .F. ) ;
#7922 = CIRCLE ( 'NONE', #1988, 1.949958776210929834 ) ;
#7923 = LINE ( 'NONE', #7979, #7401 ) ;
#7924 = ORIENTED_EDGE ( 'NONE', *, *, #6541, .F. ) ;
#7925 = CARTESIAN_POINT ( 'NONE',  ( 97.84888527117068691, 8.200000000000004619, -3.868986283848387497 ) ) ;
#7926 = CARTESIAN_POINT ( 'NONE',  ( 101.7112819791297227, -5.806184949683045105, -6.882854854383613663 ) ) ;
#7927 = VECTOR ( 'NONE', #9990, 1000.000000000000000 ) ;
#7928 = EDGE_CURVE ( 'NONE', #7666, #4074, #7332, .T. ) ;
#7929 = ORIENTED_EDGE ( 'NONE', *, *, #3824, .T. ) ;
#7930 = ORIENTED_EDGE ( 'NONE', *, *, #2021, .T. ) ;
#7931 = DIRECTION ( 'NONE',  ( 0.7071067811865520136, -8.881784197001254296E-16, 0.7071067811865431318 ) ) ;
#7932 = ORIENTED_EDGE ( 'NONE', *, *, #3754, .T. ) ;
#7933 = CIRCLE ( 'NONE', #5367, 1.000000000000000888 ) ;
#7934 = AXIS2_PLACEMENT_3D ( 'NONE', #303, #8417, #6711 ) ;
#7935 = CIRCLE ( 'NONE', #123, 0.5999999999999935385 ) ;
#7936 = CARTESIAN_POINT ( 'NONE',  ( 90.00000000000001421, 28.30182704129450855, -53.41377253827579352 ) ) ;
#7937 = DIRECTION ( 'NONE',  ( 0.7071067811865505703, -2.081668171172168908E-15, 0.7071067811865445751 ) ) ;
#7938 = VECTOR ( 'NONE', #8984, 1000.000000000000114 ) ;
#7939 = AXIS2_PLACEMENT_3D ( 'NONE', #8471, #1053, #1262 ) ;
#7940 = CARTESIAN_POINT ( 'NONE',  ( 104.9299979977840991, -17.83185802076771154, -10.10157087303803713 ) ) ;
#7941 = CARTESIAN_POINT ( 'NONE',  ( 99.72539707282160748, -13.19755653183789690, -5.745498085499308516 ) ) ;
#7942 = CIRCLE ( 'NONE', #7934, 2.499999999999988454 ) ;
#7943 = DIRECTION ( 'NONE',  ( -0.7071067811865454633, 0.000000000000000000, 0.7071067811865495711 ) ) ;
#7944 = DIRECTION ( 'NONE',  ( 0.6659521009943031311, -0.3361779266438174041, -0.6659521009943114578 ) ) ;
#7945 = FACE_BOUND ( 'NONE', #3290, .T. ) ;
#7946 = ORIENTED_EDGE ( 'NONE', *, *, #40, .T. ) ;
#7947 = CARTESIAN_POINT ( 'NONE',  ( 97.53772805943586377, -16.99759392308838812, -3.557829072113556812 ) ) ;
#7948 = ORIENTED_EDGE ( 'NONE', *, *, #9322, .F. ) ;
#7949 = CARTESIAN_POINT ( 'NONE',  ( 110.1752267978220203, -17.15322309509429743, 2.763970603199012555 ) ) ;
#7950 = DIRECTION ( 'NONE',  ( 1.000000000000000000, 0.000000000000000000, 0.000000000000000000 ) ) ;
#7951 = VECTOR ( 'NONE', #7931, 1000.000000000000000 ) ;
#7952 = ORIENTED_EDGE ( 'NONE', *, *, #1745, .F. ) ;
#7953 = FACE_OUTER_BOUND ( 'NONE', #5696, .T. ) ;
#7954 = ORIENTED_EDGE ( 'NONE', *, *, #5568, .T. ) ;
#7955 = EDGE_LOOP ( 'NONE', ( #7325, #3626, #3283, #9607 ) ) ;
#7956 = DIRECTION ( 'NONE',  ( 0.7071067811865436870, 5.236901059552623732E-15, -0.7071067811865513475 ) ) ;
#7957 = CARTESIAN_POINT ( 'NONE',  ( 101.7998861195488729, -11.24750411939341177, -7.819987132226619231 ) ) ;
#7958 = EDGE_CURVE ( 'NONE', #8195, #703, #926, .T. ) ;
#7959 =( NAMED_UNIT ( * ) SI_UNIT ( $, .STERADIAN. ) SOLID_ANGLE_UNIT ( ) );
#7960 = CARTESIAN_POINT ( 'NONE',  ( 55.23044737829938100, 28.10050506338834708, 1.999999999999996669 ) ) ;
#7961 = AXIS2_PLACEMENT_3D ( 'NONE', #2818, #426, #2877 ) ;
#7962 = EDGE_CURVE ( 'NONE', #5645, #2032, #9894, .T. ) ;
#7963 = ORIENTED_EDGE ( 'NONE', *, *, #10415, .F. ) ;
#7964 = DIRECTION ( 'NONE',  ( 0.000000000000000000, 0.1806084835755646101, -0.9835550699683953679 ) ) ;
#7965 = DIRECTION ( 'NONE',  ( 0.7071067811865456854, -9.562886442340736991E-16, -0.7071067811865493491 ) ) ;
#7966 = DIRECTION ( 'NONE',  ( 0.7071067811865513475, 1.691909977029939893E-16, 0.7071067811865436870 ) ) ;
#7967 = DIRECTION ( 'NONE',  ( 0.7071067811865513475, 1.691909977029939893E-16, 0.7071067811865436870 ) ) ;
#7968 = CARTESIAN_POINT ( 'NONE',  ( 104.4249783362055410, 8.200000000000004619, -10.44507934888330780 ) ) ;
#7969 = CARTESIAN_POINT ( 'NONE',  ( 79.85857960328988270, 9.999999999999735323, 14.96984752145645636 ) ) ;
#7970 = ORIENTED_EDGE ( 'NONE', *, *, #443, .T. ) ;
#7971 = ADVANCED_FACE ( 'NONE', ( #4154 ), #4312, .F. ) ;
#7972 = CARTESIAN_POINT ( 'NONE',  ( 105.6977705423412459, 23.00000000000001421, -21.19310242291884450 ) ) ;
#7973 = VERTEX_POINT ( 'NONE', #9945 ) ;
#7974 = LINE ( 'NONE', #5457, #1418 ) ;
#7975 = EDGE_CURVE ( 'NONE', #2606, #1111, #5016, .T. ) ;
#7976 = CYLINDRICAL_SURFACE ( 'NONE', #3136, 0.1499999999999973577 ) ;
#7977 = ADVANCED_FACE ( 'NONE', ( #1878 ), #3421, .F. ) ;
#7978 = EDGE_LOOP ( 'NONE', ( #8736, #5576, #3094, #1376 ) ) ;
#7979 = CARTESIAN_POINT ( 'NONE',  ( 51.50000000000002132, 44.99999999999998579, 2.000000000000000000 ) ) ;
#7980 = ORIENTED_EDGE ( 'NONE', *, *, #1042, .F. ) ;
#7981 = FACE_OUTER_BOUND ( 'NONE', #313, .T. ) ;
#7982 = EDGE_LOOP ( 'NONE', ( #8286, #5000, #8295, #3112 ) ) ;
#7983 = EDGE_LOOP ( 'NONE', ( #1675, #5569, #6631, #9688 ) ) ;
#7984 = PLANE ( 'NONE',  #5223 ) ;
#7985 = EDGE_CURVE ( 'NONE', #8396, #6258, #7389, .T. ) ;
#7986 = CARTESIAN_POINT ( 'NONE',  ( 90.00000000000001421, 26.91365409133657849, -53.37806274661027572 ) ) ;
#7987 = EDGE_CURVE ( 'NONE', #7359, #7294, #1718, .T. ) ;
#7988 = CARTESIAN_POINT ( 'NONE',  ( 118.9913780286483131, 24.00000000000002132, -25.57716446627549089 ) ) ;
#7989 = EDGE_CURVE ( 'NONE', #4004, #2583, #112, .T. ) ;
#7990 = EDGE_CURVE ( 'NONE', #189, #10309, #5737, .T. ) ;
#7991 = DIRECTION ( 'NONE',  ( -0.000000000000000000, -0.000000000000000000, 1.000000000000000000 ) ) ;
#7992 = CARTESIAN_POINT ( 'NONE',  ( 102.8350288425443466, 22.12720779386422976, -8.006601717798261575 ) ) ;
#7993 = CARTESIAN_POINT ( 'NONE',  ( 96.56275018514070041, -16.01393618834264032, -2.582851197818390787 ) ) ;
#7994 = DIRECTION ( 'NONE',  ( -0.7071067811865439090, 0.000000000000000000, 0.7071067811865512365 ) ) ;
#7995 = CARTESIAN_POINT ( 'NONE',  ( 89.00000000000001421, -36.99999999999998579, 1.000000000000000000 ) ) ;
#7996 = DIRECTION ( 'NONE',  ( 0.000000000000000000, 1.000000000000000000, -0.000000000000000000 ) ) ;
#7997 = VERTEX_POINT ( 'NONE', #7496 ) ;
#7998 = CARTESIAN_POINT ( 'NONE',  ( 102.3906661202183130, -18.19084692207945153, -7.562238995472217340 ) ) ;
#7999 = ORIENTED_EDGE ( 'NONE', *, *, #1685, .T. ) ;
#8000 = LINE ( 'NONE', #6975, #9694 ) ;
#8001 =( BOUNDED_CURVE ( )  B_SPLINE_CURVE ( 3, ( #5331, #2957, #9328, #6183 ),
 .UNSPECIFIED., .F., .F. ) 
 B_SPLINE_CURVE_WITH_KNOTS ( ( 4, 4 ),
 ( 1.570796326794896780, 3.141592653589793116 ),
 .UNSPECIFIED. ) 
 CURVE ( )  GEOMETRIC_REPRESENTATION_ITEM ( )  RATIONAL_B_SPLINE_CURVE ( ( 1.000000000000000000, 0.8047378541243650485, 0.8047378541243650485, 1.000000000000000000 ) ) 
 REPRESENTATION_ITEM ( '' )  );
#8002 = CARTESIAN_POINT ( 'NONE',  ( 92.46363267232253236, -27.99999999999997513, 2.364794452423694793 ) ) ;
#8003 = ORIENTED_EDGE ( 'NONE', *, *, #3307, .F. ) ;
#8004 = EDGE_CURVE ( 'NONE', #10139, #8457, #8983, .T. ) ;
#8005 = CARTESIAN_POINT ( 'NONE',  ( 102.5146236939209103, -9.522523154208451857, -8.534724706598755262 ) ) ;
#8006 = CARTESIAN_POINT ( 'NONE',  ( 88.00000000000001421, 27.00000000000001776, 0.000000000000000000 ) ) ;
#8007 = VERTEX_POINT ( 'NONE', #3587 ) ;
#8008 = ORIENTED_EDGE ( 'NONE', *, *, #5181, .T. ) ;
#8009 = CARTESIAN_POINT ( 'NONE',  ( 51.50000000000002132, 44.99999999999998579, 0.000000000000000000 ) ) ;
#8010 = CARTESIAN_POINT ( 'NONE',  ( 103.8085749430515392, -8.143294783059557673, -8.980147818305450613 ) ) ;
#8011 = SURFACE_STYLE_USAGE ( .BOTH. , #4804 ) ;
#8012 = VECTOR ( 'NONE', #9691, 1000.000000000000000 ) ;
#8013 = CARTESIAN_POINT ( 'NONE',  ( 105.5547049043997134, -16.70926321126091452, -11.57480591707749795 ) ) ;
#8014 = ORIENTED_EDGE ( 'NONE', *, *, #443, .F. ) ;
#8015 = CARTESIAN_POINT ( 'NONE',  ( 96.81784729669254830, -13.97412752232801658, -1.989420171946379101 ) ) ;
#8016 = B_SPLINE_CURVE_WITH_KNOTS ( 'NONE', 3,
 ( #7830, #7941, #10224, #6920, #2208, #3704, #558, #2050, #4626, #7726, #9420, #7784, #2157, #1461, #6234, #5269, #10178, #2843, #7882, #4682, #669, #3907, #2900, #5374, #3799, #7022, #6122, #10119, #10270, #8721, #5323, #3003, #3850, #8568, #8665, #1313, #4535, #3757, #6967, #9479, #9525, #609, #10329, #6174, #5423, #8622, #1364, #3054, #6279, #8045, #3161, #5637, #8885, #9685, #875, #1571, #3955, #2409, #4934, #6386, #10482, #6483, #9735, #4835, #2522, #2307, #5528, #1520, #4786, #770, #6330, #2463 ),
 .UNSPECIFIED., .F., .F.,
 ( 4, 2, 2, 2, 2, 2, 2, 2, 2, 2, 2, 2, 2, 2, 2, 2, 2, 2, 2, 2, 2, 2, 2, 2, 2, 2, 2, 2, 2, 2, 2, 2, 2, 2, 2, 4 ),
 ( 0.000000000000000000, 0.0004357624421641776336, 0.0008715248843283552671, 0.001743049768656708149, 0.002178812210820869899, 0.002614574652985031215, 0.003050337095149193399, 0.003486099537313355149, 0.003921861979477516032, 0.004357624421641677348, 0.004793386863805838664, 0.005229149305969999981, 0.005664911748134162164, 0.006100674190298323481, 0.006972199074626626164, 0.007407961516790777939, 0.007843723958954929715, 0.008279486401119079755, 0.008715248843283231531, 0.009151011285447383306, 0.009586773727611533347, 0.009804654948693610969, 0.01002253616977568686, 0.01013147678031674215, 0.01024041739085779397, 0.01045829861193989241, 0.01067617983302199085, 0.01089406105410408929, 0.01111194227518618599, 0.01132982349626828616, 0.01176558593843247610, 0.01220134838059666604, 0.01263711082276085598, 0.01307287326492504766, 0.01350863570708924107, 0.01394439814925343274 ),
 .UNSPECIFIED. ) ;
#8017 = LINE ( 'NONE', #6257, #6368 ) ;
#8018 = VECTOR ( 'NONE', #6903, 1000.000000000000227 ) ;
#8019 = ORIENTED_EDGE ( 'NONE', *, *, #2394, .F. ) ;
#8020 = CARTESIAN_POINT ( 'NONE',  ( 75.82807095052649515, 15.49999999999885247, 16.17192904947367538 ) ) ;
#8021 = ADVANCED_FACE ( 'NONE', ( #985 ), #8352, .T. ) ;
#8022 = LINE ( 'NONE', #3823, #9618 ) ;
#8023 = DIRECTION ( 'NONE',  ( -0.7071067811865514585, -2.775557561562890858E-16, -0.7071067811865437980 ) ) ;
#8024 = CARTESIAN_POINT ( 'NONE',  ( 0.01403530012552417494, 24.00000000000000355, -61.11590701478488796 ) ) ;
#8025 = ORIENTED_EDGE ( 'NONE', *, *, #8151, .F. ) ;
#8026 = VECTOR ( 'NONE', #6964, 1000.000000000000000 ) ;
#8027 = DIRECTION ( 'NONE',  ( 0.7071067811865402453, 0.000000000000000000, -0.7071067811865549002 ) ) ;
#8028 = VERTEX_POINT ( 'NONE', #221 ) ;
#8029 = LINE ( 'NONE', #649, #8689 ) ;
#8030 = CARTESIAN_POINT ( 'NONE',  ( 73.73654403270953139, 24.00000000000001421, 19.67766952966378113 ) ) ;
#8031 = ORIENTED_EDGE ( 'NONE', *, *, #3953, .F. ) ;
#8032 = PLANE ( 'NONE',  #3341 ) ;
#8033 = CIRCLE ( 'NONE', #3456, 0.6000000000000057510 ) ;
#8034 = FACE_OUTER_BOUND ( 'NONE', #4423, .T. ) ;
#8035 = VERTEX_POINT ( 'NONE', #170 ) ;
#8036 = ORIENTED_EDGE ( 'NONE', *, *, #886, .F. ) ;
#8037 = FACE_OUTER_BOUND ( 'NONE', #7792, .T. ) ;
#8038 = COLOUR_RGB ( '',0.7921568627450980005, 0.8196078431372548767, 0.9333333333333333481 ) ;
#8039 = DIRECTION ( 'NONE',  ( -0.7071067811865415775, 0.000000000000000000, 0.7071067811865535679 ) ) ;
#8040 = DIRECTION ( 'NONE',  ( 0.7071067811865513475, 1.691909977029939893E-16, 0.7071067811865436870 ) ) ;
#8041 = CARTESIAN_POINT ( 'NONE',  ( 103.8779727512074658, -7.349759618135095707, -9.049545626461400261 ) ) ;
#8042 = FACE_OUTER_BOUND ( 'NONE', #1199, .T. ) ;
#8043 = EDGE_CURVE ( 'NONE', #948, #2478, #6590, .T. ) ;
#8044 = ORIENTED_EDGE ( 'NONE', *, *, #90, .F. ) ;
#8045 = CARTESIAN_POINT ( 'NONE',  ( 99.33747247065244323, -17.91147688673823168, -5.357573483330238417 ) ) ;
#8046 = CARTESIAN_POINT ( 'NONE',  ( 111.5904139806818591, 22.55147186257615033, 1.348783420339141115 ) ) ;
#8047 = LINE ( 'NONE', #4737, #2019 ) ;
#8048 = EDGE_LOOP ( 'NONE', ( #7306, #3615, #9406, #4281 ) ) ;
#8049 = CARTESIAN_POINT ( 'NONE',  ( 100.6268383058216074, -14.95660470975032652, -5.798411181075506349 ) ) ;
#8050 = EDGE_CURVE ( 'NONE', #7558, #1532, #2676, .T. ) ;
#8051 = ORIENTED_EDGE ( 'NONE', *, *, #5180, .F. ) ;
#8052 = ADVANCED_FACE ( 'NONE', ( #6754 ), #1928, .F. ) ;
#8053 = EDGE_CURVE ( 'NONE', #3962, #6448, #9092, .T. ) ;
#8054 = FACE_BOUND ( 'NONE', #2418, .T. ) ;
#8055 = CARTESIAN_POINT ( 'NONE',  ( 104.0007142674936063, 8.300000000000004263, -10.02081528017137479 ) ) ;
#8056 = VERTEX_POINT ( 'NONE', #10006 ) ;
#8057 = CARTESIAN_POINT ( 'NONE',  ( 90.28840462579145765, 21.49999999999898392, -0.7632783599442077849 ) ) ;
#8058 = CARTESIAN_POINT ( 'NONE',  ( 63.83386782301960238, -30.99999999999773337, 2.000000000000003553 ) ) ;
#8059 = LINE ( 'NONE', #1628, #10457 ) ;
#8060 = ORIENTED_EDGE ( 'NONE', *, *, #2990, .T. ) ;
#8061 = VERTEX_POINT ( 'NONE', #2726 ) ;
#8062 = VECTOR ( 'NONE', #601, 1000.000000000000000 ) ;
#8063 = CARTESIAN_POINT ( 'NONE',  ( 105.5607496415069591, -15.08670238978427847, -11.58085065418471515 ) ) ;
#8064 = CARTESIAN_POINT ( 'NONE',  ( 103.5117664492888707, -9.219426233395644488, -8.683339324542830084 ) ) ;
#8065 = CARTESIAN_POINT ( 'NONE',  ( 52.00000000000002132, -44.99999999999998579, 0.000000000000000000 ) ) ;
#8066 = CARTESIAN_POINT ( 'NONE',  ( 75.75736027240797910, 1.140504944244243105E-13, 13.27279124660868526 ) ) ;
#8067 = ORIENTED_EDGE ( 'NONE', *, *, #6094, .T. ) ;
#8068 = AXIS2_PLACEMENT_3D ( 'NONE', #3870, #738, #5442 ) ;
#8069 = DIRECTION ( 'NONE',  ( 0.000000000000000000, -0.5773502691896486017, -0.8164965809277098252 ) ) ;
#8070 = FACE_OUTER_BOUND ( 'NONE', #451, .T. ) ;
#8071 = DIRECTION ( 'NONE',  ( 0.7071067811865513475, 1.691909977029939400E-16, 0.7071067811865436870 ) ) ;
#8072 = FACE_OUTER_BOUND ( 'NONE', #7983, .T. ) ;
#8073 = CARTESIAN_POINT ( 'NONE',  ( 102.2896988409871568, -16.94059784720014505, -8.309799853664930680 ) ) ;
#8074 = CARTESIAN_POINT ( 'NONE',  ( 87.85000000000002274, 33.58337520964456502, -95.00000000000000000 ) ) ;
#8075 = AXIS2_PLACEMENT_3D ( 'NONE', #1173, #9438, #1276 ) ;
#8076 = ORIENTED_EDGE ( 'NONE', *, *, #9759, .T. ) ;
#8077 = DIRECTION ( 'NONE',  ( 0.6428647649347203341, -0.4164730339539912674, -0.6428647649347291049 ) ) ;
#8078 = DIRECTION ( 'NONE',  ( 0.7071067811865513475, 1.691909977029939893E-16, 0.7071067811865436870 ) ) ;
#8079 = CIRCLE ( 'NONE', #4837, 2.499999999999988454 ) ;
#8080 = EDGE_LOOP ( 'NONE', ( #2963, #2700 ) ) ;
#8081 = DIRECTION ( 'NONE',  ( 1.000000000000000000, 0.000000000000000000, 0.000000000000000000 ) ) ;
#8082 = ORIENTED_EDGE ( 'NONE', *, *, #7788, .T. ) ;
#8083 = CARTESIAN_POINT ( 'NONE',  ( 99.10522561554527954, -7.861201327428839036, -5.125326628222987679 ) ) ;
#8084 = VECTOR ( 'NONE', #138, 1000.000000000000000 ) ;
#8085 = EDGE_LOOP ( 'NONE', ( #3668, #3641, #5579, #2279 ) ) ;
#8086 = ADVANCED_FACE ( 'NONE', ( #5945 ), #8401, .F. ) ;
#8087 = ORIENTED_EDGE ( 'NONE', *, *, #7655, .F. ) ;
#8088 = CARTESIAN_POINT ( 'NONE',  ( 47.41421356237359674, 28.00000000000001776, 47.41421356237309936 ) ) ;
#8089 = VECTOR ( 'NONE', #6492, 1000.000000000000000 ) ;
#8090 = CARTESIAN_POINT ( 'NONE',  ( 102.7139629096991484, -16.94059784720014150, -7.885535784953041194 ) ) ;
#8091 = ADVANCED_FACE ( 'NONE', ( #10212 ), #1244, .F. ) ;
#8092 = DIRECTION ( 'NONE',  ( -0.7071067811865512365, -2.775557561562891844E-16, -0.7071067811865439090 ) ) ;
#8093 = LINE ( 'NONE', #6432, #2115 ) ;
#8094 = CARTESIAN_POINT ( 'NONE',  ( 105.8128538457954875, -16.92215494435891898, -10.98442672104943618 ) ) ;
#8095 = DIRECTION ( 'NONE',  ( 0.7071067811865507924, -6.661338147750937270E-16, 0.7071067811865443531 ) ) ;
#8096 = VECTOR ( 'NONE', #5661, 1000.000000000000000 ) ;
#8097 = CARTESIAN_POINT ( 'NONE',  ( 103.9300035893749055, -2.999999999999984901, -19.42533546995246496 ) ) ;
#8098 = DIRECTION ( 'NONE',  ( 1.000000000000000000, 0.000000000000000000, 0.000000000000000000 ) ) ;
#8099 = VECTOR ( 'NONE', #8484, 1000.000000000000000 ) ;
#8100 = VECTOR ( 'NONE', #517, 1000.000000000000000 ) ;
#8101 = VERTEX_POINT ( 'NONE', #7659 ) ;
#8102 = CARTESIAN_POINT ( 'NONE',  ( 82.00000000000001421, -36.99999999999998579, 1.000000000000000000 ) ) ;
#8103 = VERTEX_POINT ( 'NONE', #2143 ) ;
#8104 = CIRCLE ( 'NONE', #9107, 0.6000000000000057510 ) ;
#8105 = ADVANCED_FACE ( 'NONE', ( #10104 ), #2090, .F. ) ;
#8106 = CARTESIAN_POINT ( 'NONE',  ( 88.00000000000001421, 36.99999999999999289, 0.000000000000000000 ) ) ;
#8107 = AXIS2_PLACEMENT_3D ( 'NONE', #7318, #5825, #262 ) ;
#8108 = DIRECTION ( 'NONE',  ( 0.7071067811865416886, -0.000000000000000000, -0.7071067811865532349 ) ) ;
#8109 = ADVANCED_FACE ( 'NONE', ( #1976 ), #10051, .F. ) ;
#8110 = EDGE_LOOP ( 'NONE', ( #8712, #5636 ) ) ;
#8111 = VECTOR ( 'NONE', #4870, 1000.000000000000000 ) ;
#8112 = CARTESIAN_POINT ( 'NONE',  ( 102.7484287933589258, -8.305174303910103362, -8.768529806036735152 ) ) ;
#8113 = EDGE_CURVE ( 'NONE', #2583, #2174, #5211, .T. ) ;
#8114 = CARTESIAN_POINT ( 'NONE',  ( 76.14626900206054927, 15.49999999999887912, 13.37885726378688567 ) ) ;
#8115 = EDGE_CURVE ( 'NONE', #1111, #2606, #2834, .T. ) ;
#8116 = EDGE_CURVE ( 'NONE', #7891, #8774, #4614, .T. ) ;
#8117 = ORIENTED_EDGE ( 'NONE', *, *, #6667, .F. ) ;
#8118 = ORIENTED_EDGE ( 'NONE', *, *, #3874, .F. ) ;
#8119 = CARTESIAN_POINT ( 'NONE',  ( 103.0271830139379574, -17.04530856212642576, -9.047284026615800556 ) ) ;
#8120 = DIRECTION ( 'NONE',  ( 0.7071067811865507924, -6.661338147750937270E-16, 0.7071067811865443531 ) ) ;
#8121 = FILL_AREA_STYLE ('',( #4123 ) ) ;
#8122 = VECTOR ( 'NONE', #9468, 999.9999999999998863 ) ;
#8123 = CARTESIAN_POINT ( 'NONE',  ( 97.77817459305204295, 8.200000000000002842, -2.949747468305876641 ) ) ;
#8124 = VERTEX_POINT ( 'NONE', #2830 ) ;
#8125 = FACE_OUTER_BOUND ( 'NONE', #9219, .T. ) ;
#8126 = EDGE_CURVE ( 'NONE', #1425, #1680, #6728, .T. ) ;
#8127 = ADVANCED_FACE ( 'NONE', ( #7817 ), #6804, .F. ) ;
#8128 = DIRECTION ( 'NONE',  ( 0.7071067811865522357, 6.106226635438359986E-16, 0.7071067811865427988 ) ) ;
#8129 = DIRECTION ( 'NONE',  ( -0.000000000000000000, -0.000000000000000000, 1.000000000000000000 ) ) ;
#8130 = CARTESIAN_POINT ( 'NONE',  ( 98.65922096173177636, -12.37008508985941369, -3.830793836985632694 ) ) ;
#8131 = CARTESIAN_POINT ( 'NONE',  ( 97.92976791516490209, -11.86216094775716101, -3.949868927842582700 ) ) ;
#8132 = EDGE_LOOP ( 'NONE', ( #2117, #3916, #5574, #7439 ) ) ;
#8133 = DIRECTION ( 'NONE',  ( 0.7071067811865512365, 1.326091603618060524E-16, 0.7071067811865439090 ) ) ;
#8134 = DIRECTION ( 'NONE',  ( -0.7071067811865437980, 1.467497978196606616E-31, 0.7071067811865512365 ) ) ;
#8135 = ORIENTED_EDGE ( 'NONE', *, *, #6667, .T. ) ;
#8136 = CARTESIAN_POINT ( 'NONE',  ( 103.9300035893749055, -2.999999999999984901, -19.42533546995246496 ) ) ;
#8137 = CARTESIAN_POINT ( 'NONE',  ( 91.79415395635763275, 29.00000000000001066, 1.695896372019194187 ) ) ;
#8138 = CARTESIAN_POINT ( 'NONE',  ( 99.17066732507518623, -8.351923368053016716, -5.190768337752894368 ) ) ;
#8139 = ORIENTED_EDGE ( 'NONE', *, *, #2960, .F. ) ;
#8140 = ORIENTED_EDGE ( 'NONE', *, *, #7780, .T. ) ;
#8141 = CARTESIAN_POINT ( 'NONE',  ( 103.0107647738324204, 23.40000000000001279, -9.030865786510190674 ) ) ;
#8142 = CARTESIAN_POINT ( 'NONE',  ( 130.8808224589213580, -12.99999999999997868, 8.374011537017558737 ) ) ;
#8143 = CARTESIAN_POINT ( 'NONE',  ( 101.9661569264804228, -14.61673633523884952, -7.986257939158171837 ) ) ;
#8144 = LINE ( 'NONE', #6638, #8384 ) ;
#8145 = CARTESIAN_POINT ( 'NONE',  ( 104.5057339290721643, -17.83185802076771154, -10.52583494174996126 ) ) ;
#8146 = VERTEX_POINT ( 'NONE', #2197 ) ;
#8147 = DIRECTION ( 'NONE',  ( -0.3535533905932728427, 0.8660254037844367092, 0.3535533905932795040 ) ) ;
#8148 = CARTESIAN_POINT ( 'NONE',  ( 108.9548800747491697, 10.60000000000001030, 3.984317326271868076 ) ) ;
#8149 = EDGE_CURVE ( 'NONE', #5518, #1986, #384, .T. ) ;
#8150 = VERTEX_POINT ( 'NONE', #3745 ) ;
#8151 = EDGE_CURVE ( 'NONE', #2220, #948, #6545, .T. ) ;
#8152 = FACE_OUTER_BOUND ( 'NONE', #1385, .T. ) ;
#8153 = ORIENTED_EDGE ( 'NONE', *, *, #8632, .F. ) ;
#8154 = DIRECTION ( 'NONE',  ( -2.392722035830078972E-16, 1.000000000000000000, -0.000000000000000000 ) ) ;
#8155 = CARTESIAN_POINT ( 'NONE',  ( 99.09344834785567002, -18.12918257376988507, -5.113549360533359511 ) ) ;
#8156 = VERTEX_POINT ( 'NONE', #6111 ) ;
#8157 = DIRECTION ( 'NONE',  ( 0.7071067811865512365, 1.691909977029939647E-16, 0.7071067811865437980 ) ) ;
#8158 = DIRECTION ( 'NONE',  ( -1.000000000000000000, -1.156482317317891801E-14, 0.000000000000000000 ) ) ;
#8159 = ORIENTED_EDGE ( 'NONE', *, *, #1178, .T. ) ;
#8160 = ORIENTED_EDGE ( 'NONE', *, *, #2826, .T. ) ;
#8161 = CARTESIAN_POINT ( 'NONE',  ( 104.4981346218979041, -13.17702642574912275, -10.51823563457566557 ) ) ;
#8162 = FACE_OUTER_BOUND ( 'NONE', #6449, .T. ) ;
#8163 = CARTESIAN_POINT ( 'NONE',  ( 82.00000000000001421, 43.99999999999998579, 1.000000000000000000 ) ) ;
#8164 = CARTESIAN_POINT ( 'NONE',  ( 59.33095244168774940, 31.00000000000001421, 1.999999999999996669 ) ) ;
#8165 = ORIENTED_EDGE ( 'NONE', *, *, #7522, .T. ) ;
#8166 = DIRECTION ( 'NONE',  ( 2.066169305673152891E-16, 1.000000000000000000, -0.000000000000000000 ) ) ;
#8167 = CARTESIAN_POINT ( 'NONE',  ( 99.17066732507517202, -8.351923368053016716, -5.190768337752912132 ) ) ;
#8168 = VECTOR ( 'NONE', #2453, 1000.000000000000000 ) ;
#8169 = EDGE_CURVE ( 'NONE', #5671, #3426, #540, .T. ) ;
#8170 = CARTESIAN_POINT ( 'NONE',  ( 102.1312545858667846, -17.56833855368435238, -8.151355598544538950 ) ) ;
#8171 = CARTESIAN_POINT ( 'NONE',  ( 82.00000000000001421, 44.99999999999998579, 2.000000000000000000 ) ) ;
#8172 = CARTESIAN_POINT ( 'NONE',  ( 97.79370513325768854, -11.97532013724116062, -3.813806145935287883 ) ) ;
#8173 = ADVANCED_FACE ( 'NONE', ( #9621 ), #8869, .T. ) ;
#8174 = EDGE_CURVE ( 'NONE', #5283, #4937, #3524, .T. ) ;
#8175 = EDGE_CURVE ( 'NONE', #9237, #3140, #8422, .T. ) ;
#8176 = ORIENTED_EDGE ( 'NONE', *, *, #4718, .T. ) ;
#8177 = VECTOR ( 'NONE', #2034, 1000.000000000000000 ) ;
#8178 = DIRECTION ( 'NONE',  ( 0.7071067811865440200, 1.971276677246372752E-16, -0.7071067811865511255 ) ) ;
#8179 = LINE ( 'NONE', #6624, #4007 ) ;
#8180 = DIRECTION ( 'NONE',  ( -1.000000000000000000, 2.312964634635743450E-16, 0.000000000000000000 ) ) ;
#8181 = CARTESIAN_POINT ( 'NONE',  ( 102.5350288425443637, 22.55147186257614678, -7.706601717798262641 ) ) ;
#8182 = CARTESIAN_POINT ( 'NONE',  ( 97.08111051695651383, -15.56395264824424274, -2.252683392210351521 ) ) ;
#8183 = VECTOR ( 'NONE', #10325, 1000.000000000000000 ) ;
#8184 = CARTESIAN_POINT ( 'NONE',  ( 103.9300035893749481, 8.300000000000004263, -9.950104602052714853 ) ) ;
#8185 = VERTEX_POINT ( 'NONE', #4722 ) ;
#8186 = ORIENTED_EDGE ( 'NONE', *, *, #4630, .F. ) ;
#8187 = DIRECTION ( 'NONE',  ( -0.7071067811865441310, 0.000000000000000000, -0.7071067811865510144 ) ) ;
#8188 = CARTESIAN_POINT ( 'NONE',  ( 65.12994231491109076, 31.00000000000002132, 4.000000000000003553 ) ) ;
#8189 = CARTESIAN_POINT ( 'NONE',  ( 118.9913780286483416, -28.99999999999998579, -25.57716446627547668 ) ) ;
#8190 = CARTESIAN_POINT ( 'NONE',  ( 73.73654403270954560, -23.99999999999998224, 19.67766952966378113 ) ) ;
#8191 = VECTOR ( 'NONE', #4983, 1000.000000000000000 ) ;
#8192 = DIRECTION ( 'NONE',  ( -1.000000000000000000, 0.000000000000000000, 0.000000000000000000 ) ) ;
#8193 = ORIENTED_EDGE ( 'NONE', *, *, #4975, .F. ) ;
#8194 = CARTESIAN_POINT ( 'NONE',  ( 97.63098721654996837, -11.34900446756577352, -3.651088229227668513 ) ) ;
#8195 = VERTEX_POINT ( 'NONE', #2357 ) ;
#8196 = CARTESIAN_POINT ( 'NONE',  ( 99.86038476133772690, -16.99672652006153939, -5.031957636591616989 ) ) ;
#8197 = COLOUR_RGB ( '',0.7921568627450980005, 0.8196078431372548767, 0.9333333333333333481 ) ;
#8198 = CARTESIAN_POINT ( 'NONE',  ( 102.2896988409871568, -16.94059784720014505, -8.309799853664930680 ) ) ;
#8199 = PLANE ( 'NONE',  #5792 ) ;
#8200 = ORIENTED_EDGE ( 'NONE', *, *, #5631, .T. ) ;
#8201 = EDGE_CURVE ( 'NONE', #1441, #2467, #7923, .T. ) ;
#8202 = LINE ( 'NONE', #1153, #6535 ) ;
#8203 = DIRECTION ( 'NONE',  ( 0.000000000000000000, 0.000000000000000000, -1.000000000000000000 ) ) ;
#8204 = ORIENTED_EDGE ( 'NONE', *, *, #2450, .T. ) ;
#8205 = ORIENTED_EDGE ( 'NONE', *, *, #8675, .T. ) ;
#8206 = CARTESIAN_POINT ( 'NONE',  ( 105.4474895498200055, -15.47973746696261088, -11.46759056249779718 ) ) ;
#8207 = DIRECTION ( 'NONE',  ( -0.7071067811865426878, 0.000000000000000000, 0.7071067811865524577 ) ) ;
#8208 = ORIENTED_EDGE ( 'NONE', *, *, #7060, .F. ) ;
#8209 = CARTESIAN_POINT ( 'NONE',  ( 101.2773123959168515, 16.15147186257616951, -6.448885271170732736 ) ) ;
#8210 = ORIENTED_EDGE ( 'NONE', *, *, #7005, .F. ) ;
#8211 = DIRECTION ( 'NONE',  ( -0.7071067811865513475, -1.691909977029939400E-16, -0.7071067811865436870 ) ) ;
#8212 = EDGE_CURVE ( 'NONE', #5527, #9937, #4699, .T. ) ;
#8213 = CIRCLE ( 'NONE', #10083, 2.600000000000008527 ) ;
#8214 = LINE ( 'NONE', #947, #5446 ) ;
#8215 = ORIENTED_EDGE ( 'NONE', *, *, #583, .F. ) ;
#8216 = FILL_AREA_STYLE_COLOUR ( '', #8038 ) ;
#8217 = CARTESIAN_POINT ( 'NONE',  ( 73.63603992884834781, -20.50000000000105516, 13.69705531532066267 ) ) ;
#8218 = CARTESIAN_POINT ( 'NONE',  ( 100.9268305776094223, -11.31398825372005668, -6.098403452863361274 ) ) ;
#8219 = DIRECTION ( 'NONE',  ( 0.000000000000000000, 0.000000000000000000, 1.000000000000000000 ) ) ;
#8220 = CARTESIAN_POINT ( 'NONE',  ( 97.77817459305201453, 8.300000000000002487, -3.798275605729727555 ) ) ;
#8221 = CARTESIAN_POINT ( 'NONE',  ( 82.00000000000001421, 36.99999999999998579, 1.000000000000000000 ) ) ;
#8222 = VECTOR ( 'NONE', #1127, 1000.000000000000000 ) ;
#8223 = ORIENTED_EDGE ( 'NONE', *, *, #5150, .T. ) ;
#8224 = CARTESIAN_POINT ( 'NONE',  ( 97.44720172272326408, -15.11136301436272156, -2.618774597977233221 ) ) ;
#8225 = EDGE_CURVE ( 'NONE', #9683, #10126, #4821, .T. ) ;
#8226 = CARTESIAN_POINT ( 'NONE',  ( 55.23044737829937390, 24.00000000000001066, 2.000000000000000000 ) ) ;
#8227 = ORIENTED_EDGE ( 'NONE', *, *, #7641, .T. ) ;
#8228 = DIRECTION ( 'NONE',  ( 0.7071067811865513475, 1.691909977029939893E-16, 0.7071067811865436870 ) ) ;
#8229 = EDGE_CURVE ( 'NONE', #8028, #3424, #9779, .T. ) ;
#8230 = EDGE_CURVE ( 'NONE', #3167, #4264, #1982, .T. ) ;
#8231 = AXIS2_PLACEMENT_3D ( 'NONE', #7263, #8023, #695 ) ;
#8232 = ADVANCED_FACE ( 'NONE', ( #4876 ), #8032, .F. ) ;
#8233 = FACE_OUTER_BOUND ( 'NONE', #6221, .T. ) ;
#8234 = LINE ( 'NONE', #9995, #7029 ) ;
#8235 = CARTESIAN_POINT ( 'NONE',  ( 103.3289628253663892, 3.000000000000012879, -18.82429470594388476 ) ) ;
#8236 = ORIENTED_EDGE ( 'NONE', *, *, #2535, .T. ) ;
#8237 = ORIENTED_EDGE ( 'NONE', *, *, #2140, .F. ) ;
#8238 = CARTESIAN_POINT ( 'NONE',  ( 103.8194928165802224, -13.26522203829090607, -8.991065691834137397 ) ) ;
#8239 = CARTESIAN_POINT ( 'NONE',  ( 102.4107647738324260, 22.12720779386422976, -8.430865786510178594 ) ) ;
#8240 = VERTEX_POINT ( 'NONE', #2445 ) ;
#8241 = AXIS2_PLACEMENT_3D ( 'NONE', #3877, #10243, #1542 ) ;
#8242 = DIRECTION ( 'NONE',  ( -0.7071067811865522357, -6.106226635438359986E-16, -0.7071067811865427988 ) ) ;
#8243 = DIRECTION ( 'NONE',  ( -0.7071067811865437980, 1.467497978196606616E-31, 0.7071067811865512365 ) ) ;
#8244 = DIRECTION ( 'NONE',  ( 0.1252314688092388550, 0.9841921349206992353, -0.1252314688092285855 ) ) ;
#8245 = AXIS2_PLACEMENT_3D ( 'NONE', #10041, #7438, #8391 ) ;
#8246 = ADVANCED_FACE ( 'NONE', ( #5668 ), #9566, .F. ) ;
#8247 = ORIENTED_EDGE ( 'NONE', *, *, #2349, .F. ) ;
#8248 = CARTESIAN_POINT ( 'NONE',  ( 97.84888527117068691, 8.200000000000004619, -3.868986283848387497 ) ) ;
#8249 = DIRECTION ( 'NONE',  ( 0.7071067811865513475, 1.691909977029939400E-16, 0.7071067811865436870 ) ) ;
#8250 = EDGE_LOOP ( 'NONE', ( #8796, #5830, #9908, #6170 ) ) ;
#8251 = CARTESIAN_POINT ( 'NONE',  ( 112.5408331034443847, -9.689317062940419945, 0.3983642975766178429 ) ) ;
#8252 = ORIENTED_EDGE ( 'NONE', *, *, #7423, .T. ) ;
#8253 = DIRECTION ( 'NONE',  ( -0.7071067811865493491, 0.000000000000000000, 0.7071067811865456854 ) ) ;
#8254 = CLOSED_SHELL ( 'NONE', ( #7717, #5497, #8365, #6213, #7388, #9864, #10486, #6744, #3904, #9870, #461, #9791 ) ) ;
#8255 = CARTESIAN_POINT ( 'NONE',  ( 99.33935757816134071, -17.48981397740233135, -5.359458590839053294 ) ) ;
#8256 = ORIENTED_EDGE ( 'NONE', *, *, #1752, .F. ) ;
#8257 = VECTOR ( 'NONE', #5411, 1000.000000000000000 ) ;
#8258 = VECTOR ( 'NONE', #535, 1000.000000000000000 ) ;
#8259 = CARTESIAN_POINT ( 'NONE',  ( 99.09979739456639436, -7.916836098460349191, -5.119898407244069638 ) ) ;
#8260 = DIRECTION ( 'NONE',  ( -0.7071067811865523467, -6.106226635438360972E-16, -0.7071067811865429098 ) ) ;
#8261 = ORIENTED_EDGE ( 'NONE', *, *, #5106, .T. ) ;
#8262 = VECTOR ( 'NONE', #10022, 1000.000000000000000 ) ;
#8263 = AXIS2_PLACEMENT_3D ( 'NONE', #7127, #5638, #4889 ) ;
#8264 = DIRECTION ( 'NONE',  ( 2.432600736427236330E-15, -1.000000000000000000, -2.193328532844251359E-15 ) ) ;
#8265 = CARTESIAN_POINT ( 'NONE',  ( 105.1318366439706438, -12.81960164942562308, -11.15193765664838743 ) ) ;
#8266 = CARTESIAN_POINT ( 'NONE',  ( 112.7025460150378251, 22.67573593128805598, 0.2366513859831699540 ) ) ;
#8267 = EDGE_CURVE ( 'NONE', #551, #5594, #8766, .T. ) ;
#8268 = CARTESIAN_POINT ( 'NONE',  ( 89.15000000000000568, -30.53337520964456431, -95.00000000000000000 ) ) ;
#8269 = VERTEX_POINT ( 'NONE', #4251 ) ;
#8270 = VECTOR ( 'NONE', #9447, 999.9999999999998863 ) ;
#8271 = CARTESIAN_POINT ( 'NONE',  ( 101.6195439455792240, -13.00000000000001066, -6.791116820833109635 ) ) ;
#8272 = AXIS2_PLACEMENT_3D ( 'NONE', #1748, #6571, #4187 ) ;
#8273 = FACE_OUTER_BOUND ( 'NONE', #525, .T. ) ;
#8274 = AXIS2_PLACEMENT_3D ( 'NONE', #5004, #457, #7568 ) ;
#8275 = ORIENTED_EDGE ( 'NONE', *, *, #7693, .F. ) ;
#8276 = CIRCLE ( 'NONE', #6908, 1.000000000000000888 ) ;
#8277 = CARTESIAN_POINT ( 'NONE',  ( 103.1607647738324545, 23.61213203435596242, -9.180865786510217674 ) ) ;
#8278 = CARTESIAN_POINT ( 'NONE',  ( 105.8128538457954875, -16.92215494435891898, -10.98442672104942908 ) ) ;
#8279 = EDGE_CURVE ( 'NONE', #4114, #9678, #4196, .T. ) ;
#8280 = CARTESIAN_POINT ( 'NONE',  ( 91.17157287525380127, 29.00000000000001776, -50.46803743153520116 ) ) ;
#8281 = VECTOR ( 'NONE', #7789, 1000.000000000000000 ) ;
#8282 = CARTESIAN_POINT ( 'NONE',  ( 105.6977705423412601, 3.000000000000011990, -21.19310242291886937 ) ) ;
#8283 = CARTESIAN_POINT ( 'NONE',  ( 99.13158871091418689, 15.60000000000000142, -5.151689723591896808 ) ) ;
#8284 = CARTESIAN_POINT ( 'NONE',  ( 97.02618285853041868, -13.07021794133214954, -3.046283871208060212 ) ) ;
#8285 = EDGE_CURVE ( 'NONE', #9161, #698, #6681, .T. ) ;
#8286 = ORIENTED_EDGE ( 'NONE', *, *, #8863, .T. ) ;
#8287 = FACE_OUTER_BOUND ( 'NONE', #2031, .T. ) ;
#8288 = CARTESIAN_POINT ( 'NONE',  ( 102.6774278794841848, -18.39387274456696986, -7.849000754738193919 ) ) ;
#8289 = EDGE_LOOP ( 'NONE', ( #5200, #958, #4284, #1220 ) ) ;
#8290 = DIRECTION ( 'NONE',  ( 0.7071067811865437980, 0.000000000000000000, -0.7071067811865513475 ) ) ;
#8291 = FACE_OUTER_BOUND ( 'NONE', #2558, .T. ) ;
#8292 = CARTESIAN_POINT ( 'NONE',  ( 90.00000000000000000, -29.19289801129461992, -47.73064555933149933 ) ) ;
#8293 = DIRECTION ( 'NONE',  ( 0.000000000000000000, 0.000000000000000000, -1.000000000000000000 ) ) ;
#8294 = CARTESIAN_POINT ( 'NONE',  ( 93.08147641147829177, 2.288021011371898671E-13, -1.081476411478293764 ) ) ;
#8295 = ORIENTED_EDGE ( 'NONE', *, *, #4904, .F. ) ;
#8296 = ORIENTED_EDGE ( 'NONE', *, *, #9195, .T. ) ;
#8297 = DIRECTION ( 'NONE',  ( 0.7071067811865512365, 1.691909977029939893E-16, 0.7071067811865439090 ) ) ;
#8298 = ORIENTED_EDGE ( 'NONE', *, *, #7120, .T. ) ;
#8299 = CARTESIAN_POINT ( 'NONE',  ( 102.9879984423962469, -7.300659382091151173, -9.008099455073917738 ) ) ;
#8300 = VERTEX_POINT ( 'NONE', #9880 ) ;
#8301 = ADVANCED_FACE ( 'NONE', ( #2610 ), #7372, .F. ) ;
#8302 = DIRECTION ( 'NONE',  ( 0.7071067811865513475, 1.691909977029939893E-16, 0.7071067811865436870 ) ) ;
#8303 = ORIENTED_EDGE ( 'NONE', *, *, #6802, .F. ) ;
#8304 = CARTESIAN_POINT ( 'NONE',  ( 101.1952798768673176, -12.99999999999998757, -7.215380889545035537 ) ) ;
#8305 = VERTEX_POINT ( 'NONE', #7481 ) ;
#8306 = DIRECTION ( 'NONE',  ( 0.7071067811865474617, 0.000000000000000000, -0.7071067811865474617 ) ) ;
#8307 = CARTESIAN_POINT ( 'NONE',  ( 102.4427168758678448, -6.191873953185416113, -8.462817888545499656 ) ) ;
#8308 = EDGE_CURVE ( 'NONE', #934, #8770, #913, .T. ) ;
#8309 = ORIENTED_EDGE ( 'NONE', *, *, #4468, .F. ) ;
#8310 = CARTESIAN_POINT ( 'NONE',  ( 55.23044737829938811, -23.99999999999998579, 4.000000000000003553 ) ) ;
#8311 = VERTEX_POINT ( 'NONE', #3460 ) ;
#8312 = DIRECTION ( 'NONE',  ( 1.000000000000000000, 0.000000000000000000, 0.000000000000000000 ) ) ;
#8313 = ADVANCED_FACE ( 'NONE', ( #4920 ), #5930, .F. ) ;
#8314 = ADVANCED_FACE ( 'NONE', ( #6515 ), #96, .T. ) ;
#8315 = ADVANCED_FACE ( 'NONE', ( #9931 ), #3356, .T. ) ;
#8316 = DIRECTION ( 'NONE',  ( 0.7071067811865514585, 2.747801985947262438E-15, 0.7071067811865437980 ) ) ;
#8317 = CARTESIAN_POINT ( 'NONE',  ( 101.4872826808373105, -6.633041455881432569, -7.507383693514996459 ) ) ;
#8318 = CARTESIAN_POINT ( 'NONE',  ( 56.05887450304555131, -23.99999999999998224, 2.000000000000003553 ) ) ;
#8319 = DIRECTION ( 'NONE',  ( -7.891197274167559081E-15, 1.000000000000000000, 7.651925070584632485E-15 ) ) ;
#8320 = FACE_OUTER_BOUND ( 'NONE', #7714, .T. ) ;
#8321 = FACE_OUTER_BOUND ( 'NONE', #2801, .T. ) ;
#8322 = ORIENTED_EDGE ( 'NONE', *, *, #6093, .F. ) ;
#8323 = DIRECTION ( 'NONE',  ( 9.376883653928788436E-17, -1.000000000000000000, 9.376883653928691061E-17 ) ) ;
#8324 = ORIENTED_EDGE ( 'NONE', *, *, #5703, .F. ) ;
#8325 = CARTESIAN_POINT ( 'NONE',  ( 97.84888527117067270, 15.00000000000000355, -3.868986283848387497 ) ) ;
#8326 = FACE_OUTER_BOUND ( 'NONE', #5499, .T. ) ;
#8327 = VERTEX_POINT ( 'NONE', #9074 ) ;
#8328 = DIRECTION ( 'NONE',  ( 0.7071067811865513475, 1.691909977029939893E-16, 0.7071067811865436870 ) ) ;
#8329 = CARTESIAN_POINT ( 'NONE',  ( 103.8194928165801798, -13.26522203829090607, -8.991065691834180029 ) ) ;
#8330 = CARTESIAN_POINT ( 'NONE',  ( 100.0237590053235976, 16.17573593128808440, -5.195331880577462869 ) ) ;
#8331 = VERTEX_POINT ( 'NONE', #9769 ) ;
#8332 = LINE ( 'NONE', #6087, #6038 ) ;
#8333 = DIRECTION ( 'NONE',  ( 0.7071067811865513475, 1.691909977029939893E-16, 0.7071067811865436870 ) ) ;
#8334 = CARTESIAN_POINT ( 'NONE',  ( 96.61294761942399134, -14.71914354231481248, -2.633048632101559150 ) ) ;
#8335 = ORIENTED_EDGE ( 'NONE', *, *, #2591, .F. ) ;
#8336 = CARTESIAN_POINT ( 'NONE',  ( 104.4385797148871546, -9.230980157769057115, -10.45868072756492317 ) ) ;
#8337 = DIRECTION ( 'NONE',  ( 1.000000000000000000, -0.000000000000000000, -0.000000000000000000 ) ) ;
#8338 = CIRCLE ( 'NONE', #3772, 1.000000000000000000 ) ;
#8339 = EDGE_CURVE ( 'NONE', #4730, #3943, #8776, .T. ) ;
#8340 = DIRECTION ( 'NONE',  ( -2.234078916459042918E-16, -1.000000000000000000, 4.626800952289172180E-16 ) ) ;
#8341 = DIRECTION ( 'NONE',  ( -0.7071067811865454633, 0.000000000000000000, 0.7071067811865495711 ) ) ;
#8342 = CARTESIAN_POINT ( 'NONE',  ( 90.00000000000001421, -29.59766789531715858, -51.58117682784033065 ) ) ;
#8343 = LINE ( 'NONE', #10485, #2358 ) ;
#8344 = CARTESIAN_POINT ( 'NONE',  ( 106.1220346110532375, 10.60000000000001208, -12.14213562373103095 ) ) ;
#8345 = VERTEX_POINT ( 'NONE', #1809 ) ;
#8346 = CARTESIAN_POINT ( 'NONE',  ( 96.74411681578446576, -16.48455183905596400, -2.764217828462138371 ) ) ;
#8347 = PLANE ( 'NONE',  #10383 ) ;
#8348 = EDGE_LOOP ( 'NONE', ( #8525, #661, #5233, #4255 ) ) ;
#8349 = FACE_OUTER_BOUND ( 'NONE', #6286, .T. ) ;
#8350 = CARTESIAN_POINT ( 'NONE',  ( 104.1876913256177204, -8.316731036941829913, -9.359264200871644235 ) ) ;
#8351 = ORIENTED_EDGE ( 'NONE', *, *, #5102, .F. ) ;
#8352 = CYLINDRICAL_SURFACE ( 'NONE', #4522, 1.000000000000000000 ) ;
#8353 = CIRCLE ( 'NONE', #2416, 0.2999999999999869438 ) ;
#8354 = ORIENTED_EDGE ( 'NONE', *, *, #4527, .F. ) ;
#8355 = CARTESIAN_POINT ( 'NONE',  ( 108.3814608839331868, -10.31138064058062476, 4.557736517087848327 ) ) ;
#8356 = CARTESIAN_POINT ( 'NONE',  ( 103.7566651435296166, -8.304508128115916321, -9.776766156207425951 ) ) ;
#8357 = ORIENTED_EDGE ( 'NONE', *, *, #5292, .F. ) ;
#8358 = LINE ( 'NONE', #6759, #4547 ) ;
#8359 = ORIENTED_EDGE ( 'NONE', *, *, #10197, .F. ) ;
#8360 = DIRECTION ( 'NONE',  ( -0.7071067811865513475, -2.775557561562890858E-16, -0.7071067811865436870 ) ) ;
#8361 = VECTOR ( 'NONE', #6916, 1000.000000000000000 ) ;
#8362 = CARTESIAN_POINT ( 'NONE',  ( 87.00000000000002842, 33.58337520964456502, 0.000000000000000000 ) ) ;
#8363 = CARTESIAN_POINT ( 'NONE',  ( 99.29224018990959166, -8.434932370995944950, -5.312341202587295363 ) ) ;
#8364 = CARTESIAN_POINT ( 'NONE',  ( 101.0003035266906437, -6.521635208207606560, -6.171876401944525803 ) ) ;
#8365 = ADVANCED_FACE ( 'NONE', ( #5881 ), #7434, .T. ) ;
#8366 = VECTOR ( 'NONE', #9070, 1000.000000000000114 ) ;
#8367 = EDGE_CURVE ( 'NONE', #4600, #101, #1866, .T. ) ;
#8368 = FACE_OUTER_BOUND ( 'NONE', #8575, .T. ) ;
#8369 = CARTESIAN_POINT ( 'NONE',  ( 108.2646417329949884, -9.569500498558463519, -4.805093538823358656 ) ) ;
#8370 = EDGE_LOOP ( 'NONE', ( #2062, #1472 ) ) ;
#8371 = CARTESIAN_POINT ( 'NONE',  ( 96.74115795195876899, -12.80065911430126135, -2.761258964636435831 ) ) ;
#8372 = ORIENTED_EDGE ( 'NONE', *, *, #5491, .T. ) ;
#8373 = DIRECTION ( 'NONE',  ( -0.7071067811865453523, 0.000000000000000000, 0.7071067811865496822 ) ) ;
#8374 = LINE ( 'NONE', #10023, #5110 ) ;
#8375 = ORIENTED_EDGE ( 'NONE', *, *, #6343, .T. ) ;
#8376 = STYLED_ITEM ( 'NONE', ( #6616 ), #6034 ) ;
#8377 = CARTESIAN_POINT ( 'NONE',  ( 89.15000000000001990, 33.58337520964456502, -95.00000000000000000 ) ) ;
#8378 = CARTESIAN_POINT ( 'NONE',  ( 104.5223446228880988, -13.15615792883040314, -10.54244563556590997 ) ) ;
#8379 = VERTEX_POINT ( 'NONE', #5723 ) ;
#8380 = EDGE_CURVE ( 'NONE', #9171, #6718, #2559, .T. ) ;
#8381 = CARTESIAN_POINT ( 'NONE',  ( 101.9661569264804228, -14.61673633523884952, -7.986257939158171837 ) ) ;
#8382 = LINE ( 'NONE', #8171, #3156 ) ;
#8383 = DIRECTION ( 'NONE',  ( 0.7071067811865443531, -4.928191693115921895E-16, -0.7071067811865506814 ) ) ;
#8384 = VECTOR ( 'NONE', #7494, 1000.000000000000000 ) ;
#8385 = ORIENTED_EDGE ( 'NONE', *, *, #9408, .T. ) ;
#8386 = CARTESIAN_POINT ( 'NONE',  ( 103.9693969003384524, -9.007425705138800254, -9.989497913016217367 ) ) ;
#8387 = CARTESIAN_POINT ( 'NONE',  ( 90.25304928673203619, 21.49999999999898392, -2.495689973851338284 ) ) ;
#8388 = PLANE ( 'NONE',  #9947 ) ;
#8389 = CARTESIAN_POINT ( 'NONE',  ( 90.58578643762692195, -23.99999999999998579, -53.98275605729660498 ) ) ;
#8390 = CYLINDRICAL_SURFACE ( 'NONE', #7961, 0.1000000000000062783 ) ;
#8391 = DIRECTION ( 'NONE',  ( -1.000000000000000000, -3.583075348888049954E-15, 0.000000000000000000 ) ) ;
#8392 = VECTOR ( 'NONE', #5946, 1000.000000000000000 ) ;
#8393 = EDGE_LOOP ( 'NONE', ( #5006, #6791, #6962, #6622, #3433, #9192, #3397, #388, #2615, #9623, #5329, #6426 ) ) ;
#8394 = CARTESIAN_POINT ( 'NONE',  ( 100.5025665088975302, -11.31398825372005668, -6.522667521575247207 ) ) ;
#8395 = DIRECTION ( 'NONE',  ( 0.000000000000000000, 1.000000000000000000, 0.000000000000000000 ) ) ;
#8396 = VERTEX_POINT ( 'NONE', #1074 ) ;
#8397 = DIRECTION ( 'NONE',  ( -0.7071067811865513475, 0.000000000000000000, -0.7071067811865437980 ) ) ;
#8398 = CARTESIAN_POINT ( 'NONE',  ( 90.53801362320101020, -28.92248990846997003, 4.290413501547851283 ) ) ;
#8399 = VECTOR ( 'NONE', #8333, 1000.000000000000000 ) ;
#8400 = ORIENTED_EDGE ( 'NONE', *, *, #2455, .F. ) ;
#8401 = PLANE ( 'NONE',  #7230 ) ;
#8402 = ORIENTED_EDGE ( 'NONE', *, *, #1780, .T. ) ;
#8403 = DIRECTION ( 'NONE',  ( -0.7071067811865512365, -2.775557561562891351E-16, -0.7071067811865437980 ) ) ;
#8404 = ADVANCED_FACE ( 'NONE', ( #4298 ), #1914, .F. ) ;
#8405 = ORIENTED_EDGE ( 'NONE', *, *, #1112, .T. ) ;
#8406 = DIRECTION ( 'NONE',  ( 0.7071067811865512365, 1.326091603618060771E-16, 0.7071067811865439090 ) ) ;
#8407 = VERTEX_POINT ( 'NONE', #2707 ) ;
#8408 = AXIS2_PLACEMENT_3D ( 'NONE', #10026, #6826, #5125 ) ;
#8409 = EDGE_CURVE ( 'NONE', #919, #7532, #158, .T. ) ;
#8410 = CARTESIAN_POINT ( 'NONE',  ( 78.37365536279823175, 1.770076217968721795E-14, 10.65649615621840773 ) ) ;
#8411 = DIRECTION ( 'NONE',  ( -0.7071067811865513475, -1.691909977029939893E-16, -0.7071067811865437980 ) ) ;
#8412 = CARTESIAN_POINT ( 'NONE',  ( 99.24452367100505512, -8.401455094051685890, -5.264624683682768591 ) ) ;
#8413 = CIRCLE ( 'NONE', #7746, 2.499999999999988454 ) ;
#8414 = CARTESIAN_POINT ( 'NONE',  ( 101.9664020515063925, -18.19084692207945153, -7.986503064184121925 ) ) ;
#8415 = CARTESIAN_POINT ( 'NONE',  ( 97.15847020210995311, -14.08861376026648848, -3.178571214787643928 ) ) ;
#8416 = ORIENTED_EDGE ( 'NONE', *, *, #7522, .F. ) ;
#8417 = DIRECTION ( 'NONE',  ( -0.7071067811865514585, -2.775557561562890858E-16, -0.7071067811865437980 ) ) ;
#8418 = VECTOR ( 'NONE', #9182, 1000.000000000000000 ) ;
#8419 = ORIENTED_EDGE ( 'NONE', *, *, #6285, .T. ) ;
#8420 = VECTOR ( 'NONE', #2949, 1000.000000000000000 ) ;
#8421 = ADVANCED_FACE ( 'NONE', ( #965 ), #3407, .T. ) ;
#8422 = CIRCLE ( 'NONE', #7573, 3.000000000000002665 ) ;
#8423 = CARTESIAN_POINT ( 'NONE',  ( 101.5004445032126625, -5.903187733375055757, -7.520545515890269428 ) ) ;
#8424 = VECTOR ( 'NONE', #8129, 1000.000000000000000 ) ;
#8425 = EDGE_LOOP ( 'NONE', ( #10475, #9792, #10050, #5412 ) ) ;
#8426 = ADVANCED_FACE ( 'NONE', ( #8445, #10153 ), #10036, .T. ) ;
#8427 = ADVANCED_FACE ( 'NONE', ( #484 ), #8543, .F. ) ;
#8428 = CARTESIAN_POINT ( 'NONE',  ( 105.2320641397826364, -12.80427915708982844, -11.25216515246043514 ) ) ;
#8429 = VECTOR ( 'NONE', #7003, 1000.000000000000000 ) ;
#8430 = EDGE_LOOP ( 'NONE', ( #5897, #5988, #7697, #10362 ) ) ;
#8431 = AXIS2_PLACEMENT_3D ( 'NONE', #6671, #8128, #1012 ) ;
#8432 = DIRECTION ( 'NONE',  ( -0.4999999999999963363, -0.7071067811865499042, 0.5000000000000003331 ) ) ;
#8433 = CARTESIAN_POINT ( 'NONE',  ( 114.8007051002442580, 3.999999999999837019, 24.45612889569482462 ) ) ;
#8434 = VECTOR ( 'NONE', #6984, 1000.000000000000000 ) ;
#8435 = DIRECTION ( 'NONE',  ( -0.7071067811865447972, 0.000000000000000000, 0.7071067811865501263 ) ) ;
#8436 = EDGE_CURVE ( 'NONE', #4925, #3533, #6557, .T. ) ;
#8437 = VECTOR ( 'NONE', #7084, 999.9999999999998863 ) ;
#8438 = ORIENTED_EDGE ( 'NONE', *, *, #1749, .T. ) ;
#8439 = AXIS2_PLACEMENT_3D ( 'NONE', #6505, #7422, #9821 ) ;
#8440 = EDGE_CURVE ( 'NONE', #1843, #8811, #3570, .T. ) ;
#8441 = EDGE_CURVE ( 'NONE', #530, #5589, #6945, .T. ) ;
#8442 = CARTESIAN_POINT ( 'NONE',  ( 103.9300035893749623, -22.99999999999998579, -19.42533546995245430 ) ) ;
#8443 = EDGE_LOOP ( 'NONE', ( #4476, #1871, #3766, #3578 ) ) ;
#8444 = COLOUR_RGB ( '',0.7921568627450980005, 0.8196078431372548767, 0.9333333333333333481 ) ;
#8445 = FACE_BOUND ( 'NONE', #2224, .T. ) ;
#8446 = CARTESIAN_POINT ( 'NONE',  ( 46.00000000000057554, -18.50000000000127187, 45.99999999999994316 ) ) ;
#8447 = DIRECTION ( 'NONE',  ( 0.000000000000000000, 0.2466911001296684947, -0.9690941652475336676 ) ) ;
#8448 = LINE ( 'NONE', #5936, #2488 ) ;
#8449 = ORIENTED_EDGE ( 'NONE', *, *, #381, .F. ) ;
#8450 = LINE ( 'NONE', #3523, #7405 ) ;
#8451 = CIRCLE ( 'NONE', #483, 1.000000000000001110 ) ;
#8452 = CARTESIAN_POINT ( 'NONE',  ( 118.2842712474618025, -23.99999999999998224, -24.87005768508893766 ) ) ;
#8453 = ORIENTED_EDGE ( 'NONE', *, *, #9725, .F. ) ;
#8454 = CARTESIAN_POINT ( 'NONE',  ( 106.1220346110532375, 10.60000000000001208, -12.14213562373103095 ) ) ;
#8455 = AXIS2_PLACEMENT_3D ( 'NONE', #2712, #773, #8098 ) ;
#8456 = CARTESIAN_POINT ( 'NONE',  ( 106.2237660226339813, -16.48455183905597465, 6.715431378387259898 ) ) ;
#8457 = VERTEX_POINT ( 'NONE', #6099 ) ;
#8458 = DIRECTION ( 'NONE',  ( 0.000000000000000000, 1.000000000000000000, -0.000000000000000000 ) ) ;
#8459 = ORIENTED_EDGE ( 'NONE', *, *, #1790, .T. ) ;
#8460 = DIRECTION ( 'NONE',  ( -0.7071067811865512365, -1.691909977029938907E-16, -0.7071067811865437980 ) ) ;
#8461 =( BOUNDED_SURFACE ( )  B_SPLINE_SURFACE ( 3, 2, ( 
 ( #9478, #395, #10269 ),
 ( #3703, #6276, #2842 ),
 ( #607, #1411, #9367 ),
 ( #2155, #3756, #8566 ),
 ( #10222, #1311, #3001 ),
 ( #6232, #3848, #7073 ),
 ( #2047, #5225, #8467 ),
 ( #9316, #5267, #8517 ),
 ( #3905, #7124, #667 ),
 ( #3101, #10368, #4679 ) ),
 .UNSPECIFIED., .F., .F., .F. ) 
 B_SPLINE_SURFACE_WITH_KNOTS ( ( 4, 2, 2, 2, 4 ),
 ( 3, 3 ),
 ( -6.505213034913026604E-19, 0.0008903543697135499159, 0.001780708739427100482, 0.002671063109140650940, 0.003561417478854201398 ),
 ( 0.000000000000000000, 1.000000000000000000 ),
 .UNSPECIFIED. ) 
 GEOMETRIC_REPRESENTATION_ITEM ( )  RATIONAL_B_SPLINE_SURFACE ( (
 ( 1.000000000000000000, 0.7071067811865499042, 1.000000000000000000),
 ( 1.000000000000000000, 0.7237427488322387692, 1.000000000000000000),
 ( 1.000000000000000000, 0.7403769102269096569, 1.000000000000000000),
 ( 1.000000000000000000, 0.7652461837596041816, 1.000000000000000000),
 ( 1.000000000000000000, 0.7730587378495461515, 1.000000000000000000),
 ( 1.000000000000000000, 0.7730732934590169858, 1.000000000000000000),
 ( 1.000000000000000000, 0.7652721699967460767, 1.000000000000000000),
 ( 1.000000000000000000, 0.7404028117555799815, 1.000000000000000000),
 ( 1.000000000000000000, 0.7237653265875289010, 1.000000000000000000),
 ( 1.000000000000000000, 0.7071067811865436870, 1.000000000000000000) ) ) 
 REPRESENTATION_ITEM ( '' )  SURFACE ( )  );
#8462 = ORIENTED_EDGE ( 'NONE', *, *, #8744, .T. ) ;
#8463 = CARTESIAN_POINT ( 'NONE',  ( 99.94182783886490995, -16.35126104846348838, -5.113400714118768065 ) ) ;
#8464 = VERTEX_POINT ( 'NONE', #7596 ) ;
#8465 = CARTESIAN_POINT ( 'NONE',  ( 104.4127144312575126, -11.53539626432507070, -9.584287306511425797 ) ) ;
#8466 = LINE ( 'NONE', #2896, #6141 ) ;
#8467 = CARTESIAN_POINT ( 'NONE',  ( 91.28041704164724024, 29.03019972436008089, 2.375589910783391101 ) ) ;
#8468 = ADVANCED_FACE ( 'NONE', ( #3673 ), #4354, .F. ) ;
#8469 = ORIENTED_EDGE ( 'NONE', *, *, #2961, .T. ) ;
#8470 = CARTESIAN_POINT ( 'NONE',  ( 92.37436963029169590, 21.49999999999898748, -1.788583192664800592 ) ) ;
#8471 = CARTESIAN_POINT ( 'NONE',  ( 101.2066017177981934, 15.55147186257616809, -7.226702730475925485 ) ) ;
#8472 = DIRECTION ( 'NONE',  ( -0.7071067811865513475, -1.691909977029939893E-16, -0.7071067811865436870 ) ) ;
#8473 = ORIENTED_EDGE ( 'NONE', *, *, #9082, .T. ) ;
#8474 = CARTESIAN_POINT ( 'NONE',  ( 96.42997359799890944, -13.91610478149291197, -2.450074610676587827 ) ) ;
#8475 = ORIENTED_EDGE ( 'NONE', *, *, #5296, .T. ) ;
#8476 = CARTESIAN_POINT ( 'NONE',  ( 91.45513081474946659, -1.140386568920145144E-12, -2.424979295732972329 ) ) ;
#8477 = CARTESIAN_POINT ( 'NONE',  ( 105.2320641397826364, -12.80427915708982844, -11.25216515246042803 ) ) ;
#8478 = ORIENTED_EDGE ( 'NONE', *, *, #7586, .F. ) ;
#8479 = CARTESIAN_POINT ( 'NONE',  ( 105.8114297359128813, -13.00961609880119774, -10.98300261116692766 ) ) ;
#8480 = VERTEX_POINT ( 'NONE', #1183 ) ;
#8481 = ORIENTED_EDGE ( 'NONE', *, *, #1087, .T. ) ;
#8482 = CARTESIAN_POINT ( 'NONE',  ( 98.65922096173177636, -12.37008508985941546, -3.830793836985623813 ) ) ;
#8483 = CARTESIAN_POINT ( 'NONE',  ( 90.60660267732545492, -14.00000000000016520, -3.273507433156631841 ) ) ;
#8484 = DIRECTION ( 'NONE',  ( 3.273678785385678633E-15, -1.000000000000000000, -3.034406581802702734E-15 ) ) ;
#8485 = ORIENTED_EDGE ( 'NONE', *, *, #7975, .T. ) ;
#8486 = DIRECTION ( 'NONE',  ( 1.000000000000000000, 2.590264123990840275E-16, 0.000000000000000000 ) ) ;
#8487 = EDGE_CURVE ( 'NONE', #304, #9050, #6048, .T. ) ;
#8488 = FACE_OUTER_BOUND ( 'NONE', #4826, .T. ) ;
#8489 = ADVANCED_FACE ( 'NONE', ( #2973 ), #2841, .T. ) ;
#8490 = ORIENTED_EDGE ( 'NONE', *, *, #6986, .F. ) ;
#8491 = LINE ( 'NONE', #6998, #2338 ) ;
#8492 = CARTESIAN_POINT ( 'NONE',  ( 79.85857960329001060, -15.00000000000028422, 14.96984752145635156 ) ) ;
#8493 = FACE_OUTER_BOUND ( 'NONE', #3906, .T. ) ;
#8494 = CARTESIAN_POINT ( 'NONE',  ( 101.8816738188301372, -18.85672476411543030, -7.901774831507897723 ) ) ;
#8495 = SURFACE_SIDE_STYLE ('',( #1391 ) ) ;
#8496 = EDGE_CURVE ( 'NONE', #5927, #6321, #9294, .T. ) ;
#8497 = CARTESIAN_POINT ( 'NONE',  ( 98.20243866176394931, 8.300000000000002487, -3.374011537017801210 ) ) ;
#8498 = DIRECTION ( 'NONE',  ( 0.4094917643862808210, -0.8152502620665778021, -0.4094917643862777679 ) ) ;
#8499 = ADVANCED_FACE ( 'NONE', ( #5295 ), #5346, .F. ) ;
#8500 = EDGE_CURVE ( 'NONE', #6844, #1252, #3619, .T. ) ;
#8501 = ORIENTED_EDGE ( 'NONE', *, *, #8212, .F. ) ;
#8502 = LINE ( 'NONE', #1237, #7757 ) ;
#8503 = CARTESIAN_POINT ( 'NONE',  ( 92.00000000000001421, 36.99999999999999289, -55.39696961966971855 ) ) ;
#8504 = ORIENTED_EDGE ( 'NONE', *, *, #4779, .T. ) ;
#8505 = DIRECTION ( 'NONE',  ( -0.7071067811865513475, -1.691909977029939647E-16, -0.7071067811865437980 ) ) ;
#8506 = LINE ( 'NONE', #1974, #9572 ) ;
#8507 = DIRECTION ( 'NONE',  ( 1.000000000000000000, 2.590264123990840275E-16, 0.000000000000000000 ) ) ;
#8508 = VERTEX_POINT ( 'NONE', #10088 ) ;
#8509 = FACE_OUTER_BOUND ( 'NONE', #4493, .T. ) ;
#8510 = VECTOR ( 'NONE', #9204, 1000.000000000000114 ) ;
#8511 = ORIENTED_EDGE ( 'NONE', *, *, #7524, .T. ) ;
#8512 = DIRECTION ( 'NONE',  ( 0.7071067811865389130, 0.000000000000000000, -0.7071067811865562325 ) ) ;
#8513 = ORIENTED_EDGE ( 'NONE', *, *, #4320, .F. ) ;
#8514 = CARTESIAN_POINT ( 'NONE',  ( 104.4249783362055695, 9.664066052554728614, -10.44507934888331491 ) ) ;
#8515 = CARTESIAN_POINT ( 'NONE',  ( 97.58273427082183105, -14.08861376026648848, -2.754307146075773982 ) ) ;
#8516 = VECTOR ( 'NONE', #6312, 1000.000000000000000 ) ;
#8517 = CARTESIAN_POINT ( 'NONE',  ( 91.65098201151621993, 29.01051410367331229, 1.899114005212488410 ) ) ;
#8518 = CARTESIAN_POINT ( 'NONE',  ( 101.2972173759776524, -6.529575309756275203, -7.317318388655428940 ) ) ;
#8519 = DIRECTION ( 'NONE',  ( 0.7071067811865513475, 1.691909977029939893E-16, 0.7071067811865436870 ) ) ;
#8520 = CARTESIAN_POINT ( 'NONE',  ( 99.81979658457264293, -13.13575954536769252, -5.839897597250363503 ) ) ;
#8521 = CARTESIAN_POINT ( 'NONE',  ( 98.45295608438355828, -18.01831877851650532, -4.473057097061257537 ) ) ;
#8522 = ORIENTED_EDGE ( 'NONE', *, *, #8825, .T. ) ;
#8523 = CARTESIAN_POINT ( 'NONE',  ( 96.45039895099380090, -15.35326461679263410, -2.470499963671327848 ) ) ;
#8524 = VECTOR ( 'NONE', #8108, 1000.000000000000114 ) ;
#8525 = ORIENTED_EDGE ( 'NONE', *, *, #819, .T. ) ;
#8526 = PLANE ( 'NONE',  #9450 ) ;
#8527 = ADVANCED_FACE ( 'NONE', ( #8597 ), #323, .F. ) ;
#8528 = CARTESIAN_POINT ( 'NONE',  ( 105.6395218666072680, -13.84948761128133121, -11.65962287928505603 ) ) ;
#8529 = ORIENTED_EDGE ( 'NONE', *, *, #4338, .T. ) ;
#8530 = CARTESIAN_POINT ( 'NONE',  ( 100.7823376490862586, 16.15147186257616951, -6.802438661764006689 ) ) ;
#8531 = CIRCLE ( 'NONE', #3961, 0.2999999999999869438 ) ;
#8532 = ORIENTED_EDGE ( 'NONE', *, *, #6647, .F. ) ;
#8533 = ORIENTED_EDGE ( 'NONE', *, *, #10514, .F. ) ;
#8534 = LINE ( 'NONE', #5074, #809 ) ;
#8535 = DIRECTION ( 'NONE',  ( 0.7071067811865513475, 1.691909977029939400E-16, 0.7071067811865436870 ) ) ;
#8536 = EDGE_CURVE ( 'NONE', #6776, #9533, #8491, .T. ) ;
#8537 = DIRECTION ( 'NONE',  ( 0.7071067811865467956, -1.701955692518545466E-14, -0.7071067811865482389 ) ) ;
#8538 = CIRCLE ( 'NONE', #2950, 0.6000000000000064171 ) ;
#8539 = EDGE_CURVE ( 'NONE', #3841, #10053, #4453, .T. ) ;
#8540 = ORIENTED_EDGE ( 'NONE', *, *, #1780, .F. ) ;
#8541 = FILL_AREA_STYLE_COLOUR ( '', #45 ) ;
#8542 = CARTESIAN_POINT ( 'NONE',  ( 101.6658932780435549, -5.819364924317196319, -7.685994290721296807 ) ) ;
#8543 = PLANE ( 'NONE',  #6229 ) ;
#8544 = CARTESIAN_POINT ( 'NONE',  ( 132.7193000900063851, -12.99999999999997868, 6.535533905932522813 ) ) ;
#8545 = CARTESIAN_POINT ( 'NONE',  ( 103.3642187185693189, -7.176240401769854671, -8.535791593823221390 ) ) ;
#8546 = LINE ( 'NONE', #4562, #2190 ) ;
#8547 = CARTESIAN_POINT ( 'NONE',  ( 47.41421356237359674, 1.134490336022446682E-14, 47.41421356237309936 ) ) ;
#8548 = EDGE_CURVE ( 'NONE', #7519, #8056, #2185, .T. ) ;
#8549 = CARTESIAN_POINT ( 'NONE',  ( 98.27314933988260748, 14.90000000000000213, -3.444722215136461596 ) ) ;
#8550 = ORIENTED_EDGE ( 'NONE', *, *, #5491, .F. ) ;
#8551 = DIRECTION ( 'NONE',  ( 0.7071067811865388020, 0.000000000000000000, -0.7071067811865562325 ) ) ;
#8552 = EDGE_CURVE ( 'NONE', #8630, #3225, #5561, .T. ) ;
#8553 = CARTESIAN_POINT ( 'NONE',  ( 92.67349368912285001, -27.99999999999997868, 2.154933435623364701 ) ) ;
#8554 = EDGE_CURVE ( 'NONE', #1298, #8311, #747, .T. ) ;
#8555 = EDGE_CURVE ( 'NONE', #6544, #3937, #7413, .T. ) ;
#8556 = ORIENTED_EDGE ( 'NONE', *, *, #363, .T. ) ;
#8557 = CARTESIAN_POINT ( 'NONE',  ( 102.4122857504791426, -17.77119658902613963, -8.432386763156872078 ) ) ;
#8558 = ORIENTED_EDGE ( 'NONE', *, *, #7975, .F. ) ;
#8559 = CARTESIAN_POINT ( 'NONE',  ( 90.25304928673203619, 21.49999999999898392, -2.495689973851338284 ) ) ;
#8560 = VERTEX_POINT ( 'NONE', #1593 ) ;
#8561 = PLANE ( 'NONE',  #2016 ) ;
#8562 = CARTESIAN_POINT ( 'NONE',  ( 101.7978264667156196, -6.094363763576179593, -7.817927479393159018 ) ) ;
#8563 = CIRCLE ( 'NONE', #3483, 0.3000000000000028755 ) ;
#8564 = DIRECTION ( 'NONE',  ( -9.376883653928788436E-17, 1.000000000000000000, -9.376883653928688596E-17 ) ) ;
#8565 = ADVANCED_FACE ( 'NONE', ( #8070 ), #1389, .F. ) ;
#8566 = CARTESIAN_POINT ( 'NONE',  ( 90.37497167241907903, 29.03017541628423004, 3.280922789615642099 ) ) ;
#8567 = ORIENTED_EDGE ( 'NONE', *, *, #7118, .F. ) ;
#8568 = CARTESIAN_POINT ( 'NONE',  ( 97.87486667509146798, -17.50901874703611227, -3.894967687769130826 ) ) ;
#8569 = CYLINDRICAL_SURFACE ( 'NONE', #447, 3.000000000000000000 ) ;
#8570 = AXIS2_PLACEMENT_3D ( 'NONE', #7968, #7908, #2287 ) ;
#8571 = CARTESIAN_POINT ( 'NONE',  ( 90.00000000000001421, 28.10050506338835419, -55.39696961966971145 ) ) ;
#8572 = DIRECTION ( 'NONE',  ( 0.000000000000000000, 0.000000000000000000, -1.000000000000000000 ) ) ;
#8573 = ORIENTED_EDGE ( 'NONE', *, *, #8004, .F. ) ;
#8574 = SURFACE_STYLE_USAGE ( .BOTH. , #4740 ) ;
#8575 = EDGE_LOOP ( 'NONE', ( #7170, #3970, #2851, #3887 ) ) ;
#8576 = DIRECTION ( 'NONE',  ( 0.7071067811865512365, 0.000000000000000000, 0.7071067811865439090 ) ) ;
#8577 = LINE ( 'NONE', #4546, #4933 ) ;
#8578 = ORIENTED_EDGE ( 'NONE', *, *, #7033, .F. ) ;
#8579 = DIRECTION ( 'NONE',  ( -1.541976423090495880E-16, 1.000000000000000000, -0.000000000000000000 ) ) ;
#8580 = DIRECTION ( 'NONE',  ( 2.066169305673152891E-16, 1.000000000000000000, -0.000000000000000000 ) ) ;
#8581 = ORIENTED_EDGE ( 'NONE', *, *, #8380, .F. ) ;
#8582 = VERTEX_POINT ( 'NONE', #5398 ) ;
#8583 = CIRCLE ( 'NONE', #2831, 0.2999999999999869438 ) ;
#8584 = CIRCLE ( 'NONE', #4348, 4.000000000000002665 ) ;
#8585 = CARTESIAN_POINT ( 'NONE',  ( 92.00000000000001421, 31.00000000000002132, 1.000000000000000000 ) ) ;
#8586 = CARTESIAN_POINT ( 'NONE',  ( 90.00000000000001421, -23.99999999999998579, -55.39696961966971145 ) ) ;
#8587 = CARTESIAN_POINT ( 'NONE',  ( 99.59949493661167708, 16.17573593128808795, -5.619595949289385217 ) ) ;
#8588 = VECTOR ( 'NONE', #8803, 1000.000000000000114 ) ;
#8589 = VERTEX_POINT ( 'NONE', #8020 ) ;
#8590 = VECTOR ( 'NONE', #5987, 1000.000000000000114 ) ;
#8591 = CARTESIAN_POINT ( 'NONE',  ( 97.16838088449638633, -16.48455183905596400, -2.339953759750212470 ) ) ;
#8592 = ADVANCED_FACE ( 'NONE', ( #3982 ), #10399, .F. ) ;
#8593 = CARTESIAN_POINT ( 'NONE',  ( 90.74802403356268599, 3.028612270138565591E-13, -1.717872514546184393 ) ) ;
#8594 = AXIS2_PLACEMENT_3D ( 'NONE', #6119, #8664, #6070 ) ;
#8595 = ORIENTED_EDGE ( 'NONE', *, *, #8050, .T. ) ;
#8596 = AXIS2_PLACEMENT_3D ( 'NONE', #4131, #9711, #9014 ) ;
#8597 = FACE_OUTER_BOUND ( 'NONE', #2725, .T. ) ;
#8598 = EDGE_CURVE ( 'NONE', #551, #3494, #8813, .T. ) ;
#8599 = CARTESIAN_POINT ( 'NONE',  ( 99.89949493661166002, 10.00000000000001243, -5.919595949289384151 ) ) ;
#8600 = FACE_OUTER_BOUND ( 'NONE', #3475, .T. ) ;
#8601 = VECTOR ( 'NONE', #4079, 1000.000000000000000 ) ;
#8602 = EDGE_CURVE ( 'NONE', #6900, #2913, #8859, .T. ) ;
#8603 = CARTESIAN_POINT ( 'NONE',  ( 77.58843546025990179, 15.07573593128710598, 10.57838303486695075 ) ) ;
#8604 = AXIS2_PLACEMENT_3D ( 'NONE', #8644, #4039, #7906 ) ;
#8605 = CARTESIAN_POINT ( 'NONE',  ( 96.65684644824457905, -15.56395264824424274, -2.676947460922278310 ) ) ;
#8606 = EDGE_LOOP ( 'NONE', ( #5063, #10414, #8165 ) ) ;
#8607 = PLANE ( 'NONE',  #1089 ) ;
#8608 = AXIS2_PLACEMENT_3D ( 'NONE', #7299, #7411, #9053 ) ;
#8609 = CARTESIAN_POINT ( 'NONE',  ( 91.86574295473286611, -28.88566374069456799, 2.962684170015718710 ) ) ;
#8610 = VERTEX_POINT ( 'NONE', #4652 ) ;
#8611 = CARTESIAN_POINT ( 'NONE',  ( 104.9319276421133935, -17.38626946745732482, -10.95202865479102528 ) ) ;
#8612 = EDGE_LOOP ( 'NONE', ( #2212, #5430, #3172, #5 ) ) ;
#8613 = DIRECTION ( 'NONE',  ( 0.7071067811865513475, 0.000000000000000000, 0.7071067811865436870 ) ) ;
#8614 = CIRCLE ( 'NONE', #9981, 0.9999999999999988898 ) ;
#8615 = ORIENTED_EDGE ( 'NONE', *, *, #2630, .F. ) ;
#8616 = DIRECTION ( 'NONE',  ( 0.000000000000000000, 1.000000000000000000, 0.000000000000000000 ) ) ;
#8617 = CARTESIAN_POINT ( 'NONE',  ( 102.1107647738324289, 22.55147186257614678, -8.130865786510188542 ) ) ;
#8618 = DIRECTION ( 'NONE',  ( 0.000000000000000000, 0.5773502691896255090, -0.8164965809277261455 ) ) ;
#8619 = B_SPLINE_SURFACE_WITH_KNOTS ( 'NONE', 3, 1, ( 
 ( #6407, #3975 ),
 ( #7761, #3127 ),
 ( #5553, #8810 ),
 ( #7199, #4805 ),
 ( #10394, #6950 ),
 ( #2278, #5604 ),
 ( #10161, #3925 ),
 ( #8013, #9703 ) ),
 .UNSPECIFIED., .F., .F., .F.,
 ( 4, 1, 1, 1, 1, 4 ),
 ( 2, 2 ),
 ( 0.000000000000000000, 0.2317113570506716957, 0.3869881936420744850, 0.5493815465833487011, 0.7225508604132591106, 1.000000000000000000 ),
 ( 0.000000000000000000, 1.000000000000000000 ),
 .UNSPECIFIED. ) ;
#8620 = DIRECTION ( 'NONE',  ( -0.7071067811865963115, -1.495081781905623821E-14, -0.7071067811864987229 ) ) ;
#8621 = ADVANCED_FACE ( 'NONE', ( #6358 ), #7150, .T. ) ;
#8622 = CARTESIAN_POINT ( 'NONE',  ( 99.20377727148154179, -18.07756002793230721, -5.223878284159205521 ) ) ;
#8623 = VECTOR ( 'NONE', #10145, 1000.000000000000000 ) ;
#8624 = CARTESIAN_POINT ( 'NONE',  ( 112.2782819463258761, 22.67573593128807374, 0.6609154546951094833 ) ) ;
#8625 = DIRECTION ( 'NONE',  ( -0.4999999999999951150, -0.7071067811865512365, 0.4999999999999997224 ) ) ;
#8626 = CARTESIAN_POINT ( 'NONE',  ( 101.2773123959168373, 15.55147186257616809, -7.297413408594585427 ) ) ;
#8627 = VERTEX_POINT ( 'NONE', #7044 ) ;
#8628 = CARTESIAN_POINT ( 'NONE',  ( 102.5387827611217233, -12.99999999999998757, -7.710355636375627597 ) ) ;
#8629 = EDGE_CURVE ( 'NONE', #3385, #9501, #4811, .T. ) ;
#8630 = VERTEX_POINT ( 'NONE', #6413 ) ;
#8631 = ADVANCED_FACE ( 'NONE', ( #9660 ), #637, .F. ) ;
#8632 = EDGE_CURVE ( 'NONE', #10333, #4489, #472, .T. ) ;
#8633 = LINE ( 'NONE', #6182, #8437 ) ;
#8634 = CARTESIAN_POINT ( 'NONE',  ( 108.7282749659703001, -9.460148610354734089, -5.268726771798699637 ) ) ;
#8635 = EDGE_LOOP ( 'NONE', ( #8236, #8952, #5472, #7138, #7443, #719 ) ) ;
#8636 = PLANE ( 'NONE',  #5009 ) ;
#8637 = ORIENTED_EDGE ( 'NONE', *, *, #983, .F. ) ;
#8638 = DIRECTION ( 'NONE',  ( 1.000000000000000000, 0.000000000000000000, 0.000000000000000000 ) ) ;
#8639 = LINE ( 'NONE', #3612, #10440 ) ;
#8640 = DIRECTION ( 'NONE',  ( 0.7071067811865441310, 2.333991585859676237E-14, -0.7071067811865510144 ) ) ;
#8641 = ORIENTED_EDGE ( 'NONE', *, *, #7780, .F. ) ;
#8642 = CARTESIAN_POINT ( 'NONE',  ( 102.1622366364085650, 3.000000000000012434, -17.65756851698612451 ) ) ;
#8643 = ORIENTED_EDGE ( 'NONE', *, *, #7381, .F. ) ;
#8644 = CARTESIAN_POINT ( 'NONE',  ( 103.7607647738324204, 22.33933982822017228, -9.780865786510192450 ) ) ;
#8645 = DIRECTION ( 'NONE',  ( 0.000000000000000000, 1.000000000000000000, 0.000000000000000000 ) ) ;
#8646 = CARTESIAN_POINT ( 'NONE',  ( 90.00000000000002842, 33.58337520964457212, -95.00000000000000000 ) ) ;
#8647 = DIRECTION ( 'NONE',  ( -0.7071067811865513475, 0.000000000000000000, -0.7071067811865436870 ) ) ;
#8648 = CYLINDRICAL_SURFACE ( 'NONE', #7228, 0.5999999999999906519 ) ;
#8649 = CARTESIAN_POINT ( 'NONE',  ( 98.27314933988262169, 8.200000000000004619, -3.444722215136461596 ) ) ;
#8650 = ADVANCED_FACE ( 'NONE', ( #6259 ), #2340, .T. ) ;
#8651 = FACE_OUTER_BOUND ( 'NONE', #4009, .T. ) ;
#8652 = CARTESIAN_POINT ( 'NONE',  ( 97.92976791516490209, -11.86216094775716101, -3.949868927842582700 ) ) ;
#8653 = DIRECTION ( 'NONE',  ( 0.7071067811865439090, 0.000000000000000000, -0.7071067811865512365 ) ) ;
#8654 = ORIENTED_EDGE ( 'NONE', *, *, #6062, .F. ) ;
#8655 = DIRECTION ( 'NONE',  ( 0.000000000000000000, 0.000000000000000000, 1.000000000000000000 ) ) ;
#8656 = CIRCLE ( 'NONE', #2735, 0.1000000000000031974 ) ;
#8657 = ORIENTED_EDGE ( 'NONE', *, *, #3413, .F. ) ;
#8658 = CARTESIAN_POINT ( 'NONE',  ( 104.4249783362055410, 9.664066052554728614, -10.44507934888330780 ) ) ;
#8659 = B_SPLINE_CURVE_WITH_KNOTS ( 'NONE', 3,
 ( #4092, #3291, #961, #4967, #8970, #9766, #6513, #5719, #2500, #1650, #5769, #7479, #9020, #6465, #8224, #4193, #1754, #1804, #6623 ),
 .UNSPECIFIED., .F., .F.,
 ( 4, 1, 1, 1, 1, 1, 1, 1, 1, 1, 1, 1, 1, 1, 1, 1, 4 ),
 ( 0.000000000000000000, 0.1047763618991324197, 0.1566628469313914307, 0.2096650427055426480, 0.2449224382293686553, 0.2665868483314293158, 0.2773180179477281460, 0.2971053170208720617, 0.3253324117022814432, 0.3594046459838958762, 0.4145480382561923527, 0.4843931664128275916, 0.5585732515988123259, 0.6351685080609651424, 0.7000371107622971323, 0.7819458582267565516, 1.000000000000000000 ),
 .UNSPECIFIED. ) ;
#8660 = VERTEX_POINT ( 'NONE', #693 ) ;
#8661 = DIRECTION ( 'NONE',  ( 0.2944909064901959916, 0.9091480693424824899, -0.2944909064901990448 ) ) ;
#8662 = CARTESIAN_POINT ( 'NONE',  ( 103.9300035893749339, -2.999999999999984901, -19.42533546995243299 ) ) ;
#8663 = FACE_OUTER_BOUND ( 'NONE', #5700, .T. ) ;
#8664 = DIRECTION ( 'NONE',  ( 0.000000000000000000, 0.000000000000000000, -1.000000000000000000 ) ) ;
#8665 = CARTESIAN_POINT ( 'NONE',  ( 97.95148438307427341, -17.60569322287340199, -3.971585395751962899 ) ) ;
#8666 = CARTESIAN_POINT ( 'NONE',  ( 106.9705627484771071, -2.999999999999983569, -16.38477631085029529 ) ) ;
#8667 = CARTESIAN_POINT ( 'NONE',  ( 51.50000000000002842, -43.99999999999998579, 1.000000000000000000 ) ) ;
#8668 = FACE_OUTER_BOUND ( 'NONE', #5591, .T. ) ;
#8669 = VERTEX_POINT ( 'NONE', #3234 ) ;
#8670 = EDGE_LOOP ( 'NONE', ( #9026, #5771, #1081, #1039 ) ) ;
#8671 = EDGE_CURVE ( 'NONE', #3528, #8061, #6457, .T. ) ;
#8672 = FACE_BOUND ( 'NONE', #1507, .T. ) ;
#8673 = VECTOR ( 'NONE', #5859, 999.9999999999998863 ) ;
#8674 = DIRECTION ( 'NONE',  ( 0.1252314688092464878, 0.9841921349206960157, -0.1252314688092459605 ) ) ;
#8675 = EDGE_CURVE ( 'NONE', #619, #74, #9555, .T. ) ;
#8676 = EDGE_LOOP ( 'NONE', ( #7406, #8298, #5776, #1019 ) ) ;
#8677 = CARTESIAN_POINT ( 'NONE',  ( 87.00000000000002842, 33.58337520964456502, -96.50000000000000000 ) ) ;
#8678 = ADVANCED_FACE ( 'NONE', ( #2283 ), #5500, .T. ) ;
#8679 = EDGE_CURVE ( 'NONE', #9287, #1637, #2601, .T. ) ;
#8680 = CARTESIAN_POINT ( 'NONE',  ( 88.00000000000001421, 36.99999999999999289, 2.000000000000000000 ) ) ;
#8681 = ADVANCED_FACE ( 'NONE', ( #5811 ), #9062, .T. ) ;
#8682 = ORIENTED_EDGE ( 'NONE', *, *, #8632, .T. ) ;
#8684 = ORIENTED_EDGE ( 'NONE', *, *, #4273, .F. ) ;
#8683 = AXIS2_PLACEMENT_3D ( 'NONE', #2472, #4692, #8943 ) ;
#8685 = DIRECTION ( 'NONE',  ( 0.000000000000000000, -1.000000000000000000, 0.000000000000000000 ) ) ;
#8686 = CARTESIAN_POINT ( 'NONE',  ( 102.5470476543396643, -7.511631173923678517, -8.567148667017409736 ) ) ;
#8687 = SURFACE_STYLE_FILL_AREA ( #3924 ) ;
#8688 = VERTEX_POINT ( 'NONE', #8965 ) ;
#8689 = VECTOR ( 'NONE', #9617, 1000.000000000000000 ) ;
#8690 = LINE ( 'NONE', #8746, #9040 ) ;
#8691 = PLANE ( 'NONE',  #7901 ) ;
#8692 = EDGE_CURVE ( 'NONE', #1252, #1441, #5203, .T. ) ;
#8693 = EDGE_LOOP ( 'NONE', ( #9710, #8490, #1559, #2370 ) ) ;
#8694 = EDGE_CURVE ( 'NONE', #3943, #6017, #6866, .T. ) ;
#8695 = DIRECTION ( 'NONE',  ( 1.000000000000000000, 9.376883653928788436E-17, 0.000000000000000000 ) ) ;
#8696 = CARTESIAN_POINT ( 'NONE',  ( 100.2760410613248183, -12.99999999999998757, -6.296142074002523792 ) ) ;
#8697 = CARTESIAN_POINT ( 'NONE',  ( 75.96949230676395359, -20.50000000000106581, 16.03050769323624891 ) ) ;
#8698 = FACE_OUTER_BOUND ( 'NONE', #78, .T. ) ;
#8699 = STYLED_ITEM ( 'NONE', ( #1541 ), #5998 ) ;
#8700 = EDGE_LOOP ( 'NONE', ( #3836, #3214, #6491, #825, #3733, #9834, #7544, #10216, #4715 ) ) ;
#8701 = DIRECTION ( 'NONE',  ( -0.7071067811865513475, -1.691909977029939647E-16, -0.7071067811865437980 ) ) ;
#8702 = ORIENTED_EDGE ( 'NONE', *, *, #6382, .F. ) ;
#8703 = FACE_OUTER_BOUND ( 'NONE', #7275, .T. ) ;
#8704 = CARTESIAN_POINT ( 'NONE',  ( 110.5060966544098306, 13.00000000000001421, -15.67766952966380067 ) ) ;
#8705 = AXIS2_PLACEMENT_3D ( 'NONE', #9477, #6719, #3607 ) ;
#8706 = VERTEX_POINT ( 'NONE', #7360 ) ;
#8707 = CARTESIAN_POINT ( 'NONE',  ( 101.1952798768672892, -13.00000000000001066, -7.215380889545035537 ) ) ;
#8708 = ORIENTED_EDGE ( 'NONE', *, *, #6875, .F. ) ;
#8709 = CARTESIAN_POINT ( 'NONE',  ( 90.00000000000000000, -23.99999999999998934, -54.56854249492351272 ) ) ;
#8710 = B_SPLINE_CURVE_WITH_KNOTS ( 'NONE', 3,
 ( #8887, #1616, #9790, #6533, #4836, #7234, #8837, #5587 ),
 .UNSPECIFIED., .F., .F.,
 ( 4, 1, 1, 1, 1, 4 ),
 ( 0.000000000000000000, 0.2774491395867408894, 0.4506184534166512989, 0.6130118063579255150, 0.7682886429493283043, 1.000000000000000000 ),
 .UNSPECIFIED. ) ;
#8711 = VERTEX_POINT ( 'NONE', #3649 ) ;
#8712 = ORIENTED_EDGE ( 'NONE', *, *, #9597, .F. ) ;
#8713 = LINE ( 'NONE', #7116, #10152 ) ;
#8714 = CIRCLE ( 'NONE', #4139, 0.2999999999999869438 ) ;
#8715 = ORIENTED_EDGE ( 'NONE', *, *, #2070, .F. ) ;
#8716 = DIRECTION ( 'NONE',  ( -0.7071067811865444641, 0.000000000000000000, 0.7071067811865506814 ) ) ;
#8717 = CARTESIAN_POINT ( 'NONE',  ( 89.00000000000001421, -28.99999999999998579, 0.9999999999999997780 ) ) ;
#8718 = ADVANCED_FACE ( 'NONE', ( #4241 ), #7307, .F. ) ;
#8719 = CARTESIAN_POINT ( 'NONE',  ( 102.4810450396986283, -17.84868297269977333, -8.501146052376402196 ) ) ;
#8720 = ORIENTED_EDGE ( 'NONE', *, *, #90, .T. ) ;
#8721 = CARTESIAN_POINT ( 'NONE',  ( 97.49419982173188259, -16.85129100566620153, -3.514300834409507246 ) ) ;
#8722 = DIRECTION ( 'NONE',  ( -0.7071067811865388020, 0.000000000000000000, 0.7071067811865561215 ) ) ;
#8723 = CARTESIAN_POINT ( 'NONE',  ( 56.05887450304557262, 24.00000000000001421, 1.999999999999996891 ) ) ;
#8724 = EDGE_CURVE ( 'NONE', #2772, #7115, #7241, .T. ) ;
#8725 = FACE_BOUND ( 'NONE', #7775, .T. ) ;
#8726 = EDGE_LOOP ( 'NONE', ( #8654, #707, #7618, #6818 ) ) ;
#8727 = DIRECTION ( 'NONE',  ( -0.7071067811865512365, -1.691909977029938907E-16, -0.7071067811865439090 ) ) ;
#8728 = ORIENTED_EDGE ( 'NONE', *, *, #4437, .F. ) ;
#8729 = AXIS2_PLACEMENT_3D ( 'NONE', #2941, #6855, #7014 ) ;
#8730 = DIRECTION ( 'NONE',  ( -0.7071067811865454633, 0.000000000000000000, 0.7071067811865495711 ) ) ;
#8731 = LINE ( 'NONE', #10493, #2939 ) ;
#8732 = ORIENTED_EDGE ( 'NONE', *, *, #2080, .F. ) ;
#8733 = DIRECTION ( 'NONE',  ( 0.000000000000000000, 0.000000000000000000, 1.000000000000000000 ) ) ;
#8734 = CARTESIAN_POINT ( 'NONE',  ( 92.67349368912289265, 28.00000000000002132, 2.154933435623319848 ) ) ;
#8735 = VECTOR ( 'NONE', #3193, 1000.000000000000000 ) ;
#8736 = ORIENTED_EDGE ( 'NONE', *, *, #9597, .T. ) ;
#8737 = ORIENTED_EDGE ( 'NONE', *, *, #10419, .T. ) ;
#8738 = CARTESIAN_POINT ( 'NONE',  ( 101.9247085719245121, -5.903187733375055757, -7.096281447178416357 ) ) ;
#8739 = EDGE_CURVE ( 'NONE', #4242, #888, #7421, .T. ) ;
#8740 = CARTESIAN_POINT ( 'NONE',  ( 100.2577201069552473, -10.17301288377232460, -6.277821119632966962 ) ) ;
#8741 = PRESENTATION_STYLE_ASSIGNMENT (( #529 ) ) ;
#8742 = LINE ( 'NONE', #9655, #5873 ) ;
#8743 = CIRCLE ( 'NONE', #8241, 0.2999999999999893308 ) ;
#8744 = EDGE_CURVE ( 'NONE', #3662, #8007, #9548, .T. ) ;
#8745 = EDGE_LOOP ( 'NONE', ( #2829, #818, #8256, #2820 ) ) ;
#8746 = CARTESIAN_POINT ( 'NONE',  ( 99.55585277962610746, 15.00000000000000000, -4.727425654879966466 ) ) ;
#8747 = DIRECTION ( 'NONE',  ( 0.7071067811865512365, 1.326091603618060771E-16, 0.7071067811865439090 ) ) ;
#8748 = AXIS2_PLACEMENT_3D ( 'NONE', #2708, #423, #3735 ) ;
#8749 = ORIENTED_EDGE ( 'NONE', *, *, #4694, .T. ) ;
#8750 = CARTESIAN_POINT ( 'NONE',  ( 0.01403530012552397545, -23.99999999999999645, -61.11590701478489507 ) ) ;
#8751 = EDGE_CURVE ( 'NONE', #494, #8868, #5015, .T. ) ;
#8752 = VECTOR ( 'NONE', #999, 1000.000000000000000 ) ;
#8753 = CARTESIAN_POINT ( 'NONE',  ( 97.84888527117068691, 8.200000000000006395, -3.868986283848379948 ) ) ;
#8754 = DIRECTION ( 'NONE',  ( -1.196361017915046142E-16, 1.000000000000000000, -1.196361017915046142E-16 ) ) ;
#8755 = CARTESIAN_POINT ( 'NONE',  ( 111.5941678992592330, -12.99999999999998579, 1.345029501761769719 ) ) ;
#8756 = CARTESIAN_POINT ( 'NONE',  ( 103.1295045389288418, -18.53502506775044978, -9.149605551606624587 ) ) ;
#8757 = FACE_OUTER_BOUND ( 'NONE', #7159, .T. ) ;
#8758 = ORIENTED_EDGE ( 'NONE', *, *, #1620, .F. ) ;
#8759 = ADVANCED_FACE ( 'NONE', ( #5712 ), #5302, .T. ) ;
#8760 = CIRCLE ( 'NONE', #4181, 0.3000000000000065392 ) ;
#8761 = CLOSED_SHELL ( 'NONE', ( #1563, #3725, #9266, #7467, #7971, #5252, #10087, #5488, #4315, #621, #9835, #4647, #2311 ) ) ;
#8762 = EDGE_CURVE ( 'NONE', #9968, #4817, #1260, .T. ) ;
#8763 = EDGE_CURVE ( 'NONE', #7115, #2772, #8016, .T. ) ;
#8764 = PLANE ( 'NONE',  #3609 ) ;
#8765 = ORIENTED_EDGE ( 'NONE', *, *, #3556, .F. ) ;
#8766 = CIRCLE ( 'NONE', #5525, 2.499999999999988454 ) ;
#8767 = DIRECTION ( 'NONE',  ( -0.7071067811865513475, -1.691909977029939647E-16, -0.7071067811865437980 ) ) ;
#8768 = TOROIDAL_SURFACE ( 'NONE', #6220, 3.000000000000000000, 2.000000000000000000 ) ;
#8769 = LINE ( 'NONE', #4819, #5993 ) ;
#8770 = VERTEX_POINT ( 'NONE', #2367 ) ;
#8771 = VECTOR ( 'NONE', #2853, 1000.000000000000000 ) ;
#8772 = CARTESIAN_POINT ( 'NONE',  ( 89.00000000000001421, -28.99999999999998579, 0.9999999999999997780 ) ) ;
#8773 = CLOSED_SHELL ( 'NONE', ( #3614, #1434, #4852, #3478 ) ) ;
#8774 = VERTEX_POINT ( 'NONE', #6532 ) ;
#8775 = CARTESIAN_POINT ( 'NONE',  ( 103.0875023805769644, -9.219426233395644488, -9.107603393254732893 ) ) ;
#8776 = CIRCLE ( 'NONE', #5702, 0.1499999999999973577 ) ;
#8777 = EDGE_LOOP ( 'NONE', ( #8976, #9765, #8204, #4899 ) ) ;
#8778 = ORIENTED_EDGE ( 'NONE', *, *, #3450, .T. ) ;
#8779 = DIRECTION ( 'NONE',  ( -0.7071067811865514585, -2.775557561562890858E-16, -0.7071067811865437980 ) ) ;
#8780 = VECTOR ( 'NONE', #3403, 1000.000000000000000 ) ;
#8781 = AXIS2_PLACEMENT_3D ( 'NONE', #5478, #8727, #6392 ) ;
#8782 = AXIS2_PLACEMENT_3D ( 'NONE', #6626, #9881, #3295 ) ;
#8783 = CARTESIAN_POINT ( 'NONE',  ( 118.9913780286483131, 29.00000000000001776, -25.57716446627550511 ) ) ;
#8784 = DIRECTION ( 'NONE',  ( -1.000000000000000000, -9.376883653928788436E-17, 0.000000000000000000 ) ) ;
#8785 = AXIS2_PLACEMENT_3D ( 'NONE', #10372, #3103, #927 ) ;
#8786 = DIRECTION ( 'NONE',  ( -0.7071067811865513475, 0.000000000000000000, -0.7071067811865436870 ) ) ;
#8787 = CARTESIAN_POINT ( 'NONE',  ( 97.26558609688466106, -10.91229507811548949, -3.285687109562347885 ) ) ;
#8788 = ORIENTED_EDGE ( 'NONE', *, *, #10307, .T. ) ;
#8789 = LINE ( 'NONE', #1615, #9799 ) ;
#8790 = VECTOR ( 'NONE', #4891, 1000.000000000000000 ) ;
#8791 = DIRECTION ( 'NONE',  ( 0.7071067811865513475, 1.691909977029939400E-16, 0.7071067811865436870 ) ) ;
#8792 = CARTESIAN_POINT ( 'NONE',  ( 90.00000000000001421, 31.00000000000002132, -51.29646455628138568 ) ) ;
#8793 = DIRECTION ( 'NONE',  ( -0.7071067811865561215, 0.000000000000000000, 0.7071067811865388020 ) ) ;
#8794 = EDGE_LOOP ( 'NONE', ( #9590, #6572, #5153, #6664 ) ) ;
#8795 = PLANE ( 'NONE',  #4536 ) ;
#8796 = ORIENTED_EDGE ( 'NONE', *, *, #7256, .T. ) ;
#8797 = LINE ( 'NONE', #778, #6549 ) ;
#8798 = FACE_OUTER_BOUND ( 'NONE', #2634, .T. ) ;
#8799 = AXIS2_PLACEMENT_3D ( 'NONE', #10525, #1763, #1608 ) ;
#8800 = ORIENTED_EDGE ( 'NONE', *, *, #5763, .T. ) ;
#8801 = ADVANCED_FACE ( 'NONE', ( #60 ), #5680, .F. ) ;
#8802 = CARTESIAN_POINT ( 'NONE',  ( 99.55585277962610746, 15.00000000000000000, -4.727425654879966466 ) ) ;
#8803 = DIRECTION ( 'NONE',  ( 0.4999999999999838463, -0.7071067811865665576, -0.4999999999999890643 ) ) ;
#8804 = ORIENTED_EDGE ( 'NONE', *, *, #7848, .T. ) ;
#8805 = B_SPLINE_SURFACE_WITH_KNOTS ( 'NONE', 3, 1, ( 
 ( #147, #6617 ),
 ( #5863, #4957 ),
 ( #4081, #2598 ),
 ( #9707, #5809 ),
 ( #28, #9119 ),
 ( #5761, #194 ),
 ( #1697, #8278 ),
 ( #4128, #9060 ) ),
 .UNSPECIFIED., .F., .F., .F.,
 ( 4, 1, 1, 1, 1, 4 ),
 ( 2, 2 ),
 ( 0.000000000000000000, 0.3229897812743756091, 0.4792975582790477418, 0.6505341425111021980, 0.8217426296412351228, 1.000000000000000000 ),
 ( 0.000000000000000000, 1.000000000000000000 ),
 .UNSPECIFIED. ) ;
#8806 = ORIENTED_EDGE ( 'NONE', *, *, #3671, .F. ) ;
#8807 = CARTESIAN_POINT ( 'NONE',  ( 104.8492424049174900, 9.664066052554728614, -10.02081528017140144 ) ) ;
#8808 = CARTESIAN_POINT ( 'NONE',  ( 106.5462986797651723, 17.40000000000001634, -11.71787155501910505 ) ) ;
#8809 = DIRECTION ( 'NONE',  ( 0.000000000000000000, 1.000000000000000000, 0.000000000000000000 ) ) ;
#8810 = CARTESIAN_POINT ( 'NONE',  ( 103.2033750774864416, -18.48695981420894796, -8.374947952740367185 ) ) ;
#8811 = VERTEX_POINT ( 'NONE', #9789 ) ;
#8812 =( NAMED_UNIT ( * ) SI_UNIT ( $, .STERADIAN. ) SOLID_ANGLE_UNIT ( ) );
#8813 = LINE ( 'NONE', #799, #2677 ) ;
#8814 = DIRECTION ( 'NONE',  ( 0.7071067811865439090, 2.465190328815662439E-32, -0.7071067811865512365 ) ) ;
#8815 = DIRECTION ( 'NONE',  ( -0.7071067811865513475, -1.691909977029939647E-16, -0.7071067811865437980 ) ) ;
#8816 = SPHERICAL_SURFACE ( 'NONE', #6734, 1.000000000000000000 ) ;
#8817 = EDGE_LOOP ( 'NONE', ( #6853, #6972, #5486, #2169 ) ) ;
#8818 = CARTESIAN_POINT ( 'NONE',  ( 98.65922096173177636, -12.37008508985941546, -3.830793836985623813 ) ) ;
#8819 = VERTEX_POINT ( 'NONE', #9580 ) ;
#8820 = EDGE_CURVE ( 'NONE', #7294, #8345, #8789, .T. ) ;
#8821 = DIRECTION ( 'NONE',  ( -0.7071067811865437980, 0.000000000000000000, 0.7071067811865513475 ) ) ;
#8822 = DIRECTION ( 'NONE',  ( 0.000000000000000000, -0.000000000000000000, 1.000000000000000000 ) ) ;
#8823 = CARTESIAN_POINT ( 'NONE',  ( 97.16838088449638633, -16.48455183905596400, -2.339953759750212914 ) ) ;
#8824 = EDGE_CURVE ( 'NONE', #101, #3095, #3360, .T. ) ;
#8825 = EDGE_CURVE ( 'NONE', #7607, #9324, #826, .T. ) ;
#8826 = EDGE_CURVE ( 'NONE', #5254, #1084, #8934, .T. ) ;
#8827 = CARTESIAN_POINT ( 'NONE',  ( 101.9885104765519657, -6.834263753685235088, -8.008611489229718217 ) ) ;
#8828 = CARTESIAN_POINT ( 'NONE',  ( 102.6975551841026828, -6.023016659406605022, -7.869128059356603977 ) ) ;
#8829 = ORIENTED_EDGE ( 'NONE', *, *, #10419, .F. ) ;
#8830 = EDGE_LOOP ( 'NONE', ( #6769, #5999, #624, #1148 ) ) ;
#8831 = DIRECTION ( 'NONE',  ( -0.7071067811865513475, 0.000000000000000000, -0.7071067811865437980 ) ) ;
#8832 = CARTESIAN_POINT ( 'NONE',  ( 90.58578643762692195, 24.00000000000001421, -53.98275605729660498 ) ) ;
#8833 = CARTESIAN_POINT ( 'NONE',  ( 102.1145186924098169, -12.99999999999998579, -8.134619705087571262 ) ) ;
#8834 = FACE_OUTER_BOUND ( 'NONE', #10423, .T. ) ;
#8835 = EDGE_LOOP ( 'NONE', ( #7302, #8788, #6340, #6672 ) ) ;
#8836 = DIRECTION ( 'NONE',  ( -0.7071067811865440200, 1.812652487007113323E-15, 0.7071067811865511255 ) ) ;
#8837 = CARTESIAN_POINT ( 'NONE',  ( 97.78754298820305735, -11.59870155029420147, -2.959115863457028262 ) ) ;
#8838 = CYLINDRICAL_SURFACE ( 'NONE', #4386, 2.000000000000001776 ) ;
#8839 = EDGE_LOOP ( 'NONE', ( #10361, #4239 ) ) ;
#8840 = DIRECTION ( 'NONE',  ( 0.000000000000000000, 0.000000000000000000, 1.000000000000000000 ) ) ;
#8841 = ORIENTED_EDGE ( 'NONE', *, *, #5567, .F. ) ;
#8842 = CARTESIAN_POINT ( 'NONE',  ( 108.6112379177636029, 15.00000000000000178, 4.327959483257429518 ) ) ;
#8843 = CARTESIAN_POINT ( 'NONE',  ( 103.4238634264962684, -6.632082894133788820, -8.595436301750199348 ) ) ;
#8844 = VERTEX_POINT ( 'NONE', #6 ) ;
#8845 = CARTESIAN_POINT ( 'NONE',  ( 102.3612900293116894, -7.313542304643030789, -8.381391041989443735 ) ) ;
#8846 = DIRECTION ( 'NONE',  ( -0.7071067811865513475, -1.691909977029939647E-16, -0.7071067811865437980 ) ) ;
#8847 = EDGE_LOOP ( 'NONE', ( #7712, #9517, #171, #6371 ) ) ;
#8848 = ORIENTED_EDGE ( 'NONE', *, *, #9145, .F. ) ;
#8849 = CARTESIAN_POINT ( 'NONE',  ( 87.00000000000002842, -28.53337520964456786, 0.000000000000000000 ) ) ;
#8850 = CARTESIAN_POINT ( 'NONE',  ( 104.0945047500319163, -17.27129380187520979, -10.11460576270975231 ) ) ;
#8851 = CARTESIAN_POINT ( 'NONE',  ( 99.62737431508801933, -8.847115551107986420, -5.647475327765738129 ) ) ;
#8852 = AXIS2_PLACEMENT_3D ( 'NONE', #65, #7340, #8253 ) ;
#8853 = EDGE_CURVE ( 'NONE', #7429, #8480, #6981, .T. ) ;
#8854 = DIRECTION ( 'NONE',  ( -0.7071067811865512365, -1.691909977029938907E-16, -0.7071067811865439090 ) ) ;
#8855 = EDGE_LOOP ( 'NONE', ( #6808, #4571, #2899, #8385 ) ) ;
#8856 = FACE_OUTER_BOUND ( 'NONE', #9746, .T. ) ;
#8857 = VERTEX_POINT ( 'NONE', #7126 ) ;
#8858 = EDGE_CURVE ( 'NONE', #10234, #7973, #10424, .T. ) ;
#8859 = LINE ( 'NONE', #1436, #9625 ) ;
#8860 = CARTESIAN_POINT ( 'NONE',  ( 102.6850288425443267, 22.33933982822020070, -7.856601717798246121 ) ) ;
#8861 = CARTESIAN_POINT ( 'NONE',  ( 89.15000000000001990, 33.58337520964456502, -162.2337144733732259 ) ) ;
#8862 = LINE ( 'NONE', #1392, #7425 ) ;
#8863 = EDGE_CURVE ( 'NONE', #5589, #2748, #9636, .T. ) ;
#8864 = VECTOR ( 'NONE', #7226, 999.9999999999998863 ) ;
#8865 = ORIENTED_EDGE ( 'NONE', *, *, #394, .T. ) ;
#8866 = CARTESIAN_POINT ( 'NONE',  ( 106.9705627484771071, -2.999999999999983569, -16.38477631085029529 ) ) ;
#8867 = CARTESIAN_POINT ( 'NONE',  ( 113.4803634743430365, 8.200000000000006395, -0.5411660733220490238 ) ) ;
#8868 = VERTEX_POINT ( 'NONE', #4107 ) ;
#8869 = CYLINDRICAL_SURFACE ( 'NONE', #2492, 1.949958776210933609 ) ;
#8870 = AXIS2_PLACEMENT_3D ( 'NONE', #4767, #3990, #4611 ) ;
#8871 = ORIENTED_EDGE ( 'NONE', *, *, #4907, .F. ) ;
#8872 = CARTESIAN_POINT ( 'NONE',  ( 102.0727830388864561, 9.999999999999740652, 37.18405095705277574 ) ) ;
#8873 = ORIENTED_EDGE ( 'NONE', *, *, #1698, .T. ) ;
#8874 = EDGE_CURVE ( 'NONE', #7708, #1579, #644, .T. ) ;
#8875 = ORIENTED_EDGE ( 'NONE', *, *, #1811, .F. ) ;
#8876 = CARTESIAN_POINT ( 'NONE',  ( 103.4854479653068751, -9.689317062940421721, -8.657020840560782915 ) ) ;
#8877 = CARTESIAN_POINT ( 'NONE',  ( 77.27207793864224072, 29.00000000000001776, 16.14213562373101851 ) ) ;
#8878 = ADVANCED_FACE ( 'NONE', ( #5840 ), #2728, .T. ) ;
#8879 = PRESENTATION_LAYER_ASSIGNMENT (  '', '', ( #5648 ) ) ;
#8880 = EDGE_CURVE ( 'NONE', #1249, #3875, #9949, .T. ) ;
#8881 = DIRECTION ( 'NONE',  ( -0.7071067811865513475, -1.691909977029939647E-16, -0.7071067811865437980 ) ) ;
#8882 = CARTESIAN_POINT ( 'NONE',  ( 89.69589637201927701, -28.99999999999998579, 3.794153956357605662 ) ) ;
#8883 = PLANE ( 'NONE',  #9616 ) ;
#8884 = ORIENTED_EDGE ( 'NONE', *, *, #1496, .F. ) ;
#8885 = CARTESIAN_POINT ( 'NONE',  ( 99.35127813725701174, -17.61327191115809399, -5.371379149934691455 ) ) ;
#8886 = AXIS2_PLACEMENT_3D ( 'NONE', #4285, #7521, #250 ) ;
#8887 = CARTESIAN_POINT ( 'NONE',  ( 97.16838088449631528, -16.48455183905596400, -2.339953759750274198 ) ) ;
#8888 = PLANE ( 'NONE',  #10487 ) ;
#8889 = ORIENTED_EDGE ( 'NONE', *, *, #5313, .T. ) ;
#8890 = DIRECTION ( 'NONE',  ( 0.000000000000000000, 0.7054896156758602155, 0.7087202566411707760 ) ) ;
#8891 = ORIENTED_EDGE ( 'NONE', *, *, #5281, .F. ) ;
#8892 = DIRECTION ( 'NONE',  ( -0.7071067811865436870, 0.000000000000000000, 0.7071067811865513475 ) ) ;
#8893 = EDGE_CURVE ( 'NONE', #9427, #4925, #4157, .T. ) ;
#8894 = CARTESIAN_POINT ( 'NONE',  ( 103.8779727512074658, -7.349759618135095707, -9.049545626461394932 ) ) ;
#8895 = ORIENTED_EDGE ( 'NONE', *, *, #6526, .T. ) ;
#8896 = CARTESIAN_POINT ( 'NONE',  ( 59.67386801804735796, -28.50108831184761726, 1.999999999999754863 ) ) ;
#8897 = CARTESIAN_POINT ( 'NONE',  ( 100.3237590053235806, 10.00000000000001243, -5.495331880577457362 ) ) ;
#8898 = ORIENTED_EDGE ( 'NONE', *, *, #4723, .T. ) ;
#8899 = VECTOR ( 'NONE', #2296, 1000.000000000000000 ) ;
#8900 = CARTESIAN_POINT ( 'NONE',  ( 102.9513856710463386, -16.94569879804162227, -8.971486683724169353 ) ) ;
#8901 = DIRECTION ( 'NONE',  ( 0.4999999999999934497, 0.7071067811865530128, -0.4999999999999988898 ) ) ;
#8902 = LINE ( 'NONE', #8065, #1995 ) ;
#8903 = CARTESIAN_POINT ( 'NONE',  ( 65.12994231491109076, 31.00000000000001776, 2.000000000000000000 ) ) ;
#8904 = VERTEX_POINT ( 'NONE', #6000 ) ;
#8905 = AXIS2_PLACEMENT_3D ( 'NONE', #5019, #4245, #9065 ) ;
#8906 = CARTESIAN_POINT ( 'NONE',  ( 65.12994231491109076, -30.99999999999998579, 4.000000000000000000 ) ) ;
#8907 = CARTESIAN_POINT ( 'NONE',  ( 104.8492424049174758, 9.664066052554728614, -10.02081528017138190 ) ) ;
#8908 = DIRECTION ( 'NONE',  ( 1.000000000000000000, 0.000000000000000000, 0.000000000000000000 ) ) ;
#8909 = LINE ( 'NONE', #7362, #7233 ) ;
#8910 = DIRECTION ( 'NONE',  ( -0.7071067811865454633, 0.000000000000000000, 0.7071067811865495711 ) ) ;
#8911 = CARTESIAN_POINT ( 'NONE',  ( 102.5741036805333550, -12.99460872837455305, -8.594204693211114687 ) ) ;
#8912 = CARTESIAN_POINT ( 'NONE',  ( 103.9300035893749623, -22.99999999999998579, -19.42533546995245430 ) ) ;
#8913 = VECTOR ( 'NONE', #7965, 1000.000000000000114 ) ;
#8914 = EDGE_LOOP ( 'NONE', ( #1282, #6112, #3821, #882 ) ) ;
#8915 = CARTESIAN_POINT ( 'NONE',  ( 90.25304928673205040, 15.49999999999898748, -2.495689973851352050 ) ) ;
#8916 = LINE ( 'NONE', #6680, #4999 ) ;
#8917 = AXIS2_PLACEMENT_3D ( 'NONE', #6918, #2100, #5422 ) ;
#8918 = EDGE_CURVE ( 'NONE', #5937, #3834, #126, .T. ) ;
#8919 = DIRECTION ( 'NONE',  ( 0.6959289325928852410, -0.1771040416259392347, -0.6959289325928942338 ) ) ;
#8920 = EDGE_CURVE ( 'NONE', #8300, #4077, #9288, .T. ) ;
#8921 = EDGE_LOOP ( 'NONE', ( #8416, #2173, #4729, #8533 ) ) ;
#8922 = PLANE ( 'NONE',  #6862 ) ;
#8923 = CIRCLE ( 'NONE', #968, 0.1000000000000078049 ) ;
#8924 = AXIS2_PLACEMENT_3D ( 'NONE', #8470, #8264, #5960 ) ;
#8925 = ORIENTED_EDGE ( 'NONE', *, *, #9538, .F. ) ;
#8926 = VERTEX_POINT ( 'NONE', #2679 ) ;
#8927 = LINE ( 'NONE', #8978, #142 ) ;
#8928 = AXIS2_PLACEMENT_3D ( 'NONE', #4373, #7612, #5783 ) ;
#8929 = CARTESIAN_POINT ( 'NONE',  ( 106.3695219844685340, 23.00000000000001421, -15.78373554684172397 ) ) ;
#8930 = DIRECTION ( 'NONE',  ( -0.7071067811865512365, -1.691909977029938907E-16, -0.7071067811865437980 ) ) ;
#8931 = DIRECTION ( 'NONE',  ( -0.7071067811865439090, -4.898042755699221563E-15, 0.7071067811865512365 ) ) ;
#8932 = DIRECTION ( 'NONE',  ( 1.196361017915052058E-16, -1.000000000000000000, 1.196361017915039979E-16 ) ) ;
#8933 = AXIS2_PLACEMENT_3D ( 'NONE', #7535, #9022, #4972 ) ;
#8934 = LINE ( 'NONE', #7281, #4374 ) ;
#8935 = VECTOR ( 'NONE', #9822, 1000.000000000000000 ) ;
#8936 = DIRECTION ( 'NONE',  ( 1.000000000000000000, -2.066169305673153137E-16, 0.000000000000000000 ) ) ;
#8937 = ORIENTED_EDGE ( 'NONE', *, *, #4226, .T. ) ;
#8938 = CARTESIAN_POINT ( 'NONE',  ( 99.33935757816132650, -17.48981397740233135, -5.359458590839063064 ) ) ;
#8939 = ORIENTED_EDGE ( 'NONE', *, *, #5341, .F. ) ;
#8940 = AXIS2_PLACEMENT_3D ( 'NONE', #2286, #8754, #802 ) ;
#8941 = DIRECTION ( 'NONE',  ( 0.7071067811865436870, 5.887846720064151957E-15, -0.7071067811865513475 ) ) ;
#8942 = AXIS2_PLACEMENT_3D ( 'NONE', #4606, #3191, #10295 ) ;
#8943 = DIRECTION ( 'NONE',  ( -0.3535533905932657373, -0.8660254037844429265, 0.3535533905932711218 ) ) ;
#8944 = EDGE_CURVE ( 'NONE', #6721, #6783, #9149, .T. ) ;
#8945 = ORIENTED_EDGE ( 'NONE', *, *, #9812, .T. ) ;
#8946 = EDGE_CURVE ( 'NONE', #4114, #4526, #7201, .T. ) ;
#8947 = AXIS2_PLACEMENT_3D ( 'NONE', #1265, #8323, #2693 ) ;
#8948 = CARTESIAN_POINT ( 'NONE',  ( 102.6911460721446900, -8.029138743231170494, -8.711247084822462128 ) ) ;
#8949 = CARTESIAN_POINT ( 'NONE',  ( 91.45513081474931028, -14.00000000000017586, -2.424979295732796469 ) ) ;
#8950 = ORIENTED_EDGE ( 'NONE', *, *, #2111, .F. ) ;
#8951 = EDGE_CURVE ( 'NONE', #1971, #5615, #5496, .T. ) ;
#8952 = ORIENTED_EDGE ( 'NONE', *, *, #6408, .T. ) ;
#8953 = EDGE_CURVE ( 'NONE', #6075, #1441, #10009, .T. ) ;
#8954 = CARTESIAN_POINT ( 'NONE',  ( 105.3558105774447569, -12.97515052748107145, -11.37591159012248276 ) ) ;
#8955 = CARTESIAN_POINT ( 'NONE',  ( 101.4894444302728260, 17.40000000000001279, -6.661017305526706345 ) ) ;
#8956 = ORIENTED_EDGE ( 'NONE', *, *, #1885, .T. ) ;
#8957 = CARTESIAN_POINT ( 'NONE',  ( 104.4249783362055410, 8.200000000000004619, -10.44507934888330070 ) ) ;
#8958 = VECTOR ( 'NONE', #9571, 1000.000000000000114 ) ;
#8959 = DIRECTION ( 'NONE',  ( -0.7071067811865523467, -6.106226635438360972E-16, -0.7071067811865429098 ) ) ;
#8960 = ORIENTED_EDGE ( 'NONE', *, *, #10370, .T. ) ;
#8961 = VECTOR ( 'NONE', #9132, 1000.000000000000000 ) ;
#8962 = CARTESIAN_POINT ( 'NONE',  ( 87.85000000000002274, -33.58337520964455791, 0.000000000000000000 ) ) ;
#8963 = CARTESIAN_POINT ( 'NONE',  ( 104.3045858428642418, -17.39975506580979214, -9.476158718118243840 ) ) ;
#8964 = ORIENTED_EDGE ( 'NONE', *, *, #6510, .T. ) ;
#8965 = CARTESIAN_POINT ( 'NONE',  ( 104.3350288425443892, 22.55147186257610770, -9.506601717798288220 ) ) ;
#8966 = CARTESIAN_POINT ( 'NONE',  ( 103.8892523404472144, -18.04866127958090871, -9.909353353125004205 ) ) ;
#8967 = LINE ( 'NONE', #6674, #2979 ) ;
#8968 = DIRECTION ( 'NONE',  ( 0.7071067811865513475, 1.691909977029939893E-16, 0.7071067811865436870 ) ) ;
#8969 = ORIENTED_EDGE ( 'NONE', *, *, #4775, .T. ) ;
#8970 = CARTESIAN_POINT ( 'NONE',  ( 99.86038476133767006, -16.99672652006153939, -5.031957636591664063 ) ) ;
#8971 = DIRECTION ( 'NONE',  ( 0.7071067811865513475, 1.691909977029939893E-16, 0.7071067811865436870 ) ) ;
#8972 = DIRECTION ( 'NONE',  ( -0.7071067811865513475, -1.691909977029939647E-16, -0.7071067811865437980 ) ) ;
#8973 = LINE ( 'NONE', #6580, #4530 ) ;
#8974 = CARTESIAN_POINT ( 'NONE',  ( 98.35403198387682266, -11.86216094775716101, -3.525604859130669677 ) ) ;
#8975 = LINE ( 'NONE', #2211, #4012 ) ;
#8976 = ORIENTED_EDGE ( 'NONE', *, *, #3087, .F. ) ;
#8977 = ORIENTED_EDGE ( 'NONE', *, *, #2989, .T. ) ;
#8978 = CARTESIAN_POINT ( 'NONE',  ( 107.2578237999014448, 15.60000000000000675, 5.681373601119605432 ) ) ;
#8979 = EDGE_CURVE ( 'NONE', #5037, #5623, #6592, .T. ) ;
#8980 = CARTESIAN_POINT ( 'NONE',  ( 104.3135164091590923, -18.04866127958090871, -9.485089284413135147 ) ) ;
#8981 = DIRECTION ( 'NONE',  ( 1.000000000000000000, 0.000000000000000000, 0.000000000000000000 ) ) ;
#8982 = CARTESIAN_POINT ( 'NONE',  ( 103.8779727512074800, -7.349759618135095707, -9.049545626461389602 ) ) ;
#8983 = LINE ( 'NONE', #340, #6219 ) ;
#8984 = DIRECTION ( 'NONE',  ( 0.7071067811865436870, 5.236901059552623732E-15, -0.7071067811865513475 ) ) ;
#8985 = EDGE_CURVE ( 'NONE', #841, #8240, #9196, .T. ) ;
#8986 = DIRECTION ( 'NONE',  ( -0.7071067811865513475, -1.691909977029939647E-16, -0.7071067811865437980 ) ) ;
#8987 = ORIENTED_EDGE ( 'NONE', *, *, #2023, .F. ) ;
#8988 = CARTESIAN_POINT ( 'NONE',  ( 51.50000000000002132, 43.99999999999998579, 2.000000000000000000 ) ) ;
#8989 = ORIENTED_EDGE ( 'NONE', *, *, #5955, .T. ) ;
#8990 = DIRECTION ( 'NONE',  ( -0.7071067811865513475, -2.775557561562890858E-16, -0.7071067811865436870 ) ) ;
#8991 = DIRECTION ( 'NONE',  ( 0.7071067811865512365, 1.691909977029939647E-16, 0.7071067811865437980 ) ) ;
#8992 = ORIENTED_EDGE ( 'NONE', *, *, #3885, .F. ) ;
#8993 = DIRECTION ( 'NONE',  ( 0.5400764004494029713, -0.6454726666213116415, -0.5400764004494077453 ) ) ;
#8994 = CARTESIAN_POINT ( 'NONE',  ( 89.15000000000001990, 30.53337520964456786, -162.2337144733732259 ) ) ;
#8995 = ORIENTED_EDGE ( 'NONE', *, *, #8874, .T. ) ;
#8996 = EDGE_LOOP ( 'NONE', ( #761, #8558 ) ) ;
#8997 = CARTESIAN_POINT ( 'NONE',  ( 104.6431059282886196, -16.91531332364706230, -10.66320694096641475 ) ) ;
#8998 = EDGE_CURVE ( 'NONE', #6167, #2462, #5100, .T. ) ;
#8999 = CARTESIAN_POINT ( 'NONE',  ( 103.4854479653068751, -9.689317062940421721, -8.657020840560793573 ) ) ;
#9000 = ORIENTED_EDGE ( 'NONE', *, *, #2596, .F. ) ;
#9001 = SURFACE_STYLE_FILL_AREA ( #8121 ) ;
#9002 = ORIENTED_EDGE ( 'NONE', *, *, #1351, .F. ) ;
#9003 = EDGE_CURVE ( 'NONE', #4880, #2576, #5156, .T. ) ;
#9004 = CARTESIAN_POINT ( 'NONE',  ( 102.4728968081883664, 22.33933982822020070, -7.644469683442292940 ) ) ;
#9005 = CARTESIAN_POINT ( 'NONE',  ( 103.3642187185693189, -7.176240401769854671, -8.535791593823223167 ) ) ;
#9006 = EDGE_LOOP ( 'NONE', ( #2267, #6997, #6780, #9805 ) ) ;
#9007 = EDGE_CURVE ( 'NONE', #5790, #8508, #1142, .T. ) ;
#9008 = EDGE_CURVE ( 'NONE', #4164, #1908, #8563, .T. ) ;
#9009 = EDGE_CURVE ( 'NONE', #9199, #10519, #4376, .T. ) ;
#9010 = DIRECTION ( 'NONE',  ( 0.000000000000000000, 0.000000000000000000, -1.000000000000000000 ) ) ;
#9011 = CARTESIAN_POINT ( 'NONE',  ( 104.9986555687504790, -17.05437323195199539, -10.17022844400448989 ) ) ;
#9012 = DIRECTION ( 'NONE',  ( 0.5000000000000006661, 0.7071067811865444641, -0.5000000000000036637 ) ) ;
#9013 = AXIS2_PLACEMENT_3D ( 'NONE', #5845, #8990, #8892 ) ;
#9014 = DIRECTION ( 'NONE',  ( 0.7071067811865426878, 0.000000000000000000, -0.7071067811865524577 ) ) ;
#9015 = FACE_OUTER_BOUND ( 'NONE', #5060, .T. ) ;
#9016 = DIRECTION ( 'NONE',  ( -0.000000000000000000, -0.000000000000000000, -1.000000000000000000 ) ) ;
#9017 = ORIENTED_EDGE ( 'NONE', *, *, #8893, .T. ) ;
#9018 = CIRCLE ( 'NONE', #3439, 0.3000000000000065392 ) ;
#9019 = EDGE_CURVE ( 'NONE', #6844, #2467, #4153, .T. ) ;
#9020 = CARTESIAN_POINT ( 'NONE',  ( 97.96199212814772750, -16.99759392308838812, -3.133565003401692195 ) ) ;
#9021 = DIRECTION ( 'NONE',  ( -1.000000000000000000, -8.095376221225092411E-15, 2.370788750501634364E-14 ) ) ;
#9022 = DIRECTION ( 'NONE',  ( -0.6428647649347235538, 0.4164730339539842729, 0.6428647649347303261 ) ) ;
#9023 = CARTESIAN_POINT ( 'NONE',  ( 90.00000000000001421, -30.99999999999998579, -45.49747468305808695 ) ) ;
#9024 = CIRCLE ( 'NONE', #219, 2.600000000000008527 ) ;
#9025 = DIRECTION ( 'NONE',  ( -0.7071067811865512365, -1.691909977029938907E-16, -0.7071067811865439090 ) ) ;
#9026 = ORIENTED_EDGE ( 'NONE', *, *, #4336, .F. ) ;
#9027 = ORIENTED_EDGE ( 'NONE', *, *, #4224, .T. ) ;
#9028 = CARTESIAN_POINT ( 'NONE',  ( 87.85000000000002274, 33.58337520964456502, -96.50000000000000000 ) ) ;
#9029 = ORIENTED_EDGE ( 'NONE', *, *, #5405, .T. ) ;
#9030 = CARTESIAN_POINT ( 'NONE',  ( 103.5248171295702804, -9.569500498558465296, -9.544918142248018711 ) ) ;
#9031 = DIRECTION ( 'NONE',  ( 0.6844055748977776465, 0.2513523783409954970, -0.6844055748977848630 ) ) ;
#9032 = CARTESIAN_POINT ( 'NONE',  ( 104.3936609690503872, -9.007425705138800254, -9.565233844304293243 ) ) ;
#9033 = AXIS2_PLACEMENT_3D ( 'NONE', #2292, #10356, #7212 ) ;
#9034 = DIRECTION ( 'NONE',  ( 1.000000000000000000, 0.000000000000000000, -0.000000000000000000 ) ) ;
#9035 = ORIENTED_EDGE ( 'NONE', *, *, #6155, .F. ) ;
#9036 = CARTESIAN_POINT ( 'NONE',  ( 92.00000000000001421, -30.99999999999998579, -45.49747468305812248 ) ) ;
#9037 = FACE_OUTER_BOUND ( 'NONE', #3746, .T. ) ;
#9038 = ORIENTED_EDGE ( 'NONE', *, *, #8267, .F. ) ;
#9039 = PLANE ( 'NONE',  #6574 ) ;
#9040 = VECTOR ( 'NONE', #2181, 1000.000000000000000 ) ;
#9041 = ORIENTED_EDGE ( 'NONE', *, *, #712, .T. ) ;
#9042 = CARTESIAN_POINT ( 'NONE',  ( 38.19780148419888377, -23.99999999999999645, -99.29967319885865606 ) ) ;
#9043 = CARTESIAN_POINT ( 'NONE',  ( 99.43612069262582054, -16.99672652006153939, -5.456221705303518910 ) ) ;
#9044 = ORIENTED_EDGE ( 'NONE', *, *, #2138, .F. ) ;
#9045 = EDGE_CURVE ( 'NONE', #8926, #3469, #6806, .T. ) ;
#9046 = CARTESIAN_POINT ( 'NONE',  ( 115.6016838179026536, 18.00000000000001421, -2.662486416881705065 ) ) ;
#9047 = DIRECTION ( 'NONE',  ( -0.000000000000000000, -0.000000000000000000, 1.000000000000000000 ) ) ;
#9048 = AXIS2_PLACEMENT_3D ( 'NONE', #311, #10025, #3659 ) ;
#9049 = EDGE_CURVE ( 'NONE', #277, #1084, #5051, .T. ) ;
#9050 = VERTEX_POINT ( 'NONE', #4263 ) ;
#9051 = CARTESIAN_POINT ( 'NONE',  ( 105.6166852704756565, -14.81214966625831941, -11.63678628315341790 ) ) ;
#9052 = CARTESIAN_POINT ( 'NONE',  ( 47.41421356237359674, 1.134490336022446682E-14, 47.41421356237309936 ) ) ;
#9053 = DIRECTION ( 'NONE',  ( 1.000000000000000000, 0.000000000000000000, -1.156482317317891801E-14 ) ) ;
#9054 = EDGE_LOOP ( 'NONE', ( #8581, #7107, #7095, #5548, #9150 ) ) ;
#9055 = DIRECTION ( 'NONE',  ( 1.541976423090495633E-16, -1.000000000000000000, 0.000000000000000000 ) ) ;
#9056 = AXIS2_PLACEMENT_3D ( 'NONE', #3198, #810, #8822 ) ;
#9057 = CARTESIAN_POINT ( 'NONE',  ( 89.15000000000000568, -33.58337520964456502, -95.00000000000000000 ) ) ;
#9058 = EDGE_LOOP ( 'NONE', ( #7163, #4982, #9776, #8210, #4214, #8419, #6710, #3558 ) ) ;
#9059 =( LENGTH_UNIT ( ) NAMED_UNIT ( * ) SI_UNIT ( .MILLI., .METRE. ) );
#9060 = CARTESIAN_POINT ( 'NONE',  ( 105.9789689731116340, -16.70926321126091452, -11.15054184836556672 ) ) ;
#9061 = EDGE_CURVE ( 'NONE', #4317, #8819, #7499, .T. ) ;
#9062 = CYLINDRICAL_SURFACE ( 'NONE', #8431, 1.949958776210933609 ) ;
#9063 = DIRECTION ( 'NONE',  ( -2.040851148208007209E-15, 1.000000000000000000, 0.000000000000000000 ) ) ;
#9064 = DIRECTION ( 'NONE',  ( 0.000000000000000000, -4.777006922765887003E-16, -1.000000000000000000 ) ) ;
#9065 = DIRECTION ( 'NONE',  ( -0.7071067811865461294, 0.000000000000000000, 0.7071067811865489050 ) ) ;
#9066 = CARTESIAN_POINT ( 'NONE',  ( 105.5547049043998129, -16.70926321126091452, -11.57480591707738427 ) ) ;
#9067 = EDGE_CURVE ( 'NONE', #5202, #9152, #10107, .T. ) ;
#9068 = AXIS2_PLACEMENT_3D ( 'NONE', #9464, #8655, #1401 ) ;
#9069 = VERTEX_POINT ( 'NONE', #4472 ) ;
#9070 = DIRECTION ( 'NONE',  ( -0.7071067811865416886, 0.000000000000000000, 0.7071067811865532349 ) ) ;
#9071 = CARTESIAN_POINT ( 'NONE',  ( 103.9503810076744088, -18.59111928802864711, -9.121953882928437451 ) ) ;
#9072 = ADVANCED_FACE ( 'NONE', ( #8509 ), #4572, .T. ) ;
#9073 = VERTEX_POINT ( 'NONE', #439 ) ;
#9074 = CARTESIAN_POINT ( 'NONE',  ( 102.5387827611217375, -12.99999999999998579, -7.710355636375643584 ) ) ;
#9075 = VECTOR ( 'NONE', #7801, 1000.000000000000000 ) ;
#9076 = CARTESIAN_POINT ( 'NONE',  ( 110.6749290837167337, -12.99999999999998579, 2.264268317304283240 ) ) ;
#9077 = CARTESIAN_POINT ( 'NONE',  ( 90.00000000000001421, -25.83223519302746496, -55.13931226266470986 ) ) ;
#9078 = ADVANCED_FACE ( 'NONE', ( #5261 ), #2245, .T. ) ;
#9079 = DIRECTION ( 'NONE',  ( -0.7071067811865500152, 0.000000000000000000, -0.7071067811865450192 ) ) ;
#9080 = DIRECTION ( 'NONE',  ( -0.7071067811865513475, 0.000000000000000000, -0.7071067811865436870 ) ) ;
#9081 = EDGE_CURVE ( 'NONE', #3017, #7065, #6004, .T. ) ;
#9082 = EDGE_CURVE ( 'NONE', #8627, #10106, #501, .T. ) ;
#9083 = EDGE_LOOP ( 'NONE', ( #470, #9543, #4485, #6091 ) ) ;
#9084 = ORIENTED_EDGE ( 'NONE', *, *, #4275, .F. ) ;
#9085 = PLANE ( 'NONE',  #4710 ) ;
#9086 = CARTESIAN_POINT ( 'NONE',  ( 103.3049071411884512, -8.061533482080221802, -9.325008153866136240 ) ) ;
#9087 = ORIENTED_EDGE ( 'NONE', *, *, #4543, .F. ) ;
#9088 = VECTOR ( 'NONE', #1488, 1000.000000000000114 ) ;
#9089 = LINE ( 'NONE', #8189, #5965 ) ;
#9090 = CARTESIAN_POINT ( 'NONE',  ( 102.1622366364085508, -2.999999999999984457, -17.65756851698609253 ) ) ;
#9091 = VERTEX_POINT ( 'NONE', #387 ) ;
#9092 = LINE ( 'NONE', #278, #9102 ) ;
#9093 = AXIS2_PLACEMENT_3D ( 'NONE', #4254, #9833, #5142 ) ;
#9094 = VECTOR ( 'NONE', #1962, 1000.000000000000000 ) ;
#9095 = EDGE_LOOP ( 'NONE', ( #10218, #3751, #7067, #8462 ) ) ;
#9096 = DIRECTION ( 'NONE',  ( 0.7071067811865513475, 1.691909977029939154E-16, 0.7071067811865435759 ) ) ;
#9097 = ORIENTED_EDGE ( 'NONE', *, *, #9541, .T. ) ;
#9098 = CARTESIAN_POINT ( 'NONE',  ( 75.12096416933995613, 15.49999999999885247, 15.46482226828713102 ) ) ;
#9099 = ORIENTED_EDGE ( 'NONE', *, *, #4479, .T. ) ;
#9100 = FACE_OUTER_BOUND ( 'NONE', #10244, .T. ) ;
#9101 = LINE ( 'NONE', #6762, #1909 ) ;
#9102 = VECTOR ( 'NONE', #1829, 1000.000000000000000 ) ;
#9103 = AXIS2_PLACEMENT_3D ( 'NONE', #6619, #6507, #4812 ) ;
#9104 = CARTESIAN_POINT ( 'NONE',  ( 99.08167337786373707, -8.022137383724341930, -5.101774390541449655 ) ) ;
#9105 = CARTESIAN_POINT ( 'NONE',  ( 100.3486271151705012, -6.704420284902468552, -5.520199990424363712 ) ) ;
#9106 = VECTOR ( 'NONE', #5172, 1000.000000000000000 ) ;
#9107 = AXIS2_PLACEMENT_3D ( 'NONE', #5826, #206, #3357 ) ;
#9108 = CARTESIAN_POINT ( 'NONE',  ( 97.84888527117067270, 15.00000000000000355, -3.868986283848387497 ) ) ;
#9109 = LINE ( 'NONE', #8999, #1139 ) ;
#9110 = CARTESIAN_POINT ( 'NONE',  ( 73.73654403270954560, -28.99999999999998224, 19.67766952966378113 ) ) ;
#9111 = ORIENTED_EDGE ( 'NONE', *, *, #983, .T. ) ;
#9112 = AXIS2_PLACEMENT_3D ( 'NONE', #31, #4867, #8908 ) ;
#9113 = DIRECTION ( 'NONE',  ( -0.7071067811865512365, -1.691909977029939647E-16, -0.7071067811865437980 ) ) ;
#9114 = ADVANCED_FACE ( 'NONE', ( #7773 ), #3689, .F. ) ;
#9115 = CARTESIAN_POINT ( 'NONE',  ( 103.8085749430515392, -8.143294783059557673, -8.980147818305454166 ) ) ;
#9116 = CIRCLE ( 'NONE', #8947, 3.000000000000002665 ) ;
#9117 = ORIENTED_EDGE ( 'NONE', *, *, #7909, .F. ) ;
#9118 = FACE_OUTER_BOUND ( 'NONE', #10238, .T. ) ;
#9119 = CARTESIAN_POINT ( 'NONE',  ( 104.9299979977840991, -17.83185802076771154, -10.10157087303803003 ) ) ;
#9120 = DIRECTION ( 'NONE',  ( -0.7071067811865512365, -2.775557561562891351E-16, -0.7071067811865437980 ) ) ;
#9121 = ORIENTED_EDGE ( 'NONE', *, *, #5306, .F. ) ;
#9122 = CARTESIAN_POINT ( 'NONE',  ( 99.59493139378710680, -8.351923368053016716, -4.766504269040965802 ) ) ;
#9123 = CARTESIAN_POINT ( 'NONE',  ( 106.9705627484771071, 23.00000000000001421, -16.38477631085030239 ) ) ;
#9124 = CIRCLE ( 'NONE', #4873, 0.3000000000000065392 ) ;
#9125 = LINE ( 'NONE', #200, #8111 ) ;
#9126 = CIRCLE ( 'NONE', #10324, 4.000000000000002665 ) ;
#9127 = VERTEX_POINT ( 'NONE', #5316 ) ;
#9128 = LINE ( 'NONE', #4818, #3461 ) ;
#9129 = CARTESIAN_POINT ( 'NONE',  ( 104.8628437835990752, -9.230980157769057115, -10.03441665885300083 ) ) ;
#9130 = DIRECTION ( 'NONE',  ( -0.7071067811865475727, 0.000000000000000000, 0.7071067811865475727 ) ) ;
#9131 = CARTESIAN_POINT ( 'NONE',  ( 90.00000000000001421, -28.50108831184753910, -50.95354897991789755 ) ) ;
#9132 = DIRECTION ( 'NONE',  ( 1.000000000000000000, 9.376883653928788436E-17, 0.000000000000000000 ) ) ;
#9133 = CARTESIAN_POINT ( 'NONE',  ( 90.00000000000001421, 31.00000000000001776, -47.49747468305806564 ) ) ;
#9134 = ORIENTED_EDGE ( 'NONE', *, *, #5494, .T. ) ;
#9135 = VERTEX_POINT ( 'NONE', #2199 ) ;
#9136 = CARTESIAN_POINT ( 'NONE',  ( 103.9107647738324260, 22.55147186257612546, -9.930865786510205240 ) ) ;
#9137 = EDGE_LOOP ( 'NONE', ( #3935, #8501 ) ) ;
#9138 = EDGE_CURVE ( 'NONE', #3354, #3633, #7819, .T. ) ;
#9139 = DIRECTION ( 'NONE',  ( -0.7071067811865513475, -2.775557561562890858E-16, -0.7071067811865436870 ) ) ;
#9140 = VERTEX_POINT ( 'NONE', #6218 ) ;
#9141 = CARTESIAN_POINT ( 'NONE',  ( 107.3285344780201171, 8.300000000000004263, 5.610662923000938385 ) ) ;
#9142 = EDGE_CURVE ( 'NONE', #919, #2940, #6911, .T. ) ;
#9143 = DIRECTION ( 'NONE',  ( 0.000000000000000000, -1.000000000000000000, 0.000000000000000000 ) ) ;
#9144 = EDGE_CURVE ( 'NONE', #9069, #6548, #6181, .T. ) ;
#9145 = EDGE_CURVE ( 'NONE', #5740, #2619, #2042, .T. ) ;
#9146 = VERTEX_POINT ( 'NONE', #9360 ) ;
#9147 = CARTESIAN_POINT ( 'NONE',  ( 87.85000000000002274, -30.53337520964456431, -95.00000000000000000 ) ) ;
#9148 = ORIENTED_EDGE ( 'NONE', *, *, #1694, .T. ) ;
#9149 = LINE ( 'NONE', #5902, #2003 ) ;
#9150 = ORIENTED_EDGE ( 'NONE', *, *, #3568, .T. ) ;
#9151 = DIRECTION ( 'NONE',  ( 0.7071067811865475727, -9.813077866773586595E-15, -0.7071067811865475727 ) ) ;
#9152 = VERTEX_POINT ( 'NONE', #2093 ) ;
#9153 = FACE_OUTER_BOUND ( 'NONE', #2200, .T. ) ;
#9154 = DIRECTION ( 'NONE',  ( -0.7071067811865513475, -1.691909977029939647E-16, -0.7071067811865437980 ) ) ;
#9155 = ADVANCED_FACE ( 'NONE', ( #2145 ), #7664, .F. ) ;
#9156 = CARTESIAN_POINT ( 'NONE',  ( 100.1287358079319887, -9.742262904737920337, -6.148836820609762555 ) ) ;
#9157 = CARTESIAN_POINT ( 'NONE',  ( 100.6819841756671821, -10.17301288377232460, -5.853557050921040172 ) ) ;
#9158 = CARTESIAN_POINT ( 'NONE',  ( 98.20243866176394931, 14.90000000000000213, -3.374011537017790996 ) ) ;
#9159 = LINE ( 'NONE', #8369, #625 ) ;
#9160 = CYLINDRICAL_SURFACE ( 'NONE', #9285, 0.6000000000000064171 ) ;
#9161 = VERTEX_POINT ( 'NONE', #549 ) ;
#9162 = CARTESIAN_POINT ( 'NONE',  ( 66.57720779386441734, -27.70056633785200617, 27.40269119345810012 ) ) ;
#9163 = CARTESIAN_POINT ( 'NONE',  ( 90.39447064296945200, 15.49999999999898748, -0.6572123427662333039 ) ) ;
#9164 = ORIENTED_EDGE ( 'NONE', *, *, #5884, .T. ) ;
#9165 = DIRECTION ( 'NONE',  ( -2.040851148208006815E-15, 1.000000000000000000, 0.000000000000000000 ) ) ;
#9166 = FACE_OUTER_BOUND ( 'NONE', #1269, .T. ) ;
#9167 = EDGE_LOOP ( 'NONE', ( #163, #6336, #9754, #7731 ) ) ;
#9168 = LINE ( 'NONE', #1905, #5871 ) ;
#9169 = DIRECTION ( 'NONE',  ( 1.000000000000000000, -0.000000000000000000, -0.000000000000000000 ) ) ;
#9170 = DIRECTION ( 'NONE',  ( -0.7071067811865010544, 9.156014696494927108E-15, -0.7071067811865940911 ) ) ;
#9171 = VERTEX_POINT ( 'NONE', #10261 ) ;
#9172 = SURFACE_STYLE_USAGE ( .BOTH. , #7591 ) ;
#9173 = ADVANCED_FACE ( 'NONE', ( #2992 ), #4421, .F. ) ;
#9174 = CARTESIAN_POINT ( 'NONE',  ( 89.40452114930819505, 21.49999999999898392, -1.647161836427473158 ) ) ;
#9175 = VECTOR ( 'NONE', #8154, 1000.000000000000000 ) ;
#9176 = CARTESIAN_POINT ( 'NONE',  ( 99.47523086789972524, 10.60000000000001030, -5.495331880577451145 ) ) ;
#9177 = EDGE_CURVE ( 'NONE', #5966, #5268, #3636, .T. ) ;
#9178 = DIRECTION ( 'NONE',  ( -7.891197274167560658E-15, 1.000000000000000000, 7.651925070584635641E-15 ) ) ;
#9179 = DIRECTION ( 'NONE',  ( -0.7071067811865436870, 0.000000000000000000, 0.7071067811865513475 ) ) ;
#9180 = CARTESIAN_POINT ( 'NONE',  ( 91.13089969360117948, -27.99833421094263031, -50.71207652144148170 ) ) ;
#9181 = DIRECTION ( 'NONE',  ( 1.000000000000000000, 0.000000000000000000, 0.000000000000000000 ) ) ;
#9182 = DIRECTION ( 'NONE',  ( 0.000000000000000000, -9.376883653928691061E-17, -1.000000000000000000 ) ) ;
#9183 = ORIENTED_EDGE ( 'NONE', *, *, #10349, .F. ) ;
#9184 = ORIENTED_EDGE ( 'NONE', *, *, #3643, .F. ) ;
#9185 = CARTESIAN_POINT ( 'NONE',  ( 106.1220346110532375, 18.00000000000001421, -12.14213562373103095 ) ) ;
#9186 = CIRCLE ( 'NONE', #6640, 1.300000000000006040 ) ;
#9187 = CARTESIAN_POINT ( 'NONE',  ( 102.9983677492452756, -12.99460872837455305, -8.169940624499171022 ) ) ;
#9188 = ORIENTED_EDGE ( 'NONE', *, *, #8751, .T. ) ;
#9189 = CARTESIAN_POINT ( 'NONE',  ( 50.50000000000002842, -43.99999999999995737, 0.000000000000000000 ) ) ;
#9190 = DIRECTION ( 'NONE',  ( 0.000000000000000000, -0.1281494217779551859, 0.9917548717792999957 ) ) ;
#9191 = B_SPLINE_CURVE_WITH_KNOTS ( 'NONE', 3,
 ( #858, #4962, #5872, #5021, #6462, #5717, #9714, #2438, #8334, #9875, #1646, #4914, #1860, #8284, #5816, #3288, #955, #1068, #8172, #8131 ),
 .UNSPECIFIED., .F., .F.,
 ( 4, 2, 2, 2, 2, 2, 2, 2, 2, 4 ),
 ( 0.000000000000000000, 0.0006664999149661389628, 0.0009997498724492049748, 0.001332999829932270987, 0.001999499744898402577, 0.002665999659864534601, 0.003332499574830666191, 0.003998999489796798215, 0.004665499404762929805, 0.005331999319729062263 ),
 .UNSPECIFIED. ) ;
#9192 = ORIENTED_EDGE ( 'NONE', *, *, #7457, .T. ) ;
#9193 = DIRECTION ( 'NONE',  ( 0.7071067811865513475, 1.691909977029939893E-16, 0.7071067811865436870 ) ) ;
#9194 = VECTOR ( 'NONE', #3266, 1000.000000000000000 ) ;
#9195 = EDGE_CURVE ( 'NONE', #2174, #1952, #3837, .T. ) ;
#9196 = LINE ( 'NONE', #1929, #3993 ) ;
#9197 = DIRECTION ( 'NONE',  ( -1.000000000000000000, 0.000000000000000000, 0.000000000000000000 ) ) ;
#9198 = EDGE_CURVE ( 'NONE', #4109, #4360, #6270, .T. ) ;
#9199 = VERTEX_POINT ( 'NONE', #7925 ) ;
#9200 = CARTESIAN_POINT ( 'NONE',  ( 99.89949493661167423, 15.75147186257615850, -5.071067811865526131 ) ) ;
#9201 = ORIENTED_EDGE ( 'NONE', *, *, #3931, .T. ) ;
#9202 = EDGE_CURVE ( 'NONE', #1762, #1502, #5162, .T. ) ;
#9203 = ADVANCED_FACE ( 'NONE', ( #8034 ), #4824, .F. ) ;
#9204 = DIRECTION ( 'NONE',  ( -0.4999999999999963363, -0.7071067811865499042, 0.5000000000000003331 ) ) ;
#9205 = AXIS2_PLACEMENT_3D ( 'NONE', #6266, #7919, #7008 ) ;
#9206 = CARTESIAN_POINT ( 'NONE',  ( 92.00000000000001421, 29.00000000000001776, -45.49747468305809406 ) ) ;
#9207 = CARTESIAN_POINT ( 'NONE',  ( 100.5025665088975302, -11.31398825372005668, -6.522667521575247207 ) ) ;
#9208 = COLOUR_RGB ( '',0.7921568627450980005, 0.8196078431372548767, 0.9333333333333333481 ) ;
#9209 = LINE ( 'NONE', #7622, #6714 ) ;
#9210 = DIRECTION ( 'NONE',  ( 0.4999999999999867883, -0.7071067811865625607, -0.4999999999999918954 ) ) ;
#9211 = CARTESIAN_POINT ( 'NONE',  ( 98.83072756289898564, -18.14831470448512007, -4.850828575576706214 ) ) ;
#9212 = ORIENTED_EDGE ( 'NONE', *, *, #9242, .F. ) ;
#9213 = CARTESIAN_POINT ( 'NONE',  ( 97.13971188374148369, -12.01566352215474609, -3.159812896419136763 ) ) ;
#9214 = ORIENTED_EDGE ( 'NONE', *, *, #656, .T. ) ;
#9215 = EDGE_CURVE ( 'NONE', #10196, #8396, #4316, .T. ) ;
#9216 = EDGE_CURVE ( 'NONE', #6448, #530, #5515, .T. ) ;
#9217 = DIRECTION ( 'NONE',  ( -0.4999999999999976130, 0.7071067811865473507, 0.5000000000000028866 ) ) ;
#9218 = DIRECTION ( 'NONE',  ( 2.693946153260059816E-15, -1.000000000000000000, 0.000000000000000000 ) ) ;
#9219 = EDGE_LOOP ( 'NONE', ( #6429, #4762, #6357, #5913 ) ) ;
#9220 = STYLED_ITEM ( 'NONE', ( #1280 ), #5900 ) ;
#9221 = CARTESIAN_POINT ( 'NONE',  ( 100.6955775909725901, -17.15322309509430099, -6.715678603650333756 ) ) ;
#9222 = CARTESIAN_POINT ( 'NONE',  ( 105.3871656672009891, -13.00961609880119774, -11.40726667987881271 ) ) ;
#9223 = VERTEX_POINT ( 'NONE', #4727 ) ;
#9224 = CARTESIAN_POINT ( 'NONE',  ( 99.91762574832304722, -7.132193610202082645, -5.089198623576907110 ) ) ;
#9225 = FACE_OUTER_BOUND ( 'NONE', #7211, .T. ) ;
#9226 = DIRECTION ( 'NONE',  ( -1.196361017915051812E-16, 1.000000000000000000, -1.196361017915039486E-16 ) ) ;
#9227 = EDGE_CURVE ( 'NONE', #5615, #6790, #10360, .T. ) ;
#9228 = AXIS2_PLACEMENT_3D ( 'NONE', #1926, #4103, #7330 ) ;
#9229 = ORIENTED_EDGE ( 'NONE', *, *, #8598, .T. ) ;
#9230 =( LENGTH_UNIT ( ) NAMED_UNIT ( * ) SI_UNIT ( .MILLI., .METRE. ) );
#9231 = CARTESIAN_POINT ( 'NONE',  ( 102.9053091084105631, -17.84868297269977333, -8.076881983664478071 ) ) ;
#9232 = CARTESIAN_POINT ( 'NONE',  ( 101.8816738188301372, -18.85672476411543030, -7.901774831507897723 ) ) ;
#9233 = FACE_OUTER_BOUND ( 'NONE', #5794, .T. ) ;
#9234 = CARTESIAN_POINT ( 'NONE',  ( 90.15504871012861088, 15.07573593128707401, -0.6946037666966240476 ) ) ;
#9235 = DIRECTION ( 'NONE',  ( -2.040851148208007209E-15, 1.000000000000000000, 0.000000000000000000 ) ) ;
#9236 = CARTESIAN_POINT ( 'NONE',  ( 103.2850288425443495, 23.61213203435598373, -8.456601717798264417 ) ) ;
#9237 = VERTEX_POINT ( 'NONE', #6518 ) ;
#9238 = CARTESIAN_POINT ( 'NONE',  ( 102.3904209951923576, -14.61673633523884952, -7.561993870446245936 ) ) ;
#9239 = ORIENTED_EDGE ( 'NONE', *, *, #5119, .F. ) ;
#9240 = DIRECTION ( 'NONE',  ( -0.7071067811865513475, -1.691909977029939893E-16, -0.7071067811865437980 ) ) ;
#9241 = EDGE_LOOP ( 'NONE', ( #3481, #1106, #7037, #3792 ) ) ;
#9242 = EDGE_CURVE ( 'NONE', #4289, #2421, #1450, .T. ) ;
#9243 = DIRECTION ( 'NONE',  ( -0.7071067811865447972, 0.000000000000000000, 0.7071067811865501263 ) ) ;
#9244 = CARTESIAN_POINT ( 'NONE',  ( 89.89911400521114615, -29.01051410367331940, 3.650982011516436199 ) ) ;
#9245 = AXIS2_PLACEMENT_3D ( 'NONE', #7637, #8535, #1332 ) ;
#9246 = DIRECTION ( 'NONE',  ( -0.3535533905932657373, -0.8660254037844429265, 0.3535533905932711218 ) ) ;
#9247 = ORIENTED_EDGE ( 'NONE', *, *, #521, .T. ) ;
#9248 = DIRECTION ( 'NONE',  ( 0.000000000000000000, 0.000000000000000000, -1.000000000000000000 ) ) ;
#9249 = VERTEX_POINT ( 'NONE', #5669 ) ;
#9250 = CARTESIAN_POINT ( 'NONE',  ( 97.44720172272333514, -15.11136301436272156, -2.618774597977171936 ) ) ;
#9251 = ORIENTED_EDGE ( 'NONE', *, *, #5787, .T. ) ;
#9252 = TOROIDAL_SURFACE ( 'NONE', #1800, 4.000000000000000000, 1.000000000000000000 ) ;
#9253 = DIRECTION ( 'NONE',  ( -0.7071067811865454633, 0.000000000000000000, 0.7071067811865495711 ) ) ;
#9254 = CARTESIAN_POINT ( 'NONE',  ( 77.24228451289974373, 1.144057955196006106E-13, 14.75771548710042680 ) ) ;
#9255 = LINE ( 'NONE', #6815, #4848 ) ;
#9256 = AXIS2_PLACEMENT_3D ( 'NONE', #3608, #10078, #9382 ) ;
#9257 = DIRECTION ( 'NONE',  ( 0.7071067811865496822, 0.000000000000000000, -0.7071067811865453523 ) ) ;
#9258 = CARTESIAN_POINT ( 'NONE',  ( 103.9300035893749339, 23.00000000000001421, -19.42533546995244365 ) ) ;
#9259 = CARTESIAN_POINT ( 'NONE',  ( 99.51756377015297517, -16.35126104846348838, -5.537664782830693966 ) ) ;
#9260 = ORIENTED_EDGE ( 'NONE', *, *, #8116, .F. ) ;
#9261 = CARTESIAN_POINT ( 'NONE',  ( 96.66195620410047695, -16.27135898437550665, -2.682057216777899988 ) ) ;
#9262 = VECTOR ( 'NONE', #1316, 1000.000000000000000 ) ;
#9263 = ORIENTED_EDGE ( 'NONE', *, *, #7324, .F. ) ;
#9264 = AXIS2_PLACEMENT_3D ( 'NONE', #5165, #8319, #3488 ) ;
#9265 = CARTESIAN_POINT ( 'NONE',  ( 90.58578643762690774, -23.99999999999998579, -53.98275605729661919 ) ) ;
#9266 = ADVANCED_FACE ( 'NONE', ( #1508 ), #9624, .F. ) ;
#9267 = VECTOR ( 'NONE', #10481, 1000.000000000000114 ) ;
#9268 = CARTESIAN_POINT ( 'NONE',  ( 105.4782042298813280, -12.84440447661096307, -10.64977710513529630 ) ) ;
#9269 = VECTOR ( 'NONE', #8645, 1000.000000000000000 ) ;
#9270 = ORIENTED_EDGE ( 'NONE', *, *, #2351, .T. ) ;
#9271 =( LENGTH_UNIT ( ) NAMED_UNIT ( * ) SI_UNIT ( .MILLI., .METRE. ) );
#9272 = CIRCLE ( 'NONE', #978, 1.949958776210933609 ) ;
#9273 = ADVANCED_FACE ( 'NONE', ( #7981 ), #8922, .F. ) ;
#9274 = B_SPLINE_CURVE_WITH_KNOTS ( 'NONE', 3,
 ( #2119, #2965, #6189, #10285, #3020, #2225, #7898, #627, #9699, #6497, #4802, #8900, #8119, #790, #5651, #3326, #2585, #2382, #7463, #8850, #9652, #2479, #889, #8997, #4855, #1733, #4026, #4232, #1631, #5600, #8206, #4900, #8063, #9051, #1585, #842, #3178, #5698, #2539, #4121, #6552, #7248, #6450, #9858, #8954, #10499, #4948, #7348, #3226, #8265, #72, #3389, #9806, #5751, #940, #4170, #5800, #1688, #8161, #4075, #7296, #2424, #7408, #137, #6609, #1785, #9749, #5002, #1002, #20, #6405, #3273 ),
 .UNSPECIFIED., .F., .F.,
 ( 4, 2, 2, 2, 2, 2, 2, 2, 2, 2, 2, 2, 2, 2, 2, 2, 2, 2, 2, 2, 2, 2, 2, 2, 2, 2, 2, 2, 2, 2, 2, 2, 2, 2, 2, 4 ),
 ( 0.000000000000000000, 0.0004357624421641478180, 0.0008715248843282956360, 0.001743049768656578045, 0.002178812210820730254, 0.002614574652984882463, 0.003050337095149034238, 0.003486099537313186447, 0.003921861979477338223, 0.004357624421641491733, 0.004793386863805643508, 0.005229149305969796151, 0.005664911748133947926, 0.006100674190298101436, 0.006972199074626412793, 0.007407961516790573242, 0.007843723958954731956, 0.008279486401118892405, 0.008715248843283054589, 0.009151011285447215038, 0.009586773727611373752, 0.009804654948693449640, 0.01002253616977552553, 0.01013147678031655480, 0.01024041739085758754, 0.01045829861193967557, 0.01067617983302176533, 0.01089406105410385510, 0.01111194227518594486, 0.01132982349626803290, 0.01176558593843220896, 0.01220134838059638502, 0.01263711082276056108, 0.01307287326492473541, 0.01350863570708891147, 0.01394439814925308926 ),
 .UNSPECIFIED. ) ;
#9275 = CARTESIAN_POINT ( 'NONE',  ( 102.9983677492452330, -12.99460872837454595, -8.169940624499243853 ) ) ;
#9276 = CLOSED_SHELL ( 'NONE', ( #8631, #8173, #260, #8718, #108, #8468, #1226, #4155, #7452, #686, #37, #321, #6608, #4218, #6468, #3825, #5010, #8650, #7911, #10327, #4000, #3964, #6287, #7853, #3232, #9173, #5749, #8301, #179, #5683, #4422, #4182, #6230, #8232, #9465, #7555, #9646, #7175, #379, #3278, #6656, #3828, #2932, #2350, #7892, #6346, #2341, #127, #561, #7387, #4794, #3123, #2573, #9730, #8621, #1510, #4022, #3209, #2035, #8678, #7824, #9984, #8878, #2790, #6314, #2081, #7290, #1230, #8021, #5426, #4533, #5242, #4412, #10249, #9310, #1407, #5409, #1554, #5224, #1634, #8499, #1794, #7645, #8489, #460, #849, #6771, #7826, #984, #6865, #6604, #6421, #1040, #582, #1539, #1566, #10433, #9273, #7193, #7912, #2048, #6929, #4659, #10262, #10287, #3699, #3106, #3048, #9441, #8421, #5243, #8527, #7517, #1723, #298, #117, #9155, #8109, #418, #3240, #6145, #184, #556, #592, #2736, #580, #3342, #918, #6661, #6204, #1940, #9788, #4409, #6231, #4143, #905, #1021, #2785, #5812, #4088, #1177, #182, #3752, #8426, #7293, #3777, #2018, #2537, #6741, #9927, #10437, #10305, #9924, #6934, #4751, #8427, #8801, #6504, #2271, #102, #5099, #2779, #7525, #5083, #7850, #3382, #8246, #883, #43, #1664, #9337, #7266, #8681, #6277, #9334, #518, #355, #4500, #5857, #9992, #10198, #8127, #9072, #8313, #3701, #9339, #3508, #7785, #9704, #3583, #3446, #1939, #5730, #3049, #9488, #7446, #8086, #7662, #5734, #3963, #8315, #5602, #5173, #8565, #8314, #4188, #5542, #9920, #5954, #7977, #9114, #1561, #3237, #214, #10367, #185, #3239, #5215, #7764, #7323, #3121, #5467, #911, #1014, #3706, #3185, #7114, #788, #2861, #6389, #1810, #9203, #9078 ) ) ;
#9277 = EDGE_CURVE ( 'NONE', #4618, #4242, #7167, .T. ) ;
#9278 = EDGE_CURVE ( 'NONE', #4074, #10106, #2401, .T. ) ;
#9279 = ORIENTED_EDGE ( 'NONE', *, *, #3996, .F. ) ;
#9280 = ORIENTED_EDGE ( 'NONE', *, *, #10381, .T. ) ;
#9281 = AXIS2_PLACEMENT_3D ( 'NONE', #2926, #5194, #7698 ) ;
#9282 = CARTESIAN_POINT ( 'NONE',  ( 76.25233501923852941, 15.49999999999887734, 13.48492328096486759 ) ) ;
#9283 = DIRECTION ( 'NONE',  ( -0.7071067811865466846, 0.000000000000000000, 0.7071067811865482389 ) ) ;
#9284 = DIRECTION ( 'NONE',  ( -0.000000000000000000, -0.000000000000000000, 1.000000000000000000 ) ) ;
#9285 = AXIS2_PLACEMENT_3D ( 'NONE', #9325, #2055, #5064 ) ;
#9286 = VECTOR ( 'NONE', #4144, 1000.000000000000114 ) ;
#9287 = VERTEX_POINT ( 'NONE', #4878 ) ;
#9288 = CIRCLE ( 'NONE', #6564, 2.000000000000001776 ) ;
#9289 = CARTESIAN_POINT ( 'NONE',  ( 99.89949493661166002, 10.00000000000001243, -5.919595949289384151 ) ) ;
#9290 = AXIS2_PLACEMENT_3D ( 'NONE', #4388, #1156, #7511 ) ;
#9291 = CARTESIAN_POINT ( 'NONE',  ( 114.8007051002442580, 3.999999999999837019, 24.45612889569482462 ) ) ;
#9292 = VECTOR ( 'NONE', #9451, 1000.000000000000000 ) ;
#9293 = AXIS2_PLACEMENT_3D ( 'NONE', #6168, #9415, #5366 ) ;
#9294 = LINE ( 'NONE', #9395, #2499 ) ;
#9295 = CYLINDRICAL_SURFACE ( 'NONE', #798, 2.600000000000008527 ) ;
#9296 = CARTESIAN_POINT ( 'NONE',  ( 74.44365081389607042, 24.00000000000001421, 18.97056274847722790 ) ) ;
#9297 = CARTESIAN_POINT ( 'NONE',  ( 103.9458611660724756, -9.000924224658467310, -9.117434041326379912 ) ) ;
#9298 = CARTESIAN_POINT ( 'NONE',  ( 106.9705627484771071, 23.00000000000001421, -16.38477631085030239 ) ) ;
#9299 = ORIENTED_EDGE ( 'NONE', *, *, #5818, .T. ) ;
#9300 = CARTESIAN_POINT ( 'NONE',  ( 87.00000000000001421, -33.58337520964456502, -162.2337144733732259 ) ) ;
#9301 = VECTOR ( 'NONE', #5219, 1000.000000000000000 ) ;
#9302 = DIRECTION ( 'NONE',  ( 0.000000000000000000, 0.000000000000000000, -1.000000000000000000 ) ) ;
#9303 = ORIENTED_EDGE ( 'NONE', *, *, #8762, .T. ) ;
#9304 = CARTESIAN_POINT ( 'NONE',  ( 106.5462986797651723, 10.60000000000001208, -12.56639969244296218 ) ) ;
#9305 = VECTOR ( 'NONE', #5300, 1000.000000000000000 ) ;
#9306 = CARTESIAN_POINT ( 'NONE',  ( 90.15493343562340556, -27.99999999999997868, 4.673493689122832251 ) ) ;
#9307 = CARTESIAN_POINT ( 'NONE',  ( 97.78754298820312840, -11.59870155029420147, -2.959115863456957207 ) ) ;
#9308 = VERTEX_POINT ( 'NONE', #865 ) ;
#9309 = DIRECTION ( 'NONE',  ( -0.7071067811865513475, -1.691909977029939647E-16, -0.7071067811865437980 ) ) ;
#9310 = ADVANCED_FACE ( 'NONE', ( #7321 ), #6156, .F. ) ;
#9311 = VERTEX_POINT ( 'NONE', #1026 ) ;
#9312 = CARTESIAN_POINT ( 'NONE',  ( 98.39976287653234976, -17.70433872755713978, -3.571335751786197665 ) ) ;
#9313 = DIRECTION ( 'NONE',  ( -0.7071067811865426878, 0.000000000000000000, 0.7071067811865524577 ) ) ;
#9314 = CARTESIAN_POINT ( 'NONE',  ( 90.00000000000001421, 30.99999999999776890, -46.79354917494631394 ) ) ;
#9315 = EDGE_CURVE ( 'NONE', #1354, #1425, #4974, .T. ) ;
#9316 = CARTESIAN_POINT ( 'NONE',  ( 92.25348939520709735, 28.01577116338919993, 2.574937729539112929 ) ) ;
#9317 = EDGE_LOOP ( 'NONE', ( #7740, #1896, #6955, #1550 ) ) ;
#9318 = FACE_OUTER_BOUND ( 'NONE', #6833, .T. ) ;
#9319 = CARTESIAN_POINT ( 'NONE',  ( 102.5470476543396501, -7.511631173923678517, -8.567148667017427499 ) ) ;
#9320 = FACE_OUTER_BOUND ( 'NONE', #1704, .T. ) ;
#9321 = DIRECTION ( 'NONE',  ( -0.7071067811865513475, -1.691909977029939647E-16, -0.7071067811865437980 ) ) ;
#9322 = EDGE_CURVE ( 'NONE', #2421, #4925, #3358, .T. ) ;
#9323 = CARTESIAN_POINT ( 'NONE',  ( 97.18200139976140406, -16.11036491588398079, -3.202102412439129964 ) ) ;
#9324 = VERTEX_POINT ( 'NONE', #1868 ) ;
#9325 = CARTESIAN_POINT ( 'NONE',  ( 107.2578237999014448, 15.00000000000000355, 5.681373601119605432 ) ) ;
#9326 = ORIENTED_EDGE ( 'NONE', *, *, #6166, .F. ) ;
#9327 = PLANE ( 'NONE',  #2334 ) ;
#9328 = CARTESIAN_POINT ( 'NONE',  ( 55.23044737829938811, -28.10050506338831866, 2.000000000000003109 ) ) ;
#9329 = ORIENTED_EDGE ( 'NONE', *, *, #899, .T. ) ;
#9330 = CARTESIAN_POINT ( 'NONE',  ( 103.3140675572616800, -13.23750878621948068, -8.485640432515664244 ) ) ;
#9331 = ORIENTED_EDGE ( 'NONE', *, *, #2281, .F. ) ;
#9332 = ORIENTED_EDGE ( 'NONE', *, *, #4468, .T. ) ;
#9333 = CARTESIAN_POINT ( 'NONE',  ( 113.4096527962243783, 8.300000000000006040, -0.4704553952033819764 ) ) ;
#9334 = ADVANCED_FACE ( 'NONE', ( #6581 ), #9476, .F. ) ;
#9335 = DIRECTION ( 'NONE',  ( -0.6955882829722190852, -0.1797606218933692768, 0.6955882829722400684 ) ) ;
#9336 = DIRECTION ( 'NONE',  ( -0.7071067811865512365, -1.691909977029938907E-16, -0.7071067811865439090 ) ) ;
#9337 = ADVANCED_FACE ( 'NONE', ( #1710 ), #3518, .F. ) ;
#9338 = EDGE_CURVE ( 'NONE', #7412, #1296, #8234, .T. ) ;
#9339 = ADVANCED_FACE ( 'NONE', ( #10039 ), #4199, .T. ) ;
#9340 = ORIENTED_EDGE ( 'NONE', *, *, #1145, .T. ) ;
#9341 = CARTESIAN_POINT ( 'NONE',  ( 92.67349368912286423, -27.99999999999998224, 2.154933435623354487 ) ) ;
#9342 = CARTESIAN_POINT ( 'NONE',  ( 114.0935983190577758, -9.000000000000179412, 25.16323567688132812 ) ) ;
#9343 = ORIENTED_EDGE ( 'NONE', *, *, #6576, .T. ) ;
#9344 = DIRECTION ( 'NONE',  ( -0.7071067811865512365, -1.691909977029938907E-16, -0.7071067811865437980 ) ) ;
#9345 = CARTESIAN_POINT ( 'NONE',  ( 101.8816738188301372, -18.85672476411543030, -7.901774831507897723 ) ) ;
#9346 = CARTESIAN_POINT ( 'NONE',  ( 112.3445742854948577, 13.00000000000001421, -17.51614716074883660 ) ) ;
#9347 = CARTESIAN_POINT ( 'NONE',  ( 97.92976791516488788, -11.86216094775716101, -3.949868927842596467 ) ) ;
#9348 = DIRECTION ( 'NONE',  ( -7.891197274167560658E-15, 1.000000000000000000, 7.651925070584635641E-15 ) ) ;
#9349 = LINE ( 'NONE', #10205, #7061 ) ;
#9350 = VERTEX_POINT ( 'NONE', #1964 ) ;
#9351 = ORIENTED_EDGE ( 'NONE', *, *, #8500, .T. ) ;
#9352 = CARTESIAN_POINT ( 'NONE',  ( 116.8700576850886961, 27.00000000000001776, -24.87005768508895187 ) ) ;
#9353 = EDGE_CURVE ( 'NONE', #938, #8630, #7225, .T. ) ;
#9354 = B_SPLINE_CURVE_WITH_KNOTS ( 'NONE', 3,
 ( #6490, #4069, #7242, #3218, #3861, #10432, #3171, #4845, #8002, #5481 ),
 .UNSPECIFIED., .F., .F.,
 ( 4, 2, 2, 2, 4 ),
 ( 0.000000000000000000, 0.0008912889536718645233, 0.001782577907343729047, 0.002673866861015593462, 0.003565155814687458093 ),
 .UNSPECIFIED. ) ;
#9355 = DIRECTION ( 'NONE',  ( 0.000000000000000000, -1.000000000000000000, 0.000000000000000000 ) ) ;
#9356 = DIRECTION ( 'NONE',  ( -1.000000000000000000, 0.000000000000000000, 0.000000000000000000 ) ) ;
#9357 = DIRECTION ( 'NONE',  ( -0.7071067811865520136, 8.881784197001254296E-16, -0.7071067811865431318 ) ) ;
#9358 = ORIENTED_EDGE ( 'NONE', *, *, #6166, .T. ) ;
#9359 = CARTESIAN_POINT ( 'NONE',  ( 98.05525128526190315, -11.34900446756577352, -3.226824160515742612 ) ) ;
#9360 = CARTESIAN_POINT ( 'NONE',  ( 89.40452114930819505, 15.49999999999898748, -1.647161836427473158 ) ) ;
#9361 = AXIS2_PLACEMENT_3D ( 'NONE', #5906, #6761, #10060 ) ;
#9362 = EDGE_LOOP ( 'NONE', ( #9865, #10488, #4106, #6793 ) ) ;
#9363 = LINE ( 'NONE', #5465, #8958 ) ;
#9364 = DIRECTION ( 'NONE',  ( -0.7071067811865436870, 0.000000000000000000, 0.7071067811865513475 ) ) ;
#9365 = LINE ( 'NONE', #2840, #8026 ) ;
#9366 = AXIS2_PLACEMENT_3D ( 'NONE', #8452, #9355, #2136 ) ;
#9367 = CARTESIAN_POINT ( 'NONE',  ( 89.89873836940333263, 29.01049734722027296, 3.651249167517794714 ) ) ;
#9368 = ORIENTED_EDGE ( 'NONE', *, *, #3381, .T. ) ;
#9369 = CARTESIAN_POINT ( 'NONE',  ( 101.7214814446895588, -6.529575309756275203, -6.893054319943512809 ) ) ;
#9370 = CARTESIAN_POINT ( 'NONE',  ( 87.00000000000002842, 28.53337520964456431, -93.00000000000000000 ) ) ;
#9371 = LINE ( 'NONE', #2258, #5552 ) ;
#9372 = CARTESIAN_POINT ( 'NONE',  ( 105.7814602361295755, -17.16669888734009675, -10.95303311138363611 ) ) ;
#9373 = ORIENTED_EDGE ( 'NONE', *, *, #6859, .T. ) ;
#9374 = DIRECTION ( 'NONE',  ( -0.7071067811865449082, 8.896205894914556308E-15, 0.7071067811865502373 ) ) ;
#9375 = VECTOR ( 'NONE', #4995, 999.9999999999998863 ) ;
#9376 = ORIENTED_EDGE ( 'NONE', *, *, #8149, .F. ) ;
#9377 = CARTESIAN_POINT ( 'NONE',  ( 103.9300035893749055, 23.00000000000001421, -19.42533546995247562 ) ) ;
#9378 = EDGE_CURVE ( 'NONE', #1451, #8582, #5350, .T. ) ;
#9379 = CARTESIAN_POINT ( 'NONE',  ( 103.3140675572617084, -13.23750878621948068, -8.485640432515630494 ) ) ;
#9380 = ORIENTED_EDGE ( 'NONE', *, *, #9045, .T. ) ;
#9381 = ADVANCED_FACE ( 'NONE', ( #4408 ), #4456, .F. ) ;
#9382 = DIRECTION ( 'NONE',  ( 0.000000000000000000, -9.754277762194406743E-16, -1.000000000000000000 ) ) ;
#9383 = VECTOR ( 'NONE', #4884, 1000.000000000000000 ) ;
#9384 = ORIENTED_EDGE ( 'NONE', *, *, #3100, .T. ) ;
#9385 = B_SPLINE_SURFACE_WITH_KNOTS ( 'NONE', 3, 1, ( 
 ( #7886, #2108 ),
 ( #1417, #3762 ),
 ( #1467, #6335 ),
 ( #5379, #3959 ),
 ( #10229, #3008 ),
 ( #514, #4633 ),
 ( #7947, #674 ),
 ( #6240, #9484 ),
 ( #3912, #5535 ),
 ( #7130, #3110 ),
 ( #5328, #9585 ),
 ( #6973, #564 ),
 ( #2314, #5590 ),
 ( #8938, #7337 ),
 ( #832, #8196 ),
 ( #175, #4840 ),
 ( #4159, #878 ),
 ( #4991, #8049 ),
 ( #9641, #1674 ) ),
 .UNSPECIFIED., .F., .F., .F.,
 ( 4, 1, 1, 1, 1, 1, 1, 1, 1, 1, 1, 1, 1, 1, 1, 1, 4 ),
 ( 2, 2 ),
 ( 0.000000000000000000, 0.2180541417732434484, 0.2999628892377028122, 0.3648314919390348576, 0.4414267484011876741, 0.5156068335871724084, 0.5854519617438076473, 0.6405953540161041238, 0.6746675882977185568, 0.7028946829791279383, 0.7226819820522718540, 0.7334131516685706842, 0.7550775617706313447, 0.7903349572944573520, 0.8433371530686085693, 0.8952236381008675803, 1.000000000000000000 ),
 ( 0.000000000000000000, 1.000000000000000000 ),
 .UNSPECIFIED. ) ;
#9386 = ORIENTED_EDGE ( 'NONE', *, *, #3082, .F. ) ;
#9387 = LINE ( 'NONE', #3068, #8434 ) ;
#9388 = DIRECTION ( 'NONE',  ( 0.7071067811865522357, 6.106226635438359986E-16, 0.7071067811865427988 ) ) ;
#9389 = LINE ( 'NONE', #7583, #6921 ) ;
#9390 = AXIS2_PLACEMENT_3D ( 'NONE', #2067, #6096, #5291 ) ;
#9391 = VERTEX_POINT ( 'NONE', #6842 ) ;
#9392 = CARTESIAN_POINT ( 'NONE',  ( 97.36327891949119362, -11.59870155029420147, -3.383379932168879556 ) ) ;
#9393 = CARTESIAN_POINT ( 'NONE',  ( 75.26238552557721562, 21.49999999999887379, 12.49497378730366215 ) ) ;
#9394 = ORIENTED_EDGE ( 'NONE', *, *, #7181, .F. ) ;
#9395 = CARTESIAN_POINT ( 'NONE',  ( 87.85000000000002274, -33.58337520964455791, -162.2337144733732259 ) ) ;
#9396 = VECTOR ( 'NONE', #4310, 1000.000000000000000 ) ;
#9397 = CARTESIAN_POINT ( 'NONE',  ( 76.21494359530812801, 15.07573593128707579, 13.24550134812403179 ) ) ;
#9398 = LINE ( 'NONE', #8646, #3817 ) ;
#9399 = CARTESIAN_POINT ( 'NONE',  ( 103.9107647738324403, 22.55147186257610770, -9.930865786510199911 ) ) ;
#9400 =( NAMED_UNIT ( * ) SI_UNIT ( $, .STERADIAN. ) SOLID_ANGLE_UNIT ( ) );
#9401 = CARTESIAN_POINT ( 'NONE',  ( 51.50000000000002842, -44.99999999999998579, 1.000000000000000000 ) ) ;
#9402 = ORIENTED_EDGE ( 'NONE', *, *, #4465, .T. ) ;
#9403 = EDGE_CURVE ( 'NONE', #302, #9161, #1286, .T. ) ;
#9404 = CARTESIAN_POINT ( 'NONE',  ( 111.5282819463258903, 22.33933982822020425, 1.410915454695126137 ) ) ;
#9405 = CARTESIAN_POINT ( 'NONE',  ( 91.62438705418749407, -28.05773591422561353, 3.204040070558738407 ) ) ;
#9406 = ORIENTED_EDGE ( 'NONE', *, *, #7782, .T. ) ;
#9407 = DIRECTION ( 'NONE',  ( -0.7071067811865512365, -1.691909977029938907E-16, -0.7071067811865439090 ) ) ;
#9408 = EDGE_CURVE ( 'NONE', #844, #3167, #9449, .T. ) ;
#9409 = EDGE_CURVE ( 'NONE', #3009, #10110, #3784, .T. ) ;
#9410 = VECTOR ( 'NONE', #4053, 999.9999999999998863 ) ;
#9411 = EDGE_CURVE ( 'NONE', #8146, #6128, #9398, .T. ) ;
#9412 = ORIENTED_EDGE ( 'NONE', *, *, #1112, .F. ) ;
#9413 = CARTESIAN_POINT ( 'NONE',  ( 113.4803634743430365, 8.300000000000006040, -0.5411660733220455821 ) ) ;
#9414 = EDGE_LOOP ( 'NONE', ( #8087, #7498, #10047, #1336, #4613, #10254, #8550, #3921, #900, #867, #3133, #776, #1621, #2412, #9811, #8247 ) ) ;
#9415 = DIRECTION ( 'NONE',  ( -0.000000000000000000, 1.000000000000000000, 0.000000000000000000 ) ) ;
#9416 = CARTESIAN_POINT ( 'NONE',  ( 77.27207793864224072, 24.00000000000001776, 16.14213562373101851 ) ) ;
#9417 = AXIS2_PLACEMENT_3D ( 'NONE', #10193, #315, #9283 ) ;
#9418 = DIRECTION ( 'NONE',  ( -0.7039826708764757024, -0.09389780727590882337, 0.7039826708764924668 ) ) ;
#9419 = CARTESIAN_POINT ( 'NONE',  ( 103.1389067746109305, -6.877553932602064712, -9.159007787288661717 ) ) ;
#9420 = CARTESIAN_POINT ( 'NONE',  ( 98.10071066849656063, -13.12826096320082314, -4.120811681174172847 ) ) ;
#9421 = CARTESIAN_POINT ( 'NONE',  ( 98.20243866176394931, 8.200000000000002842, -3.374011537017789220 ) ) ;
#9422 = VECTOR ( 'NONE', #5445, 1000.000000000000000 ) ;
#9423 = DIRECTION ( 'NONE',  ( 0.7071067811865513475, 1.691909977029939893E-16, 0.7071067811865436870 ) ) ;
#9424 = DIRECTION ( 'NONE',  ( 0.7071067811865412445, 0.000000000000000000, -0.7071067811865537900 ) ) ;
#9425 = ORIENTED_EDGE ( 'NONE', *, *, #5926, .F. ) ;
#9426 = PLANE ( 'NONE',  #8781 ) ;
#9427 = VERTEX_POINT ( 'NONE', #10248 ) ;
#9428 = FACE_BOUND ( 'NONE', #658, .T. ) ;
#9429 = CARTESIAN_POINT ( 'NONE',  ( 105.9545061178773864, -13.32181596742723606, -11.12607899313135995 ) ) ;
#9430 = ORIENTED_EDGE ( 'NONE', *, *, #8539, .T. ) ;
#9431 = VECTOR ( 'NONE', #3569, 999.9999999999998863 ) ;
#9432 = CARTESIAN_POINT ( 'NONE',  ( 110.5448295684103215, 17.40000000000001634, 2.394367832610700741 ) ) ;
#9433 = ORIENTED_EDGE ( 'NONE', *, *, #6481, .T. ) ;
#9434 = ORIENTED_EDGE ( 'NONE', *, *, #789, .F. ) ;
#9435 = CIRCLE ( 'NONE', #797, 2.499999999999988454 ) ;
#9436 = AXIS2_PLACEMENT_3D ( 'NONE', #559, #3004, #5324 ) ;
#9437 = CARTESIAN_POINT ( 'NONE',  ( 102.9232135845906129, -6.529609367200701620, -8.094786459844522497 ) ) ;
#9438 = DIRECTION ( 'NONE',  ( -0.7071067811865512365, -1.691909977029938907E-16, -0.7071067811865439090 ) ) ;
#9439 = CARTESIAN_POINT ( 'NONE',  ( 73.63603992884834781, -14.00000000000029488, 13.69705531532065379 ) ) ;
#9440 = VECTOR ( 'NONE', #2420, 1000.000000000000000 ) ;
#9441 = ADVANCED_FACE ( 'NONE', ( #8600 ), #4507, .F. ) ;
#9442 = VERTEX_POINT ( 'NONE', #7647 ) ;
#9443 = FILL_AREA_STYLE ('',( #6302 ) ) ;
#9444 = CARTESIAN_POINT ( 'NONE',  ( 100.9334335098829882, -14.69140301790535652, -6.105006385136860558 ) ) ;
#9445 = VECTOR ( 'NONE', #3089, 1000.000000000000000 ) ;
#9446 = VERTEX_POINT ( 'NONE', #5196 ) ;
#9447 = DIRECTION ( 'NONE',  ( -0.7071067811865439090, 0.000000000000000000, 0.7071067811865512365 ) ) ;
#9448 = DIRECTION ( 'NONE',  ( -0.7071067811865437980, 0.000000000000000000, 0.7071067811865512365 ) ) ;
#9449 = LINE ( 'NONE', #9234, #3147 ) ;
#9450 = AXIS2_PLACEMENT_3D ( 'NONE', #9162, #9217, #7793 ) ;
#9451 = DIRECTION ( 'NONE',  ( 0.7071067811865520136, -8.881784197001254296E-16, 0.7071067811865431318 ) ) ;
#9452 = AXIS2_PLACEMENT_3D ( 'NONE', #2074, #5298, #1285 ) ;
#9453 = MANIFOLD_SOLID_BREP ( 'Boss.-Extru.12[10]', #5198 ) ;
#9454 = AXIS2_PLACEMENT_3D ( 'NONE', #2792, #10068, #6013 ) ;
#9455 = CARTESIAN_POINT ( 'NONE',  ( 102.1622366364085650, -22.99999999999998579, -17.65756851698611385 ) ) ;
#9456 = ORIENTED_EDGE ( 'NONE', *, *, #860, .T. ) ;
#9457 = CARTESIAN_POINT ( 'NONE',  ( 101.4894444302728260, 18.00000000000001421, -6.661017305526706345 ) ) ;
#9458 = AXIS2_PLACEMENT_3D ( 'NONE', #6253, #6297, #3974 ) ;
#9459 = CARTESIAN_POINT ( 'NONE',  ( 90.46518132108802490, 9.999999999999818812, 1.534818678911982426 ) ) ;
#9460 = ORIENTED_EDGE ( 'NONE', *, *, #9202, .F. ) ;
#9461 = DIRECTION ( 'NONE',  ( 0.7071067811865513475, 1.691909977029939893E-16, 0.7071067811865436870 ) ) ;
#9462 = ORIENTED_EDGE ( 'NONE', *, *, #3773, .T. ) ;
#9463 = EDGE_CURVE ( 'NONE', #6434, #7611, #255, .T. ) ;
#9464 = CARTESIAN_POINT ( 'NONE',  ( 0.000000000000000000, 0.000000000000000000, -95.00000000000000000 ) ) ;
#9465 = ADVANCED_FACE ( 'NONE', ( #3933 ), #2391, .F. ) ;
#9466 = VECTOR ( 'NONE', #4318, 1000.000000000000000 ) ;
#9467 = ORIENTED_EDGE ( 'NONE', *, *, #6010, .T. ) ;
#9468 = DIRECTION ( 'NONE',  ( 0.7071067811865512365, 1.326091603618061017E-16, 0.7071067811865439090 ) ) ;
#9469 = VERTEX_POINT ( 'NONE', #10511 ) ;
#9470 = CARTESIAN_POINT ( 'NONE',  ( 101.4371796079140609, -5.874433720702169737, -7.457280620591562936 ) ) ;
#9471 = AXIS2_PLACEMENT_3D ( 'NONE', #6898, #2078, #6152 ) ;
#9472 = EDGE_CURVE ( 'NONE', #8582, #8103, #4759, .T. ) ;
#9473 = EDGE_CURVE ( 'NONE', #2564, #6660, #4869, .T. ) ;
#9474 = ADVANCED_FACE ( 'NONE', ( #9557 ), #1596, .F. ) ;
#9475 = CARTESIAN_POINT ( 'NONE',  ( 115.4558441227156038, 24.00000000000002132, -22.04163056034274959 ) ) ;
#9476 = B_SPLINE_SURFACE_WITH_KNOTS ( 'NONE', 3, 1, ( 
 ( #4357, #4252 ),
 ( #9832, #7483 ),
 ( #207, #8182 ),
 ( #3463, #2561 ),
 ( #6683, #6787 ),
 ( #2659, #7537 ),
 ( #7598, #265 ),
 ( #967, #8974 ) ),
 .UNSPECIFIED., .F., .F., .F.,
 ( 4, 1, 1, 1, 1, 4 ),
 ( 2, 2 ),
 ( 0.000000000000000000, 0.1782573703587648772, 0.3494658574888978020, 0.5207024417209522582, 0.6770102187256243909, 1.000000000000000000 ),
 ( 0.000000000000000000, 1.000000000000000000 ),
 .UNSPECIFIED. ) ;
#9477 = CARTESIAN_POINT ( 'NONE',  ( 98.20243866176394931, 15.00000000000000178, -3.374011537017801210 ) ) ;
#9478 = CARTESIAN_POINT ( 'NONE',  ( 90.15493343562336293, 28.00000000000002132, 4.673493689122866890 ) ) ;
#9479 = CARTESIAN_POINT ( 'NONE',  ( 98.67394957431477565, -18.09416904330479170, -4.694050586992481122 ) ) ;
#9480 = DIRECTION ( 'NONE',  ( -0.6844055748977770914, -0.2513523783409974399, 0.6844055748977847520 ) ) ;
#9481 = CARTESIAN_POINT ( 'NONE',  ( 59.91534047652469752, 27.99833421094127317, 3.130899693600172728 ) ) ;
#9482 = DIRECTION ( 'NONE',  ( -0.7071067811865513475, -1.691909977029939893E-16, -0.7071067811865437980 ) ) ;
#9483 = EDGE_LOOP ( 'NONE', ( #8223, #10182, #3911, #197, #9705, #7149, #6385, #4297, #8806, #4148, #9593, #9899, #7200, #122, #4987, #3320 ) ) ;
#9484 = CARTESIAN_POINT ( 'NONE',  ( 98.39976287653233555, -17.70433872755713978, -3.571335751786211876 ) ) ;
#9485 = EDGE_LOOP ( 'NONE', ( #229, #7929, #5343, #9494 ) ) ;
#9486 = CARTESIAN_POINT ( 'NONE',  ( 106.9705627484771071, 23.00000000000001421, -16.38477631085030239 ) ) ;
#9487 =( BOUNDED_SURFACE ( )  B_SPLINE_SURFACE ( 3, 2, ( 
 ( #6068, #7670, #9206 ),
 ( #9314, #2946, #7827 ),
 ( #1308, #7020, #3949 ),
 ( #6380, #9630, #3157 ),
 ( #2405, #4732, #714 ),
 ( #7936, #3097, #6431 ),
 ( #605, #7986, #5627 ),
 ( #10478, #3843, #7173 ),
 ( #2364, #3206, #10420 ),
 ( #6325, #3051, #8832 ) ),
 .UNSPECIFIED., .F., .F., .F. ) 
 B_SPLINE_SURFACE_WITH_KNOTS ( ( 4, 2, 2, 2, 4 ),
 ( 3, 3 ),
 ( 1.570796326794896558, 1.963495408493620697, 2.356194490192344837, 2.748893571891068976, 3.141592653589793116 ),
 ( 0.000000000000000000, 1.000000000000000000 ),
 .UNSPECIFIED. ) 
 GEOMETRIC_REPRESENTATION_ITEM ( )  RATIONAL_B_SPLINE_SURFACE ( (
 ( 1.000000000000000000, 0.7071067811865475727, 1.000000000000000000),
 ( 1.000000000000000000, 0.7398497524009879367, 1.000000000000000000),
 ( 1.000000000000000000, 0.7702345535791025322, 1.000000000000000000),
 ( 1.000000000000000000, 0.8238783972955184831, 1.000000000000000000),
 ( 1.000000000000000000, 0.8471316604250483939, 1.000000000000000000),
 ( 1.000000000000000000, 0.8849191471438290213, 1.000000000000000000),
 ( 1.000000000000000000, 0.8994581711982396754, 1.000000000000000000),
 ( 1.000000000000000000, 0.9189375406522828360, 1.000000000000000000),
 ( 1.000000000000000000, 0.9238886108757522475, 1.000000000000000000),
 ( 1.000000000000000000, 0.9238795325112856283, 1.000000000000000000) ) ) 
 REPRESENTATION_ITEM ( '' )  SURFACE ( )  );
#9488 = ADVANCED_FACE ( 'NONE', ( #5502 ), #5612, .F. ) ;
#9489 = CARTESIAN_POINT ( 'NONE',  ( 102.5642877907956034, -17.20777669025232015, -8.584388803473370189 ) ) ;
#9490 = ORIENTED_EDGE ( 'NONE', *, *, #10454, .T. ) ;
#9491 = DIRECTION ( 'NONE',  ( 0.7071067811865513475, 1.691909977029939893E-16, 0.7071067811865437980 ) ) ;
#9492 = DIRECTION ( 'NONE',  ( 0.7071067811865471286, -6.133173666733494580E-15, -0.7071067811865480168 ) ) ;
#9493 = ORIENTED_EDGE ( 'NONE', *, *, #8671, .F. ) ;
#9494 = ORIENTED_EDGE ( 'NONE', *, *, #9067, .F. ) ;
#9495 = LINE ( 'NONE', #8807, #4186 ) ;
#9496 = CARTESIAN_POINT ( 'NONE',  ( 103.9490811982822009, -9.569500498558465296, -9.120654073536105244 ) ) ;
#9497 =( LENGTH_UNIT ( ) NAMED_UNIT ( * ) SI_UNIT ( .MILLI., .METRE. ) );
#9498 = ORIENTED_EDGE ( 'NONE', *, *, #9666, .F. ) ;
#9499 = CARTESIAN_POINT ( 'NONE',  ( 96.60601400914387682, -13.05912109383622344, -2.626115021821546769 ) ) ;
#9500 = CARTESIAN_POINT ( 'NONE',  ( 83.42350647363113580, 51.52483040656326807, 10.55639251369130172 ) ) ;
#9501 = VERTEX_POINT ( 'NONE', #3138 ) ;
#9502 = CARTESIAN_POINT ( 'NONE',  ( 107.2578237999014448, 7.600000000000010303, 5.681373601119605432 ) ) ;
#9503 = LINE ( 'NONE', #2232, #5020 ) ;
#9504 = DIRECTION ( 'NONE',  ( 1.000000000000000000, 0.000000000000000000, 0.000000000000000000 ) ) ;
#9505 = CARTESIAN_POINT ( 'NONE',  ( 104.7406701071789570, -17.93185509031721381, -10.76077111985662604 ) ) ;
#9506 = CARTESIAN_POINT ( 'NONE',  ( 46.00000000000055422, -14.00000000000051337, 45.99999999999996447 ) ) ;
#9507 = EDGE_LOOP ( 'NONE', ( #7243, #10032, #4416 ) ) ;
#9508 = FACE_OUTER_BOUND ( 'NONE', #4160, .T. ) ;
#9509 = EDGE_CURVE ( 'NONE', #336, #7135, #7209, .T. ) ;
#9510 = CARTESIAN_POINT ( 'NONE',  ( 104.3542676580868829, 8.300000000000004263, -9.525840533340788951 ) ) ;
#9511 = CARTESIAN_POINT ( 'NONE',  ( 97.35391052434009396, 15.00000000000000178, -3.374011537017794105 ) ) ;
#9512 = EDGE_CURVE ( 'NONE', #4640, #7607, #7153, .T. ) ;
#9513 = EDGE_LOOP ( 'NONE', ( #5146, #4862, #2942, #2381 ) ) ;
#9514 = CARTESIAN_POINT ( 'NONE',  ( 51.50000000000002842, -43.99999999999998579, 1.000000000000000000 ) ) ;
#9515 = EDGE_LOOP ( 'NONE', ( #7478, #891, #4658, #4311 ) ) ;
#9516 = CARTESIAN_POINT ( 'NONE',  ( 46.98994949366156959, -4.476833408784434915E-14, 46.98994949366115037 ) ) ;
#9517 = ORIENTED_EDGE ( 'NONE', *, *, #10123, .T. ) ;
#9518 = CARTESIAN_POINT ( 'NONE',  ( 89.15000000000000568, -33.58337520964456502, 0.000000000000000000 ) ) ;
#9519 = CARTESIAN_POINT ( 'NONE',  ( 92.37436963029169590, 21.49999999999898392, -1.788583192664800592 ) ) ;
#9520 = CARTESIAN_POINT ( 'NONE',  ( 103.9300035893749055, -2.999999999999984901, -19.42533546995246496 ) ) ;
#9521 = EDGE_CURVE ( 'NONE', #6941, #4890, #6360, .T. ) ;
#9522 = DIRECTION ( 'NONE',  ( 0.7071067811865513475, 1.691909977029939893E-16, 0.7071067811865436870 ) ) ;
#9523 = VECTOR ( 'NONE', #2733, 1000.000000000000000 ) ;
#9524 = ORIENTED_EDGE ( 'NONE', *, *, #6521, .T. ) ;
#9525 = CARTESIAN_POINT ( 'NONE',  ( 98.77221515278398556, -18.12395571567794406, -4.792316165461689259 ) ) ;
#9526 = CARTESIAN_POINT ( 'NONE',  ( 47.41421356237359674, 1.134490336022446682E-14, 47.41421356237309936 ) ) ;
#9527 = EDGE_CURVE ( 'NONE', #2776, #2606, #9611, .T. ) ;
#9528 = EDGE_CURVE ( 'NONE', #3314, #10304, #1546, .T. ) ;
#9529 = CARTESIAN_POINT ( 'NONE',  ( 55.23044737829938100, 24.91646306141991474, 1.999999999999996669 ) ) ;
#9530 = CYLINDRICAL_SURFACE ( 'NONE', #1977, 2.000000000000001776 ) ;
#9531 = ORIENTED_EDGE ( 'NONE', *, *, #4847, .T. ) ;
#9532 = FILL_AREA_STYLE ('',( #4585 ) ) ;
#9533 = VERTEX_POINT ( 'NONE', #8697 ) ;
#9534 = DIRECTION ( 'NONE',  ( 0.7071067811865513475, 1.691909977029939893E-16, 0.7071067811865436870 ) ) ;
#9535 = VECTOR ( 'NONE', #4610, 999.9999999999998863 ) ;
#9536 = LINE ( 'NONE', #2265, #6649 ) ;
#9537 = EDGE_LOOP ( 'NONE', ( #2671, #4156 ) ) ;
#9538 = EDGE_CURVE ( 'NONE', #1298, #653, #749, .T. ) ;
#9539 = DIRECTION ( 'NONE',  ( -0.7071067811865513475, -1.691909977029939893E-16, -0.7071067811865437980 ) ) ;
#9540 = EDGE_LOOP ( 'NONE', ( #7876, #614, #7650, #2441 ) ) ;
#9541 = EDGE_CURVE ( 'NONE', #7440, #3249, #3984, .T. ) ;
#9543 = ORIENTED_EDGE ( 'NONE', *, *, #1473, .T. ) ;
#9542 = CIRCLE ( 'NONE', #7505, 1.299999999999990719 ) ;
#9544 = EDGE_CURVE ( 'NONE', #145, #7144, #1622, .T. ) ;
#9545 = EDGE_CURVE ( 'NONE', #9311, #3962, #7102, .T. ) ;
#9546 = CARTESIAN_POINT ( 'NONE',  ( 102.8898034885497879, -13.23750878621948068, -8.909904501227549289 ) ) ;
#9547 = CARTESIAN_POINT ( 'NONE',  ( 101.9885104765519657, -6.834263753685235088, -8.008611489229718217 ) ) ;
#9548 =( BOUNDED_CURVE ( )  B_SPLINE_CURVE ( 3, ( #5764, #5071, #8280, #9758 ),
 .UNSPECIFIED., .F., .F. ) 
 B_SPLINE_CURVE_WITH_KNOTS ( ( 4, 4 ),
 ( 3.141592653589793560, 4.712388980384688786 ),
 .UNSPECIFIED. ) 
 CURVE ( )  GEOMETRIC_REPRESENTATION_ITEM ( )  RATIONAL_B_SPLINE_CURVE ( ( 1.000000000000000000, 0.8047378541243652705, 0.8047378541243652705, 1.000000000000000000 ) ) 
 REPRESENTATION_ITEM ( '' )  );
#9549 = LINE ( 'NONE', #7706, #4687 ) ;
#9550 = ORIENTED_EDGE ( 'NONE', *, *, #2186, .F. ) ;
#9551 = VECTOR ( 'NONE', #8505, 1000.000000000000000 ) ;
#9552 = CARTESIAN_POINT ( 'NONE',  ( 107.5716035124856802, -2.999999999999983569, -16.98581707485887193 ) ) ;
#9553 = CARTESIAN_POINT ( 'NONE',  ( 90.00000000000001421, -30.99999999999998934, -45.49747468305812248 ) ) ;
#9554 = ORIENTED_EDGE ( 'NONE', *, *, #9665, .F. ) ;
#9555 = LINE ( 'NONE', #5448, #7762 ) ;
#9556 = DIRECTION ( 'NONE',  ( 0.7071067811865450192, -0.000000000000000000, -0.7071067811865500152 ) ) ;
#9557 = FACE_OUTER_BOUND ( 'NONE', #6586, .T. ) ;
#9558 = CARTESIAN_POINT ( 'NONE',  ( 107.5716035124857086, -22.99999999999998579, -16.98581707485889325 ) ) ;
#9559 = AXIS2_PLACEMENT_3D ( 'NONE', #1487, #4708, #7964 ) ;
#9560 = ORIENTED_EDGE ( 'NONE', *, *, #2216, .F. ) ;
#9561 = DIRECTION ( 'NONE',  ( 0.000000000000000000, 0.06654261146355944234, -0.9977835841802619177 ) ) ;
#9562 = ORIENTED_EDGE ( 'NONE', *, *, #4779, .F. ) ;
#9563 = PLANE ( 'NONE',  #9033 ) ;
#9564 = CARTESIAN_POINT ( 'NONE',  ( 92.94005505524107491, -14.00000000000017586, -0.9400550552410630312 ) ) ;
#9565 = VECTOR ( 'NONE', #6022, 1000.000000000000114 ) ;
#9566 = PLANE ( 'NONE',  #6037 ) ;
#9567 = ORIENTED_EDGE ( 'NONE', *, *, #1831, .F. ) ;
#9568 = DIRECTION ( 'NONE',  ( 0.4999999999999952816, 0.7071067811865502373, -0.5000000000000007772 ) ) ;
#9569 = ORIENTED_EDGE ( 'NONE', *, *, #8946, .T. ) ;
#9570 = ORIENTED_EDGE ( 'NONE', *, *, #3220, .T. ) ;
#9571 = DIRECTION ( 'NONE',  ( -0.6653078692586509302, -0.3387194682993791561, 0.6653078692586611442 ) ) ;
#9572 = VECTOR ( 'NONE', #5208, 1000.000000000000000 ) ;
#9573 = EDGE_CURVE ( 'NONE', #6444, #8457, #5505, .T. ) ;
#9574 = B_SPLINE_CURVE_WITH_KNOTS ( 'NONE', 3,
 ( #5452, #6361, #9664, #7154, #9612, #8756, #5566, #7264, #10301, #3033, #4760, #6263, #9505, #4656, #7910, #3079, #6309, #9066 ),
 .UNSPECIFIED., .F., .F.,
 ( 4, 2, 2, 2, 2, 2, 2, 2, 4 ),
 ( 0.000000000000000000, 0.0007202108005266967886, 0.001440421601053393577, 0.002160632401580090366, 0.002880843202106787154, 0.003601054002633483943, 0.004321264803160180731, 0.005041475603686877520, 0.005761686404213574308 ),
 .UNSPECIFIED. ) ;
#9575 = DIRECTION ( 'NONE',  ( 0.7071067811865431318, 0.000000000000000000, -0.7071067811865520136 ) ) ;
#9576 = CARTESIAN_POINT ( 'NONE',  ( 41.73333539013160731, -28.99999999999999645, -102.8352071047914080 ) ) ;
#9577 = DIRECTION ( 'NONE',  ( 0.7071067811865436870, 0.000000000000000000, -0.7071067811865513475 ) ) ;
#9578 = CARTESIAN_POINT ( 'NONE',  ( 41.73333539013160731, 29.00000000000000355, -102.8352071047914080 ) ) ;
#9579 = EDGE_LOOP ( 'NONE', ( #4670, #5969, #365, #7513, #5901, #10012, #5387, #4222, #6187, #9326, #4204, #3724, #7041, #548, #9434, #5640 ) ) ;
#9580 = CARTESIAN_POINT ( 'NONE',  ( 100.7003051300367247, -12.99999999999998579, -5.871878005290601443 ) ) ;
#9581 = CARTESIAN_POINT ( 'NONE',  ( 105.6977705423412459, 23.00000000000001421, -21.19310242291884805 ) ) ;
#9582 = CARTESIAN_POINT ( 'NONE',  ( 65.12994231491109076, 31.00000000000001776, 1.999999999999996669 ) ) ;
#9583 = DIRECTION ( 'NONE',  ( 0.7071067811865436870, 4.361367940787551874E-15, -0.7071067811865514585 ) ) ;
#9584 = ORIENTED_EDGE ( 'NONE', *, *, #6339, .F. ) ;
#9585 = CARTESIAN_POINT ( 'NONE',  ( 99.51771241656757638, -18.12918257376988507, -4.689285291821458479 ) ) ;
#9586 = ORIENTED_EDGE ( 'NONE', *, *, #6090, .T. ) ;
#9587 = VECTOR ( 'NONE', #4521, 1000.000000000000000 ) ;
#9588 = DIRECTION ( 'NONE',  ( -0.7071067811865512365, -1.691909977029938907E-16, -0.7071067811865439090 ) ) ;
#9589 = CARTESIAN_POINT ( 'NONE',  ( 90.00000000000001421, -33.58337520964456502, 0.000000000000000000 ) ) ;
#9590 = ORIENTED_EDGE ( 'NONE', *, *, #6092, .F. ) ;
#9591 = CARTESIAN_POINT ( 'NONE',  ( 97.77817459305201453, 8.200000000000002842, -3.798275605729727555 ) ) ;
#9592 = DIRECTION ( 'NONE',  ( 0.7071067811865474617, 0.000000000000000000, -0.7071067811865474617 ) ) ;
#9593 = ORIENTED_EDGE ( 'NONE', *, *, #8487, .F. ) ;
#9594 = VERTEX_POINT ( 'NONE', #10299 ) ;
#9595 = CARTESIAN_POINT ( 'NONE',  ( 105.5547049043998129, -16.70926321126091452, -11.57480591707738427 ) ) ;
#9596 = CARTESIAN_POINT ( 'NONE',  ( 100.3486271151704869, -6.704420284902468552, -5.520199990424386804 ) ) ;
#9597 = EDGE_CURVE ( 'NONE', #6258, #3301, #6186, .T. ) ;
#9598 = CARTESIAN_POINT ( 'NONE',  ( 89.00000000000001421, 29.00000000000001776, 4.000000000000000000 ) ) ;
#9599 = VECTOR ( 'NONE', #9767, 1000.000000000000000 ) ;
#9600 = VERTEX_POINT ( 'NONE', #1438 ) ;
#9601 = ADVANCED_FACE ( 'NONE', ( #5451 ), #4655, .F. ) ;
#9602 = EDGE_CURVE ( 'NONE', #4449, #10455, #4961, .T. ) ;
#9603 =( LENGTH_UNIT ( ) NAMED_UNIT ( * ) SI_UNIT ( .MILLI., .METRE. ) );
#9604 = CARTESIAN_POINT ( 'NONE',  ( 111.7693480478366013, -16.94059784720014150, 1.169849353184402529 ) ) ;
#9605 = CIRCLE ( 'NONE', #5005, 0.3000000000000065392 ) ;
#9606 = AXIS2_PLACEMENT_3D ( 'NONE', #9526, #4581, #10225 ) ;
#9607 = ORIENTED_EDGE ( 'NONE', *, *, #6935, .F. ) ;
#9608 = DIRECTION ( 'NONE',  ( -0.7071067811865389130, 0.000000000000000000, 0.7071067811865562325 ) ) ;
#9609 = VECTOR ( 'NONE', #8993, 1000.000000000000114 ) ;
#9610 = CARTESIAN_POINT ( 'NONE',  ( 102.5741089505602588, -13.00000000000001066, -8.594209963238016670 ) ) ;
#9611 = LINE ( 'NONE', #8755, #2642 ) ;
#9612 = CARTESIAN_POINT ( 'NONE',  ( 102.7899770379115978, -18.48478940494470990, -8.810078050589380538 ) ) ;
#9613 = ORIENTED_EDGE ( 'NONE', *, *, #7094, .F. ) ;
#9614 = CARTESIAN_POINT ( 'NONE',  ( 111.7404139806818364, 22.33933982822020425, 1.198783420339164740 ) ) ;
#9615 = ORIENTED_EDGE ( 'NONE', *, *, #9411, .F. ) ;
#9616 = AXIS2_PLACEMENT_3D ( 'NONE', #3310, #57, #4734 ) ;
#9617 = DIRECTION ( 'NONE',  ( 0.7071067811865513475, 1.691909977029939893E-16, 0.7071067811865436870 ) ) ;
#9618 = VECTOR ( 'NONE', #6359, 1000.000000000000000 ) ;
#9619 = FACE_OUTER_BOUND ( 'NONE', #5406, .T. ) ;
#9620 = VECTOR ( 'NONE', #8211, 1000.000000000000000 ) ;
#9621 = FACE_OUTER_BOUND ( 'NONE', #8921, .T. ) ;
#9622 = VECTOR ( 'NONE', #7991, 1000.000000000000000 ) ;
#9623 = ORIENTED_EDGE ( 'NONE', *, *, #851, .T. ) ;
#9624 = PLANE ( 'NONE',  #5664 ) ;
#9625 = VECTOR ( 'NONE', #4757, 1000.000000000000114 ) ;
#9626 = ORIENTED_EDGE ( 'NONE', *, *, #8918, .F. ) ;
#9627 = ORIENTED_EDGE ( 'NONE', *, *, #4916, .T. ) ;
#9628 = PLANE ( 'NONE',  #7431 ) ;
#9629 = VECTOR ( 'NONE', #8809, 1000.000000000000000 ) ;
#9630 = CARTESIAN_POINT ( 'NONE',  ( 90.00000000000000000, 28.84464733119662938, -49.91564514001617425 ) ) ;
#9631 = CARTESIAN_POINT ( 'NONE',  ( 82.00000000000001421, 36.99999999999998579, 2.000000000000000000 ) ) ;
#9632 = EDGE_CURVE ( 'NONE', #6178, #8589, #8967, .T. ) ;
#9633 = CARTESIAN_POINT ( 'NONE',  ( 102.9053091084105631, -17.84868297269977333, -8.076881983664479847 ) ) ;
#9634 = EDGE_CURVE ( 'NONE', #10151, #7813, #7476, .T. ) ;
#9635 = ORIENTED_EDGE ( 'NONE', *, *, #9856, .T. ) ;
#9636 = LINE ( 'NONE', #1721, #3868 ) ;
#9637 = AXIS2_PLACEMENT_3D ( 'NONE', #8141, #7379, #9837 ) ;
#9638 = CARTESIAN_POINT ( 'NONE',  ( 92.00000000000001421, 29.00000000000001776, 1.000000000000000222 ) ) ;
#9639 = CARTESIAN_POINT ( 'NONE',  ( 100.3237590053235806, 10.00000000000001421, -5.495331880577446704 ) ) ;
#9640 = CIRCLE ( 'NONE', #1844, 1.000000000000000888 ) ;
#9641 = CARTESIAN_POINT ( 'NONE',  ( 100.5091694411710534, -14.69140301790534942, -6.529270453848788236 ) ) ;
#9642 = ORIENTED_EDGE ( 'NONE', *, *, #523, .T. ) ;
#9643 = DIRECTION ( 'NONE',  ( -0.7071067811865512365, -2.775557561562891844E-16, -0.7071067811865439090 ) ) ;
#9644 = CARTESIAN_POINT ( 'NONE',  ( 102.0901573467554755, -5.819364924317196319, -7.261730222009379787 ) ) ;
#9645 = VERTEX_POINT ( 'NONE', #2494 ) ;
#9646 = ADVANCED_FACE ( 'NONE', ( #2648 ), #903, .F. ) ;
#9647 = CARTESIAN_POINT ( 'NONE',  ( 102.7334641632564001, -8.876369035937447194, -8.753565175934273412 ) ) ;
#9648 = CARTESIAN_POINT ( 'NONE',  ( 91.62376202979858419, 28.05775754848278680, 3.204665094947652282 ) ) ;
#9649 = EDGE_CURVE ( 'NONE', #2467, #6391, #5715, .T. ) ;
#9650 = ORIENTED_EDGE ( 'NONE', *, *, #295, .F. ) ;
#9651 = ORIENTED_EDGE ( 'NONE', *, *, #3247, .F. ) ;
#9652 = CARTESIAN_POINT ( 'NONE',  ( 104.1928758704372484, -17.23210000165246214, -10.21297688311501872 ) ) ;
#9653 = CARTESIAN_POINT ( 'NONE',  ( 99.48129776483224873, -8.153829598535178746, -4.652870640086148590 ) ) ;
#9654 = DIRECTION ( 'NONE',  ( 0.000000000000000000, 0.000000000000000000, -1.000000000000000000 ) ) ;
#9655 = CARTESIAN_POINT ( 'NONE',  ( 100.7651803615609083, 17.82426406871194047, -6.785281374238634200 ) ) ;
#9656 = ORIENTED_EDGE ( 'NONE', *, *, #6576, .F. ) ;
#9657 = CARTESIAN_POINT ( 'NONE',  ( 103.9490811982822152, -9.569500498558463519, -9.120654073536108797 ) ) ;
#9658 = DIRECTION ( 'NONE',  ( 0.7071067811865388020, 0.000000000000000000, -0.7071067811865561215 ) ) ;
#9659 = ADVANCED_FACE ( 'NONE', ( #9015 ), #6508, .T. ) ;
#9660 = FACE_OUTER_BOUND ( 'NONE', #3694, .T. ) ;
#9661 = LINE ( 'NONE', #6415, #3013 ) ;
#9662 = DIRECTION ( 'NONE',  ( -0.7071067811865447972, 0.000000000000000000, 0.7071067811865501263 ) ) ;
#9663 = EDGE_CURVE ( 'NONE', #2993, #2752, #2553, .T. ) ;
#9664 = CARTESIAN_POINT ( 'NONE',  ( 102.2868867214286013, -18.36808122411168753, -8.306987734106368038 ) ) ;
#9665 = EDGE_CURVE ( 'NONE', #8007, #242, #3489, .T. ) ;
#9666 = EDGE_CURVE ( 'NONE', #4978, #1513, #9762, .T. ) ;
#9667 = PRODUCT_DEFINITION_CONTEXT ( 'detailed design', #3928, 'design' ) ;
#9668 = ORIENTED_EDGE ( 'NONE', *, *, #10315, .T. ) ;
#9669 = DIRECTION ( 'NONE',  ( 0.4578745913571483084, -0.7620378712236284269, -0.4578745913571586890 ) ) ;
#9670 = FACE_OUTER_BOUND ( 'NONE', #10321, .T. ) ;
#9671 = ORIENTED_EDGE ( 'NONE', *, *, #5810, .T. ) ;
#9672 = CARTESIAN_POINT ( 'NONE',  ( 105.2969434160950044, -13.02812432834024570, -10.46851629134910233 ) ) ;
#9673 = ORIENTED_EDGE ( 'NONE', *, *, #1429, .F. ) ;
#9674 = DIRECTION ( 'NONE',  ( -0.4999999999999978906, -0.7071067811865477948, 0.5000000000000017764 ) ) ;
#9675 = EDGE_CURVE ( 'NONE', #10139, #9308, #3827, .T. ) ;
#9676 = ORIENTED_EDGE ( 'NONE', *, *, #495, .F. ) ;
#9677 = EDGE_CURVE ( 'NONE', #10070, #6046, #1702, .T. ) ;
#9678 = VERTEX_POINT ( 'NONE', #3504 ) ;
#9679 = PLANE ( 'NONE',  #10162 ) ;
#9680 = LINE ( 'NONE', #822, #7843 ) ;
#9681 = CARTESIAN_POINT ( 'NONE',  ( 100.9268305776094650, -11.31398825372005135, -6.098403452863331964 ) ) ;
#9682 = CARTESIAN_POINT ( 'NONE',  ( 104.3350288425443750, 22.55147186257611835, -9.506601717798279338 ) ) ;
#9683 = VERTEX_POINT ( 'NONE', #5766 ) ;
#9684 = CARTESIAN_POINT ( 'NONE',  ( 97.46756543363356684, -12.19630914884918482, -2.639138308887414741 ) ) ;
#9685 = CARTESIAN_POINT ( 'NONE',  ( 99.35710298549241770, -17.46514819224223913, -5.377203998170114296 ) ) ;
#9686 = CARTESIAN_POINT ( 'NONE',  ( 104.4249783362055410, 8.200000000000004619, -9.596551211459445341 ) ) ;
#9687 = CARTESIAN_POINT ( 'NONE',  ( 55.23044737829938811, -28.99999999999998579, 4.000000000000003553 ) ) ;
#9688 = ORIENTED_EDGE ( 'NONE', *, *, #772, .F. ) ;
#9689 = FACE_OUTER_BOUND ( 'NONE', #5938, .T. ) ;
#9690 = ORIENTED_EDGE ( 'NONE', *, *, #6854, .F. ) ;
#9691 = DIRECTION ( 'NONE',  ( 0.4999999999999991118, 0.7071067811865454633, -0.5000000000000037748 ) ) ;
#9692 = DIRECTION ( 'NONE',  ( 0.7071067811865513475, 1.691909977029939893E-16, 0.7071067811865436870 ) ) ;
#9693 = ORIENTED_EDGE ( 'NONE', *, *, #1307, .F. ) ;
#9694 = VECTOR ( 'NONE', #9643, 999.9999999999998863 ) ;
#9695 = CARTESIAN_POINT ( 'NONE',  ( 57.24935425135529954, -26.91365409133644349, 1.999999999998713252 ) ) ;
#9696 = CARTESIAN_POINT ( 'NONE',  ( 103.6107647738324147, 22.12720779386421555, -9.630865786510184989 ) ) ;
#9697 = ORIENTED_EDGE ( 'NONE', *, *, #8004, .T. ) ;
#9698 = VERTEX_POINT ( 'NONE', #5924 ) ;
#9699 = CARTESIAN_POINT ( 'NONE',  ( 102.6651189344735968, -16.35459799643457757, -8.685219947151420428 ) ) ;
#9700 = CARTESIAN_POINT ( 'NONE',  ( 100.4934619049424640, -10.80588650403014128, -6.513562917620196124 ) ) ;
#9701 = CARTESIAN_POINT ( 'NONE',  ( -2.107285043434106608, -28.99999999999999645, -58.99458667122524247 ) ) ;
#9702 = AXIS2_PLACEMENT_3D ( 'NONE', #5122, #191, #9914 ) ;
#9703 = CARTESIAN_POINT ( 'NONE',  ( 105.9789689731116340, -16.70926321126091452, -11.15054184836557205 ) ) ;
#9704 = ADVANCED_FACE ( 'NONE', ( #6569 ), #1747, .F. ) ;
#9705 = ORIENTED_EDGE ( 'NONE', *, *, #3116, .T. ) ;
#9706 = EDGE_CURVE ( 'NONE', #2694, #5790, #9980, .T. ) ;
#9707 = CARTESIAN_POINT ( 'NONE',  ( 103.8892523404472712, -18.04866127958090871, -9.909353353124943808 ) ) ;
#9708 = VECTOR ( 'NONE', #594, 1000.000000000000000 ) ;
#9709 = CARTESIAN_POINT ( 'NONE',  ( 116.8700576850886819, -28.99999999999998224, -24.87005768508894477 ) ) ;
#9710 = ORIENTED_EDGE ( 'NONE', *, *, #5235, .F. ) ;
#9711 = DIRECTION ( 'NONE',  ( 0.7071067811865513475, 1.691909977029939400E-16, 0.7071067811865436870 ) ) ;
#9712 = CARTESIAN_POINT ( 'NONE',  ( 103.9490811982822152, -9.569500498558465296, -9.120654073536103468 ) ) ;
#9713 = DIRECTION ( 'NONE',  ( 0.7071067811865513475, 1.691909977029939893E-16, 0.7071067811865436870 ) ) ;
#9714 = CARTESIAN_POINT ( 'NONE',  ( 96.63275514481122741, -15.27280450853926297, -2.652856157488787225 ) ) ;
#9715 = CIRCLE ( 'NONE', #5630, 5.000000000000004441 ) ;
#9716 = VERTEX_POINT ( 'NONE', #3454 ) ;
#9717 = DIRECTION ( 'NONE',  ( -0.7071067811865523467, 0.000000000000000000, -0.7071067811865426878 ) ) ;
#9718 = FACE_OUTER_BOUND ( 'NONE', #9978, .T. ) ;
#9719 = CARTESIAN_POINT ( 'NONE',  ( 106.0637859353191175, -13.84948761128133121, -11.23535881057321362 ) ) ;
#9720 = CIRCLE ( 'NONE', #9205, 0.8500000000000170752 ) ;
#9721 = CARTESIAN_POINT ( 'NONE',  ( 101.8816738188301372, -18.85672476411543030, -7.901774831507897723 ) ) ;
#9722 = ORIENTED_EDGE ( 'NONE', *, *, #2535, .F. ) ;
#9723 = ORIENTED_EDGE ( 'NONE', *, *, #4541, .F. ) ;
#9724 = CARTESIAN_POINT ( 'NONE',  ( 92.00000000000001421, -28.99999999999998579, 0.9999999999999997780 ) ) ;
#9725 = EDGE_CURVE ( 'NONE', #6391, #6075, #8382, .T. ) ;
#9726 = CARTESIAN_POINT ( 'NONE',  ( 103.4530961409277552, -8.690201769824858147, -9.473197153605489973 ) ) ;
#9727 = DIRECTION ( 'NONE',  ( -0.7071067811865439090, 0.000000000000000000, 0.7071067811865512365 ) ) ;
#9728 = EDGE_CURVE ( 'NONE', #3090, #5598, #3317, .T. ) ;
#9729 = LINE ( 'NONE', #6326, #407 ) ;
#9730 = ADVANCED_FACE ( 'NONE', ( #6620 ), #4291, .T. ) ;
#9731 = EDGE_CURVE ( 'NONE', #7795, #1324, #2603, .T. ) ;
#9732 = CARTESIAN_POINT ( 'NONE',  ( 89.40452114930819505, 21.49999999999898392, -1.647161836427473158 ) ) ;
#9733 = B_SPLINE_CURVE_WITH_KNOTS ( 'NONE', 3,
 ( #9761, #1016, #2436, #4244, #1644, #7309, #33, #5714 ),
 .UNSPECIFIED., .F., .F.,
 ( 4, 1, 1, 1, 1, 4 ),
 ( 0.000000000000000000, 0.3229897812743756091, 0.4792975582790477418, 0.6505341425111021980, 0.8217426296412351228, 1.000000000000000000 ),
 .UNSPECIFIED. ) ;
#9734 = EDGE_LOOP ( 'NONE', ( #9613, #319, #7932, #1388 ) ) ;
#9735 = CARTESIAN_POINT ( 'NONE',  ( 99.61799008881821749, -16.18690572868256083, -5.638091101495878554 ) ) ;
#9736 = VECTOR ( 'NONE', #6753, 999.9999999999998863 ) ;
#9737 = DIRECTION ( 'NONE',  ( 2.066169305673153137E-16, 1.000000000000000000, 0.000000000000000000 ) ) ;
#9738 = ORIENTED_EDGE ( 'NONE', *, *, #1694, .F. ) ;
#9739 = CARTESIAN_POINT ( 'NONE',  ( 118.2842712474617883, -26.99999999999998224, -26.28427124746203347 ) ) ;
#9740 = ORIENTED_EDGE ( 'NONE', *, *, #6010, .F. ) ;
#9741 = PLANE ( 'NONE',  #9013 ) ;
#9742 = CARTESIAN_POINT ( 'NONE',  ( 118.9913780286483131, 29.00000000000001776, -25.57716446627550511 ) ) ;
#9743 = EDGE_LOOP ( 'NONE', ( #5803, #360, #3391, #3790 ) ) ;
#9744 = LINE ( 'NONE', #884, #9609 ) ;
#9745 = CARTESIAN_POINT ( 'NONE',  ( 103.2228968081883522, -4.466681948922258430E-14, -8.394469683442283170 ) ) ;
#9746 = EDGE_LOOP ( 'NONE', ( #3768, #3060, #7594, #9368 ) ) ;
#9747 = ORIENTED_EDGE ( 'NONE', *, *, #10489, .T. ) ;
#9748 = VECTOR ( 'NONE', #9309, 1000.000000000000000 ) ;
#9749 = CARTESIAN_POINT ( 'NONE',  ( 103.2967033984016325, -13.26745386387386993, -9.316804411079438353 ) ) ;
#9750 = DIRECTION ( 'NONE',  ( -5.578232639531829436E-15, 1.000000000000000000, 5.338960435948877597E-15 ) ) ;
#9751 = ORIENTED_EDGE ( 'NONE', *, *, #9003, .F. ) ;
#9752 = CARTESIAN_POINT ( 'NONE',  ( 101.2870179104178021, -5.806184949683045105, -7.307118923095532459 ) ) ;
#9753 = CARTESIAN_POINT ( 'NONE',  ( 106.5462986797651723, 17.40000000000001279, -11.71787155501910505 ) ) ;
#9754 = ORIENTED_EDGE ( 'NONE', *, *, #4942, .F. ) ;
#9755 = VECTOR ( 'NONE', #9388, 1000.000000000000000 ) ;
#9756 = CARTESIAN_POINT ( 'NONE',  ( 99.55585277962610746, 15.59999999999999964, -4.727425654879966466 ) ) ;
#9757 = ORIENTED_EDGE ( 'NONE', *, *, #8409, .F. ) ;
#9758 = CARTESIAN_POINT ( 'NONE',  ( 92.00000000000000000, 29.00000000000001421, -45.49747468305810116 ) ) ;
#9759 = EDGE_CURVE ( 'NONE', #9127, #8124, #6088, .T. ) ;
#9760 = CARTESIAN_POINT ( 'NONE',  ( 90.46518132108811017, -9.000000000000184741, 1.534818678911913148 ) ) ;
#9761 = CARTESIAN_POINT ( 'NONE',  ( 98.35403198387683688, -11.86216094775716101, -3.525604859130664792 ) ) ;
#9762 = LINE ( 'NONE', #8283, #7895 ) ;
#9763 = LINE ( 'NONE', #2496, #1493 ) ;
#9764 = CIRCLE ( 'NONE', #89, 1.000000000000000888 ) ;
#9765 = ORIENTED_EDGE ( 'NONE', *, *, #8951, .T. ) ;
#9766 = CARTESIAN_POINT ( 'NONE',  ( 99.76362164687319023, -17.48981397740233135, -4.935194522127198447 ) ) ;
#9767 = DIRECTION ( 'NONE',  ( 0.7071067811865513475, 1.691909977029939893E-16, 0.7071067811865436870 ) ) ;
#9768 = AXIS2_PLACEMENT_3D ( 'NONE', #7894, #9539, #7137 ) ;
#9769 = CARTESIAN_POINT ( 'NONE',  ( 97.35391052434009396, 15.00000000000000178, -3.374011537017794105 ) ) ;
#9770 = CARTESIAN_POINT ( 'NONE',  ( 75.15075759508263786, 1.798148737070788741E-14, 19.67766952966377048 ) ) ;
#9771 = CARTESIAN_POINT ( 'NONE',  ( 97.16838088449638633, -16.48455183905596400, -2.339953759750212914 ) ) ;
#9772 = CARTESIAN_POINT ( 'NONE',  ( 90.00000000000001421, -23.99999999999998579, -55.39696961966971145 ) ) ;
#9773 = VECTOR ( 'NONE', #6657, 1000.000000000000114 ) ;
#9774 = AXIS2_PLACEMENT_3D ( 'NONE', #10435, #9491, #5483 ) ;
#9775 = PLANE ( 'NONE',  #2152 ) ;
#9776 = ORIENTED_EDGE ( 'NONE', *, *, #6801, .T. ) ;
#9777 = ORIENTED_EDGE ( 'NONE', *, *, #5281, .T. ) ;
#9778 = CARTESIAN_POINT ( 'NONE',  ( 100.1116269709676203, 16.05147186257617165, -6.131727983645356872 ) ) ;
#9779 = CIRCLE ( 'NONE', #5192, 3.000000000000002665 ) ;
#9780 = CIRCLE ( 'NONE', #1983, 1.000000000000000888 ) ;
#9781 = DIRECTION ( 'NONE',  ( -1.000000000000000000, 0.000000000000000000, 0.000000000000000000 ) ) ;
#9782 = DIRECTION ( 'NONE',  ( -0.7071067811865439090, 0.000000000000000000, 0.7071067811865512365 ) ) ;
#9783 = B_SPLINE_CURVE_WITH_KNOTS ( 'NONE', 3,
 ( #8381, #254, #6723, #10080, #7580, #10028, #2753, #1954, #1171, #4399, #2806, #3125, #6251, #5487, #3813, #10444, #6349, #9546, #527 ),
 .UNSPECIFIED., .F., .F.,
 ( 4, 1, 1, 1, 1, 1, 1, 1, 1, 1, 1, 1, 1, 1, 1, 1, 4 ),
 ( 0.000000000000000000, 0.2180541417732434484, 0.2999628892377028122, 0.3648314919390348576, 0.4414267484011876741, 0.5156068335871724084, 0.5854519617438076473, 0.6405953540161041238, 0.6746675882977185568, 0.7028946829791279383, 0.7226819820522718540, 0.7334131516685706842, 0.7550775617706313447, 0.7903349572944573520, 0.8433371530686085693, 0.8952236381008675803, 1.000000000000000000 ),
 .UNSPECIFIED. ) ;
#9784 = LINE ( 'NONE', #2885, #4638 ) ;
#9785 = CLOSED_SHELL ( 'NONE', ( #10439, #3377, #15, #2009 ) ) ;
#9786 = DIRECTION ( 'NONE',  ( 0.000000000000000000, 0.000000000000000000, -1.000000000000000000 ) ) ;
#9787 = VECTOR ( 'NONE', #2026, 1000.000000000000000 ) ;
#9788 = ADVANCED_FACE ( 'NONE', ( #3770 ), #6939, .T. ) ;
#9789 = CARTESIAN_POINT ( 'NONE',  ( 104.4249783362055410, 7.600000000000003197, -9.596551211459448893 ) ) ;
#9790 = CARTESIAN_POINT ( 'NONE',  ( 96.80802604422932234, -15.16820293461260150, -1.979598919483295916 ) ) ;
#9791 = ADVANCED_FACE ( 'NONE', ( #1222 ), #2063, .F. ) ;
#9792 = ORIENTED_EDGE ( 'NONE', *, *, #4225, .T. ) ;
#9793 = CARTESIAN_POINT ( 'NONE',  ( 90.46518132108802490, 9.999999999999818812, 1.534818678911982426 ) ) ;
#9794 = ORIENTED_EDGE ( 'NONE', *, *, #6705, .T. ) ;
#9795 = VECTOR ( 'NONE', #9994, 1000.000000000000000 ) ;
#9796 = EDGE_CURVE ( 'NONE', #7220, #10242, #4993, .T. ) ;
#9797 = EDGE_CURVE ( 'NONE', #6128, #1994, #4400, .T. ) ;
#9798 = DIRECTION ( 'NONE',  ( 0.7071067811865512365, 1.691909977029938907E-16, 0.7071067811865437980 ) ) ;
#9799 = VECTOR ( 'NONE', #3211, 1000.000000000000000 ) ;
#9800 = CARTESIAN_POINT ( 'NONE',  ( 100.3571548444902817, -15.56176507793671782, -5.528727719744261471 ) ) ;
#9801 = VECTOR ( 'NONE', #186, 1000.000000000000114 ) ;
#9802 = EDGE_LOOP ( 'NONE', ( #8841, #7089, #411, #7474, #2549, #9902, #7639, #9816 ) ) ;
#9803 = CARTESIAN_POINT ( 'NONE',  ( 102.2881032662024978, -7.212659679545000202, -8.308204278880221949 ) ) ;
#9804 = DIRECTION ( 'NONE',  ( -4.710277376051348426E-16, -1.000000000000000000, -4.710277376051299123E-16 ) ) ;
#9805 = ORIENTED_EDGE ( 'NONE', *, *, #1490, .T. ) ;
#9806 = CARTESIAN_POINT ( 'NONE',  ( 104.9423213034357616, -12.95179571784552230, -10.96242231611348927 ) ) ;
#9807 = CARTESIAN_POINT ( 'NONE',  ( 88.00000000000001421, 28.53337520964456431, -162.2337144733732259 ) ) ;
#9808 = AXIS2_PLACEMENT_3D ( 'NONE', #8667, #671, #3909 ) ;
#9809 = ORIENTED_EDGE ( 'NONE', *, *, #10349, .T. ) ;
#9810 = PLANE ( 'NONE',  #6570 ) ;
#9811 = ORIENTED_EDGE ( 'NONE', *, *, #6991, .F. ) ;
#9812 = EDGE_CURVE ( 'NONE', #8331, #8660, #6698, .T. ) ;
#9813 = AXIS2_PLACEMENT_3D ( 'NONE', #5318, #2299, #2095 ) ;
#9814 = CARTESIAN_POINT ( 'NONE',  ( 98.20243866176394931, 7.600000000000008527, -3.374011537017789220 ) ) ;
#9815 = LINE ( 'NONE', #1164, #7671 ) ;
#9816 = ORIENTED_EDGE ( 'NONE', *, *, #1217, .F. ) ;
#9817 = VECTOR ( 'NONE', #1869, 999.9999999999998863 ) ;
#9818 = CARTESIAN_POINT ( 'NONE',  ( 82.00000000000001421, 44.99999999999998579, 0.000000000000000000 ) ) ;
#9819 = DIRECTION ( 'NONE',  ( 0.7071067811865439090, -1.812652487007113323E-15, -0.7071067811865512365 ) ) ;
#9820 = ORIENTED_EDGE ( 'NONE', *, *, #7962, .F. ) ;
#9821 = DIRECTION ( 'NONE',  ( 0.7071067811865449082, 0.000000000000000000, -0.7071067811865501263 ) ) ;
#9822 = DIRECTION ( 'NONE',  ( 0.7071067811865513475, 1.691909977029939400E-16, 0.7071067811865436870 ) ) ;
#9823 = DIRECTION ( 'NONE',  ( 1.000000000000000000, -0.000000000000000000, -0.000000000000000000 ) ) ;
#9824 = VECTOR ( 'NONE', #3738, 1000.000000000000000 ) ;
#9825 = LINE ( 'NONE', #2554, #4534 ) ;
#9826 = ORIENTED_EDGE ( 'NONE', *, *, #10007, .F. ) ;
#9827 = CARTESIAN_POINT ( 'NONE',  ( 76.21494359530807117, 21.49999999999887379, 13.24550134812408153 ) ) ;
#9828 = FACE_OUTER_BOUND ( 'NONE', #681, .T. ) ;
#9829 = VERTEX_POINT ( 'NONE', #2916 ) ;
#9830 = DIRECTION ( 'NONE',  ( -0.7071067811865513475, -1.691909977029939647E-16, -0.7071067811865437980 ) ) ;
#9831 = CARTESIAN_POINT ( 'NONE',  ( 101.1952798768673034, -12.99999999999998579, -7.215380889545049747 ) ) ;
#9832 = CARTESIAN_POINT ( 'NONE',  ( 96.69680535030580870, -16.17465732226597197, -2.716906362983502632 ) ) ;
#9833 = DIRECTION ( 'NONE',  ( -7.891197274167555925E-15, 1.000000000000000000, 7.651925070584632485E-15 ) ) ;
#9834 = ORIENTED_EDGE ( 'NONE', *, *, #5763, .F. ) ;
#9835 = ADVANCED_FACE ( 'NONE', ( #413 ), #2966, .F. ) ;
#9836 = VERTEX_POINT ( 'NONE', #8586 ) ;
#9837 = DIRECTION ( 'NONE',  ( 0.7071067811865389130, 0.000000000000000000, -0.7071067811865562325 ) ) ;
#9838 = ORIENTED_EDGE ( 'NONE', *, *, #3507, .F. ) ;
#9839 = CARTESIAN_POINT ( 'NONE',  ( 103.2368288542727157, -7.858810837791811998, -9.256929866950406094 ) ) ;
#9840 = EDGE_CURVE ( 'NONE', #6098, #4937, #474, .T. ) ;
#9841 = CARTESIAN_POINT ( 'NONE',  ( 92.00000000000001421, -30.99999999999998579, 2.000000000000006661 ) ) ;
#9842 = DIRECTION ( 'NONE',  ( -0.7071067811865436870, -1.203706215242022408E-31, 0.7071067811865513475 ) ) ;
#9843 = CARTESIAN_POINT ( 'NONE',  ( 102.5741089505602588, -13.00000000000001066, -8.594209963238013117 ) ) ;
#9844 = VERTEX_POINT ( 'NONE', #6191 ) ;
#9845 = DIRECTION ( 'NONE',  ( -0.7071067811865454633, 0.000000000000000000, 0.7071067811865495711 ) ) ;
#9846 = CARTESIAN_POINT ( 'NONE',  ( 103.6176643282121717, -7.863555731145772221, -9.637765340889959731 ) ) ;
#9847 = ORIENTED_EDGE ( 'NONE', *, *, #10514, .T. ) ;
#9848 = DIRECTION ( 'NONE',  ( -0.7071067811865439090, 0.000000000000000000, 0.7071067811865512365 ) ) ;
#9849 = ORIENTED_EDGE ( 'NONE', *, *, #7880, .T. ) ;
#9850 = CARTESIAN_POINT ( 'NONE',  ( 87.85000000000002274, -30.53337520964456431, -95.00000000000000000 ) ) ;
#9851 = DIRECTION ( 'NONE',  ( 2.066169305673152891E-16, 1.000000000000000000, -0.000000000000000000 ) ) ;
#9852 = EDGE_CURVE ( 'NONE', #6059, #3663, #8639, .T. ) ;
#9853 = ORIENTED_EDGE ( 'NONE', *, *, #4592, .T. ) ;
#9854 = DIRECTION ( 'NONE',  ( 0.7071067811865512365, 1.691909977029939893E-16, 0.7071067811865439090 ) ) ;
#9855 = CARTESIAN_POINT ( 'NONE',  ( 101.1952798768673034, -12.99999999999996980, -7.215380889545035537 ) ) ;
#9856 = EDGE_CURVE ( 'NONE', #10057, #7558, #4343, .T. ) ;
#9857 = ORIENTED_EDGE ( 'NONE', *, *, #6260, .T. ) ;
#9858 = CARTESIAN_POINT ( 'NONE',  ( 105.3887924759124672, -13.03182306367465060, -11.40889348859024466 ) ) ;
#9859 = LINE ( 'NONE', #2586, #1802 ) ;
#9860 = ORIENTED_EDGE ( 'NONE', *, *, #8998, .F. ) ;
#9861 = DIRECTION ( 'NONE',  ( 0.000000000000000000, 1.000000000000000000, 0.000000000000000000 ) ) ;
#9862 = ORIENTED_EDGE ( 'NONE', *, *, #2597, .F. ) ;
#9863 = CARTESIAN_POINT ( 'NONE',  ( 88.00000000000001421, -26.99999999999999289, -102.8352071047914080 ) ) ;
#9864 = ADVANCED_FACE ( 'NONE', ( #3564 ), #2015, .F. ) ;
#9865 = ORIENTED_EDGE ( 'NONE', *, *, #375, .F. ) ;
#9866 = CARTESIAN_POINT ( 'NONE',  ( 104.8492424049174758, 8.200000000000004619, -10.02081528017138190 ) ) ;
#9867 = EDGE_CURVE ( 'NONE', #888, #3095, #6778, .T. ) ;
#9868 = DIRECTION ( 'NONE',  ( 0.000000000000000000, 0.000000000000000000, -1.000000000000000000 ) ) ;
#9869 = EDGE_CURVE ( 'NONE', #10042, #10002, #10081, .T. ) ;
#9870 = ADVANCED_FACE ( 'NONE', ( #9225 ), #5974, .F. ) ;
#9871 = CARTESIAN_POINT ( 'NONE',  ( 100.4061821080363615, -9.269595278418758966, -5.577754983290294177 ) ) ;
#9872 = VECTOR ( 'NONE', #5417, 999.9999999999998863 ) ;
#9873 = LINE ( 'NONE', #1797, #10465 ) ;
#9874 = DIRECTION ( 'NONE',  ( -1.000000000000000000, -9.376883653928788436E-17, 0.000000000000000000 ) ) ;
#9875 = CARTESIAN_POINT ( 'NONE',  ( 96.65711006976935948, -14.28502812201934624, -2.677211082447001456 ) ) ;
#9876 = VERTEX_POINT ( 'NONE', #1955 ) ;
#9877 = CIRCLE ( 'NONE', #10221, 2.000000000000000000 ) ;
#9878 = CARTESIAN_POINT ( 'NONE',  ( 104.8492424049174616, 8.200000000000004619, -10.02081528017138368 ) ) ;
#9879 = CARTESIAN_POINT ( 'NONE',  ( 77.27207793864225494, -23.99999999999998224, 16.14213562373102562 ) ) ;
#9880 = CARTESIAN_POINT ( 'NONE',  ( 90.00000000000001421, -30.99999999999998934, -45.49747468305812248 ) ) ;
#9881 = DIRECTION ( 'NONE',  ( -0.7071067811865513475, -1.691909977029939647E-16, -0.7071067811865437980 ) ) ;
#9882 = CARTESIAN_POINT ( 'NONE',  ( 90.00000000000000000, -29.17706118376063529, -46.55984178742372848 ) ) ;
#9883 = DIRECTION ( 'NONE',  ( 0.000000000000000000, -1.000000000000000000, 0.000000000000000000 ) ) ;
#9884 = CIRCLE ( 'NONE', #2091, 0.5999999999999873213 ) ;
#9885 = DIRECTION ( 'NONE',  ( 0.7071067811865445751, 0.000000000000000000, -0.7071067811865504593 ) ) ;
#9886 = EDGE_LOOP ( 'NONE', ( #5729, #4726, #5536, #3878, #5459, #1043 ) ) ;
#9887 = ORIENTED_EDGE ( 'NONE', *, *, #8496, .F. ) ;
#9888 = CARTESIAN_POINT ( 'NONE',  ( 102.9983677492452756, -12.99460872837455305, -8.169940624499171022 ) ) ;
#9889 =( BOUNDED_SURFACE ( )  B_SPLINE_SURFACE ( 3, 2, ( 
 ( #612, #10226, #9582 ),
 ( #2902, #10331, #511 ),
 ( #4685, #3005, #3853 ),
 ( #560, #1464, #5325 ),
 ( #9481, #5475, #1414 ),
 ( #3107, #6281, #7079 ),
 ( #6237, #2310, #2952 ),
 ( #7024, #3056, #3759 ),
 ( #454, #3711, #9529 ),
 ( #2210, #8723, #5428 ) ),
 .UNSPECIFIED., .F., .F., .F. ) 
 B_SPLINE_SURFACE_WITH_KNOTS ( ( 4, 2, 2, 2, 4 ),
 ( 3, 3 ),
 ( 1.570796326794896558, 1.963495408493620697, 2.356194490192344837, 2.748893571891068976, 3.141592653589793116 ),
 ( 0.000000000000000000, 1.000000000000000000 ),
 .UNSPECIFIED. ) 
 GEOMETRIC_REPRESENTATION_ITEM ( )  RATIONAL_B_SPLINE_SURFACE ( (
 ( 1.000000000000000000, 0.7071067811865475727, 1.000000000000000000),
 ( 1.000000000000000000, 0.7398497524016627303, 1.000000000000000000),
 ( 1.000000000000000000, 0.7702345535782043617, 1.000000000000000000),
 ( 1.000000000000000000, 0.8238783972964206503, 1.000000000000000000),
 ( 1.000000000000000000, 0.8471316604251117877, 1.000000000000000000),
 ( 1.000000000000000000, 0.8849191471437678480, 1.000000000000000000),
 ( 1.000000000000000000, 0.8994581711981873839, 1.000000000000000000),
 ( 1.000000000000000000, 0.9189375406523393464, 1.000000000000000000),
 ( 1.000000000000000000, 0.9238886108757131677, 1.000000000000000000),
 ( 1.000000000000000000, 0.9238795325112875156, 1.000000000000000000) ) ) 
 REPRESENTATION_ITEM ( '' )  SURFACE ( )  );
#9890 = DIRECTION ( 'NONE',  ( -0.7071067811865403563, 0.000000000000000000, 0.7071067811865547892 ) ) ;
#9891 = EDGE_LOOP ( 'NONE', ( #8449, #4846, #3072, #616 ) ) ;
#9892 = CARTESIAN_POINT ( 'NONE',  ( 116.0259478866145741, 17.40000000000001990, -3.086750485593630522 ) ) ;
#9893 = LINE ( 'NONE', #276, #1766 ) ;
#9894 = LINE ( 'NONE', #4986, #1642 ) ;
#9895 = ORIENTED_EDGE ( 'NONE', *, *, #5080, .F. ) ;
#9896 = DIRECTION ( 'NONE',  ( -0.7071067811865489050, 0.000000000000000000, 0.7071067811865460184 ) ) ;
#9897 = DIRECTION ( 'NONE',  ( -0.7071067811865489050, 0.000000000000000000, 0.7071067811865460184 ) ) ;
#9898 = EDGE_CURVE ( 'NONE', #5285, #4880, #5184, .T. ) ;
#9899 = ORIENTED_EDGE ( 'NONE', *, *, #3050, .T. ) ;
#9900 = DIRECTION ( 'NONE',  ( -0.7071067811865512365, -1.691909977029939647E-16, -0.7071067811865437980 ) ) ;
#9901 = AXIS2_PLACEMENT_3D ( 'NONE', #9289, #1225, #8486 ) ;
#9902 = ORIENTED_EDGE ( 'NONE', *, *, #7632, .T. ) ;
#9903 = FACE_OUTER_BOUND ( 'NONE', #1707, .T. ) ;
#9904 = CARTESIAN_POINT ( 'NONE',  ( 99.89949493661166002, 10.60000000000000853, -5.919595949289369052 ) ) ;
#9905 = CARTESIAN_POINT ( 'NONE',  ( 99.08232761698130275, -8.169029702349044797, -5.102428629658994907 ) ) ;
#9906 = CARTESIAN_POINT ( 'NONE',  ( 56.30928850834812494, -25.53282984317180393, 2.000000000001266542 ) ) ;
#9907 = CIRCLE ( 'NONE', #4308, 0.1000000000000121070 ) ;
#9908 = ORIENTED_EDGE ( 'NONE', *, *, #2456, .T. ) ;
#9909 = CYLINDRICAL_SURFACE ( 'NONE', #8924, 1.000000000000000888 ) ;
#9910 = DIRECTION ( 'NONE',  ( -0.7071067811865512365, -2.775557561562891351E-16, -0.7071067811865437980 ) ) ;
#9911 = DIRECTION ( 'NONE',  ( -0.4094917643862762135, 0.8152502620665788013, 0.4094917643862803214 ) ) ;
#9912 = VERTEX_POINT ( 'NONE', #8483 ) ;
#9913 = CYLINDRICAL_SURFACE ( 'NONE', #3015, 0.1000000000000078049 ) ;
#9914 = DIRECTION ( 'NONE',  ( -0.7071067811865447972, 0.000000000000000000, 0.7071067811865501263 ) ) ;
#9915 = ORIENTED_EDGE ( 'NONE', *, *, #6207, .F. ) ;
#9916 = CARTESIAN_POINT ( 'NONE',  ( 103.9884503625455920, -11.53539626432507070, -10.00855137522334992 ) ) ;
#9917 = LINE ( 'NONE', #8907, #1125 ) ;
#9918 = CARTESIAN_POINT ( 'NONE',  ( 90.28840462579145765, 15.07573593128707401, -0.6132783599442154232 ) ) ;
#9919 = EDGE_LOOP ( 'NONE', ( #5259, #2907, #2805 ) ) ;
#9920 = ADVANCED_FACE ( 'NONE', ( #6887 ), #10144, .F. ) ;
#9921 = LINE ( 'NONE', #5869, #5193 ) ;
#9922 = CARTESIAN_POINT ( 'NONE',  ( 82.00000000000001421, 31.00000000000002132, 2.000000000000000000 ) ) ;
#9923 = CARTESIAN_POINT ( 'NONE',  ( 109.7556902681742343, -12.99999999999998579, 3.183507132846797205 ) ) ;
#9924 = ADVANCED_FACE ( 'NONE', ( #10445 ), #3723, .F. ) ;
#9925 = EDGE_CURVE ( 'NONE', #10304, #2730, #3498, .T. ) ;
#9926 = VECTOR ( 'NONE', #5414, 1000.000000000000000 ) ;
#9927 = ADVANCED_FACE ( 'NONE', ( #7197 ), #7781, .F. ) ;
#9928 = ORIENTED_EDGE ( 'NONE', *, *, #572, .F. ) ;
#9929 = CARTESIAN_POINT ( 'NONE',  ( 113.0044663364196964, -9.569500498558463519, -0.06526893539870667893 ) ) ;
#9930 = CARTESIAN_POINT ( 'NONE',  ( 87.85000000000002274, 33.58337520964456502, 0.000000000000000000 ) ) ;
#9931 = FACE_OUTER_BOUND ( 'NONE', #5236, .T. ) ;
#9932 = AXIS2_PLACEMENT_3D ( 'NONE', #8861, #9504, #5563 ) ;
#9933 = CARTESIAN_POINT ( 'NONE',  ( 90.00000000000002842, -36.99999999999998579, 2.000000000000000000 ) ) ;
#9934 = CARTESIAN_POINT ( 'NONE',  ( 90.00000000000001421, -30.81780873603541693, -48.08864654113766335 ) ) ;
#9935 = LINE ( 'NONE', #7484, #488 ) ;
#9936 = PLANE ( 'NONE',  #4347 ) ;
#9937 = VERTEX_POINT ( 'NONE', #5652 ) ;
#9938 = DIRECTION ( 'NONE',  ( 0.7071067811865439090, 0.000000000000000000, -0.7071067811865512365 ) ) ;
#9939 = EDGE_CURVE ( 'NONE', #8300, #1371, #1383, .T. ) ;
#9940 = CYLINDRICAL_SURFACE ( 'NONE', #5616, 0.3000000000000232481 ) ;
#9941 = ORIENTED_EDGE ( 'NONE', *, *, #3372, .T. ) ;
#9942 = AXIS2_PLACEMENT_3D ( 'NONE', #9291, #2025, #2923 ) ;
#9943 = CARTESIAN_POINT ( 'NONE',  ( 47.41421356237359674, 1.134490336022446682E-14, 47.41421356237309936 ) ) ;
#9944 = CARTESIAN_POINT ( 'NONE',  ( 103.3289628253663608, 23.00000000000001421, -18.82429470594386345 ) ) ;
#9945 = CARTESIAN_POINT ( 'NONE',  ( 90.74802403356278546, -18.50000000000092726, -1.717872514546202156 ) ) ;
#9946 = CIRCLE ( 'NONE', #5352, 7.999999999999992895 ) ;
#9947 = AXIS2_PLACEMENT_3D ( 'NONE', #7646, #3620, #5348 ) ;
#9948 = ORIENTED_EDGE ( 'NONE', *, *, #2268, .F. ) ;
#9949 = LINE ( 'NONE', #7553, #1161 ) ;
#9950 = VECTOR ( 'NONE', #7404, 1000.000000000000000 ) ;
#9951 = ORIENTED_EDGE ( 'NONE', *, *, #2123, .F. ) ;
#9952 = CARTESIAN_POINT ( 'NONE',  ( 99.69962553755331669, -13.49216445527318164, -4.871198412807184575 ) ) ;
#9953 = ORIENTED_EDGE ( 'NONE', *, *, #1406, .T. ) ;
#9954 = CARTESIAN_POINT ( 'NONE',  ( 118.2842712474617883, 24.00000000000002132, -24.87005768508894477 ) ) ;
#9955 =( GEOMETRIC_REPRESENTATION_CONTEXT ( 3 ) GLOBAL_UNCERTAINTY_ASSIGNED_CONTEXT ( ( #4045 ) ) GLOBAL_UNIT_ASSIGNED_CONTEXT ( ( #1344, #2978, #9400 ) ) REPRESENTATION_CONTEXT ( 'NONE', 'WORKASPACE' ) );
#9956 = LINE ( 'NONE', #3319, #1246 ) ;
#9957 = AXIS2_PLACEMENT_3D ( 'NONE', #2777, #598, #1399 ) ;
#9958 = EDGE_CURVE ( 'NONE', #2594, #4074, #4901, .T. ) ;
#9959 = CARTESIAN_POINT ( 'NONE',  ( 99.33641632324902560, -7.364929121212001384, -5.356517335926745282 ) ) ;
#9960 = CARTESIAN_POINT ( 'NONE',  ( 100.4061821080363899, -9.269595278418758966, -5.577754983290265756 ) ) ;
#9961 = VECTOR ( 'NONE', #8968, 1000.000000000000000 ) ;
#9962 = VECTOR ( 'NONE', #5989, 1000.000000000000000 ) ;
#9963 = VECTOR ( 'NONE', #771, 1000.000000000000000 ) ;
#9964 = DIRECTION ( 'NONE',  ( -0.7071067811865454633, 0.000000000000000000, 0.7071067811865495711 ) ) ;
#9965 = CARTESIAN_POINT ( 'NONE',  ( 103.3289628253663892, -22.99999999999998579, -18.82429470594387411 ) ) ;
#9966 = EDGE_LOOP ( 'NONE', ( #9402, #2202, #10228, #7074 ) ) ;
#9967 = CARTESIAN_POINT ( 'NONE',  ( 97.48453458489809975, -11.48560387551519035, -3.504635597575778139 ) ) ;
#9968 = VERTEX_POINT ( 'NONE', #843 ) ;
#9969 = VECTOR ( 'NONE', #6306, 1000.000000000000000 ) ;
#9970 = LINE ( 'NONE', #7628, #8262 ) ;
#9971 = ADVANCED_FACE ( 'NONE', ( #4856 ), #1689, .F. ) ;
#9972 = CARTESIAN_POINT ( 'NONE',  ( 103.5248171295703372, -9.569500498558465296, -9.544918142247967197 ) ) ;
#9973 = AXIS2_PLACEMENT_3D ( 'NONE', #2277, #2178, #9654 ) ;
#9974 = ORIENTED_EDGE ( 'NONE', *, *, #1046, .F. ) ;
#9975 = EDGE_CURVE ( 'NONE', #4070, #8195, #3327, .T. ) ;
#9976 = CARTESIAN_POINT ( 'NONE',  ( 104.8726793473831549, -13.02812432834024570, -10.89278036006095185 ) ) ;
#9977 = AXIS2_PLACEMENT_3D ( 'NONE', #2105, #7944, #1315 ) ;
#9978 = EDGE_LOOP ( 'NONE', ( #8737, #4425, #3378, #7453 ) ) ;
#9979 = CARTESIAN_POINT ( 'NONE',  ( 86.71751538079944055, -20.50000000000091305, 0.6155798633694075095 ) ) ;
#9980 = LINE ( 'NONE', #4185, #8399 ) ;
#9981 = AXIS2_PLACEMENT_3D ( 'NONE', #7667, #9151, #389 ) ;
#9982 = LINE ( 'NONE', #2808, #8099 ) ;
#9983 = CIRCLE ( 'NONE', #830, 5.000000000000004441 ) ;
#9984 = ADVANCED_FACE ( 'NONE', ( #8162 ), #6498, .T. ) ;
#9985 = ORIENTED_EDGE ( 'NONE', *, *, #1042, .T. ) ;
#9986 = CARTESIAN_POINT ( 'NONE',  ( 102.2896988409871852, -16.94059784720014505, -8.309799853664916469 ) ) ;
#9987 = ADVANCED_FACE ( 'NONE', ( #1003 ), #4122, .F. ) ;
#9988 = CARTESIAN_POINT ( 'NONE',  ( 97.35391052434009396, 15.00000000000000178, -3.374011537017780782 ) ) ;
#9989 = ORIENTED_EDGE ( 'NONE', *, *, #9009, .F. ) ;
#9990 = DIRECTION ( 'NONE',  ( -0.4999999999999978906, -0.7071067811865477948, 0.5000000000000017764 ) ) ;
#9991 = EDGE_CURVE ( 'NONE', #2646, #4600, #9605, .T. ) ;
#9992 = ADVANCED_FACE ( 'NONE', ( #2540 ), #1054, .F. ) ;
#9993 = CARTESIAN_POINT ( 'NONE',  ( 99.55585277962610746, 15.00000000000000178, -4.727425654879970018 ) ) ;
#9994 = DIRECTION ( 'NONE',  ( -0.000000000000000000, -0.000000000000000000, -1.000000000000000000 ) ) ;
#9995 = CARTESIAN_POINT ( 'NONE',  ( 99.89949493661166002, 15.45147186257616845, -5.919595949289384151 ) ) ;
#9996 = CARTESIAN_POINT ( 'NONE',  ( 102.0727830388864561, 9.999999999999740652, 37.18405095705277574 ) ) ;
#9997 = CARTESIAN_POINT ( 'NONE',  ( 103.0107647738324204, 23.40000000000001279, -9.030865786510190674 ) ) ;
#9998 = ORIENTED_EDGE ( 'NONE', *, *, #2918, .T. ) ;
#9999 = VERTEX_POINT ( 'NONE', #3274 ) ;
#10000 = LINE ( 'NONE', #6792, #10136 ) ;
#10001 = DIRECTION ( 'NONE',  ( 0.000000000000000000, 1.000000000000000000, 0.000000000000000000 ) ) ;
#10002 = VERTEX_POINT ( 'NONE', #3436 ) ;
#10003 = CARTESIAN_POINT ( 'NONE',  ( 100.0237590053236119, 16.17573593128808795, -5.195331880577461092 ) ) ;
#10004 = CARTESIAN_POINT ( 'NONE',  ( 103.0611838965949403, -9.689317062940421721, -9.081284909272707040 ) ) ;
#10005 = ORIENTED_EDGE ( 'NONE', *, *, #4090, .T. ) ;
#10006 = CARTESIAN_POINT ( 'NONE',  ( 91.66726284910514266, 21.49999999999898392, -1.081476411478250466 ) ) ;
#10007 = EDGE_CURVE ( 'NONE', #10353, #7377, #1734, .T. ) ;
#10008 = ORIENTED_EDGE ( 'NONE', *, *, #7989, .T. ) ;
#10009 = LINE ( 'NONE', #5785, #8392 ) ;
#10010 = ORIENTED_EDGE ( 'NONE', *, *, #10031, .T. ) ;
#10011 = CARTESIAN_POINT ( 'NONE',  ( 99.51771241656759059, -18.12918257376988507, -4.689285291821443380 ) ) ;
#10012 = ORIENTED_EDGE ( 'NONE', *, *, #5660, .F. ) ;
#10013 = DIRECTION ( 'NONE',  ( 0.7071067811865403563, 0.000000000000000000, -0.7071067811865547892 ) ) ;
#10014 = PLANE ( 'NONE',  #3616 ) ;
#10015 = CARTESIAN_POINT ( 'NONE',  ( 99.97808638022061700, -9.347736466289841673, -5.998187392898355341 ) ) ;
#10016 = CARTESIAN_POINT ( 'NONE',  ( 56.05887450306780551, -24.76309943649509648, 1.999999999998611777 ) ) ;
#10017 = DIRECTION ( 'NONE',  ( -0.7071067811865512365, -1.691909977029938907E-16, -0.7071067811865437980 ) ) ;
#10018 = CARTESIAN_POINT ( 'NONE',  ( 75.96949230676422360, -8.137644466075168311E-13, 16.03050769323596114 ) ) ;
#10019 = ORIENTED_EDGE ( 'NONE', *, *, #9869, .F. ) ;
#10020 = CARTESIAN_POINT ( 'NONE',  ( 97.36221148036457862, -11.65289927239653522, -3.382312493042217927 ) ) ;
#10021 = EDGE_LOOP ( 'NONE', ( #6146, #7527, #8945, #9777 ) ) ;
#10022 = DIRECTION ( 'NONE',  ( -0.7071067811865522357, -6.106226635438359986E-16, -0.7071067811865427988 ) ) ;
#10023 = CARTESIAN_POINT ( 'NONE',  ( 99.47523086789973945, 15.75147186257615850, -5.495331880577450256 ) ) ;
#10024 = ORIENTED_EDGE ( 'NONE', *, *, #2394, .T. ) ;
#10025 = DIRECTION ( 'NONE',  ( -5.578232639531829436E-15, 1.000000000000000000, 5.338960435948876808E-15 ) ) ;
#10026 = CARTESIAN_POINT ( 'NONE',  ( 132.7193000900063851, 13.00000000000001954, 6.535533905932513044 ) ) ;
#10027 = ORIENTED_EDGE ( 'NONE', *, *, #7905, .F. ) ;
#10028 = CARTESIAN_POINT ( 'NONE',  ( 105.1066208548628538, -16.36005977435968362, -11.12672186754067738 ) ) ;
#10029 = CARTESIAN_POINT ( 'NONE',  ( 103.5248171295702804, -9.569500498558465296, -9.544918142248025816 ) ) ;
#10030 = CARTESIAN_POINT ( 'NONE',  ( 97.77817459305201453, 7.600000000000007638, -3.798275605729713345 ) ) ;
#10031 = EDGE_CURVE ( 'NONE', #7668, #4640, #5752, .T. ) ;
#10032 = ORIENTED_EDGE ( 'NONE', *, *, #4336, .T. ) ;
#10033 = LINE ( 'NONE', #5979, #6160 ) ;
#10034 = LINE ( 'NONE', #5980, #7559 ) ;
#10035 = CIRCLE ( 'NONE', #2924, 2.499999999999988454 ) ;
#10036 = PLANE ( 'NONE',  #4866 ) ;
#10037 = DIRECTION ( 'NONE',  ( -0.7071067811865513475, -1.691909977029939647E-16, -0.7071067811865437980 ) ) ;
#10038 = DIRECTION ( 'NONE',  ( -0.7071067811865450192, 0.000000000000000000, 0.7071067811865500152 ) ) ;
#10039 = FACE_OUTER_BOUND ( 'NONE', #3122, .T. ) ;
#10040 = CARTESIAN_POINT ( 'NONE',  ( 103.2228968081883806, 22.67573593128807374, -8.394469683442286723 ) ) ;
#10041 = CARTESIAN_POINT ( 'NONE',  ( 102.0727830388864561, 9.999999999999740652, 37.18405095705277574 ) ) ;
#10042 = VERTEX_POINT ( 'NONE', #2480 ) ;
#10043 = EDGE_LOOP ( 'NONE', ( #1426, #2481 ) ) ;
#10044 = DIRECTION ( 'NONE',  ( 7.891197274167555925E-15, -1.000000000000000000, -7.651925070584632485E-15 ) ) ;
#10045 = VECTOR ( 'NONE', #7469, 1000.000000000000000 ) ;
#10046 = DIRECTION ( 'NONE',  ( 0.000000000000000000, -0.1806084835755669693, 0.9835550699683949238 ) ) ;
#10047 = ORIENTED_EDGE ( 'NONE', *, *, #5884, .F. ) ;
#10048 = CARTESIAN_POINT ( 'NONE',  ( 108.9548800747491555, 15.75147186257616205, 3.984317326271868076 ) ) ;
#10049 = LINE ( 'NONE', #4466, #4969 ) ;
#10050 = ORIENTED_EDGE ( 'NONE', *, *, #7751, .T. ) ;
#10051 = PLANE ( 'NONE',  #9957 ) ;
#10052 = VECTOR ( 'NONE', #8242, 1000.000000000000000 ) ;
#10053 = VERTEX_POINT ( 'NONE', #4277 ) ;
#10054 = CARTESIAN_POINT ( 'NONE',  ( 100.3237590053235806, 15.75147186257615850, -5.495331880577446704 ) ) ;
#10055 = LINE ( 'NONE', #1143, #3707 ) ;
#10056 = EDGE_CURVE ( 'NONE', #5966, #5755, #9109, .T. ) ;
#10057 = VERTEX_POINT ( 'NONE', #6709 ) ;
#10058 = DIRECTION ( 'NONE',  ( 0.000000000000000000, -0.5773502691896441608, -0.8164965809277129338 ) ) ;
#10059 = ORIENTED_EDGE ( 'NONE', *, *, #9867, .T. ) ;
#10060 = DIRECTION ( 'NONE',  ( 0.7071067811865513475, 0.000000000000000000, 0.7071067811865437980 ) ) ;
#10061 = EDGE_CURVE ( 'NONE', #1451, #3593, #5699, .T. ) ;
#10062 = AXIS2_PLACEMENT_3D ( 'NONE', #3405, #8077, #9717 ) ;
#10063 = EDGE_CURVE ( 'NONE', #9152, #7765, #9435, .T. ) ;
#10064 = EDGE_CURVE ( 'NONE', #6085, #2646, #9859, .T. ) ;
#10065 = CARTESIAN_POINT ( 'NONE',  ( 97.53772805943587798, -16.99759392308838812, -3.557829072113547042 ) ) ;
#10066 = CARTESIAN_POINT ( 'NONE',  ( 100.0942876850349563, -6.678831586705896051, -6.114388697712630716 ) ) ;
#10067 =( GEOMETRIC_REPRESENTATION_CONTEXT ( 3 ) GLOBAL_UNCERTAINTY_ASSIGNED_CONTEXT ( ( #10345 ) ) GLOBAL_UNIT_ASSIGNED_CONTEXT ( ( #4909, #896, #27 ) ) REPRESENTATION_CONTEXT ( 'NONE', 'WORKASPACE' ) );
#10068 = DIRECTION ( 'NONE',  ( -0.7071067811865439090, 0.000000000000000000, 0.7071067811865512365 ) ) ;
#10069 = FACE_OUTER_BOUND ( 'NONE', #2954, .T. ) ;
#10070 = VERTEX_POINT ( 'NONE', #7512 ) ;
#10071 = LINE ( 'NONE', #6819, #2844 ) ;
#10072 = ORIENTED_EDGE ( 'NONE', *, *, #247, .T. ) ;
#10073 = CARTESIAN_POINT ( 'NONE',  ( 91.17157287525381548, -28.99999999999999289, -50.46803743153520827 ) ) ;
#10074 = CARTESIAN_POINT ( 'NONE',  ( 102.8808910958307195, -15.10532799608344590, -8.052463971084646843 ) ) ;
#10075 = ORIENTED_EDGE ( 'NONE', *, *, #6339, .T. ) ;
#10076 = VECTOR ( 'NONE', #8328, 1000.000000000000000 ) ;
#10077 = LINE ( 'NONE', #4622, #9565 ) ;
#10078 = DIRECTION ( 'NONE',  ( -7.361555726364223740E-16, -1.000000000000000000, 9.754277762194406743E-16 ) ) ;
#10079 = VERTEX_POINT ( 'NONE', #239 ) ;
#10080 = CARTESIAN_POINT ( 'NONE',  ( 103.8803217741523497, -17.39975506580979214, -9.900422786830127109 ) ) ;
#10081 = LINE ( 'NONE', #10029, #1295 ) ;
#10082 = CARTESIAN_POINT ( 'NONE',  ( 115.4558441227156180, -27.99999999999998224, -22.04163056034273893 ) ) ;
#10083 = AXIS2_PLACEMENT_3D ( 'NONE', #8704, #1553, #2356 ) ;
#10084 = VERTEX_POINT ( 'NONE', #9965 ) ;
#10085 = DIRECTION ( 'NONE',  ( 0.7071067811865513475, 1.691909977029939400E-16, 0.7071067811865436870 ) ) ;
#10086 = CARTESIAN_POINT ( 'NONE',  ( 105.4588545881046144, -17.27644674173570039, -10.63042746335854360 ) ) ;
#10087 = ADVANCED_FACE ( 'NONE', ( #8321 ), #7409, .F. ) ;
#10088 = CARTESIAN_POINT ( 'NONE',  ( 101.7015764646287721, 17.40000000000001634, -6.873149339882658637 ) ) ;
#10089 = CARTESIAN_POINT ( 'NONE',  ( 86.71751538079944055, -20.50000000000091305, 0.6155798633694075095 ) ) ;
#10090 = FACE_OUTER_BOUND ( 'NONE', #63, .T. ) ;
#10091 = CARTESIAN_POINT ( 'NONE',  ( 102.9232135845906271, -6.529609367200701620, -8.094786459844517168 ) ) ;
#10092 = DIRECTION ( 'NONE',  ( -0.7071067811865513475, -1.691909977029939647E-16, -0.7071067811865437980 ) ) ;
#10093 = DIRECTION ( 'NONE',  ( 0.7071067811865520136, -8.881784197001254296E-16, 0.7071067811865431318 ) ) ;
#10094 = AXIS2_PLACEMENT_3D ( 'NONE', #7872, #1250, #1355 ) ;
#10095 = ORIENTED_EDGE ( 'NONE', *, *, #9797, .T. ) ;
#10096 = ORIENTED_EDGE ( 'NONE', *, *, #7162, .T. ) ;
#10097 = CARTESIAN_POINT ( 'NONE',  ( 105.6563282084945570, -12.80427915708982844, -10.82790108374850924 ) ) ;
#10098 = CARTESIAN_POINT ( 'NONE',  ( 104.3542676580868829, 8.199999999999993960, -9.525840533340788951 ) ) ;
#10099 = EDGE_CURVE ( 'NONE', #8868, #5336, #10452, .T. ) ;
#10100 = ORIENTED_EDGE ( 'NONE', *, *, #4718, .F. ) ;
#10101 = FACE_OUTER_BOUND ( 'NONE', #1097, .T. ) ;
#10102 = LINE ( 'NONE', #8456, #4627 ) ;
#10103 = AXIS2_PLACEMENT_3D ( 'NONE', #10351, #6417, #9662 ) ;
#10104 = FACE_OUTER_BOUND ( 'NONE', #9414, .T. ) ;
#10105 = VERTEX_POINT ( 'NONE', #3760 ) ;
#10106 = VERTEX_POINT ( 'NONE', #1209 ) ;
#10107 = LINE ( 'NONE', #6165, #1114 ) ;
#10108 = ORIENTED_EDGE ( 'NONE', *, *, #10195, .F. ) ;
#10109 = LINE ( 'NONE', #1882, #9301 ) ;
#10110 = VERTEX_POINT ( 'NONE', #4539 ) ;
#10111 = AXIS2_PLACEMENT_3D ( 'NONE', #862, #5770, #4093 ) ;
#10112 = DIRECTION ( 'NONE',  ( 0.7071067811865513475, 1.691909977029939893E-16, 0.7071067811865436870 ) ) ;
#10113 = CARTESIAN_POINT ( 'NONE',  ( 98.39976287653229292, -17.70433872755713978, -3.571335751786253176 ) ) ;
#10114 = VECTOR ( 'NONE', #5931, 1000.000000000000000 ) ;
#10115 = EDGE_CURVE ( 'NONE', #2467, #6098, #5853, .T. ) ;
#10116 = AXIS2_PLACEMENT_3D ( 'NONE', #181, #7292, #3269 ) ;
#10117 = ORIENTED_EDGE ( 'NONE', *, *, #10056, .T. ) ;
#10118 = CARTESIAN_POINT ( 'NONE',  ( 104.4127144312575126, -9.460148610354735865, -9.584287306511438231 ) ) ;
#10119 = CARTESIAN_POINT ( 'NONE',  ( 97.24693853961012735, -16.22896909760546791, -3.267039552287820392 ) ) ;
#10120 = EDGE_CURVE ( 'NONE', #4947, #7558, #4431, .T. ) ;
#10121 = DIRECTION ( 'NONE',  ( 0.7071067811865513475, 1.691909977029939154E-16, 0.7071067811865435759 ) ) ;
#10122 = EDGE_CURVE ( 'NONE', #1579, #7708, #6190, .T. ) ;
#10123 = EDGE_CURVE ( 'NONE', #1354, #874, #10366, .T. ) ;
#10124 = CYLINDRICAL_SURFACE ( 'NONE', #645, 1.949958776210912736 ) ;
#10125 = CARTESIAN_POINT ( 'NONE',  ( 97.53772805943586377, -16.99759392308838812, -3.557829072113556812 ) ) ;
#10126 = VERTEX_POINT ( 'NONE', #512 ) ;
#10127 = DIRECTION ( 'NONE',  ( 0.7071067811865512365, 1.691909977029938907E-16, 0.7071067811865437980 ) ) ;
#10128 = CIRCLE ( 'NONE', #6712, 0.1000000000000062783 ) ;
#10129 = ORIENTED_EDGE ( 'NONE', *, *, #7989, .F. ) ;
#10130 = CLOSED_SHELL ( 'NONE', ( #5745, #1594, #5120, #2761 ) ) ;
#10131 = FACE_OUTER_BOUND ( 'NONE', #51, .T. ) ;
#10132 = AXIS2_PLACEMENT_3D ( 'NONE', #7828, #9522, #4480 ) ;
#10133 = CARTESIAN_POINT ( 'NONE',  ( 91.17228810227459235, 3.999999999999830802, 0.8277118977254096510 ) ) ;
#10134 = AXIS2_PLACEMENT_3D ( 'NONE', #1331, #4703, #8638 ) ;
#10135 = ORIENTED_EDGE ( 'NONE', *, *, #363, .F. ) ;
#10136 = VECTOR ( 'NONE', #5939, 1000.000000000000000 ) ;
#10137 = CARTESIAN_POINT ( 'NONE',  ( 105.6859777763229715, -14.59124098754031884, -11.70607878900075605 ) ) ;
#10138 = AXIS2_PLACEMENT_3D ( 'NONE', #6331, #7180, #7335 ) ;
#10139 = VERTEX_POINT ( 'NONE', #6971 ) ;
#10140 = ORIENTED_EDGE ( 'NONE', *, *, #7487, .T. ) ;
#10141 = AXIS2_PLACEMENT_3D ( 'NONE', #368, #6147, #4405 ) ;
#10142 = EDGE_CURVE ( 'NONE', #1486, #7350, #2106, .T. ) ;
#10143 = CARTESIAN_POINT ( 'NONE',  ( 102.9713117230515991, -7.511631173923678517, -8.142884598305480282 ) ) ;
#10144 = CYLINDRICAL_SURFACE ( 'NONE', #8068, 0.6000000000000057510 ) ;
#10145 = DIRECTION ( 'NONE',  ( 0.000000000000000000, 1.000000000000000000, -0.000000000000000000 ) ) ;
#10146 = CIRCLE ( 'NONE', #2179, 1.000000000000000000 ) ;
#10147 = AXIS2_PLACEMENT_3D ( 'NONE', #2346, #956, #152 ) ;
#10148 = ORIENTED_EDGE ( 'NONE', *, *, #422, .T. ) ;
#10149 = FACE_OUTER_BOUND ( 'NONE', #95, .T. ) ;
#10150 = CARTESIAN_POINT ( 'NONE',  ( -3.521498605807194870, -23.99999999999999645, -57.58037310885214310 ) ) ;
#10151 = VERTEX_POINT ( 'NONE', #7790 ) ;
#10152 = VECTOR ( 'NONE', #3096, 1000.000000000000000 ) ;
#10153 = FACE_OUTER_BOUND ( 'NONE', #5260, .T. ) ;
#10154 = CYLINDRICAL_SURFACE ( 'NONE', #8748, 0.9999999999999964473 ) ;
#10155 = DIRECTION ( 'NONE',  ( -0.7071067811865500152, 0.000000000000000000, -0.7071067811865450192 ) ) ;
#10156 = DIRECTION ( 'NONE',  ( 0.000000000000000000, 0.000000000000000000, -1.000000000000000000 ) ) ;
#10157 = CARTESIAN_POINT ( 'NONE',  ( 106.7452353037340771, -10.91229507811548771, 6.193962097286971336 ) ) ;
#10158 = DIRECTION ( 'NONE',  ( -0.7071067811865444641, 0.000000000000000000, 0.7071067811865506814 ) ) ;
#10159 = CARTESIAN_POINT ( 'NONE',  ( 103.2228968081883949, 22.67573593128805243, -9.242997820866149183 ) ) ;
#10160 = ORIENTED_EDGE ( 'NONE', *, *, #1085, .T. ) ;
#10161 = CARTESIAN_POINT ( 'NONE',  ( 105.3571961674177118, -17.16669888734009675, -11.37729718009550872 ) ) ;
#10162 = AXIS2_PLACEMENT_3D ( 'NONE', #3948, #4149, #10417 ) ;
#10163 = DIRECTION ( 'NONE',  ( -0.7071067811865512365, -1.691909977029938907E-16, -0.7071067811865437980 ) ) ;
#10164 = ORIENTED_EDGE ( 'NONE', *, *, #9991, .F. ) ;
#10165 = CARTESIAN_POINT ( 'NONE',  ( 89.00000000000001421, -30.99999999999997868, 1.000000000000000000 ) ) ;
#10166 = AXIS2_PLACEMENT_3D ( 'NONE', #2661, #9079, #6684 ) ;
#10167 = CARTESIAN_POINT ( 'NONE',  ( 106.1220346110532375, 18.00000000000001066, -12.14213562373102384 ) ) ;
#10168 = CARTESIAN_POINT ( 'NONE',  ( 105.0590488343636366, -17.25567309060931720, -11.07914984704127370 ) ) ;
#10169 = EDGE_LOOP ( 'NONE', ( #5127, #1788, #1116, #7887 ) ) ;
#10170 = CARTESIAN_POINT ( 'NONE',  ( 99.89949493661166002, 10.00000000000001243, -5.919595949289384151 ) ) ;
#10171 = EDGE_CURVE ( 'NONE', #7575, #9594, #8583, .T. ) ;
#10172 = ORIENTED_EDGE ( 'NONE', *, *, #1987, .T. ) ;
#10173 = DIRECTION ( 'NONE',  ( -0.7071067811865426878, 0.000000000000000000, 0.7071067811865524577 ) ) ;
#10174 = EDGE_CURVE ( 'NONE', #6117, #10042, #9159, .T. ) ;
#10175 = DIRECTION ( 'NONE',  ( -0.7071067811865514585, -2.775557561562890858E-16, -0.7071067811865437980 ) ) ;
#10176 = LINE ( 'NONE', #5266, #6479 ) ;
#10177 = DIRECTION ( 'NONE',  ( 1.140061675895497865E-15, -1.000000000000000000, -9.007894723124994836E-16 ) ) ;
#10178 = CARTESIAN_POINT ( 'NONE',  ( 97.34391047762389348, -13.76848311988282703, -3.364011490301579421 ) ) ;
#10179 = CARTESIAN_POINT ( 'NONE',  ( 105.3571961674177118, -17.16669888734009675, -11.37729718009550872 ) ) ;
#10180 = CARTESIAN_POINT ( 'NONE',  ( 102.8607647738324431, 23.61213203435598373, -8.880865786510184989 ) ) ;
#10181 = DIRECTION ( 'NONE',  ( -0.7071067811865513475, -1.691909977029939893E-16, -0.7071067811865437980 ) ) ;
#10182 = ORIENTED_EDGE ( 'NONE', *, *, #1192, .T. ) ;
#10183 = CARTESIAN_POINT ( 'NONE',  ( 101.2773123959168373, 15.55147186257616809, -7.297413408594585427 ) ) ;
#10184 = VERTEX_POINT ( 'NONE', #301 ) ;
#10185 = DIRECTION ( 'NONE',  ( 0.7071067811865426878, 0.000000000000000000, -0.7071067811865524577 ) ) ;
#10186 = CARTESIAN_POINT ( 'NONE',  ( 103.3952287478682877, -13.26522203829090607, -9.415329760546056193 ) ) ;
#10187 = ORIENTED_EDGE ( 'NONE', *, *, #9666, .T. ) ;
#10188 = EDGE_CURVE ( 'NONE', #2913, #9533, #6766, .T. ) ;
#10189 = DIRECTION ( 'NONE',  ( -0.7071067811865514585, -2.775557561562890858E-16, -0.7071067811865437980 ) ) ;
#10190 = ORIENTED_EDGE ( 'NONE', *, *, #852, .T. ) ;
#10191 = EDGE_LOOP ( 'NONE', ( #10412, #7840, #1529, #9373 ) ) ;
#10192 = CARTESIAN_POINT ( 'NONE',  ( 90.15493343562341977, -27.99999999999997868, 4.673493689122830475 ) ) ;
#10193 = CARTESIAN_POINT ( 'NONE',  ( 97.77817459305201453, 15.00000000000000178, -3.798275605729727555 ) ) ;
#10194 = CARTESIAN_POINT ( 'NONE',  ( 41.73333539013160731, 29.00000000000000355, -102.8352071047914080 ) ) ;
#10195 = EDGE_CURVE ( 'NONE', #7350, #4449, #1942, .T. ) ;
#10196 = VERTEX_POINT ( 'NONE', #7624 ) ;
#10197 = EDGE_CURVE ( 'NONE', #5650, #6075, #9946, .T. ) ;
#10198 = ADVANCED_FACE ( 'NONE', ( #10069 ), #2793, .F. ) ;
#10199 = EDGE_CURVE ( 'NONE', #5257, #4594, #3108, .T. ) ;
#10200 = FACE_OUTER_BOUND ( 'NONE', #2641, .T. ) ;
#10201 = ORIENTED_EDGE ( 'NONE', *, *, #3773, .F. ) ;
#10202 = DIRECTION ( 'NONE',  ( 0.7071067811865522357, 6.106226635438359986E-16, 0.7071067811865427988 ) ) ;
#10203 = CARTESIAN_POINT ( 'NONE',  ( 87.00000000000002842, 28.53337520964456431, 0.000000000000000000 ) ) ;
#10204 = CARTESIAN_POINT ( 'NONE',  ( 106.5462986797651723, 10.60000000000001208, -12.56639969244296218 ) ) ;
#10205 = CARTESIAN_POINT ( 'NONE',  ( 104.4127144312575126, -11.53539626432507070, -9.584287306511424021 ) ) ;
#10206 = FACE_OUTER_BOUND ( 'NONE', #357, .T. ) ;
#10207 = DIRECTION ( 'NONE',  ( -0.7071067811865561215, 0.000000000000000000, 0.7071067811865388020 ) ) ;
#10208 = EDGE_LOOP ( 'NONE', ( #4662, #4589, #406, #2423 ) ) ;
#10209 = CYLINDRICAL_SURFACE ( 'NONE', #1590, 0.6000000000000038636 ) ;
#10210 = CARTESIAN_POINT ( 'NONE',  ( 91.81486095762184618, -28.99999999999998224, 1.666071778715598084 ) ) ;
#10211 = ORIENTED_EDGE ( 'NONE', *, *, #9512, .T. ) ;
#10212 = FACE_OUTER_BOUND ( 'NONE', #6319, .T. ) ;
#10213 = EDGE_LOOP ( 'NONE', ( #7842, #5875, #114, #7260 ) ) ;
#10214 = DIRECTION ( 'NONE',  ( -0.7071067811865436870, -3.271025955591198950E-15, 0.7071067811865513475 ) ) ;
#10215 = VECTOR ( 'NONE', #1663, 999.9999999999998863 ) ;
#10216 = ORIENTED_EDGE ( 'NONE', *, *, #2862, .T. ) ;
#10217 = CARTESIAN_POINT ( 'NONE',  ( 100.2440606532845635, -13.13575954536769252, -5.415633528538433161 ) ) ;
#10218 = ORIENTED_EDGE ( 'NONE', *, *, #3775, .F. ) ;
#10219 = CARTESIAN_POINT ( 'NONE',  ( 98.23495689301985578, -12.37008508985941546, -4.255057905697544385 ) ) ;
#10220 = DIRECTION ( 'NONE',  ( -4.205390244792260029E-15, 1.000000000000000000, 2.102695122396130015E-15 ) ) ;
#10221 = AXIS2_PLACEMENT_3D ( 'NONE', #8188, #922, #821 ) ;
#10222 = CARTESIAN_POINT ( 'NONE',  ( 91.20404007055957152, 28.05773591422616775, 3.624387054186648083 ) ) ;
#10223 = EDGE_CURVE ( 'NONE', #5927, #675, #8975, .T. ) ;
#10224 = CARTESIAN_POINT ( 'NONE',  ( 99.62300984419505312, -13.22587986191564724, -5.643110856872686654 ) ) ;
#10225 = DIRECTION ( 'NONE',  ( -0.7071067811865439090, 0.000000000000000000, 0.7071067811865512365 ) ) ;
#10226 = CARTESIAN_POINT ( 'NONE',  ( 65.12994231491110497, 29.00000000000001776, 1.999999999999996447 ) ) ;
#10227 = DIRECTION ( 'NONE',  ( 0.7071067811865507924, -6.661338147750937270E-16, 0.7071067811865443531 ) ) ;
#10228 = ORIENTED_EDGE ( 'NONE', *, *, #3298, .F. ) ;
#10229 = CARTESIAN_POINT ( 'NONE',  ( 97.02293765401140035, -15.11136301436272156, -3.043038666689097838 ) ) ;
#10230 = CIRCLE ( 'NONE', #4939, 1.000000000000000888 ) ;
#10231 = ORIENTED_EDGE ( 'NONE', *, *, #7432, .T. ) ;
#10232 = CARTESIAN_POINT ( 'NONE',  ( 75.26238552557721562, 21.49999999999887379, 12.49497378730366215 ) ) ;
#10233 = CARTESIAN_POINT ( 'NONE',  ( 101.9661569264804086, -14.61673633523885485, -7.986257939158164731 ) ) ;
#10234 = VERTEX_POINT ( 'NONE', #4631 ) ;
#10235 = CARTESIAN_POINT ( 'NONE',  ( 104.0007142674936063, 8.200000000000004619, -10.02081528017137479 ) ) ;
#10236 = VECTOR ( 'NONE', #7160, 1000.000000000000000 ) ;
#10237 = ORIENTED_EDGE ( 'NONE', *, *, #44, .T. ) ;
#10238 = EDGE_LOOP ( 'NONE', ( #5477, #1818, #9467, #2434 ) ) ;
#10239 = DIRECTION ( 'NONE',  ( 9.376883653928788436E-17, -1.000000000000000000, 9.376883653928691061E-17 ) ) ;
#10240 = DIRECTION ( 'NONE',  ( 0.000000000000000000, 2.590264123990841754E-16, 1.000000000000000000 ) ) ;
#10241 = CARTESIAN_POINT ( 'NONE',  ( 103.1607647738324545, 23.61213203435596242, -9.180865786510207016 ) ) ;
#10242 = VERTEX_POINT ( 'NONE', #4583 ) ;
#10243 = DIRECTION ( 'NONE',  ( 0.7071067811865512365, 1.691909977029939647E-16, 0.7071067811865437980 ) ) ;
#10244 = EDGE_LOOP ( 'NONE', ( #2313, #1247, #3210, #8637 ) ) ;
#10245 = DIRECTION ( 'NONE',  ( 0.7071067811865513475, 1.691909977029939154E-16, 0.7071067811865435759 ) ) ;
#10246 = AXIS2_PLACEMENT_3D ( 'NONE', #4002, #4733, #8784 ) ;
#10247 = CYLINDRICAL_SURFACE ( 'NONE', #2669, 0.9999999999999964473 ) ;
#10248 = CARTESIAN_POINT ( 'NONE',  ( 103.2228968081883664, 19.40000000000001279, -8.394469683442263630 ) ) ;
#10249 = ADVANCED_FACE ( 'NONE', ( #8668 ), #9530, .F. ) ;
#10250 = LINE ( 'NONE', #3785, #1693 ) ;
#10251 = LINE ( 'NONE', #2878, #805 ) ;
#10252 = EDGE_CURVE ( 'NONE', #4924, #10519, #10128, .T. ) ;
#10253 = DIRECTION ( 'NONE',  ( 0.7071067811865513475, 1.691909977029939893E-16, 0.7071067811865437980 ) ) ;
#10254 = ORIENTED_EDGE ( 'NONE', *, *, #1305, .F. ) ;
#10255 = DIRECTION ( 'NONE',  ( 0.7071067811865512365, 1.691909977029938907E-16, 0.7071067811865437980 ) ) ;
#10256 = CARTESIAN_POINT ( 'NONE',  ( 97.84888527117068691, 8.200000000000004619, -3.868986283848387497 ) ) ;
#10257 = ORIENTED_EDGE ( 'NONE', *, *, #9812, .F. ) ;
#10258 = CARTESIAN_POINT ( 'NONE',  ( 97.77817459305201453, 8.200000000000002842, -3.798275605729727555 ) ) ;
#10259 = AXIS2_PLACEMENT_3D ( 'NONE', #9516, #2833, #6060 ) ;
#10260 = VERTEX_POINT ( 'NONE', #4686 ) ;
#10261 = CARTESIAN_POINT ( 'NONE',  ( 56.88730162779175714, -26.99999999999998579, 0.000000000000000000 ) ) ;
#10262 = ADVANCED_FACE ( 'NONE', ( #613 ), #9775, .F. ) ;
#10263 = ORIENTED_EDGE ( 'NONE', *, *, #772, .T. ) ;
#10264 = CARTESIAN_POINT ( 'NONE',  ( 44.51507575950883222, -20.50000000000127898, 44.51507575950818563 ) ) ;
#10265 = CARTESIAN_POINT ( 'NONE',  ( 74.41385738815340289, 15.49999999999886313, 13.34350192472748553 ) ) ;
#10266 = AXIS2_PLACEMENT_3D ( 'NONE', #1118, #1906, #5870 ) ;
#10267 = DIRECTION ( 'NONE',  ( -1.000000000000000000, -9.376883653928788436E-17, 8.792594705931597087E-33 ) ) ;
#10268 =( NAMED_UNIT ( * ) SI_UNIT ( $, .STERADIAN. ) SOLID_ANGLE_UNIT ( ) );
#10269 = CARTESIAN_POINT ( 'NONE',  ( 89.44782665443682390, 29.00000000000002132, 3.966386907936318540 ) ) ;
#10270 = CARTESIAN_POINT ( 'NONE',  ( 97.33649350883703733, -16.48933885339180705, -3.356594521514688179 ) ) ;
#10271 = CARTESIAN_POINT ( 'NONE',  ( 88.00000000000001421, 27.00000000000001421, -53.74011537017730689 ) ) ;
#10272 = AXIS2_PLACEMENT_3D ( 'NONE', #3282, #2431, #81 ) ;
#10273 = PLANE ( 'NONE',  #9977 ) ;
#10274 = CARTESIAN_POINT ( 'NONE',  ( 90.74802403356268599, 3.028612270138565591E-13, -1.717872514546184393 ) ) ;
#10275 = ORIENTED_EDGE ( 'NONE', *, *, #5133, .F. ) ;
#10276 = ORIENTED_EDGE ( 'NONE', *, *, #8487, .T. ) ;
#10277 = DIRECTION ( 'NONE',  ( -0.7071067811865439090, 0.000000000000000000, 0.7071067811865512365 ) ) ;
#10278 = CARTESIAN_POINT ( 'NONE',  ( 106.0637859353191885, -13.84948761128133121, -11.23535881057314434 ) ) ;
#10279 = VERTEX_POINT ( 'NONE', #2509 ) ;
#10280 = AXIS2_PLACEMENT_3D ( 'NONE', #10235, #3864, #9592 ) ;
#10281 = CARTESIAN_POINT ( 'NONE',  ( 91.20404007055886098, 28.05773591421548119, 3.624387054187336421 ) ) ;
#10282 = ORIENTED_EDGE ( 'NONE', *, *, #8944, .T. ) ;
#10283 = ORIENTED_EDGE ( 'NONE', *, *, #3187, .F. ) ;
#10284 = CIRCLE ( 'NONE', #1140, 1.949958776210932276 ) ;
#10285 = CARTESIAN_POINT ( 'NONE',  ( 102.2368098133778318, -15.05101405126388059, -8.256910826055658958 ) ) ;
#10286 = CARTESIAN_POINT ( 'NONE',  ( 101.5004445032125915, -5.903187733375055757, -7.520545515890335153 ) ) ;
#10287 = ADVANCED_FACE ( 'NONE', ( #5728 ), #7128, .T. ) ;
#10288 = VECTOR ( 'NONE', #8192, 1000.000000000000000 ) ;
#10289 = EDGE_CURVE ( 'NONE', #6264, #1249, #3006, .T. ) ;
#10290 = ORIENTED_EDGE ( 'NONE', *, *, #5819, .T. ) ;
#10291 = CARTESIAN_POINT ( 'NONE',  ( 91.45513081474932449, -14.00000000000016520, -2.424979295732779150 ) ) ;
#10292 = AXIS2_PLACEMENT_3D ( 'NONE', #8750, #1491, #6566 ) ;
#10293 = ORIENTED_EDGE ( 'NONE', *, *, #9144, .F. ) ;
#10294 = AXIS2_PLACEMENT_3D ( 'NONE', #3343, #8071, #7424 ) ;
#10295 = DIRECTION ( 'NONE',  ( -0.7071067811865439090, 0.000000000000000000, 0.7071067811865512365 ) ) ;
#10296 = CARTESIAN_POINT ( 'NONE',  ( 103.9728968081883664, 22.33933982822017228, -9.992997820866149183 ) ) ;
#10297 = CARTESIAN_POINT ( 'NONE',  ( 101.2773123959168373, 17.40000000000001634, -7.297413408594585427 ) ) ;
#10298 = AXIS2_PLACEMENT_3D ( 'NONE', #10194, #6139, #6029 ) ;
#10299 = CARTESIAN_POINT ( 'NONE',  ( 103.9728968081883664, 22.33933982822017228, -9.992997820866147407 ) ) ;
#10300 = AXIS2_PLACEMENT_3D ( 'NONE', #8842, #1469, #2165 ) ;
#10301 = CARTESIAN_POINT ( 'NONE',  ( 103.8078689790932572, -18.50456209042665279, -9.827969991771011493 ) ) ;
#10302 = DIRECTION ( 'NONE',  ( -0.7071067811865439090, -1.040834085586087728E-14, 0.7071067811865512365 ) ) ;
#10303 = AXIS2_PLACEMENT_3D ( 'NONE', #9831, #2560, #5773 ) ;
#10304 = VERTEX_POINT ( 'NONE', #5532 ) ;
#10305 = ADVANCED_FACE ( 'NONE', ( #6238 ), #7376, .T. ) ;
#10306 = VECTOR ( 'NONE', #8836, 999.9999999999998863 ) ;
#10307 = EDGE_CURVE ( 'NONE', #10390, #4361, #3802, .T. ) ;
#10308 = LINE ( 'NONE', #1345, #1903 ) ;
#10309 = VERTEX_POINT ( 'NONE', #4738 ) ;
#10310 = CARTESIAN_POINT ( 'NONE',  ( 104.0007142674936063, 9.064066052554728969, -10.02081528017137479 ) ) ;
#10311 = VECTOR ( 'NONE', #6418, 1000.000000000000000 ) ;
#10312 = CIRCLE ( 'NONE', #10477, 2.499999999999988454 ) ;
#10313 = EDGE_CURVE ( 'NONE', #7813, #6931, #2161, .T. ) ;
#10314 = DIRECTION ( 'NONE',  ( -0.7071067811865512365, -2.775557561562891351E-16, -0.7071067811865439090 ) ) ;
#10315 = EDGE_CURVE ( 'NONE', #9199, #5740, #8923, .T. ) ;
#10316 = EDGE_CURVE ( 'NONE', #5257, #1719, #4677, .T. ) ;
#10317 = ORIENTED_EDGE ( 'NONE', *, *, #5760, .F. ) ;
#10318 = DIRECTION ( 'NONE',  ( -0.7071067811865426878, 0.000000000000000000, 0.7071067811865524577 ) ) ;
#10319 = CARTESIAN_POINT ( 'NONE',  ( 106.1220346110532375, 17.40000000000001634, -12.14213562373102384 ) ) ;
#10320 = MECHANICAL_DESIGN_GEOMETRIC_PRESENTATION_REPRESENTATION (  '', ( #5384 ), #5040 ) ;
#10321 = EDGE_LOOP ( 'NONE', ( #10388, #5118, #7013, #2863 ) ) ;
#10322 = LINE ( 'NONE', #9518, #10483 ) ;
#10323 = EDGE_CURVE ( 'NONE', #2694, #189, #7080, .T. ) ;
#10324 = AXIS2_PLACEMENT_3D ( 'NONE', #3519, #1027, #10426 ) ;
#10325 = DIRECTION ( 'NONE',  ( 0.7071067811865513475, 1.691909977029939893E-16, 0.7071067811865436870 ) ) ;
#10326 = CARTESIAN_POINT ( 'NONE',  ( 107.7146060998692718, -12.37008508985941369, 5.224591301151773948 ) ) ;
#10327 = ADVANCED_FACE ( 'NONE', ( #8725, #7945, #7025, #723, #672, #3910, #3296, #6519, #4923, #5775, #7539 ), #4302, .T. ) ;
#10328 = CARTESIAN_POINT ( 'NONE',  ( 101.6195439455792382, -12.99999999999998579, -6.791116820833123846 ) ) ;
#10329 = CARTESIAN_POINT ( 'NONE',  ( 98.97681872986264295, -18.13495390097155280, -4.996919742540350207 ) ) ;
#10330 = FACE_OUTER_BOUND ( 'NONE', #10498, .T. ) ;
#10331 = CARTESIAN_POINT ( 'NONE',  ( 64.06757521054090887, 29.17706118376572633, 2.000000000002146283 ) ) ;
#10332 = DIRECTION ( 'NONE',  ( 0.000000000000000000, 1.000000000000000000, 0.000000000000000000 ) ) ;
#10333 = VERTEX_POINT ( 'NONE', #9236 ) ;
#10334 = ORIENTED_EDGE ( 'NONE', *, *, #10188, .T. ) ;
#10335 = DIRECTION ( 'NONE',  ( 0.7071067811865520136, -8.881784197001254296E-16, 0.7071067811865431318 ) ) ;
#10336 = DIRECTION ( 'NONE',  ( 0.7071067811865436870, 1.099064721078642267E-14, -0.7071067811865513475 ) ) ;
#10337 = ORIENTED_EDGE ( 'NONE', *, *, #7487, .F. ) ;
#10338 = DIRECTION ( 'NONE',  ( -0.7071067811865513475, -1.691909977029939647E-16, -0.7071067811865437980 ) ) ;
#10339 = ORIENTED_EDGE ( 'NONE', *, *, #1306, .T. ) ;
#10340 = ORIENTED_EDGE ( 'NONE', *, *, #1245, .F. ) ;
#10341 = CARTESIAN_POINT ( 'NONE',  ( 99.47523086789972524, 10.60000000000001030, -5.495331880577451145 ) ) ;
#10342 = CARTESIAN_POINT ( 'NONE',  ( 99.92436304645858058, -6.704420284902468552, -5.944464059136290501 ) ) ;
#10343 = CARTESIAN_POINT ( 'NONE',  ( 51.50000000000002132, 44.99999999999998579, 1.000000000000000000 ) ) ;
#10344 = ORIENTED_EDGE ( 'NONE', *, *, #230, .F. ) ;
#10345 = UNCERTAINTY_MEASURE_WITH_UNIT (LENGTH_MEASURE( 1.000000000000000082E-05 ), #4909, 'distance_accuracy_value', 'NONE');
#10346 = CARTESIAN_POINT ( 'NONE',  ( 101.6195439455792382, -12.99999999999998757, -6.791116820833113188 ) ) ;
#10347 = ORIENTED_EDGE ( 'NONE', *, *, #5178, .F. ) ;
#10348 = DIRECTION ( 'NONE',  ( 0.7071067811865513475, 1.691909977029937675E-16, 0.7071067811865436870 ) ) ;
#10349 = EDGE_CURVE ( 'NONE', #10053, #2094, #8448, .T. ) ;
#10350 = CYLINDRICAL_SURFACE ( 'NONE', #7753, 0.2999999999999881650 ) ;
#10351 = CARTESIAN_POINT ( 'NONE',  ( 110.5060966544098306, 13.00000000000001421, -15.67766952966380067 ) ) ;
#10352 = CARTESIAN_POINT ( 'NONE',  ( 99.55585277962610746, 15.60000000000000142, -4.727425654879970018 ) ) ;
#10353 = VERTEX_POINT ( 'NONE', #7600 ) ;
#10354 = FACE_OUTER_BOUND ( 'NONE', #8835, .T. ) ;
#10355 = ORIENTED_EDGE ( 'NONE', *, *, #2897, .F. ) ;
#10356 = DIRECTION ( 'NONE',  ( 0.000000000000000000, 0.000000000000000000, 1.000000000000000000 ) ) ;
#10357 = CARTESIAN_POINT ( 'NONE',  ( 103.5248171295702662, -9.569500498558465296, -9.544918142248032922 ) ) ;
#10358 = EDGE_LOOP ( 'NONE', ( #9184, #5435, #3582, #3404 ) ) ;
#10359 = CARTESIAN_POINT ( 'NONE',  ( 96.80802604422939339, -15.16820293461260150, -1.979598919483224861 ) ) ;
#10360 = LINE ( 'NONE', #3091, #428 ) ;
#10361 = ORIENTED_EDGE ( 'NONE', *, *, #10063, .F. ) ;
#10362 = ORIENTED_EDGE ( 'NONE', *, *, #2455, .T. ) ;
#10363 = CARTESIAN_POINT ( 'NONE',  ( 87.85000000000002274, 33.58337520964456502, -96.50000000000000000 ) ) ;
#10364 = LINE ( 'NONE', #8783, #385 ) ;
#10365 = FACE_OUTER_BOUND ( 'NONE', #8606, .T. ) ;
#10366 = B_SPLINE_CURVE_WITH_KNOTS ( 'NONE', 3,
 ( #4484, #9372, #7566, #4389, #7730, #1893, #455, #3712 ),
 .UNSPECIFIED., .F., .F.,
 ( 4, 1, 1, 1, 1, 4 ),
 ( 0.000000000000000000, 0.2774491395867408894, 0.4506184534166512989, 0.6130118063579255150, 0.7682886429493283043, 1.000000000000000000 ),
 .UNSPECIFIED. ) ;
#10367 = ADVANCED_FACE ( 'NONE', ( #1760 ), #9936, .T. ) ;
#10368 = CARTESIAN_POINT ( 'NONE',  ( 92.67349368912290686, 29.00000000000003553, 2.154933435623313187 ) ) ;
#10369 = VECTOR ( 'NONE', #9534, 1000.000000000000000 ) ;
#10370 = EDGE_CURVE ( 'NONE', #8185, #242, #3520, .T. ) ;
#10371 = ORIENTED_EDGE ( 'NONE', *, *, #2186, .T. ) ;
#10372 = CARTESIAN_POINT ( 'NONE',  ( 103.9884503625455920, -11.53539626432507070, -10.00855137522334992 ) ) ;
#10373 = FACE_OUTER_BOUND ( 'NONE', #9802, .T. ) ;
#10374 = CARTESIAN_POINT ( 'NONE',  ( 102.1312545858667988, -17.56833855368435238, -8.151355598544521186 ) ) ;
#10375 = CARTESIAN_POINT ( 'NONE',  ( 118.9913780286483416, -28.99999999999997868, -25.57716446627549089 ) ) ;
#10376 = ORIENTED_EDGE ( 'NONE', *, *, #3571, .F. ) ;
#10377 = CARTESIAN_POINT ( 'NONE',  ( 90.00000000000002842, -36.99999999999998579, 0.000000000000000000 ) ) ;
#10378 = EDGE_CURVE ( 'NONE', #5753, #7752, #6743, .T. ) ;
#10379 = ORIENTED_EDGE ( 'NONE', *, *, #7990, .T. ) ;
#10380 = EDGE_CURVE ( 'NONE', #6085, #4618, #8760, .T. ) ;
#10381 = EDGE_CURVE ( 'NONE', #5089, #2002, #5199, .T. ) ;
#10382 = CARTESIAN_POINT ( 'NONE',  ( 89.15000000000000568, -30.53337520964456431, -162.2337144733732259 ) ) ;
#10383 = AXIS2_PLACEMENT_3D ( 'NONE', #4306, #1970, #1083 ) ;
#10384 = CARTESIAN_POINT ( 'NONE',  ( 103.9884503625456347, -9.460148610354735865, -10.00855137522331439 ) ) ;
#10385 = ORIENTED_EDGE ( 'NONE', *, *, #4916, .F. ) ;
#10386 = CARTESIAN_POINT ( 'NONE',  ( 102.7565637656623352, -8.733731746923453443, -8.776664778340167672 ) ) ;
#10387 = CARTESIAN_POINT ( 'NONE',  ( 100.9268305776094508, -11.31398825372005668, -6.098403452863338181 ) ) ;
#10388 = ORIENTED_EDGE ( 'NONE', *, *, #5494, .F. ) ;
#10390 = VERTEX_POINT ( 'NONE', #1028 ) ;
#10389 = AXIS2_PLACEMENT_3D ( 'NONE', #4795, #7950, #6443 ) ;
#10391 = LINE ( 'NONE', #10341, #3345 ) ;
#10392 = CARTESIAN_POINT ( 'NONE',  ( 102.4989495158786923, -6.529609367200701620, -8.519050528556441293 ) ) ;
#10393 = CARTESIAN_POINT ( 'NONE',  ( 109.0791441434610931, 16.17573593128809151, 3.860053257559933115 ) ) ;
#10394 = CARTESIAN_POINT ( 'NONE',  ( 104.1926570448369773, -18.39378958353815463, -10.21275805751477961 ) ) ;
#10395 = EDGE_LOOP ( 'NONE', ( #3324, #5315, #8485, #1913 ) ) ;
#10396 =( NAMED_UNIT ( * ) PLANE_ANGLE_UNIT ( ) SI_UNIT ( $, .RADIAN. ) );
#10397 = LINE ( 'NONE', #9604, #9422 ) ;
#10398 = ORIENTED_EDGE ( 'NONE', *, *, #7588, .T. ) ;
#10399 = PLANE ( 'NONE',  #8942 ) ;
#10400 = DIRECTION ( 'NONE',  ( -0.7071067811865513475, -1.691909977029939400E-16, -0.7071067811865436870 ) ) ;
#10401 = DIRECTION ( 'NONE',  ( 0.4578745913571419801, -0.7620378712236336449, -0.4578745913571563020 ) ) ;
#10402 = DIRECTION ( 'NONE',  ( 1.000000000000000000, -2.312964634635743450E-16, 0.000000000000000000 ) ) ;
#10403 = ORIENTED_EDGE ( 'NONE', *, *, #2531, .T. ) ;
#10404 = B_SPLINE_SURFACE_WITH_KNOTS ( 'NONE', 3, 1, ( 
 ( #2443, #3513 ),
 ( #3459, #1022 ),
 ( #7370, #7317 ),
 ( #1865, #1706 ),
 ( #5081, #9071 ),
 ( #2609, #3406 ),
 ( #5027, #8288 ),
 ( #4249, #5879 ) ),
 .UNSPECIFIED., .F., .F., .F.,
 ( 4, 1, 1, 1, 1, 4 ),
 ( 2, 2 ),
 ( 0.000000000000000000, 0.2774491395867408894, 0.4506184534166512989, 0.6130118063579255150, 0.7682886429493283043, 1.000000000000000000 ),
 ( 0.000000000000000000, 1.000000000000000000 ),
 .UNSPECIFIED. ) ;
#10405 = LINE ( 'NONE', #5507, #8516 ) ;
#10406 = ORIENTED_EDGE ( 'NONE', *, *, #1536, .T. ) ;
#10407 = EDGE_CURVE ( 'NONE', #10126, #8711, #959, .T. ) ;
#10408 = CYLINDRICAL_SURFACE ( 'NONE', #1750, 7.999999999999992895 ) ;
#10409 = CARTESIAN_POINT ( 'NONE',  ( 92.23294827405445062, 3.032165281090328086E-13, -0.2329482740544425168 ) ) ;
#10410 = AXIS2_PLACEMENT_3D ( 'NONE', #715, #7937, #2406 ) ;
#10411 = DIRECTION ( 'NONE',  ( -1.196361017915055756E-16, 1.000000000000000000, -1.196361017915036035E-16 ) ) ;
#10412 = ORIENTED_EDGE ( 'NONE', *, *, #8762, .F. ) ;
#10413 = CARTESIAN_POINT ( 'NONE',  ( 100.5025665088975302, -11.31398825372005312, -6.522667521575254312 ) ) ;
#10414 = ORIENTED_EDGE ( 'NONE', *, *, #8151, .T. ) ;
#10415 = EDGE_CURVE ( 'NONE', #3875, #3662, #3411, .T. ) ;
#10416 = VERTEX_POINT ( 'NONE', #1079 ) ;
#10417 = DIRECTION ( 'NONE',  ( 1.000000000000000000, 1.196361017915055756E-16, 0.000000000000000000 ) ) ;
#10418 = VECTOR ( 'NONE', #5408, 1000.000000000000000 ) ;
#10419 = EDGE_CURVE ( 'NONE', #10184, #6658, #6884, .T. ) ;
#10420 = CARTESIAN_POINT ( 'NONE',  ( 90.58578643762214710, 24.65461647244171317, -53.98275605730137272 ) ) ;
#10421 = CARTESIAN_POINT ( 'NONE',  ( 91.96638690793632520, -28.99999999999998579, 1.447826654436834115 ) ) ;
#10422 = CARTESIAN_POINT ( 'NONE',  ( 101.2066017177981934, 16.15147186257616951, -6.378174593052079899 ) ) ;
#10423 = EDGE_LOOP ( 'NONE', ( #4839, #2835, #6596, #7747 ) ) ;
#10424 = LINE ( 'NONE', #5739, #7938 ) ;
#10425 = PLANE ( 'NONE',  #2845 ) ;
#10426 = DIRECTION ( 'NONE',  ( -0.7071067811865445751, 6.938893903907223644E-15, 0.7071067811865506814 ) ) ;
#10427 = CARTESIAN_POINT ( 'NONE',  ( 51.50000000000002842, -44.99999999999998579, 1.000000000000000000 ) ) ;
#10428 = EDGE_LOOP ( 'NONE', ( #4689, #6398 ) ) ;
#10429 = VERTEX_POINT ( 'NONE', #8235 ) ;
#10430 = PRESENTATION_LAYER_ASSIGNMENT (  '', '', ( #4491 ) ) ;
#10431 = LINE ( 'NONE', #4842, #9175 ) ;
#10432 = CARTESIAN_POINT ( 'NONE',  ( 91.62438705418736618, -28.05773591421542434, 3.204040070558853870 ) ) ;
#10433 = ADVANCED_FACE ( 'NONE', ( #4200 ), #2713, .F. ) ;
#10434 = EDGE_LOOP ( 'NONE', ( #10467, #8504, #3602, #8969 ) ) ;
#10435 = CARTESIAN_POINT ( 'NONE',  ( 104.0007142674936063, 8.200000000000004619, -10.02081528017137479 ) ) ;
#10436 = CARTESIAN_POINT ( 'NONE',  ( 57.95681033264339277, -27.53388954532597310, 2.000000000000241585 ) ) ;
#10437 = ADVANCED_FACE ( 'NONE', ( #1129 ), #6629, .T. ) ;
#10438 = DIRECTION ( 'NONE',  ( 0.7071067811865215935, 0.000000000000000000, -0.7071067811865736630 ) ) ;
#10439 = ADVANCED_FACE ( 'NONE', ( #1188 ), #5035, .T. ) ;
#10440 = VECTOR ( 'NONE', #2120, 1000.000000000000114 ) ;
#10441 = EDGE_CURVE ( 'NONE', #841, #3225, #2562, .T. ) ;
#10442 = ORIENTED_EDGE ( 'NONE', *, *, #656, .F. ) ;
#10443 = ORIENTED_EDGE ( 'NONE', *, *, #9403, .F. ) ;
#10444 = CARTESIAN_POINT ( 'NONE',  ( 104.0863578211244942, -13.37914367311768338, -10.10645883380228227 ) ) ;
#10445 = FACE_OUTER_BOUND ( 'NONE', #2361, .T. ) ;
#10446 = SURFACE_STYLE_FILL_AREA ( #3872 ) ;
#10447 = LINE ( 'NONE', #8066, #1652 ) ;
#10448 = VECTOR ( 'NONE', #8166, 1000.000000000000000 ) ;
#10449 = ORIENTED_EDGE ( 'NONE', *, *, #7006, .T. ) ;
#10450 = CARTESIAN_POINT ( 'NONE',  ( 97.78754298820312840, -11.59870155029420147, -2.959115863456956763 ) ) ;
#10451 = LINE ( 'NONE', #3189, #7737 ) ;
#10452 = CIRCLE ( 'NONE', #2652, 0.5999999999999935385 ) ;
#10453 = AXIS2_PLACEMENT_3D ( 'NONE', #2130, #5138, #4406 ) ;
#10454 = EDGE_CURVE ( 'NONE', #8345, #6561, #6789, .T. ) ;
#10455 = VERTEX_POINT ( 'NONE', #1966 ) ;
#10456 = CARTESIAN_POINT ( 'NONE',  ( 75.26238552557725825, 15.49999999999887734, 12.49497378730362129 ) ) ;
#10457 = VECTOR ( 'NONE', #3431, 1000.000000000000000 ) ;
#10458 = CARTESIAN_POINT ( 'NONE',  ( 118.9913780286483416, -27.99999999999998224, -25.57716446627549089 ) ) ;
#10459 = CARTESIAN_POINT ( 'NONE',  ( 105.2423911123222524, -11.31398825372005490, -1.782842918150584710 ) ) ;
#10460 = CYLINDRICAL_SURFACE ( 'NONE', #307, 5.000000000000002665 ) ;
#10461 = ORIENTED_EDGE ( 'NONE', *, *, #3824, .F. ) ;
#10462 = VERTEX_POINT ( 'NONE', #4411 ) ;
#10463 = AXIS2_PLACEMENT_3D ( 'NONE', #10422, #1567, #3208 ) ;
#10464 = LINE ( 'NONE', #6423, #4293 ) ;
#10465 = VECTOR ( 'NONE', #2602, 1000.000000000000000 ) ;
#10466 = LINE ( 'NONE', #10409, #2789 ) ;
#10467 = ORIENTED_EDGE ( 'NONE', *, *, #4854, .F. ) ;
#10468 = VECTOR ( 'NONE', #3183, 1000.000000000000000 ) ;
#10469 = CARTESIAN_POINT ( 'NONE',  ( 75.26238552557725825, 15.49999999999887734, 12.49497378730362129 ) ) ;
#10470 = AXIS2_PLACEMENT_3D ( 'NONE', #3736, #6149, #325 ) ;
#10471 = ORIENTED_EDGE ( 'NONE', *, *, #1306, .F. ) ;
#10472 = CARTESIAN_POINT ( 'NONE',  ( 100.4934619049424640, -10.80588650403014128, -6.513562917620196124 ) ) ;
#10473 = AXIS2_PLACEMENT_3D ( 'NONE', #2505, #9830, #9130 ) ;
#10474 = ORIENTED_EDGE ( 'NONE', *, *, #5991, .T. ) ;
#10475 = ORIENTED_EDGE ( 'NONE', *, *, #5632, .F. ) ;
#10476 = CARTESIAN_POINT ( 'NONE',  ( 99.89949493661166002, 15.75147186257615850, -5.919595949289384151 ) ) ;
#10477 = AXIS2_PLACEMENT_3D ( 'NONE', #1384, #7093, #6351 ) ;
#10478 = CARTESIAN_POINT ( 'NONE',  ( 90.00000000000001421, 25.83223519302580584, -55.13931226266129215 ) ) ;
#10479 = CARTESIAN_POINT ( 'NONE',  ( 90.25304928673205040, 15.49999999999898748, -2.495689973851352050 ) ) ;
#10480 = EDGE_CURVE ( 'NONE', #8669, #2109, #100, .T. ) ;
#10481 = DIRECTION ( 'NONE',  ( 0.4999999999999876765, -0.7071067811865612285, -0.4999999999999928391 ) ) ;
#10482 = CARTESIAN_POINT ( 'NONE',  ( 99.49493364307039656, -16.59335101020794312, -5.515034655748093151 ) ) ;
#10483 = VECTOR ( 'NONE', #7822, 1000.000000000000000 ) ;
#10484 = DIRECTION ( 'NONE',  ( -0.7071067811865461294, 0.000000000000000000, 0.7071067811865489050 ) ) ;
#10485 = CARTESIAN_POINT ( 'NONE',  ( 100.7823376490862586, 16.05147186257617165, -6.802438661764006689 ) ) ;
#10486 = ADVANCED_FACE ( 'NONE', ( #490 ), #8648, .T. ) ;
#10487 = AXIS2_PLACEMENT_3D ( 'NONE', #1617, #1343, #8447 ) ;
#10488 = ORIENTED_EDGE ( 'NONE', *, *, #2919, .T. ) ;
#10489 = EDGE_CURVE ( 'NONE', #3225, #7032, #9349, .T. ) ;
#10490 = CARTESIAN_POINT ( 'NONE',  ( 97.08111051695652804, -15.56395264824424274, -2.252683392210340863 ) ) ;
#10491 = ORIENTED_EDGE ( 'NONE', *, *, #2506, .F. ) ;
#10492 = DIRECTION ( 'NONE',  ( 1.196361017915055756E-16, -1.000000000000000000, 1.196361017915036281E-16 ) ) ;
#10493 = CARTESIAN_POINT ( 'NONE',  ( 104.4249783362055410, 8.200000000000004619, -10.44507934888330780 ) ) ;
#10494 = ORIENTED_EDGE ( 'NONE', *, *, #2399, .F. ) ;
#10495 = DIRECTION ( 'NONE',  ( -0.7071067811865513475, -1.691909977029939893E-16, -0.7071067811865437980 ) ) ;
#10496 = CARTESIAN_POINT ( 'NONE',  ( 90.25304928673203619, 21.49999999999898392, -2.495689973851338284 ) ) ;
#10497 = ORIENTED_EDGE ( 'NONE', *, *, #8858, .F. ) ;
#10498 = EDGE_LOOP ( 'NONE', ( #6180, #3803, #4776, #3522, #4771, #780 ) ) ;
#10499 = CARTESIAN_POINT ( 'NONE',  ( 105.3003889812570577, -12.90030258834347876, -11.32048999393480848 ) ) ;
#10500 = CARTESIAN_POINT ( 'NONE',  ( 99.59493139378707838, -8.351923368053016716, -4.766504269040990671 ) ) ;
#10501 =( NAMED_UNIT ( * ) PLANE_ANGLE_UNIT ( ) SI_UNIT ( $, .RADIAN. ) );
#10502 = DIRECTION ( 'NONE',  ( -0.7071067811865439090, 0.000000000000000000, 0.7071067811865512365 ) ) ;
#10503 = ORIENTED_EDGE ( 'NONE', *, *, #712, .F. ) ;
#10504 = LINE ( 'NONE', #7357, #6494 ) ;
#10505 = CARTESIAN_POINT ( 'NONE',  ( 105.2489940445957899, -14.69140301790536185, -1.789445850424115969 ) ) ;
#10506 = VERTEX_POINT ( 'NONE', #10159 ) ;
#10507 = CARTESIAN_POINT ( 'NONE',  ( 75.26238552557721562, 21.49999999999887379, 12.49497378730366215 ) ) ;
#10508 = AXIS2_PLACEMENT_3D ( 'NONE', #3576, #5197, #4410 ) ;
#10509 = EDGE_CURVE ( 'NONE', #7575, #542, #2079, .T. ) ;
#10510 = DIRECTION ( 'NONE',  ( 0.7071067811865513475, 1.691909977029939893E-16, 0.7071067811865436870 ) ) ;
#10511 = CARTESIAN_POINT ( 'NONE',  ( 112.3445742854948577, -12.99999999999998401, -17.51614716074882594 ) ) ;
#10512 = CARTESIAN_POINT ( 'NONE',  ( 100.3237590053235806, 10.60000000000001030, -5.495331880577457362 ) ) ;
#10513 = EDGE_CURVE ( 'NONE', #3593, #8103, #7863, .T. ) ;
#10514 = EDGE_CURVE ( 'NONE', #5437, #4648, #10251, .T. ) ;
#10515 = EDGE_CURVE ( 'NONE', #4887, #59, #6103, .T. ) ;
#10516 = ORIENTED_EDGE ( 'NONE', *, *, #2377, .T. ) ;
#10517 = DIRECTION ( 'NONE',  ( -0.7071067811865512365, -2.775557561562891351E-16, -0.7071067811865437980 ) ) ;
#10518 = DIRECTION ( 'NONE',  ( -3.280214403515942902E-15, 1.000000000000000000, 2.887691288845031861E-15 ) ) ;
#10519 = VERTEX_POINT ( 'NONE', #6045 ) ;
#10520 = DIRECTION ( 'NONE',  ( 0.000000000000000000, 0.000000000000000000, 1.000000000000000000 ) ) ;
#10521 = EDGE_LOOP ( 'NONE', ( #9626, #2428, #2832, #8513 ) ) ;
#10522 = CARTESIAN_POINT ( 'NONE',  ( 99.37380270505744306, -8.482061694257355455, -5.393903717735155645 ) ) ;
#10523 = EDGE_LOOP ( 'NONE', ( #6121, #1301, #9567, #7083 ) ) ;
#10524 = ORIENTED_EDGE ( 'NONE', *, *, #10381, .F. ) ;
#10525 = CARTESIAN_POINT ( 'NONE',  ( 90.00000000000001421, 36.99999999999999289, 2.000000000000000000 ) ) ;
ENDSEC;
END-ISO-10303-21;
