ISO-10303-21;
HEADER;
/* Generated by software containing ST-Developer
 * from STEP Tools, Inc. (www.steptools.com) 
 */

FILE_DESCRIPTION(
/* description */ ('',
'CAx-IF Rec.Pracs.---Representation and Presentation of Product Manufa
cturing Information (PMI)---4.0---2014-10-13'),
/* implementation_level */ '2;1');

FILE_NAME(
/* name */ 'Grove Shield for Seeeduino XIAO v1.step',
/* time_stamp */ '2025-02-27T16:57:48+05:30',
/* author */ (''),
/* organization */ (''),
/* preprocessor_version */ 'ST-DEVELOPER v20',
/* originating_system */ 'Autodesk Translation Framework v13.20.0.188',

/* authorisation */ '');

FILE_SCHEMA (('AP242_MANAGED_MODEL_BASED_3D_ENGINEERING_MIM_LF { 1 0 10303 442 1 1 4 }'));
ENDSEC;

DATA;
#10=MECHANICAL_DESIGN_GEOMETRIC_PRESENTATION_REPRESENTATION('',(#6363,#6364,
#6365,#6366,#6367,#6368,#6369,#6370,#6371,#6372,#6373,#6374,#6375,#6376,
#6377,#6378,#6379,#6380,#6381,#6382,#6383,#6384,#6385,#6386,#6387,#6388,
#6389,#6390,#6391,#6392,#6393,#6394,#6395,#6396,#6397,#6398,#6399,#6400,
#6401,#6402,#6403,#6404,#6405,#6406,#6407,#6408,#6409,#6410,#6411,#6412,
#6413,#6414,#6415,#6416,#6417,#6418,#6419,#6420,#6421,#6422,#6423,#6424,
#6425,#6426,#6427,#6428,#6429,#6430,#6431,#6432,#6433,#6434,#6435,#6436,
#6437,#6438,#6439,#6440,#6441,#6442,#6443,#6444,#6445,#6446,#6447,#6448,
#6449,#6450,#6451,#6452,#6453,#6454,#6455,#6456,#6457,#6458,#6459,#6460,
#6461,#6462,#6463,#6464,#6465,#6466,#6467,#6468,#6469,#6470,#6471,#6472,
#6473,#6474,#6475,#6476,#6477,#6478,#6479,#6480,#6481,#6482,#6483,#6484,
#6485,#6486,#6487,#6488,#6489,#6490,#6491,#6492,#6493,#6494,#6495,#6496,
#6497,#6498,#6499,#6500,#6501,#6502,#6503,#6504,#6505,#6506,#6507,#6508,
#6509,#6510,#6511,#6512,#6513,#6514,#6515,#6516,#6517),#11072);
#11=ITEM_DEFINED_TRANSFORMATION($,$,#6928,#7410);
#12=ITEM_DEFINED_TRANSFORMATION($,$,#6928,#7411);
#13=ITEM_DEFINED_TRANSFORMATION($,$,#6928,#7412);
#14=ITEM_DEFINED_TRANSFORMATION($,$,#6928,#7413);
#15=ITEM_DEFINED_TRANSFORMATION($,$,#6928,#7414);
#16=ITEM_DEFINED_TRANSFORMATION($,$,#6928,#7415);
#17=ITEM_DEFINED_TRANSFORMATION($,$,#6928,#7416);
#18=ITEM_DEFINED_TRANSFORMATION($,$,#6928,#7417);
#19=ITEM_DEFINED_TRANSFORMATION($,$,#7067,#7418);
#20=ITEM_DEFINED_TRANSFORMATION($,$,#7067,#7419);
#21=(
REPRESENTATION_RELATIONSHIP($,$,#11094,#11093)
REPRESENTATION_RELATIONSHIP_WITH_TRANSFORMATION(#11)
SHAPE_REPRESENTATION_RELATIONSHIP()
);
#22=(
REPRESENTATION_RELATIONSHIP($,$,#11094,#11093)
REPRESENTATION_RELATIONSHIP_WITH_TRANSFORMATION(#12)
SHAPE_REPRESENTATION_RELATIONSHIP()
);
#23=(
REPRESENTATION_RELATIONSHIP($,$,#11094,#11093)
REPRESENTATION_RELATIONSHIP_WITH_TRANSFORMATION(#13)
SHAPE_REPRESENTATION_RELATIONSHIP()
);
#24=(
REPRESENTATION_RELATIONSHIP($,$,#11094,#11093)
REPRESENTATION_RELATIONSHIP_WITH_TRANSFORMATION(#14)
SHAPE_REPRESENTATION_RELATIONSHIP()
);
#25=(
REPRESENTATION_RELATIONSHIP($,$,#11094,#11093)
REPRESENTATION_RELATIONSHIP_WITH_TRANSFORMATION(#15)
SHAPE_REPRESENTATION_RELATIONSHIP()
);
#26=(
REPRESENTATION_RELATIONSHIP($,$,#11094,#11093)
REPRESENTATION_RELATIONSHIP_WITH_TRANSFORMATION(#16)
SHAPE_REPRESENTATION_RELATIONSHIP()
);
#27=(
REPRESENTATION_RELATIONSHIP($,$,#11094,#11093)
REPRESENTATION_RELATIONSHIP_WITH_TRANSFORMATION(#17)
SHAPE_REPRESENTATION_RELATIONSHIP()
);
#28=(
REPRESENTATION_RELATIONSHIP($,$,#11094,#11093)
REPRESENTATION_RELATIONSHIP_WITH_TRANSFORMATION(#18)
SHAPE_REPRESENTATION_RELATIONSHIP()
);
#29=(
REPRESENTATION_RELATIONSHIP($,$,#11095,#11093)
REPRESENTATION_RELATIONSHIP_WITH_TRANSFORMATION(#19)
SHAPE_REPRESENTATION_RELATIONSHIP()
);
#30=(
REPRESENTATION_RELATIONSHIP($,$,#11095,#11093)
REPRESENTATION_RELATIONSHIP_WITH_TRANSFORMATION(#20)
SHAPE_REPRESENTATION_RELATIONSHIP()
);
#31=CONTEXT_DEPENDENT_SHAPE_REPRESENTATION(#21,#11083);
#32=CONTEXT_DEPENDENT_SHAPE_REPRESENTATION(#22,#11084);
#33=CONTEXT_DEPENDENT_SHAPE_REPRESENTATION(#23,#11085);
#34=CONTEXT_DEPENDENT_SHAPE_REPRESENTATION(#24,#11086);
#35=CONTEXT_DEPENDENT_SHAPE_REPRESENTATION(#25,#11087);
#36=CONTEXT_DEPENDENT_SHAPE_REPRESENTATION(#26,#11088);
#37=CONTEXT_DEPENDENT_SHAPE_REPRESENTATION(#27,#11089);
#38=CONTEXT_DEPENDENT_SHAPE_REPRESENTATION(#28,#11090);
#39=CONTEXT_DEPENDENT_SHAPE_REPRESENTATION(#29,#11091);
#40=CONTEXT_DEPENDENT_SHAPE_REPRESENTATION(#30,#11092);
#41=NEXT_ASSEMBLY_USAGE_OCCURRENCE('Grove Connector (standing) v1:1',
'Grove Connector (standing) v1:1','Grove Connector (standing) v1:1',#11097,
#11098,'Grove Connector (standing) v1:1');
#42=NEXT_ASSEMBLY_USAGE_OCCURRENCE('Grove Connector (standing) v1:2',
'Grove Connector (standing) v1:2','Grove Connector (standing) v1:2',#11097,
#11098,'Grove Connector (standing) v1:2');
#43=NEXT_ASSEMBLY_USAGE_OCCURRENCE('Grove Connector (standing) v1:3',
'Grove Connector (standing) v1:3','Grove Connector (standing) v1:3',#11097,
#11098,'Grove Connector (standing) v1:3');
#44=NEXT_ASSEMBLY_USAGE_OCCURRENCE('Grove Connector (standing) v1:4',
'Grove Connector (standing) v1:4','Grove Connector (standing) v1:4',#11097,
#11098,'Grove Connector (standing) v1:4');
#45=NEXT_ASSEMBLY_USAGE_OCCURRENCE('Grove Connector (standing) v1:5',
'Grove Connector (standing) v1:5','Grove Connector (standing) v1:5',#11097,
#11098,'Grove Connector (standing) v1:5');
#46=NEXT_ASSEMBLY_USAGE_OCCURRENCE('Grove Connector (standing) v1:6',
'Grove Connector (standing) v1:6','Grove Connector (standing) v1:6',#11097,
#11098,'Grove Connector (standing) v1:6');
#47=NEXT_ASSEMBLY_USAGE_OCCURRENCE('Grove Connector (standing) v1:7',
'Grove Connector (standing) v1:7','Grove Connector (standing) v1:7',#11097,
#11098,'Grove Connector (standing) v1:7');
#48=NEXT_ASSEMBLY_USAGE_OCCURRENCE('Grove Connector (standing) v1:8',
'Grove Connector (standing) v1:8','Grove Connector (standing) v1:8',#11097,
#11098,'Grove Connector (standing) v1:8');
#49=NEXT_ASSEMBLY_USAGE_OCCURRENCE('FemaleHeader v1:1',
'FemaleHeader v1:1','FemaleHeader v1:1',#11097,#11099,
'FemaleHeader v1:1');
#50=NEXT_ASSEMBLY_USAGE_OCCURRENCE('FemaleHeader v1:2',
'FemaleHeader v1:2','FemaleHeader v1:2',#11097,#11099,
'FemaleHeader v1:2');
#51=CIRCLE('',#7205,0.499999999999999);
#52=CIRCLE('',#7206,0.499999999999999);
#53=CIRCLE('',#7213,0.498650298761518);
#54=CIRCLE('',#7214,1.99460119504606);
#55=CIRCLE('',#7215,1.99460119504606);
#56=CIRCLE('',#7216,1.99460119504607);
#57=CIRCLE('',#7217,1.99460119504606);
#58=CIRCLE('',#7218,0.498650298761514);
#59=CIRCLE('',#7219,1.99460119504606);
#60=CIRCLE('',#7220,1.99460119504606);
#61=CIRCLE('',#7221,1.99460119504606);
#62=CIRCLE('',#7222,1.99460119504606);
#63=CIRCLE('',#7223,0.923661516377808);
#64=CIRCLE('',#7224,0.923661516377808);
#65=CIRCLE('',#7225,0.923661516377808);
#66=CIRCLE('',#7226,0.923661516377808);
#67=CIRCLE('',#7227,0.923661516377808);
#68=CIRCLE('',#7228,0.923661516377808);
#69=CIRCLE('',#7229,0.923661516377808);
#70=CIRCLE('',#7230,0.498650298761523);
#71=CIRCLE('',#7231,0.498650298761523);
#72=CIRCLE('',#7232,0.498650298761523);
#73=CIRCLE('',#7233,0.498650298761523);
#74=CIRCLE('',#7234,0.498650298761523);
#75=CIRCLE('',#7235,0.498650298761523);
#76=CIRCLE('',#7236,0.498650298761523);
#77=CIRCLE('',#7237,0.498650298761523);
#78=CIRCLE('',#7238,0.498650298761523);
#79=CIRCLE('',#7239,0.498650298761523);
#80=CIRCLE('',#7240,0.498650298761523);
#81=CIRCLE('',#7241,0.498650298761523);
#82=CIRCLE('',#7242,1.);
#83=CIRCLE('',#7243,0.999999999999996);
#84=CIRCLE('',#7244,1.);
#85=CIRCLE('',#7245,0.999999999999996);
#86=CIRCLE('',#7246,0.923661516377808);
#87=CIRCLE('',#7247,0.923661516377808);
#88=CIRCLE('',#7248,0.923661516377808);
#89=CIRCLE('',#7249,0.923661516377808);
#90=CIRCLE('',#7250,0.923661516377808);
#91=CIRCLE('',#7252,0.5);
#92=CIRCLE('',#7253,0.5);
#93=CIRCLE('',#7255,0.923661516377808);
#94=CIRCLE('',#7258,0.5);
#95=CIRCLE('',#7259,0.5);
#96=CIRCLE('',#7261,0.923661516377808);
#97=CIRCLE('',#7264,0.499999999999999);
#98=CIRCLE('',#7265,0.499999999999999);
#99=CIRCLE('',#7267,0.923661516377808);
#100=CIRCLE('',#7270,0.5);
#101=CIRCLE('',#7271,0.5);
#102=CIRCLE('',#7273,0.923661516377808);
#103=CIRCLE('',#7276,0.499999999999999);
#104=CIRCLE('',#7277,0.499999999999999);
#105=CIRCLE('',#7279,0.923661516377808);
#106=CIRCLE('',#7282,0.5);
#107=CIRCLE('',#7283,0.5);
#108=CIRCLE('',#7285,0.923661516377808);
#109=CIRCLE('',#7288,0.499999999999999);
#110=CIRCLE('',#7289,0.499999999999999);
#111=CIRCLE('',#7291,0.923661516377808);
#112=CIRCLE('',#7294,0.5);
#113=CIRCLE('',#7295,0.5);
#114=CIRCLE('',#7297,0.923661516377808);
#115=CIRCLE('',#7300,0.5);
#116=CIRCLE('',#7301,0.5);
#117=CIRCLE('',#7303,0.923661516377808);
#118=CIRCLE('',#7306,0.499999999999999);
#119=CIRCLE('',#7307,0.499999999999999);
#120=CIRCLE('',#7314,0.5);
#121=CIRCLE('',#7315,0.5);
#122=CIRCLE('',#7317,0.923661516377808);
#123=CIRCLE('',#7320,0.499999999999999);
#124=CIRCLE('',#7321,0.499999999999999);
#125=CIRCLE('',#7323,0.923661516377808);
#126=CIRCLE('',#7326,0.5);
#127=CIRCLE('',#7327,0.5);
#128=CIRCLE('',#7329,0.923661516377808);
#129=CIRCLE('',#7346,0.498650298761523);
#130=CIRCLE('',#7348,0.498650298761523);
#131=CIRCLE('',#7350,0.498650298761523);
#132=CIRCLE('',#7352,0.498650298761523);
#133=CIRCLE('',#7354,0.498650298761523);
#134=CIRCLE('',#7356,0.498650298761523);
#135=CIRCLE('',#7358,0.498650298761523);
#136=CIRCLE('',#7360,0.498650298761523);
#137=CIRCLE('',#7362,0.498650298761523);
#138=CIRCLE('',#7364,0.498650298761523);
#139=CIRCLE('',#7367,0.498650298761523);
#140=CIRCLE('',#7370,0.498650298761523);
#141=CIRCLE('',#7372,1.);
#142=CIRCLE('',#7374,0.999999999999996);
#143=CIRCLE('',#7376,1.);
#144=CIRCLE('',#7378,0.999999999999996);
#145=CIRCLE('',#7380,1.99460119504606);
#146=CIRCLE('',#7383,1.99460119504606);
#147=CIRCLE('',#7386,1.99460119504606);
#148=CIRCLE('',#7389,1.99460119504606);
#149=CIRCLE('',#7392,0.498650298761514);
#150=CIRCLE('',#7395,1.99460119504606);
#151=CIRCLE('',#7398,1.99460119504607);
#152=CIRCLE('',#7401,1.99460119504606);
#153=CIRCLE('',#7404,1.99460119504606);
#154=CIRCLE('',#7407,0.498650298761518);
#155=CYLINDRICAL_SURFACE('',#7204,0.499999999999999);
#156=CYLINDRICAL_SURFACE('',#7251,0.5);
#157=CYLINDRICAL_SURFACE('',#7254,0.923661516377808);
#158=CYLINDRICAL_SURFACE('',#7257,0.5);
#159=CYLINDRICAL_SURFACE('',#7260,0.923661516377808);
#160=CYLINDRICAL_SURFACE('',#7263,0.499999999999999);
#161=CYLINDRICAL_SURFACE('',#7266,0.923661516377808);
#162=CYLINDRICAL_SURFACE('',#7269,0.5);
#163=CYLINDRICAL_SURFACE('',#7272,0.923661516377808);
#164=CYLINDRICAL_SURFACE('',#7275,0.499999999999999);
#165=CYLINDRICAL_SURFACE('',#7278,0.923661516377808);
#166=CYLINDRICAL_SURFACE('',#7281,0.5);
#167=CYLINDRICAL_SURFACE('',#7284,0.923661516377808);
#168=CYLINDRICAL_SURFACE('',#7287,0.499999999999999);
#169=CYLINDRICAL_SURFACE('',#7290,0.923661516377808);
#170=CYLINDRICAL_SURFACE('',#7293,0.5);
#171=CYLINDRICAL_SURFACE('',#7296,0.923661516377808);
#172=CYLINDRICAL_SURFACE('',#7299,0.5);
#173=CYLINDRICAL_SURFACE('',#7302,0.923661516377808);
#174=CYLINDRICAL_SURFACE('',#7305,0.499999999999999);
#175=CYLINDRICAL_SURFACE('',#7313,0.5);
#176=CYLINDRICAL_SURFACE('',#7316,0.923661516377808);
#177=CYLINDRICAL_SURFACE('',#7319,0.499999999999999);
#178=CYLINDRICAL_SURFACE('',#7322,0.923661516377808);
#179=CYLINDRICAL_SURFACE('',#7325,0.5);
#180=CYLINDRICAL_SURFACE('',#7328,0.923661516377808);
#181=CYLINDRICAL_SURFACE('',#7345,0.498650298761523);
#182=CYLINDRICAL_SURFACE('',#7347,0.498650298761523);
#183=CYLINDRICAL_SURFACE('',#7349,0.498650298761523);
#184=CYLINDRICAL_SURFACE('',#7351,0.498650298761523);
#185=CYLINDRICAL_SURFACE('',#7353,0.498650298761523);
#186=CYLINDRICAL_SURFACE('',#7355,0.498650298761523);
#187=CYLINDRICAL_SURFACE('',#7357,0.498650298761523);
#188=CYLINDRICAL_SURFACE('',#7359,0.498650298761523);
#189=CYLINDRICAL_SURFACE('',#7361,0.498650298761523);
#190=CYLINDRICAL_SURFACE('',#7363,0.498650298761523);
#191=CYLINDRICAL_SURFACE('',#7366,0.498650298761523);
#192=CYLINDRICAL_SURFACE('',#7369,0.498650298761523);
#193=CYLINDRICAL_SURFACE('',#7371,1.);
#194=CYLINDRICAL_SURFACE('',#7373,0.999999999999996);
#195=CYLINDRICAL_SURFACE('',#7375,1.);
#196=CYLINDRICAL_SURFACE('',#7377,0.999999999999996);
#197=CYLINDRICAL_SURFACE('',#7379,1.99460119504606);
#198=CYLINDRICAL_SURFACE('',#7382,1.99460119504606);
#199=CYLINDRICAL_SURFACE('',#7385,1.99460119504606);
#200=CYLINDRICAL_SURFACE('',#7388,1.99460119504606);
#201=CYLINDRICAL_SURFACE('',#7391,0.498650298761514);
#202=CYLINDRICAL_SURFACE('',#7394,1.99460119504606);
#203=CYLINDRICAL_SURFACE('',#7397,1.99460119504607);
#204=CYLINDRICAL_SURFACE('',#7400,1.99460119504606);
#205=CYLINDRICAL_SURFACE('',#7403,1.99460119504606);
#206=CYLINDRICAL_SURFACE('',#7406,0.498650298761518);
#207=SHAPE_REPRESENTATION_RELATIONSHIP('SRR','None',#11094,#210);
#208=SHAPE_REPRESENTATION_RELATIONSHIP('SRR','None',#11095,#211);
#209=SHAPE_REPRESENTATION_RELATIONSHIP('SRR','None',#11093,#212);
#210=ADVANCED_BREP_SHAPE_REPRESENTATION('',(#213),#11070);
#211=ADVANCED_BREP_SHAPE_REPRESENTATION('',(#214,#215,#216,#217,#218,#219,
#220,#221),#11071);
#212=ADVANCED_BREP_SHAPE_REPRESENTATION('',(#222),#11069);
#213=MANIFOLD_SOLID_BREP('Body1',#6894);
#214=MANIFOLD_SOLID_BREP('Body1',#6895);
#215=MANIFOLD_SOLID_BREP('Body2',#6896);
#216=MANIFOLD_SOLID_BREP('Body3',#6897);
#217=MANIFOLD_SOLID_BREP('Body4',#6898);
#218=MANIFOLD_SOLID_BREP('Body5',#6899);
#219=MANIFOLD_SOLID_BREP('Body6',#6900);
#220=MANIFOLD_SOLID_BREP('Body7',#6901);
#221=MANIFOLD_SOLID_BREP('Body8',#6902);
#222=MANIFOLD_SOLID_BREP('Body1',#6903);
#223=FACE_BOUND('',#699,.T.);
#224=FACE_BOUND('',#705,.T.);
#225=FACE_BOUND('',#711,.T.);
#226=FACE_BOUND('',#740,.T.);
#227=FACE_BOUND('',#741,.T.);
#228=FACE_BOUND('',#742,.T.);
#229=FACE_BOUND('',#743,.T.);
#230=FACE_BOUND('',#752,.T.);
#231=FACE_BOUND('',#843,.T.);
#232=FACE_BOUND('',#844,.T.);
#233=FACE_BOUND('',#845,.T.);
#234=FACE_BOUND('',#846,.T.);
#235=FACE_BOUND('',#847,.T.);
#236=FACE_BOUND('',#848,.T.);
#237=FACE_BOUND('',#849,.T.);
#238=FACE_BOUND('',#913,.T.);
#239=FACE_BOUND('',#914,.T.);
#240=FACE_BOUND('',#915,.T.);
#241=FACE_BOUND('',#916,.T.);
#242=FACE_BOUND('',#917,.T.);
#243=FACE_BOUND('',#918,.T.);
#244=FACE_BOUND('',#919,.T.);
#245=FACE_BOUND('',#997,.T.);
#246=FACE_BOUND('',#999,.T.);
#247=FACE_BOUND('',#1000,.T.);
#248=FACE_BOUND('',#1001,.T.);
#249=FACE_BOUND('',#1002,.T.);
#250=FACE_BOUND('',#1003,.T.);
#251=FACE_BOUND('',#1004,.T.);
#252=FACE_BOUND('',#1005,.T.);
#253=FACE_BOUND('',#1006,.T.);
#254=FACE_BOUND('',#1007,.T.);
#255=FACE_BOUND('',#1008,.T.);
#256=FACE_BOUND('',#1009,.T.);
#257=FACE_BOUND('',#1010,.T.);
#258=FACE_BOUND('',#1011,.T.);
#259=FACE_BOUND('',#1012,.T.);
#260=FACE_BOUND('',#1013,.T.);
#261=FACE_BOUND('',#1014,.T.);
#262=FACE_BOUND('',#1015,.T.);
#263=FACE_BOUND('',#1016,.T.);
#264=FACE_BOUND('',#1017,.T.);
#265=FACE_BOUND('',#1018,.T.);
#266=FACE_BOUND('',#1019,.T.);
#267=FACE_BOUND('',#1020,.T.);
#268=FACE_BOUND('',#1021,.T.);
#269=FACE_BOUND('',#1022,.T.);
#270=FACE_BOUND('',#1023,.T.);
#271=FACE_BOUND('',#1024,.T.);
#272=FACE_BOUND('',#1025,.T.);
#273=FACE_BOUND('',#1026,.T.);
#274=FACE_BOUND('',#1027,.T.);
#275=FACE_BOUND('',#1028,.T.);
#276=FACE_BOUND('',#1032,.T.);
#277=FACE_BOUND('',#1036,.T.);
#278=FACE_BOUND('',#1040,.T.);
#279=FACE_BOUND('',#1044,.T.);
#280=FACE_BOUND('',#1048,.T.);
#281=FACE_BOUND('',#1052,.T.);
#282=FACE_BOUND('',#1056,.T.);
#283=FACE_BOUND('',#1060,.T.);
#284=FACE_BOUND('',#1064,.T.);
#285=FACE_BOUND('',#1071,.T.);
#286=FACE_BOUND('',#1075,.T.);
#287=FACE_BOUND('',#1079,.T.);
#288=FACE_BOUND('',#1083,.T.);
#289=FACE_BOUND('',#1094,.T.);
#290=FACE_BOUND('',#1138,.T.);
#291=FACE_BOUND('',#1139,.T.);
#292=FACE_BOUND('',#1140,.T.);
#293=FACE_BOUND('',#1141,.T.);
#294=FACE_BOUND('',#1142,.T.);
#295=FACE_BOUND('',#1143,.T.);
#296=FACE_BOUND('',#1144,.T.);
#297=FACE_BOUND('',#1145,.T.);
#298=FACE_BOUND('',#1146,.T.);
#299=FACE_BOUND('',#1147,.T.);
#300=FACE_BOUND('',#1148,.T.);
#301=FACE_BOUND('',#1149,.T.);
#302=FACE_BOUND('',#1150,.T.);
#303=FACE_BOUND('',#1151,.T.);
#304=FACE_BOUND('',#1152,.T.);
#305=FACE_BOUND('',#1153,.T.);
#306=FACE_BOUND('',#1154,.T.);
#307=FACE_BOUND('',#1155,.T.);
#308=FACE_BOUND('',#1156,.T.);
#309=FACE_BOUND('',#1157,.T.);
#310=FACE_BOUND('',#1158,.T.);
#311=FACE_BOUND('',#1159,.T.);
#312=FACE_BOUND('',#1160,.T.);
#313=FACE_BOUND('',#1161,.T.);
#314=FACE_BOUND('',#1162,.T.);
#315=FACE_BOUND('',#1163,.T.);
#316=FACE_BOUND('',#1164,.T.);
#317=FACE_BOUND('',#1165,.T.);
#318=FACE_BOUND('',#1166,.T.);
#319=FACE_OUTER_BOUND('',#695,.T.);
#320=FACE_OUTER_BOUND('',#696,.T.);
#321=FACE_OUTER_BOUND('',#697,.T.);
#322=FACE_OUTER_BOUND('',#698,.T.);
#323=FACE_OUTER_BOUND('',#700,.T.);
#324=FACE_OUTER_BOUND('',#701,.T.);
#325=FACE_OUTER_BOUND('',#702,.T.);
#326=FACE_OUTER_BOUND('',#703,.T.);
#327=FACE_OUTER_BOUND('',#704,.T.);
#328=FACE_OUTER_BOUND('',#706,.T.);
#329=FACE_OUTER_BOUND('',#707,.T.);
#330=FACE_OUTER_BOUND('',#708,.T.);
#331=FACE_OUTER_BOUND('',#709,.T.);
#332=FACE_OUTER_BOUND('',#710,.T.);
#333=FACE_OUTER_BOUND('',#712,.T.);
#334=FACE_OUTER_BOUND('',#713,.T.);
#335=FACE_OUTER_BOUND('',#714,.T.);
#336=FACE_OUTER_BOUND('',#715,.T.);
#337=FACE_OUTER_BOUND('',#716,.T.);
#338=FACE_OUTER_BOUND('',#717,.T.);
#339=FACE_OUTER_BOUND('',#718,.T.);
#340=FACE_OUTER_BOUND('',#719,.T.);
#341=FACE_OUTER_BOUND('',#720,.T.);
#342=FACE_OUTER_BOUND('',#721,.T.);
#343=FACE_OUTER_BOUND('',#722,.T.);
#344=FACE_OUTER_BOUND('',#723,.T.);
#345=FACE_OUTER_BOUND('',#724,.T.);
#346=FACE_OUTER_BOUND('',#725,.T.);
#347=FACE_OUTER_BOUND('',#726,.T.);
#348=FACE_OUTER_BOUND('',#727,.T.);
#349=FACE_OUTER_BOUND('',#728,.T.);
#350=FACE_OUTER_BOUND('',#729,.T.);
#351=FACE_OUTER_BOUND('',#730,.T.);
#352=FACE_OUTER_BOUND('',#731,.T.);
#353=FACE_OUTER_BOUND('',#732,.T.);
#354=FACE_OUTER_BOUND('',#733,.T.);
#355=FACE_OUTER_BOUND('',#734,.T.);
#356=FACE_OUTER_BOUND('',#735,.T.);
#357=FACE_OUTER_BOUND('',#736,.T.);
#358=FACE_OUTER_BOUND('',#737,.T.);
#359=FACE_OUTER_BOUND('',#738,.T.);
#360=FACE_OUTER_BOUND('',#739,.T.);
#361=FACE_OUTER_BOUND('',#744,.T.);
#362=FACE_OUTER_BOUND('',#745,.T.);
#363=FACE_OUTER_BOUND('',#746,.T.);
#364=FACE_OUTER_BOUND('',#747,.T.);
#365=FACE_OUTER_BOUND('',#748,.T.);
#366=FACE_OUTER_BOUND('',#749,.T.);
#367=FACE_OUTER_BOUND('',#750,.T.);
#368=FACE_OUTER_BOUND('',#751,.T.);
#369=FACE_OUTER_BOUND('',#753,.T.);
#370=FACE_OUTER_BOUND('',#754,.T.);
#371=FACE_OUTER_BOUND('',#755,.T.);
#372=FACE_OUTER_BOUND('',#756,.T.);
#373=FACE_OUTER_BOUND('',#757,.T.);
#374=FACE_OUTER_BOUND('',#758,.T.);
#375=FACE_OUTER_BOUND('',#759,.T.);
#376=FACE_OUTER_BOUND('',#760,.T.);
#377=FACE_OUTER_BOUND('',#761,.T.);
#378=FACE_OUTER_BOUND('',#762,.T.);
#379=FACE_OUTER_BOUND('',#763,.T.);
#380=FACE_OUTER_BOUND('',#764,.T.);
#381=FACE_OUTER_BOUND('',#765,.T.);
#382=FACE_OUTER_BOUND('',#766,.T.);
#383=FACE_OUTER_BOUND('',#767,.T.);
#384=FACE_OUTER_BOUND('',#768,.T.);
#385=FACE_OUTER_BOUND('',#769,.T.);
#386=FACE_OUTER_BOUND('',#770,.T.);
#387=FACE_OUTER_BOUND('',#771,.T.);
#388=FACE_OUTER_BOUND('',#772,.T.);
#389=FACE_OUTER_BOUND('',#773,.T.);
#390=FACE_OUTER_BOUND('',#774,.T.);
#391=FACE_OUTER_BOUND('',#775,.T.);
#392=FACE_OUTER_BOUND('',#776,.T.);
#393=FACE_OUTER_BOUND('',#777,.T.);
#394=FACE_OUTER_BOUND('',#778,.T.);
#395=FACE_OUTER_BOUND('',#779,.T.);
#396=FACE_OUTER_BOUND('',#780,.T.);
#397=FACE_OUTER_BOUND('',#781,.T.);
#398=FACE_OUTER_BOUND('',#782,.T.);
#399=FACE_OUTER_BOUND('',#783,.T.);
#400=FACE_OUTER_BOUND('',#784,.T.);
#401=FACE_OUTER_BOUND('',#785,.T.);
#402=FACE_OUTER_BOUND('',#786,.T.);
#403=FACE_OUTER_BOUND('',#787,.T.);
#404=FACE_OUTER_BOUND('',#788,.T.);
#405=FACE_OUTER_BOUND('',#789,.T.);
#406=FACE_OUTER_BOUND('',#790,.T.);
#407=FACE_OUTER_BOUND('',#791,.T.);
#408=FACE_OUTER_BOUND('',#792,.T.);
#409=FACE_OUTER_BOUND('',#793,.T.);
#410=FACE_OUTER_BOUND('',#794,.T.);
#411=FACE_OUTER_BOUND('',#795,.T.);
#412=FACE_OUTER_BOUND('',#796,.T.);
#413=FACE_OUTER_BOUND('',#797,.T.);
#414=FACE_OUTER_BOUND('',#798,.T.);
#415=FACE_OUTER_BOUND('',#799,.T.);
#416=FACE_OUTER_BOUND('',#800,.T.);
#417=FACE_OUTER_BOUND('',#801,.T.);
#418=FACE_OUTER_BOUND('',#802,.T.);
#419=FACE_OUTER_BOUND('',#803,.T.);
#420=FACE_OUTER_BOUND('',#804,.T.);
#421=FACE_OUTER_BOUND('',#805,.T.);
#422=FACE_OUTER_BOUND('',#806,.T.);
#423=FACE_OUTER_BOUND('',#807,.T.);
#424=FACE_OUTER_BOUND('',#808,.T.);
#425=FACE_OUTER_BOUND('',#809,.T.);
#426=FACE_OUTER_BOUND('',#810,.T.);
#427=FACE_OUTER_BOUND('',#811,.T.);
#428=FACE_OUTER_BOUND('',#812,.T.);
#429=FACE_OUTER_BOUND('',#813,.T.);
#430=FACE_OUTER_BOUND('',#814,.T.);
#431=FACE_OUTER_BOUND('',#815,.T.);
#432=FACE_OUTER_BOUND('',#816,.T.);
#433=FACE_OUTER_BOUND('',#817,.T.);
#434=FACE_OUTER_BOUND('',#818,.T.);
#435=FACE_OUTER_BOUND('',#819,.T.);
#436=FACE_OUTER_BOUND('',#820,.T.);
#437=FACE_OUTER_BOUND('',#821,.T.);
#438=FACE_OUTER_BOUND('',#822,.T.);
#439=FACE_OUTER_BOUND('',#823,.T.);
#440=FACE_OUTER_BOUND('',#824,.T.);
#441=FACE_OUTER_BOUND('',#825,.T.);
#442=FACE_OUTER_BOUND('',#826,.T.);
#443=FACE_OUTER_BOUND('',#827,.T.);
#444=FACE_OUTER_BOUND('',#828,.T.);
#445=FACE_OUTER_BOUND('',#829,.T.);
#446=FACE_OUTER_BOUND('',#830,.T.);
#447=FACE_OUTER_BOUND('',#831,.T.);
#448=FACE_OUTER_BOUND('',#832,.T.);
#449=FACE_OUTER_BOUND('',#833,.T.);
#450=FACE_OUTER_BOUND('',#834,.T.);
#451=FACE_OUTER_BOUND('',#835,.T.);
#452=FACE_OUTER_BOUND('',#836,.T.);
#453=FACE_OUTER_BOUND('',#837,.T.);
#454=FACE_OUTER_BOUND('',#838,.T.);
#455=FACE_OUTER_BOUND('',#839,.T.);
#456=FACE_OUTER_BOUND('',#840,.T.);
#457=FACE_OUTER_BOUND('',#841,.T.);
#458=FACE_OUTER_BOUND('',#842,.T.);
#459=FACE_OUTER_BOUND('',#850,.T.);
#460=FACE_OUTER_BOUND('',#851,.T.);
#461=FACE_OUTER_BOUND('',#852,.T.);
#462=FACE_OUTER_BOUND('',#853,.T.);
#463=FACE_OUTER_BOUND('',#854,.T.);
#464=FACE_OUTER_BOUND('',#855,.T.);
#465=FACE_OUTER_BOUND('',#856,.T.);
#466=FACE_OUTER_BOUND('',#857,.T.);
#467=FACE_OUTER_BOUND('',#858,.T.);
#468=FACE_OUTER_BOUND('',#859,.T.);
#469=FACE_OUTER_BOUND('',#860,.T.);
#470=FACE_OUTER_BOUND('',#861,.T.);
#471=FACE_OUTER_BOUND('',#862,.T.);
#472=FACE_OUTER_BOUND('',#863,.T.);
#473=FACE_OUTER_BOUND('',#864,.T.);
#474=FACE_OUTER_BOUND('',#865,.T.);
#475=FACE_OUTER_BOUND('',#866,.T.);
#476=FACE_OUTER_BOUND('',#867,.T.);
#477=FACE_OUTER_BOUND('',#868,.T.);
#478=FACE_OUTER_BOUND('',#869,.T.);
#479=FACE_OUTER_BOUND('',#870,.T.);
#480=FACE_OUTER_BOUND('',#871,.T.);
#481=FACE_OUTER_BOUND('',#872,.T.);
#482=FACE_OUTER_BOUND('',#873,.T.);
#483=FACE_OUTER_BOUND('',#874,.T.);
#484=FACE_OUTER_BOUND('',#875,.T.);
#485=FACE_OUTER_BOUND('',#876,.T.);
#486=FACE_OUTER_BOUND('',#877,.T.);
#487=FACE_OUTER_BOUND('',#878,.T.);
#488=FACE_OUTER_BOUND('',#879,.T.);
#489=FACE_OUTER_BOUND('',#880,.T.);
#490=FACE_OUTER_BOUND('',#881,.T.);
#491=FACE_OUTER_BOUND('',#882,.T.);
#492=FACE_OUTER_BOUND('',#883,.T.);
#493=FACE_OUTER_BOUND('',#884,.T.);
#494=FACE_OUTER_BOUND('',#885,.T.);
#495=FACE_OUTER_BOUND('',#886,.T.);
#496=FACE_OUTER_BOUND('',#887,.T.);
#497=FACE_OUTER_BOUND('',#888,.T.);
#498=FACE_OUTER_BOUND('',#889,.T.);
#499=FACE_OUTER_BOUND('',#890,.T.);
#500=FACE_OUTER_BOUND('',#891,.T.);
#501=FACE_OUTER_BOUND('',#892,.T.);
#502=FACE_OUTER_BOUND('',#893,.T.);
#503=FACE_OUTER_BOUND('',#894,.T.);
#504=FACE_OUTER_BOUND('',#895,.T.);
#505=FACE_OUTER_BOUND('',#896,.T.);
#506=FACE_OUTER_BOUND('',#897,.T.);
#507=FACE_OUTER_BOUND('',#898,.T.);
#508=FACE_OUTER_BOUND('',#899,.T.);
#509=FACE_OUTER_BOUND('',#900,.T.);
#510=FACE_OUTER_BOUND('',#901,.T.);
#511=FACE_OUTER_BOUND('',#902,.T.);
#512=FACE_OUTER_BOUND('',#903,.T.);
#513=FACE_OUTER_BOUND('',#904,.T.);
#514=FACE_OUTER_BOUND('',#905,.T.);
#515=FACE_OUTER_BOUND('',#906,.T.);
#516=FACE_OUTER_BOUND('',#907,.T.);
#517=FACE_OUTER_BOUND('',#908,.T.);
#518=FACE_OUTER_BOUND('',#909,.T.);
#519=FACE_OUTER_BOUND('',#910,.T.);
#520=FACE_OUTER_BOUND('',#911,.T.);
#521=FACE_OUTER_BOUND('',#912,.T.);
#522=FACE_OUTER_BOUND('',#920,.T.);
#523=FACE_OUTER_BOUND('',#921,.T.);
#524=FACE_OUTER_BOUND('',#922,.T.);
#525=FACE_OUTER_BOUND('',#923,.T.);
#526=FACE_OUTER_BOUND('',#924,.T.);
#527=FACE_OUTER_BOUND('',#925,.T.);
#528=FACE_OUTER_BOUND('',#926,.T.);
#529=FACE_OUTER_BOUND('',#927,.T.);
#530=FACE_OUTER_BOUND('',#928,.T.);
#531=FACE_OUTER_BOUND('',#929,.T.);
#532=FACE_OUTER_BOUND('',#930,.T.);
#533=FACE_OUTER_BOUND('',#931,.T.);
#534=FACE_OUTER_BOUND('',#932,.T.);
#535=FACE_OUTER_BOUND('',#933,.T.);
#536=FACE_OUTER_BOUND('',#934,.T.);
#537=FACE_OUTER_BOUND('',#935,.T.);
#538=FACE_OUTER_BOUND('',#936,.T.);
#539=FACE_OUTER_BOUND('',#937,.T.);
#540=FACE_OUTER_BOUND('',#938,.T.);
#541=FACE_OUTER_BOUND('',#939,.T.);
#542=FACE_OUTER_BOUND('',#940,.T.);
#543=FACE_OUTER_BOUND('',#941,.T.);
#544=FACE_OUTER_BOUND('',#942,.T.);
#545=FACE_OUTER_BOUND('',#943,.T.);
#546=FACE_OUTER_BOUND('',#944,.T.);
#547=FACE_OUTER_BOUND('',#945,.T.);
#548=FACE_OUTER_BOUND('',#946,.T.);
#549=FACE_OUTER_BOUND('',#947,.T.);
#550=FACE_OUTER_BOUND('',#948,.T.);
#551=FACE_OUTER_BOUND('',#949,.T.);
#552=FACE_OUTER_BOUND('',#950,.T.);
#553=FACE_OUTER_BOUND('',#951,.T.);
#554=FACE_OUTER_BOUND('',#952,.T.);
#555=FACE_OUTER_BOUND('',#953,.T.);
#556=FACE_OUTER_BOUND('',#954,.T.);
#557=FACE_OUTER_BOUND('',#955,.T.);
#558=FACE_OUTER_BOUND('',#956,.T.);
#559=FACE_OUTER_BOUND('',#957,.T.);
#560=FACE_OUTER_BOUND('',#958,.T.);
#561=FACE_OUTER_BOUND('',#959,.T.);
#562=FACE_OUTER_BOUND('',#960,.T.);
#563=FACE_OUTER_BOUND('',#961,.T.);
#564=FACE_OUTER_BOUND('',#962,.T.);
#565=FACE_OUTER_BOUND('',#963,.T.);
#566=FACE_OUTER_BOUND('',#964,.T.);
#567=FACE_OUTER_BOUND('',#965,.T.);
#568=FACE_OUTER_BOUND('',#966,.T.);
#569=FACE_OUTER_BOUND('',#967,.T.);
#570=FACE_OUTER_BOUND('',#968,.T.);
#571=FACE_OUTER_BOUND('',#969,.T.);
#572=FACE_OUTER_BOUND('',#970,.T.);
#573=FACE_OUTER_BOUND('',#971,.T.);
#574=FACE_OUTER_BOUND('',#972,.T.);
#575=FACE_OUTER_BOUND('',#973,.T.);
#576=FACE_OUTER_BOUND('',#974,.T.);
#577=FACE_OUTER_BOUND('',#975,.T.);
#578=FACE_OUTER_BOUND('',#976,.T.);
#579=FACE_OUTER_BOUND('',#977,.T.);
#580=FACE_OUTER_BOUND('',#978,.T.);
#581=FACE_OUTER_BOUND('',#979,.T.);
#582=FACE_OUTER_BOUND('',#980,.T.);
#583=FACE_OUTER_BOUND('',#981,.T.);
#584=FACE_OUTER_BOUND('',#982,.T.);
#585=FACE_OUTER_BOUND('',#983,.T.);
#586=FACE_OUTER_BOUND('',#984,.T.);
#587=FACE_OUTER_BOUND('',#985,.T.);
#588=FACE_OUTER_BOUND('',#986,.T.);
#589=FACE_OUTER_BOUND('',#987,.T.);
#590=FACE_OUTER_BOUND('',#988,.T.);
#591=FACE_OUTER_BOUND('',#989,.T.);
#592=FACE_OUTER_BOUND('',#990,.T.);
#593=FACE_OUTER_BOUND('',#991,.T.);
#594=FACE_OUTER_BOUND('',#992,.T.);
#595=FACE_OUTER_BOUND('',#993,.T.);
#596=FACE_OUTER_BOUND('',#994,.T.);
#597=FACE_OUTER_BOUND('',#995,.T.);
#598=FACE_OUTER_BOUND('',#996,.T.);
#599=FACE_OUTER_BOUND('',#998,.T.);
#600=FACE_OUTER_BOUND('',#1029,.T.);
#601=FACE_OUTER_BOUND('',#1030,.T.);
#602=FACE_OUTER_BOUND('',#1031,.T.);
#603=FACE_OUTER_BOUND('',#1033,.T.);
#604=FACE_OUTER_BOUND('',#1034,.T.);
#605=FACE_OUTER_BOUND('',#1035,.T.);
#606=FACE_OUTER_BOUND('',#1037,.T.);
#607=FACE_OUTER_BOUND('',#1038,.T.);
#608=FACE_OUTER_BOUND('',#1039,.T.);
#609=FACE_OUTER_BOUND('',#1041,.T.);
#610=FACE_OUTER_BOUND('',#1042,.T.);
#611=FACE_OUTER_BOUND('',#1043,.T.);
#612=FACE_OUTER_BOUND('',#1045,.T.);
#613=FACE_OUTER_BOUND('',#1046,.T.);
#614=FACE_OUTER_BOUND('',#1047,.T.);
#615=FACE_OUTER_BOUND('',#1049,.T.);
#616=FACE_OUTER_BOUND('',#1050,.T.);
#617=FACE_OUTER_BOUND('',#1051,.T.);
#618=FACE_OUTER_BOUND('',#1053,.T.);
#619=FACE_OUTER_BOUND('',#1054,.T.);
#620=FACE_OUTER_BOUND('',#1055,.T.);
#621=FACE_OUTER_BOUND('',#1057,.T.);
#622=FACE_OUTER_BOUND('',#1058,.T.);
#623=FACE_OUTER_BOUND('',#1059,.T.);
#624=FACE_OUTER_BOUND('',#1061,.T.);
#625=FACE_OUTER_BOUND('',#1062,.T.);
#626=FACE_OUTER_BOUND('',#1063,.T.);
#627=FACE_OUTER_BOUND('',#1065,.T.);
#628=FACE_OUTER_BOUND('',#1066,.T.);
#629=FACE_OUTER_BOUND('',#1067,.T.);
#630=FACE_OUTER_BOUND('',#1068,.T.);
#631=FACE_OUTER_BOUND('',#1069,.T.);
#632=FACE_OUTER_BOUND('',#1070,.T.);
#633=FACE_OUTER_BOUND('',#1072,.T.);
#634=FACE_OUTER_BOUND('',#1073,.T.);
#635=FACE_OUTER_BOUND('',#1074,.T.);
#636=FACE_OUTER_BOUND('',#1076,.T.);
#637=FACE_OUTER_BOUND('',#1077,.T.);
#638=FACE_OUTER_BOUND('',#1078,.T.);
#639=FACE_OUTER_BOUND('',#1080,.T.);
#640=FACE_OUTER_BOUND('',#1081,.T.);
#641=FACE_OUTER_BOUND('',#1082,.T.);
#642=FACE_OUTER_BOUND('',#1084,.T.);
#643=FACE_OUTER_BOUND('',#1085,.T.);
#644=FACE_OUTER_BOUND('',#1086,.T.);
#645=FACE_OUTER_BOUND('',#1087,.T.);
#646=FACE_OUTER_BOUND('',#1088,.T.);
#647=FACE_OUTER_BOUND('',#1089,.T.);
#648=FACE_OUTER_BOUND('',#1090,.T.);
#649=FACE_OUTER_BOUND('',#1091,.T.);
#650=FACE_OUTER_BOUND('',#1092,.T.);
#651=FACE_OUTER_BOUND('',#1093,.T.);
#652=FACE_OUTER_BOUND('',#1095,.T.);
#653=FACE_OUTER_BOUND('',#1096,.T.);
#654=FACE_OUTER_BOUND('',#1097,.T.);
#655=FACE_OUTER_BOUND('',#1098,.T.);
#656=FACE_OUTER_BOUND('',#1099,.T.);
#657=FACE_OUTER_BOUND('',#1100,.T.);
#658=FACE_OUTER_BOUND('',#1101,.T.);
#659=FACE_OUTER_BOUND('',#1102,.T.);
#660=FACE_OUTER_BOUND('',#1103,.T.);
#661=FACE_OUTER_BOUND('',#1104,.T.);
#662=FACE_OUTER_BOUND('',#1105,.T.);
#663=FACE_OUTER_BOUND('',#1106,.T.);
#664=FACE_OUTER_BOUND('',#1107,.T.);
#665=FACE_OUTER_BOUND('',#1108,.T.);
#666=FACE_OUTER_BOUND('',#1109,.T.);
#667=FACE_OUTER_BOUND('',#1110,.T.);
#668=FACE_OUTER_BOUND('',#1111,.T.);
#669=FACE_OUTER_BOUND('',#1112,.T.);
#670=FACE_OUTER_BOUND('',#1113,.T.);
#671=FACE_OUTER_BOUND('',#1114,.T.);
#672=FACE_OUTER_BOUND('',#1115,.T.);
#673=FACE_OUTER_BOUND('',#1116,.T.);
#674=FACE_OUTER_BOUND('',#1117,.T.);
#675=FACE_OUTER_BOUND('',#1118,.T.);
#676=FACE_OUTER_BOUND('',#1119,.T.);
#677=FACE_OUTER_BOUND('',#1120,.T.);
#678=FACE_OUTER_BOUND('',#1121,.T.);
#679=FACE_OUTER_BOUND('',#1122,.T.);
#680=FACE_OUTER_BOUND('',#1123,.T.);
#681=FACE_OUTER_BOUND('',#1124,.T.);
#682=FACE_OUTER_BOUND('',#1125,.T.);
#683=FACE_OUTER_BOUND('',#1126,.T.);
#684=FACE_OUTER_BOUND('',#1127,.T.);
#685=FACE_OUTER_BOUND('',#1128,.T.);
#686=FACE_OUTER_BOUND('',#1129,.T.);
#687=FACE_OUTER_BOUND('',#1130,.T.);
#688=FACE_OUTER_BOUND('',#1131,.T.);
#689=FACE_OUTER_BOUND('',#1132,.T.);
#690=FACE_OUTER_BOUND('',#1133,.T.);
#691=FACE_OUTER_BOUND('',#1134,.T.);
#692=FACE_OUTER_BOUND('',#1135,.T.);
#693=FACE_OUTER_BOUND('',#1136,.T.);
#694=FACE_OUTER_BOUND('',#1137,.T.);
#695=EDGE_LOOP('',(#4235,#4236,#4237,#4238));
#696=EDGE_LOOP('',(#4239,#4240,#4241,#4242));
#697=EDGE_LOOP('',(#4243,#4244,#4245,#4246));
#698=EDGE_LOOP('',(#4247,#4248,#4249,#4250));
#699=EDGE_LOOP('',(#4251,#4252,#4253,#4254));
#700=EDGE_LOOP('',(#4255,#4256,#4257,#4258));
#701=EDGE_LOOP('',(#4259,#4260,#4261,#4262,#4263,#4264,#4265,#4266));
#702=EDGE_LOOP('',(#4267,#4268,#4269,#4270));
#703=EDGE_LOOP('',(#4271,#4272,#4273,#4274));
#704=EDGE_LOOP('',(#4275,#4276,#4277,#4278));
#705=EDGE_LOOP('',(#4279,#4280,#4281,#4282));
#706=EDGE_LOOP('',(#4283,#4284,#4285,#4286));
#707=EDGE_LOOP('',(#4287,#4288,#4289,#4290));
#708=EDGE_LOOP('',(#4291,#4292,#4293,#4294));
#709=EDGE_LOOP('',(#4295,#4296,#4297,#4298));
#710=EDGE_LOOP('',(#4299,#4300,#4301,#4302));
#711=EDGE_LOOP('',(#4303,#4304,#4305,#4306));
#712=EDGE_LOOP('',(#4307,#4308,#4309,#4310));
#713=EDGE_LOOP('',(#4311,#4312,#4313,#4314,#4315,#4316,#4317,#4318));
#714=EDGE_LOOP('',(#4319,#4320,#4321,#4322));
#715=EDGE_LOOP('',(#4323,#4324,#4325,#4326,#4327,#4328,#4329,#4330));
#716=EDGE_LOOP('',(#4331,#4332,#4333,#4334,#4335,#4336,#4337,#4338));
#717=EDGE_LOOP('',(#4339,#4340,#4341,#4342));
#718=EDGE_LOOP('',(#4343,#4344,#4345,#4346));
#719=EDGE_LOOP('',(#4347,#4348,#4349,#4350,#4351,#4352,#4353,#4354,#4355,
#4356,#4357,#4358,#4359,#4360,#4361,#4362,#4363,#4364,#4365,#4366,#4367,
#4368,#4369,#4370,#4371,#4372));
#720=EDGE_LOOP('',(#4373,#4374,#4375,#4376,#4377,#4378,#4379,#4380,#4381,
#4382,#4383,#4384));
#721=EDGE_LOOP('',(#4385,#4386,#4387,#4388));
#722=EDGE_LOOP('',(#4389,#4390,#4391,#4392,#4393,#4394));
#723=EDGE_LOOP('',(#4395,#4396,#4397,#4398));
#724=EDGE_LOOP('',(#4399,#4400,#4401,#4402,#4403,#4404));
#725=EDGE_LOOP('',(#4405,#4406,#4407,#4408,#4409,#4410,#4411,#4412,#4413,
#4414,#4415,#4416,#4417,#4418,#4419,#4420,#4421,#4422,#4423,#4424,#4425,
#4426,#4427,#4428));
#726=EDGE_LOOP('',(#4429,#4430,#4431,#4432,#4433,#4434,#4435,#4436,#4437,
#4438,#4439,#4440));
#727=EDGE_LOOP('',(#4441,#4442,#4443,#4444));
#728=EDGE_LOOP('',(#4445,#4446,#4447,#4448));
#729=EDGE_LOOP('',(#4449,#4450,#4451,#4452));
#730=EDGE_LOOP('',(#4453,#4454,#4455,#4456));
#731=EDGE_LOOP('',(#4457,#4458,#4459,#4460));
#732=EDGE_LOOP('',(#4461,#4462,#4463,#4464,#4465,#4466,#4467,#4468));
#733=EDGE_LOOP('',(#4469,#4470,#4471,#4472));
#734=EDGE_LOOP('',(#4473,#4474,#4475,#4476));
#735=EDGE_LOOP('',(#4477,#4478,#4479,#4480));
#736=EDGE_LOOP('',(#4481,#4482,#4483,#4484,#4485,#4486,#4487,#4488,#4489,
#4490));
#737=EDGE_LOOP('',(#4491,#4492,#4493,#4494));
#738=EDGE_LOOP('',(#4495,#4496,#4497,#4498));
#739=EDGE_LOOP('',(#4499,#4500,#4501,#4502,#4503,#4504,#4505,#4506));
#740=EDGE_LOOP('',(#4507,#4508,#4509,#4510));
#741=EDGE_LOOP('',(#4511,#4512,#4513,#4514));
#742=EDGE_LOOP('',(#4515,#4516,#4517,#4518));
#743=EDGE_LOOP('',(#4519,#4520,#4521,#4522));
#744=EDGE_LOOP('',(#4523,#4524,#4525,#4526));
#745=EDGE_LOOP('',(#4527,#4528,#4529,#4530));
#746=EDGE_LOOP('',(#4531,#4532,#4533,#4534));
#747=EDGE_LOOP('',(#4535,#4536,#4537,#4538));
#748=EDGE_LOOP('',(#4539,#4540,#4541,#4542));
#749=EDGE_LOOP('',(#4543,#4544,#4545,#4546,#4547,#4548));
#750=EDGE_LOOP('',(#4549,#4550,#4551,#4552));
#751=EDGE_LOOP('',(#4553,#4554,#4555,#4556));
#752=EDGE_LOOP('',(#4557,#4558,#4559,#4560));
#753=EDGE_LOOP('',(#4561,#4562,#4563,#4564));
#754=EDGE_LOOP('',(#4565,#4566,#4567,#4568));
#755=EDGE_LOOP('',(#4569,#4570,#4571,#4572));
#756=EDGE_LOOP('',(#4573,#4574,#4575));
#757=EDGE_LOOP('',(#4576,#4577,#4578));
#758=EDGE_LOOP('',(#4579,#4580,#4581,#4582,#4583,#4584,#4585,#4586));
#759=EDGE_LOOP('',(#4587,#4588,#4589,#4590,#4591,#4592,#4593,#4594));
#760=EDGE_LOOP('',(#4595,#4596,#4597,#4598));
#761=EDGE_LOOP('',(#4599,#4600,#4601,#4602,#4603,#4604,#4605,#4606));
#762=EDGE_LOOP('',(#4607,#4608,#4609,#4610,#4611,#4612,#4613,#4614));
#763=EDGE_LOOP('',(#4615,#4616,#4617,#4618));
#764=EDGE_LOOP('',(#4619,#4620,#4621,#4622,#4623,#4624,#4625,#4626));
#765=EDGE_LOOP('',(#4627,#4628,#4629,#4630,#4631,#4632,#4633,#4634));
#766=EDGE_LOOP('',(#4635,#4636,#4637,#4638));
#767=EDGE_LOOP('',(#4639,#4640,#4641,#4642));
#768=EDGE_LOOP('',(#4643,#4644,#4645,#4646));
#769=EDGE_LOOP('',(#4647,#4648,#4649,#4650));
#770=EDGE_LOOP('',(#4651,#4652,#4653,#4654));
#771=EDGE_LOOP('',(#4655,#4656,#4657,#4658));
#772=EDGE_LOOP('',(#4659,#4660,#4661,#4662));
#773=EDGE_LOOP('',(#4663,#4664,#4665,#4666));
#774=EDGE_LOOP('',(#4667,#4668,#4669,#4670));
#775=EDGE_LOOP('',(#4671,#4672,#4673,#4674));
#776=EDGE_LOOP('',(#4675,#4676,#4677,#4678));
#777=EDGE_LOOP('',(#4679,#4680,#4681,#4682));
#778=EDGE_LOOP('',(#4683,#4684,#4685,#4686));
#779=EDGE_LOOP('',(#4687,#4688,#4689,#4690));
#780=EDGE_LOOP('',(#4691,#4692,#4693,#4694));
#781=EDGE_LOOP('',(#4695,#4696,#4697,#4698));
#782=EDGE_LOOP('',(#4699,#4700,#4701,#4702));
#783=EDGE_LOOP('',(#4703,#4704,#4705,#4706));
#784=EDGE_LOOP('',(#4707,#4708,#4709,#4710));
#785=EDGE_LOOP('',(#4711,#4712,#4713,#4714));
#786=EDGE_LOOP('',(#4715,#4716,#4717,#4718));
#787=EDGE_LOOP('',(#4719,#4720,#4721,#4722));
#788=EDGE_LOOP('',(#4723,#4724,#4725,#4726));
#789=EDGE_LOOP('',(#4727,#4728,#4729,#4730));
#790=EDGE_LOOP('',(#4731,#4732,#4733,#4734));
#791=EDGE_LOOP('',(#4735,#4736,#4737,#4738));
#792=EDGE_LOOP('',(#4739,#4740,#4741,#4742));
#793=EDGE_LOOP('',(#4743,#4744,#4745,#4746));
#794=EDGE_LOOP('',(#4747,#4748,#4749,#4750));
#795=EDGE_LOOP('',(#4751,#4752,#4753,#4754));
#796=EDGE_LOOP('',(#4755,#4756,#4757,#4758));
#797=EDGE_LOOP('',(#4759,#4760,#4761,#4762));
#798=EDGE_LOOP('',(#4763,#4764,#4765,#4766));
#799=EDGE_LOOP('',(#4767,#4768,#4769,#4770));
#800=EDGE_LOOP('',(#4771,#4772,#4773,#4774));
#801=EDGE_LOOP('',(#4775,#4776,#4777,#4778));
#802=EDGE_LOOP('',(#4779,#4780,#4781,#4782));
#803=EDGE_LOOP('',(#4783,#4784,#4785,#4786));
#804=EDGE_LOOP('',(#4787,#4788,#4789,#4790));
#805=EDGE_LOOP('',(#4791,#4792,#4793,#4794));
#806=EDGE_LOOP('',(#4795,#4796,#4797,#4798));
#807=EDGE_LOOP('',(#4799,#4800,#4801,#4802));
#808=EDGE_LOOP('',(#4803,#4804,#4805,#4806));
#809=EDGE_LOOP('',(#4807,#4808,#4809,#4810));
#810=EDGE_LOOP('',(#4811,#4812,#4813,#4814));
#811=EDGE_LOOP('',(#4815,#4816,#4817,#4818));
#812=EDGE_LOOP('',(#4819,#4820,#4821,#4822));
#813=EDGE_LOOP('',(#4823,#4824,#4825,#4826));
#814=EDGE_LOOP('',(#4827,#4828,#4829,#4830));
#815=EDGE_LOOP('',(#4831,#4832,#4833,#4834));
#816=EDGE_LOOP('',(#4835,#4836,#4837,#4838));
#817=EDGE_LOOP('',(#4839,#4840,#4841,#4842));
#818=EDGE_LOOP('',(#4843,#4844,#4845,#4846));
#819=EDGE_LOOP('',(#4847,#4848,#4849,#4850));
#820=EDGE_LOOP('',(#4851,#4852,#4853,#4854));
#821=EDGE_LOOP('',(#4855,#4856,#4857,#4858));
#822=EDGE_LOOP('',(#4859,#4860,#4861,#4862));
#823=EDGE_LOOP('',(#4863,#4864,#4865,#4866));
#824=EDGE_LOOP('',(#4867,#4868,#4869,#4870));
#825=EDGE_LOOP('',(#4871,#4872,#4873,#4874));
#826=EDGE_LOOP('',(#4875,#4876,#4877,#4878));
#827=EDGE_LOOP('',(#4879,#4880,#4881,#4882));
#828=EDGE_LOOP('',(#4883,#4884,#4885,#4886));
#829=EDGE_LOOP('',(#4887,#4888,#4889,#4890));
#830=EDGE_LOOP('',(#4891,#4892,#4893,#4894));
#831=EDGE_LOOP('',(#4895,#4896,#4897,#4898));
#832=EDGE_LOOP('',(#4899,#4900,#4901,#4902));
#833=EDGE_LOOP('',(#4903,#4904,#4905,#4906));
#834=EDGE_LOOP('',(#4907,#4908,#4909,#4910));
#835=EDGE_LOOP('',(#4911,#4912,#4913,#4914));
#836=EDGE_LOOP('',(#4915,#4916,#4917,#4918));
#837=EDGE_LOOP('',(#4919,#4920,#4921,#4922));
#838=EDGE_LOOP('',(#4923,#4924,#4925,#4926));
#839=EDGE_LOOP('',(#4927,#4928,#4929,#4930));
#840=EDGE_LOOP('',(#4931,#4932,#4933,#4934));
#841=EDGE_LOOP('',(#4935,#4936,#4937,#4938,#4939,#4940,#4941,#4942));
#842=EDGE_LOOP('',(#4943,#4944,#4945,#4946));
#843=EDGE_LOOP('',(#4947,#4948,#4949,#4950));
#844=EDGE_LOOP('',(#4951,#4952,#4953,#4954));
#845=EDGE_LOOP('',(#4955,#4956,#4957,#4958));
#846=EDGE_LOOP('',(#4959,#4960,#4961,#4962));
#847=EDGE_LOOP('',(#4963,#4964,#4965,#4966));
#848=EDGE_LOOP('',(#4967,#4968,#4969,#4970));
#849=EDGE_LOOP('',(#4971,#4972,#4973,#4974));
#850=EDGE_LOOP('',(#4975,#4976,#4977,#4978));
#851=EDGE_LOOP('',(#4979,#4980,#4981,#4982));
#852=EDGE_LOOP('',(#4983,#4984,#4985,#4986));
#853=EDGE_LOOP('',(#4987,#4988,#4989,#4990));
#854=EDGE_LOOP('',(#4991,#4992,#4993,#4994));
#855=EDGE_LOOP('',(#4995,#4996,#4997,#4998));
#856=EDGE_LOOP('',(#4999,#5000,#5001,#5002));
#857=EDGE_LOOP('',(#5003,#5004,#5005,#5006));
#858=EDGE_LOOP('',(#5007,#5008,#5009,#5010));
#859=EDGE_LOOP('',(#5011,#5012,#5013,#5014));
#860=EDGE_LOOP('',(#5015,#5016,#5017,#5018));
#861=EDGE_LOOP('',(#5019,#5020,#5021,#5022));
#862=EDGE_LOOP('',(#5023,#5024,#5025,#5026));
#863=EDGE_LOOP('',(#5027,#5028,#5029,#5030));
#864=EDGE_LOOP('',(#5031,#5032,#5033,#5034));
#865=EDGE_LOOP('',(#5035,#5036,#5037,#5038));
#866=EDGE_LOOP('',(#5039,#5040,#5041,#5042));
#867=EDGE_LOOP('',(#5043,#5044,#5045,#5046));
#868=EDGE_LOOP('',(#5047,#5048,#5049,#5050));
#869=EDGE_LOOP('',(#5051,#5052,#5053,#5054));
#870=EDGE_LOOP('',(#5055,#5056,#5057,#5058));
#871=EDGE_LOOP('',(#5059,#5060,#5061,#5062));
#872=EDGE_LOOP('',(#5063,#5064,#5065,#5066));
#873=EDGE_LOOP('',(#5067,#5068,#5069,#5070));
#874=EDGE_LOOP('',(#5071,#5072,#5073,#5074));
#875=EDGE_LOOP('',(#5075,#5076,#5077,#5078));
#876=EDGE_LOOP('',(#5079,#5080,#5081,#5082));
#877=EDGE_LOOP('',(#5083,#5084,#5085,#5086));
#878=EDGE_LOOP('',(#5087,#5088,#5089,#5090));
#879=EDGE_LOOP('',(#5091,#5092,#5093,#5094));
#880=EDGE_LOOP('',(#5095,#5096,#5097,#5098));
#881=EDGE_LOOP('',(#5099,#5100,#5101,#5102));
#882=EDGE_LOOP('',(#5103,#5104,#5105,#5106));
#883=EDGE_LOOP('',(#5107,#5108,#5109,#5110));
#884=EDGE_LOOP('',(#5111,#5112,#5113,#5114));
#885=EDGE_LOOP('',(#5115,#5116,#5117,#5118));
#886=EDGE_LOOP('',(#5119,#5120,#5121,#5122));
#887=EDGE_LOOP('',(#5123,#5124,#5125,#5126));
#888=EDGE_LOOP('',(#5127,#5128,#5129,#5130));
#889=EDGE_LOOP('',(#5131,#5132,#5133,#5134));
#890=EDGE_LOOP('',(#5135,#5136,#5137,#5138));
#891=EDGE_LOOP('',(#5139,#5140,#5141,#5142));
#892=EDGE_LOOP('',(#5143,#5144,#5145,#5146));
#893=EDGE_LOOP('',(#5147,#5148,#5149,#5150,#5151,#5152,#5153,#5154));
#894=EDGE_LOOP('',(#5155,#5156,#5157,#5158));
#895=EDGE_LOOP('',(#5159,#5160,#5161,#5162));
#896=EDGE_LOOP('',(#5163,#5164,#5165,#5166));
#897=EDGE_LOOP('',(#5167,#5168,#5169,#5170));
#898=EDGE_LOOP('',(#5171,#5172,#5173,#5174));
#899=EDGE_LOOP('',(#5175,#5176,#5177,#5178));
#900=EDGE_LOOP('',(#5179,#5180,#5181,#5182));
#901=EDGE_LOOP('',(#5183,#5184,#5185,#5186));
#902=EDGE_LOOP('',(#5187,#5188,#5189,#5190));
#903=EDGE_LOOP('',(#5191,#5192,#5193,#5194));
#904=EDGE_LOOP('',(#5195,#5196,#5197,#5198));
#905=EDGE_LOOP('',(#5199,#5200,#5201,#5202));
#906=EDGE_LOOP('',(#5203,#5204,#5205,#5206));
#907=EDGE_LOOP('',(#5207,#5208,#5209,#5210));
#908=EDGE_LOOP('',(#5211,#5212,#5213,#5214));
#909=EDGE_LOOP('',(#5215,#5216,#5217,#5218));
#910=EDGE_LOOP('',(#5219,#5220,#5221,#5222));
#911=EDGE_LOOP('',(#5223,#5224,#5225,#5226));
#912=EDGE_LOOP('',(#5227,#5228,#5229,#5230));
#913=EDGE_LOOP('',(#5231,#5232,#5233,#5234));
#914=EDGE_LOOP('',(#5235,#5236,#5237,#5238));
#915=EDGE_LOOP('',(#5239,#5240,#5241,#5242));
#916=EDGE_LOOP('',(#5243,#5244,#5245,#5246));
#917=EDGE_LOOP('',(#5247,#5248,#5249,#5250));
#918=EDGE_LOOP('',(#5251,#5252,#5253,#5254));
#919=EDGE_LOOP('',(#5255,#5256,#5257,#5258));
#920=EDGE_LOOP('',(#5259,#5260,#5261,#5262));
#921=EDGE_LOOP('',(#5263,#5264,#5265,#5266));
#922=EDGE_LOOP('',(#5267,#5268,#5269,#5270));
#923=EDGE_LOOP('',(#5271,#5272,#5273,#5274));
#924=EDGE_LOOP('',(#5275,#5276,#5277,#5278));
#925=EDGE_LOOP('',(#5279,#5280,#5281,#5282));
#926=EDGE_LOOP('',(#5283,#5284,#5285,#5286));
#927=EDGE_LOOP('',(#5287,#5288,#5289,#5290));
#928=EDGE_LOOP('',(#5291,#5292,#5293,#5294));
#929=EDGE_LOOP('',(#5295,#5296,#5297,#5298));
#930=EDGE_LOOP('',(#5299,#5300,#5301,#5302));
#931=EDGE_LOOP('',(#5303,#5304,#5305,#5306));
#932=EDGE_LOOP('',(#5307,#5308,#5309,#5310));
#933=EDGE_LOOP('',(#5311,#5312,#5313,#5314));
#934=EDGE_LOOP('',(#5315,#5316,#5317,#5318));
#935=EDGE_LOOP('',(#5319,#5320,#5321,#5322));
#936=EDGE_LOOP('',(#5323,#5324,#5325,#5326));
#937=EDGE_LOOP('',(#5327,#5328,#5329,#5330));
#938=EDGE_LOOP('',(#5331,#5332,#5333,#5334));
#939=EDGE_LOOP('',(#5335,#5336,#5337,#5338));
#940=EDGE_LOOP('',(#5339,#5340,#5341,#5342));
#941=EDGE_LOOP('',(#5343,#5344,#5345,#5346));
#942=EDGE_LOOP('',(#5347,#5348,#5349,#5350));
#943=EDGE_LOOP('',(#5351,#5352,#5353,#5354));
#944=EDGE_LOOP('',(#5355,#5356,#5357,#5358));
#945=EDGE_LOOP('',(#5359,#5360,#5361,#5362));
#946=EDGE_LOOP('',(#5363,#5364,#5365,#5366));
#947=EDGE_LOOP('',(#5367,#5368,#5369,#5370));
#948=EDGE_LOOP('',(#5371,#5372,#5373,#5374));
#949=EDGE_LOOP('',(#5375,#5376,#5377,#5378));
#950=EDGE_LOOP('',(#5379,#5380,#5381,#5382));
#951=EDGE_LOOP('',(#5383,#5384,#5385,#5386));
#952=EDGE_LOOP('',(#5387,#5388,#5389,#5390));
#953=EDGE_LOOP('',(#5391,#5392,#5393,#5394));
#954=EDGE_LOOP('',(#5395,#5396,#5397,#5398));
#955=EDGE_LOOP('',(#5399,#5400,#5401,#5402));
#956=EDGE_LOOP('',(#5403,#5404,#5405,#5406));
#957=EDGE_LOOP('',(#5407,#5408,#5409,#5410));
#958=EDGE_LOOP('',(#5411,#5412,#5413,#5414));
#959=EDGE_LOOP('',(#5415,#5416,#5417,#5418));
#960=EDGE_LOOP('',(#5419,#5420,#5421,#5422));
#961=EDGE_LOOP('',(#5423,#5424,#5425,#5426));
#962=EDGE_LOOP('',(#5427,#5428,#5429,#5430));
#963=EDGE_LOOP('',(#5431,#5432,#5433,#5434));
#964=EDGE_LOOP('',(#5435,#5436,#5437,#5438));
#965=EDGE_LOOP('',(#5439,#5440,#5441,#5442));
#966=EDGE_LOOP('',(#5443,#5444,#5445,#5446));
#967=EDGE_LOOP('',(#5447,#5448,#5449,#5450));
#968=EDGE_LOOP('',(#5451,#5452,#5453,#5454));
#969=EDGE_LOOP('',(#5455,#5456,#5457,#5458));
#970=EDGE_LOOP('',(#5459,#5460,#5461,#5462));
#971=EDGE_LOOP('',(#5463,#5464,#5465,#5466));
#972=EDGE_LOOP('',(#5467,#5468,#5469,#5470));
#973=EDGE_LOOP('',(#5471,#5472,#5473,#5474));
#974=EDGE_LOOP('',(#5475,#5476,#5477,#5478));
#975=EDGE_LOOP('',(#5479,#5480,#5481,#5482));
#976=EDGE_LOOP('',(#5483,#5484,#5485,#5486));
#977=EDGE_LOOP('',(#5487,#5488,#5489,#5490));
#978=EDGE_LOOP('',(#5491,#5492,#5493,#5494));
#979=EDGE_LOOP('',(#5495,#5496,#5497,#5498));
#980=EDGE_LOOP('',(#5499,#5500,#5501,#5502));
#981=EDGE_LOOP('',(#5503,#5504,#5505,#5506));
#982=EDGE_LOOP('',(#5507,#5508,#5509,#5510));
#983=EDGE_LOOP('',(#5511,#5512,#5513,#5514));
#984=EDGE_LOOP('',(#5515,#5516,#5517,#5518));
#985=EDGE_LOOP('',(#5519,#5520,#5521,#5522));
#986=EDGE_LOOP('',(#5523,#5524,#5525,#5526));
#987=EDGE_LOOP('',(#5527,#5528,#5529,#5530));
#988=EDGE_LOOP('',(#5531,#5532,#5533,#5534));
#989=EDGE_LOOP('',(#5535,#5536,#5537,#5538));
#990=EDGE_LOOP('',(#5539,#5540,#5541,#5542));
#991=EDGE_LOOP('',(#5543,#5544,#5545,#5546));
#992=EDGE_LOOP('',(#5547,#5548,#5549,#5550));
#993=EDGE_LOOP('',(#5551,#5552,#5553,#5554));
#994=EDGE_LOOP('',(#5555,#5556,#5557,#5558));
#995=EDGE_LOOP('',(#5559,#5560,#5561,#5562));
#996=EDGE_LOOP('',(#5563,#5564,#5565,#5566));
#997=EDGE_LOOP('',(#5567));
#998=EDGE_LOOP('',(#5568,#5569,#5570,#5571,#5572,#5573,#5574,#5575,#5576,
#5577,#5578,#5579,#5580,#5581,#5582,#5583,#5584,#5585,#5586,#5587));
#999=EDGE_LOOP('',(#5588));
#1000=EDGE_LOOP('',(#5589));
#1001=EDGE_LOOP('',(#5590));
#1002=EDGE_LOOP('',(#5591));
#1003=EDGE_LOOP('',(#5592));
#1004=EDGE_LOOP('',(#5593));
#1005=EDGE_LOOP('',(#5594));
#1006=EDGE_LOOP('',(#5595,#5596,#5597,#5598));
#1007=EDGE_LOOP('',(#5599));
#1008=EDGE_LOOP('',(#5600));
#1009=EDGE_LOOP('',(#5601));
#1010=EDGE_LOOP('',(#5602));
#1011=EDGE_LOOP('',(#5603));
#1012=EDGE_LOOP('',(#5604));
#1013=EDGE_LOOP('',(#5605));
#1014=EDGE_LOOP('',(#5606));
#1015=EDGE_LOOP('',(#5607));
#1016=EDGE_LOOP('',(#5608));
#1017=EDGE_LOOP('',(#5609,#5610,#5611,#5612));
#1018=EDGE_LOOP('',(#5613));
#1019=EDGE_LOOP('',(#5614));
#1020=EDGE_LOOP('',(#5615));
#1021=EDGE_LOOP('',(#5616));
#1022=EDGE_LOOP('',(#5617));
#1023=EDGE_LOOP('',(#5618,#5619,#5620,#5621));
#1024=EDGE_LOOP('',(#5622));
#1025=EDGE_LOOP('',(#5623));
#1026=EDGE_LOOP('',(#5624));
#1027=EDGE_LOOP('',(#5625));
#1028=EDGE_LOOP('',(#5626,#5627,#5628,#5629));
#1029=EDGE_LOOP('',(#5630,#5631,#5632,#5633));
#1030=EDGE_LOOP('',(#5634,#5635,#5636,#5637));
#1031=EDGE_LOOP('',(#5638));
#1032=EDGE_LOOP('',(#5639));
#1033=EDGE_LOOP('',(#5640,#5641,#5642,#5643));
#1034=EDGE_LOOP('',(#5644,#5645,#5646,#5647));
#1035=EDGE_LOOP('',(#5648));
#1036=EDGE_LOOP('',(#5649));
#1037=EDGE_LOOP('',(#5650,#5651,#5652,#5653));
#1038=EDGE_LOOP('',(#5654,#5655,#5656,#5657));
#1039=EDGE_LOOP('',(#5658));
#1040=EDGE_LOOP('',(#5659));
#1041=EDGE_LOOP('',(#5660,#5661,#5662,#5663));
#1042=EDGE_LOOP('',(#5664,#5665,#5666,#5667));
#1043=EDGE_LOOP('',(#5668));
#1044=EDGE_LOOP('',(#5669));
#1045=EDGE_LOOP('',(#5670,#5671,#5672,#5673));
#1046=EDGE_LOOP('',(#5674,#5675,#5676,#5677));
#1047=EDGE_LOOP('',(#5678));
#1048=EDGE_LOOP('',(#5679));
#1049=EDGE_LOOP('',(#5680,#5681,#5682,#5683));
#1050=EDGE_LOOP('',(#5684,#5685,#5686,#5687));
#1051=EDGE_LOOP('',(#5688));
#1052=EDGE_LOOP('',(#5689));
#1053=EDGE_LOOP('',(#5690,#5691,#5692,#5693));
#1054=EDGE_LOOP('',(#5694,#5695,#5696,#5697));
#1055=EDGE_LOOP('',(#5698));
#1056=EDGE_LOOP('',(#5699));
#1057=EDGE_LOOP('',(#5700,#5701,#5702,#5703));
#1058=EDGE_LOOP('',(#5704,#5705,#5706,#5707));
#1059=EDGE_LOOP('',(#5708));
#1060=EDGE_LOOP('',(#5709));
#1061=EDGE_LOOP('',(#5710,#5711,#5712,#5713));
#1062=EDGE_LOOP('',(#5714,#5715,#5716,#5717));
#1063=EDGE_LOOP('',(#5718));
#1064=EDGE_LOOP('',(#5719));
#1065=EDGE_LOOP('',(#5720,#5721,#5722,#5723));
#1066=EDGE_LOOP('',(#5724,#5725,#5726,#5727));
#1067=EDGE_LOOP('',(#5728,#5729,#5730,#5731));
#1068=EDGE_LOOP('',(#5732,#5733,#5734,#5735));
#1069=EDGE_LOOP('',(#5736,#5737,#5738,#5739));
#1070=EDGE_LOOP('',(#5740,#5741,#5742,#5743));
#1071=EDGE_LOOP('',(#5744));
#1072=EDGE_LOOP('',(#5745,#5746,#5747,#5748));
#1073=EDGE_LOOP('',(#5749,#5750,#5751,#5752));
#1074=EDGE_LOOP('',(#5753));
#1075=EDGE_LOOP('',(#5754));
#1076=EDGE_LOOP('',(#5755,#5756,#5757,#5758));
#1077=EDGE_LOOP('',(#5759,#5760,#5761,#5762));
#1078=EDGE_LOOP('',(#5763));
#1079=EDGE_LOOP('',(#5764));
#1080=EDGE_LOOP('',(#5765,#5766,#5767,#5768));
#1081=EDGE_LOOP('',(#5769,#5770,#5771,#5772));
#1082=EDGE_LOOP('',(#5773));
#1083=EDGE_LOOP('',(#5774));
#1084=EDGE_LOOP('',(#5775,#5776,#5777,#5778));
#1085=EDGE_LOOP('',(#5779,#5780,#5781,#5782));
#1086=EDGE_LOOP('',(#5783,#5784,#5785,#5786));
#1087=EDGE_LOOP('',(#5787,#5788,#5789,#5790));
#1088=EDGE_LOOP('',(#5791,#5792,#5793,#5794));
#1089=EDGE_LOOP('',(#5795,#5796,#5797,#5798));
#1090=EDGE_LOOP('',(#5799,#5800,#5801,#5802));
#1091=EDGE_LOOP('',(#5803,#5804,#5805,#5806));
#1092=EDGE_LOOP('',(#5807,#5808,#5809,#5810));
#1093=EDGE_LOOP('',(#5811,#5812,#5813,#5814));
#1094=EDGE_LOOP('',(#5815,#5816,#5817,#5818));
#1095=EDGE_LOOP('',(#5819,#5820,#5821,#5822));
#1096=EDGE_LOOP('',(#5823,#5824,#5825,#5826));
#1097=EDGE_LOOP('',(#5827,#5828,#5829,#5830));
#1098=EDGE_LOOP('',(#5831,#5832,#5833,#5834));
#1099=EDGE_LOOP('',(#5835,#5836,#5837,#5838));
#1100=EDGE_LOOP('',(#5839,#5840,#5841,#5842));
#1101=EDGE_LOOP('',(#5843,#5844,#5845,#5846));
#1102=EDGE_LOOP('',(#5847,#5848,#5849,#5850));
#1103=EDGE_LOOP('',(#5851,#5852,#5853,#5854));
#1104=EDGE_LOOP('',(#5855,#5856,#5857,#5858));
#1105=EDGE_LOOP('',(#5859,#5860,#5861,#5862));
#1106=EDGE_LOOP('',(#5863,#5864,#5865,#5866));
#1107=EDGE_LOOP('',(#5867,#5868,#5869,#5870));
#1108=EDGE_LOOP('',(#5871,#5872,#5873,#5874));
#1109=EDGE_LOOP('',(#5875,#5876,#5877,#5878));
#1110=EDGE_LOOP('',(#5879,#5880,#5881,#5882));
#1111=EDGE_LOOP('',(#5883,#5884,#5885,#5886));
#1112=EDGE_LOOP('',(#5887,#5888,#5889,#5890));
#1113=EDGE_LOOP('',(#5891,#5892,#5893,#5894));
#1114=EDGE_LOOP('',(#5895,#5896,#5897,#5898));
#1115=EDGE_LOOP('',(#5899,#5900,#5901,#5902));
#1116=EDGE_LOOP('',(#5903,#5904,#5905,#5906));
#1117=EDGE_LOOP('',(#5907,#5908,#5909,#5910));
#1118=EDGE_LOOP('',(#5911,#5912,#5913,#5914));
#1119=EDGE_LOOP('',(#5915,#5916,#5917,#5918));
#1120=EDGE_LOOP('',(#5919,#5920,#5921,#5922));
#1121=EDGE_LOOP('',(#5923,#5924,#5925,#5926));
#1122=EDGE_LOOP('',(#5927,#5928,#5929,#5930));
#1123=EDGE_LOOP('',(#5931,#5932,#5933,#5934));
#1124=EDGE_LOOP('',(#5935,#5936,#5937,#5938));
#1125=EDGE_LOOP('',(#5939,#5940,#5941,#5942));
#1126=EDGE_LOOP('',(#5943,#5944,#5945,#5946));
#1127=EDGE_LOOP('',(#5947,#5948,#5949,#5950));
#1128=EDGE_LOOP('',(#5951,#5952,#5953,#5954));
#1129=EDGE_LOOP('',(#5955,#5956,#5957,#5958));
#1130=EDGE_LOOP('',(#5959,#5960,#5961,#5962));
#1131=EDGE_LOOP('',(#5963,#5964,#5965,#5966));
#1132=EDGE_LOOP('',(#5967,#5968,#5969,#5970));
#1133=EDGE_LOOP('',(#5971,#5972,#5973,#5974));
#1134=EDGE_LOOP('',(#5975,#5976,#5977,#5978));
#1135=EDGE_LOOP('',(#5979,#5980,#5981,#5982));
#1136=EDGE_LOOP('',(#5983,#5984,#5985,#5986));
#1137=EDGE_LOOP('',(#5987,#5988,#5989,#5990,#5991,#5992,#5993,#5994,#5995,
#5996,#5997,#5998,#5999,#6000,#6001,#6002,#6003,#6004,#6005,#6006));
#1138=EDGE_LOOP('',(#6007));
#1139=EDGE_LOOP('',(#6008));
#1140=EDGE_LOOP('',(#6009));
#1141=EDGE_LOOP('',(#6010));
#1142=EDGE_LOOP('',(#6011));
#1143=EDGE_LOOP('',(#6012));
#1144=EDGE_LOOP('',(#6013));
#1145=EDGE_LOOP('',(#6014));
#1146=EDGE_LOOP('',(#6015));
#1147=EDGE_LOOP('',(#6016));
#1148=EDGE_LOOP('',(#6017));
#1149=EDGE_LOOP('',(#6018));
#1150=EDGE_LOOP('',(#6019));
#1151=EDGE_LOOP('',(#6020));
#1152=EDGE_LOOP('',(#6021));
#1153=EDGE_LOOP('',(#6022));
#1154=EDGE_LOOP('',(#6023));
#1155=EDGE_LOOP('',(#6024));
#1156=EDGE_LOOP('',(#6025));
#1157=EDGE_LOOP('',(#6026));
#1158=EDGE_LOOP('',(#6027));
#1159=EDGE_LOOP('',(#6028));
#1160=EDGE_LOOP('',(#6029));
#1161=EDGE_LOOP('',(#6030));
#1162=EDGE_LOOP('',(#6031,#6032,#6033,#6034));
#1163=EDGE_LOOP('',(#6035));
#1164=EDGE_LOOP('',(#6036));
#1165=EDGE_LOOP('',(#6037));
#1166=EDGE_LOOP('',(#6038));
#1167=LINE('',#9209,#1965);
#1168=LINE('',#9211,#1966);
#1169=LINE('',#9213,#1967);
#1170=LINE('',#9214,#1968);
#1171=LINE('',#9218,#1969);
#1172=LINE('',#9220,#1970);
#1173=LINE('',#9222,#1971);
#1174=LINE('',#9223,#1972);
#1175=LINE('',#9227,#1973);
#1176=LINE('',#9228,#1974);
#1177=LINE('',#9229,#1975);
#1178=LINE('',#9233,#1976);
#1179=LINE('',#9234,#1977);
#1180=LINE('',#9235,#1978);
#1181=LINE('',#9238,#1979);
#1182=LINE('',#9240,#1980);
#1183=LINE('',#9242,#1981);
#1184=LINE('',#9243,#1982);
#1185=LINE('',#9245,#1983);
#1186=LINE('',#9246,#1984);
#1187=LINE('',#9250,#1985);
#1188=LINE('',#9252,#1986);
#1189=LINE('',#9254,#1987);
#1190=LINE('',#9256,#1988);
#1191=LINE('',#9258,#1989);
#1192=LINE('',#9260,#1990);
#1193=LINE('',#9262,#1991);
#1194=LINE('',#9263,#1992);
#1195=LINE('',#9267,#1993);
#1196=LINE('',#9269,#1994);
#1197=LINE('',#9271,#1995);
#1198=LINE('',#9272,#1996);
#1199=LINE('',#9276,#1997);
#1200=LINE('',#9277,#1998);
#1201=LINE('',#9278,#1999);
#1202=LINE('',#9282,#2000);
#1203=LINE('',#9283,#2001);
#1204=LINE('',#9284,#2002);
#1205=LINE('',#9287,#2003);
#1206=LINE('',#9289,#2004);
#1207=LINE('',#9291,#2005);
#1208=LINE('',#9292,#2006);
#1209=LINE('',#9294,#2007);
#1210=LINE('',#9295,#2008);
#1211=LINE('',#9299,#2009);
#1212=LINE('',#9301,#2010);
#1213=LINE('',#9303,#2011);
#1214=LINE('',#9304,#2012);
#1215=LINE('',#9308,#2013);
#1216=LINE('',#9310,#2014);
#1217=LINE('',#9312,#2015);
#1218=LINE('',#9313,#2016);
#1219=LINE('',#9316,#2017);
#1220=LINE('',#9318,#2018);
#1221=LINE('',#9319,#2019);
#1222=LINE('',#9322,#2020);
#1223=LINE('',#9324,#2021);
#1224=LINE('',#9325,#2022);
#1225=LINE('',#9328,#2023);
#1226=LINE('',#9330,#2024);
#1227=LINE('',#9332,#2025);
#1228=LINE('',#9333,#2026);
#1229=LINE('',#9335,#2027);
#1230=LINE('',#9336,#2028);
#1231=LINE('',#9340,#2029);
#1232=LINE('',#9342,#2030);
#1233=LINE('',#9344,#2031);
#1234=LINE('',#9346,#2032);
#1235=LINE('',#9348,#2033);
#1236=LINE('',#9350,#2034);
#1237=LINE('',#9352,#2035);
#1238=LINE('',#9353,#2036);
#1239=LINE('',#9357,#2037);
#1240=LINE('',#9359,#2038);
#1241=LINE('',#9361,#2039);
#1242=LINE('',#9362,#2040);
#1243=LINE('',#9365,#2041);
#1244=LINE('',#9367,#2042);
#1245=LINE('',#9368,#2043);
#1246=LINE('',#9371,#2044);
#1247=LINE('',#9373,#2045);
#1248=LINE('',#9374,#2046);
#1249=LINE('',#9376,#2047);
#1250=LINE('',#9378,#2048);
#1251=LINE('',#9379,#2049);
#1252=LINE('',#9382,#2050);
#1253=LINE('',#9384,#2051);
#1254=LINE('',#9385,#2052);
#1255=LINE('',#9387,#2053);
#1256=LINE('',#9391,#2054);
#1257=LINE('',#9393,#2055);
#1258=LINE('',#9395,#2056);
#1259=LINE('',#9396,#2057);
#1260=LINE('',#9398,#2058);
#1261=LINE('',#9400,#2059);
#1262=LINE('',#9401,#2060);
#1263=LINE('',#9403,#2061);
#1264=LINE('',#9405,#2062);
#1265=LINE('',#9406,#2063);
#1266=LINE('',#9408,#2064);
#1267=LINE('',#9410,#2065);
#1268=LINE('',#9411,#2066);
#1269=LINE('',#9413,#2067);
#1270=LINE('',#9415,#2068);
#1271=LINE('',#9417,#2069);
#1272=LINE('',#9419,#2070);
#1273=LINE('',#9421,#2071);
#1274=LINE('',#9423,#2072);
#1275=LINE('',#9425,#2073);
#1276=LINE('',#9427,#2074);
#1277=LINE('',#9428,#2075);
#1278=LINE('',#9431,#2076);
#1279=LINE('',#9433,#2077);
#1280=LINE('',#9435,#2078);
#1281=LINE('',#9437,#2079);
#1282=LINE('',#9439,#2080);
#1283=LINE('',#9441,#2081);
#1284=LINE('',#9443,#2082);
#1285=LINE('',#9445,#2083);
#1286=LINE('',#9447,#2084);
#1287=LINE('',#9449,#2085);
#1288=LINE('',#9450,#2086);
#1289=LINE('',#9452,#2087);
#1290=LINE('',#9453,#2088);
#1291=LINE('',#9455,#2089);
#1292=LINE('',#9458,#2090);
#1293=LINE('',#9460,#2091);
#1294=LINE('',#9461,#2092);
#1295=LINE('',#9464,#2093);
#1296=LINE('',#9466,#2094);
#1297=LINE('',#9468,#2095);
#1298=LINE('',#9469,#2096);
#1299=LINE('',#9472,#2097);
#1300=LINE('',#9474,#2098);
#1301=LINE('',#9476,#2099);
#1302=LINE('',#9477,#2100);
#1303=LINE('',#9478,#2101);
#1304=LINE('',#9480,#2102);
#1305=LINE('',#9482,#2103);
#1306=LINE('',#9483,#2104);
#1307=LINE('',#9485,#2105);
#1308=LINE('',#9487,#2106);
#1309=LINE('',#9488,#2107);
#1310=LINE('',#9490,#2108);
#1311=LINE('',#9492,#2109);
#1312=LINE('',#9493,#2110);
#1313=LINE('',#9497,#2111);
#1314=LINE('',#9498,#2112);
#1315=LINE('',#9499,#2113);
#1316=LINE('',#9501,#2114);
#1317=LINE('',#9503,#2115);
#1318=LINE('',#9505,#2116);
#1319=LINE('',#9507,#2117);
#1320=LINE('',#9508,#2118);
#1321=LINE('',#9510,#2119);
#1322=LINE('',#9516,#2120);
#1323=LINE('',#9518,#2121);
#1324=LINE('',#9519,#2122);
#1325=LINE('',#9523,#2123);
#1326=LINE('',#9524,#2124);
#1327=LINE('',#9526,#2125);
#1328=LINE('',#9527,#2126);
#1329=LINE('',#9528,#2127);
#1330=LINE('',#9531,#2128);
#1331=LINE('',#9532,#2129);
#1332=LINE('',#9535,#2130);
#1333=LINE('',#9536,#2131);
#1334=LINE('',#9539,#2132);
#1335=LINE('',#9540,#2133);
#1336=LINE('',#9543,#2134);
#1337=LINE('',#9545,#2135);
#1338=LINE('',#9547,#2136);
#1339=LINE('',#9549,#2137);
#1340=LINE('',#9550,#2138);
#1341=LINE('',#9552,#2139);
#1342=LINE('',#9553,#2140);
#1343=LINE('',#9556,#2141);
#1344=LINE('',#9557,#2142);
#1345=LINE('',#9559,#2143);
#1346=LINE('',#9563,#2144);
#1347=LINE('',#9565,#2145);
#1348=LINE('',#9567,#2146);
#1349=LINE('',#9568,#2147);
#1350=LINE('',#9571,#2148);
#1351=LINE('',#9573,#2149);
#1352=LINE('',#9575,#2150);
#1353=LINE('',#9576,#2151);
#1354=LINE('',#9579,#2152);
#1355=LINE('',#9581,#2153);
#1356=LINE('',#9583,#2154);
#1357=LINE('',#9584,#2155);
#1358=LINE('',#9587,#2156);
#1359=LINE('',#9589,#2157);
#1360=LINE('',#9591,#2158);
#1361=LINE('',#9592,#2159);
#1362=LINE('',#9594,#2160);
#1363=LINE('',#9596,#2161);
#1364=LINE('',#9599,#2162);
#1365=LINE('',#9600,#2163);
#1366=LINE('',#9602,#2164);
#1367=LINE('',#9603,#2165);
#1368=LINE('',#9605,#2166);
#1369=LINE('',#9608,#2167);
#1370=LINE('',#9609,#2168);
#1371=LINE('',#9612,#2169);
#1372=LINE('',#9613,#2170);
#1373=LINE('',#9616,#2171);
#1374=LINE('',#9618,#2172);
#1375=LINE('',#9620,#2173);
#1376=LINE('',#9621,#2174);
#1377=LINE('',#9623,#2175);
#1378=LINE('',#9626,#2176);
#1379=LINE('',#9628,#2177);
#1380=LINE('',#9629,#2178);
#1381=LINE('',#9631,#2179);
#1382=LINE('',#9632,#2180);
#1383=LINE('',#9636,#2181);
#1384=LINE('',#9638,#2182);
#1385=LINE('',#9641,#2183);
#1386=LINE('',#9643,#2184);
#1387=LINE('',#9646,#2185);
#1388=LINE('',#9648,#2186);
#1389=LINE('',#9655,#2187);
#1390=LINE('',#9657,#2188);
#1391=LINE('',#9659,#2189);
#1392=LINE('',#9660,#2190);
#1393=LINE('',#9663,#2191);
#1394=LINE('',#9665,#2192);
#1395=LINE('',#9666,#2193);
#1396=LINE('',#9669,#2194);
#1397=LINE('',#9670,#2195);
#1398=LINE('',#9673,#2196);
#1399=LINE('',#9674,#2197);
#1400=LINE('',#9676,#2198);
#1401=LINE('',#9679,#2199);
#1402=LINE('',#9681,#2200);
#1403=LINE('',#9682,#2201);
#1404=LINE('',#9685,#2202);
#1405=LINE('',#9686,#2203);
#1406=LINE('',#9689,#2204);
#1407=LINE('',#9690,#2205);
#1408=LINE('',#9692,#2206);
#1409=LINE('',#9696,#2207);
#1410=LINE('',#9698,#2208);
#1411=LINE('',#9700,#2209);
#1412=LINE('',#9701,#2210);
#1413=LINE('',#9705,#2211);
#1414=LINE('',#9707,#2212);
#1415=LINE('',#9709,#2213);
#1416=LINE('',#9710,#2214);
#1417=LINE('',#9713,#2215);
#1418=LINE('',#9715,#2216);
#1419=LINE('',#9716,#2217);
#1420=LINE('',#9719,#2218);
#1421=LINE('',#9720,#2219);
#1422=LINE('',#9723,#2220);
#1423=LINE('',#9724,#2221);
#1424=LINE('',#9726,#2222);
#1425=LINE('',#9729,#2223);
#1426=LINE('',#9731,#2224);
#1427=LINE('',#9732,#2225);
#1428=LINE('',#9735,#2226);
#1429=LINE('',#9736,#2227);
#1430=LINE('',#9739,#2228);
#1431=LINE('',#9740,#2229);
#1432=LINE('',#9742,#2230);
#1433=LINE('',#9746,#2231);
#1434=LINE('',#9748,#2232);
#1435=LINE('',#9750,#2233);
#1436=LINE('',#9751,#2234);
#1437=LINE('',#9755,#2235);
#1438=LINE('',#9757,#2236);
#1439=LINE('',#9759,#2237);
#1440=LINE('',#9760,#2238);
#1441=LINE('',#9763,#2239);
#1442=LINE('',#9765,#2240);
#1443=LINE('',#9766,#2241);
#1444=LINE('',#9769,#2242);
#1445=LINE('',#9770,#2243);
#1446=LINE('',#9773,#2244);
#1447=LINE('',#9774,#2245);
#1448=LINE('',#9776,#2246);
#1449=LINE('',#9779,#2247);
#1450=LINE('',#9781,#2248);
#1451=LINE('',#9782,#2249);
#1452=LINE('',#9785,#2250);
#1453=LINE('',#9786,#2251);
#1454=LINE('',#9789,#2252);
#1455=LINE('',#9790,#2253);
#1456=LINE('',#9792,#2254);
#1457=LINE('',#9796,#2255);
#1458=LINE('',#9798,#2256);
#1459=LINE('',#9800,#2257);
#1460=LINE('',#9801,#2258);
#1461=LINE('',#9805,#2259);
#1462=LINE('',#9807,#2260);
#1463=LINE('',#9809,#2261);
#1464=LINE('',#9810,#2262);
#1465=LINE('',#9813,#2263);
#1466=LINE('',#9815,#2264);
#1467=LINE('',#9816,#2265);
#1468=LINE('',#9819,#2266);
#1469=LINE('',#9820,#2267);
#1470=LINE('',#9823,#2268);
#1471=LINE('',#9824,#2269);
#1472=LINE('',#9826,#2270);
#1473=LINE('',#9829,#2271);
#1474=LINE('',#9831,#2272);
#1475=LINE('',#9832,#2273);
#1476=LINE('',#9835,#2274);
#1477=LINE('',#9836,#2275);
#1478=LINE('',#9839,#2276);
#1479=LINE('',#9840,#2277);
#1480=LINE('',#9842,#2278);
#1481=LINE('',#9846,#2279);
#1482=LINE('',#9848,#2280);
#1483=LINE('',#9850,#2281);
#1484=LINE('',#9851,#2282);
#1485=LINE('',#9853,#2283);
#1486=LINE('',#9854,#2284);
#1487=LINE('',#9856,#2285);
#1488=LINE('',#9858,#2286);
#1489=LINE('',#9861,#2287);
#1490=LINE('',#9862,#2288);
#1491=LINE('',#9864,#2289);
#1492=LINE('',#9866,#2290);
#1493=LINE('',#9869,#2291);
#1494=LINE('',#9870,#2292);
#1495=LINE('',#9872,#2293);
#1496=LINE('',#9874,#2294);
#1497=LINE('',#9877,#2295);
#1498=LINE('',#9878,#2296);
#1499=LINE('',#9880,#2297);
#1500=LINE('',#9882,#2298);
#1501=LINE('',#9885,#2299);
#1502=LINE('',#9886,#2300);
#1503=LINE('',#9888,#2301);
#1504=LINE('',#9890,#2302);
#1505=LINE('',#9893,#2303);
#1506=LINE('',#9894,#2304);
#1507=LINE('',#9896,#2305);
#1508=LINE('',#9898,#2306);
#1509=LINE('',#9901,#2307);
#1510=LINE('',#9902,#2308);
#1511=LINE('',#9904,#2309);
#1512=LINE('',#9906,#2310);
#1513=LINE('',#9909,#2311);
#1514=LINE('',#9910,#2312);
#1515=LINE('',#9912,#2313);
#1516=LINE('',#9914,#2314);
#1517=LINE('',#9920,#2315);
#1518=LINE('',#9922,#2316);
#1519=LINE('',#9924,#2317);
#1520=LINE('',#9926,#2318);
#1521=LINE('',#9928,#2319);
#1522=LINE('',#9930,#2320);
#1523=LINE('',#9932,#2321);
#1524=LINE('',#9933,#2322);
#1525=LINE('',#9936,#2323);
#1526=LINE('',#9938,#2324);
#1527=LINE('',#9939,#2325);
#1528=LINE('',#9942,#2326);
#1529=LINE('',#9944,#2327);
#1530=LINE('',#9946,#2328);
#1531=LINE('',#9947,#2329);
#1532=LINE('',#9950,#2330);
#1533=LINE('',#9952,#2331);
#1534=LINE('',#9954,#2332);
#1535=LINE('',#9955,#2333);
#1536=LINE('',#9958,#2334);
#1537=LINE('',#9960,#2335);
#1538=LINE('',#9962,#2336);
#1539=LINE('',#9963,#2337);
#1540=LINE('',#9966,#2338);
#1541=LINE('',#9968,#2339);
#1542=LINE('',#9970,#2340);
#1543=LINE('',#9971,#2341);
#1544=LINE('',#9974,#2342);
#1545=LINE('',#9976,#2343);
#1546=LINE('',#9978,#2344);
#1547=LINE('',#9979,#2345);
#1548=LINE('',#9982,#2346);
#1549=LINE('',#9984,#2347);
#1550=LINE('',#9986,#2348);
#1551=LINE('',#9987,#2349);
#1552=LINE('',#9990,#2350);
#1553=LINE('',#9992,#2351);
#1554=LINE('',#9994,#2352);
#1555=LINE('',#9995,#2353);
#1556=LINE('',#9998,#2354);
#1557=LINE('',#9999,#2355);
#1558=LINE('',#10002,#2356);
#1559=LINE('',#10003,#2357);
#1560=LINE('',#10006,#2358);
#1561=LINE('',#10007,#2359);
#1562=LINE('',#10010,#2360);
#1563=LINE('',#10012,#2361);
#1564=LINE('',#10013,#2362);
#1565=LINE('',#10016,#2363);
#1566=LINE('',#10017,#2364);
#1567=LINE('',#10020,#2365);
#1568=LINE('',#10021,#2366);
#1569=LINE('',#10023,#2367);
#1570=LINE('',#10026,#2368);
#1571=LINE('',#10028,#2369);
#1572=LINE('',#10029,#2370);
#1573=LINE('',#10032,#2371);
#1574=LINE('',#10033,#2372);
#1575=LINE('',#10036,#2373);
#1576=LINE('',#10037,#2374);
#1577=LINE('',#10039,#2375);
#1578=LINE('',#10042,#2376);
#1579=LINE('',#10044,#2377);
#1580=LINE('',#10045,#2378);
#1581=LINE('',#10048,#2379);
#1582=LINE('',#10049,#2380);
#1583=LINE('',#10052,#2381);
#1584=LINE('',#10053,#2382);
#1585=LINE('',#10055,#2383);
#1586=LINE('',#10058,#2384);
#1587=LINE('',#10060,#2385);
#1588=LINE('',#10061,#2386);
#1589=LINE('',#10064,#2387);
#1590=LINE('',#10065,#2388);
#1591=LINE('',#10068,#2389);
#1592=LINE('',#10069,#2390);
#1593=LINE('',#10071,#2391);
#1594=LINE('',#10074,#2392);
#1595=LINE('',#10076,#2393);
#1596=LINE('',#10077,#2394);
#1597=LINE('',#10080,#2395);
#1598=LINE('',#10081,#2396);
#1599=LINE('',#10084,#2397);
#1600=LINE('',#10085,#2398);
#1601=LINE('',#10087,#2399);
#1602=LINE('',#10090,#2400);
#1603=LINE('',#10092,#2401);
#1604=LINE('',#10093,#2402);
#1605=LINE('',#10096,#2403);
#1606=LINE('',#10097,#2404);
#1607=LINE('',#10100,#2405);
#1608=LINE('',#10101,#2406);
#1609=LINE('',#10103,#2407);
#1610=LINE('',#10106,#2408);
#1611=LINE('',#10108,#2409);
#1612=LINE('',#10109,#2410);
#1613=LINE('',#10112,#2411);
#1614=LINE('',#10113,#2412);
#1615=LINE('',#10116,#2413);
#1616=LINE('',#10117,#2414);
#1617=LINE('',#10119,#2415);
#1618=LINE('',#10122,#2416);
#1619=LINE('',#10124,#2417);
#1620=LINE('',#10125,#2418);
#1621=LINE('',#10128,#2419);
#1622=LINE('',#10129,#2420);
#1623=LINE('',#10132,#2421);
#1624=LINE('',#10133,#2422);
#1625=LINE('',#10135,#2423);
#1626=LINE('',#10138,#2424);
#1627=LINE('',#10140,#2425);
#1628=LINE('',#10141,#2426);
#1629=LINE('',#10144,#2427);
#1630=LINE('',#10145,#2428);
#1631=LINE('',#10148,#2429);
#1632=LINE('',#10149,#2430);
#1633=LINE('',#10151,#2431);
#1634=LINE('',#10154,#2432);
#1635=LINE('',#10156,#2433);
#1636=LINE('',#10157,#2434);
#1637=LINE('',#10160,#2435);
#1638=LINE('',#10161,#2436);
#1639=LINE('',#10164,#2437);
#1640=LINE('',#10165,#2438);
#1641=LINE('',#10167,#2439);
#1642=LINE('',#10170,#2440);
#1643=LINE('',#10172,#2441);
#1644=LINE('',#10174,#2442);
#1645=LINE('',#10175,#2443);
#1646=LINE('',#10177,#2444);
#1647=LINE('',#10179,#2445);
#1648=LINE('',#10183,#2446);
#1649=LINE('',#10185,#2447);
#1650=LINE('',#10187,#2448);
#1651=LINE('',#10188,#2449);
#1652=LINE('',#10191,#2450);
#1653=LINE('',#10193,#2451);
#1654=LINE('',#10194,#2452);
#1655=LINE('',#10197,#2453);
#1656=LINE('',#10199,#2454);
#1657=LINE('',#10200,#2455);
#1658=LINE('',#10202,#2456);
#1659=LINE('',#10203,#2457);
#1660=LINE('',#10205,#2458);
#1661=LINE('',#10206,#2459);
#1662=LINE('',#10208,#2460);
#1663=LINE('',#10210,#2461);
#1664=LINE('',#10215,#2462);
#1665=LINE('',#10217,#2463);
#1666=LINE('',#10219,#2464);
#1667=LINE('',#10220,#2465);
#1668=LINE('',#10223,#2466);
#1669=LINE('',#10225,#2467);
#1670=LINE('',#10226,#2468);
#1671=LINE('',#10229,#2469);
#1672=LINE('',#10231,#2470);
#1673=LINE('',#10232,#2471);
#1674=LINE('',#10234,#2472);
#1675=LINE('',#10235,#2473);
#1676=LINE('',#10237,#2474);
#1677=LINE('',#10238,#2475);
#1678=LINE('',#10240,#2476);
#1679=LINE('',#10242,#2477);
#1680=LINE('',#10245,#2478);
#1681=LINE('',#10250,#2479);
#1682=LINE('',#10252,#2480);
#1683=LINE('',#10254,#2481);
#1684=LINE('',#10255,#2482);
#1685=LINE('',#10258,#2483);
#1686=LINE('',#10260,#2484);
#1687=LINE('',#10261,#2485);
#1688=LINE('',#10264,#2486);
#1689=LINE('',#10266,#2487);
#1690=LINE('',#10267,#2488);
#1691=LINE('',#10269,#2489);
#1692=LINE('',#10270,#2490);
#1693=LINE('',#10275,#2491);
#1694=LINE('',#10277,#2492);
#1695=LINE('',#10279,#2493);
#1696=LINE('',#10280,#2494);
#1697=LINE('',#10282,#2495);
#1698=LINE('',#10283,#2496);
#1699=LINE('',#10285,#2497);
#1700=LINE('',#10287,#2498);
#1701=LINE('',#10292,#2499);
#1702=LINE('',#10294,#2500);
#1703=LINE('',#10296,#2501);
#1704=LINE('',#10297,#2502);
#1705=LINE('',#10300,#2503);
#1706=LINE('',#10302,#2504);
#1707=LINE('',#10303,#2505);
#1708=LINE('',#10306,#2506);
#1709=LINE('',#10308,#2507);
#1710=LINE('',#10309,#2508);
#1711=LINE('',#10311,#2509);
#1712=LINE('',#10312,#2510);
#1713=LINE('',#10317,#2511);
#1714=LINE('',#10319,#2512);
#1715=LINE('',#10321,#2513);
#1716=LINE('',#10322,#2514);
#1717=LINE('',#10324,#2515);
#1718=LINE('',#10325,#2516);
#1719=LINE('',#10327,#2517);
#1720=LINE('',#10329,#2518);
#1721=LINE('',#10334,#2519);
#1722=LINE('',#10336,#2520);
#1723=LINE('',#10338,#2521);
#1724=LINE('',#10339,#2522);
#1725=LINE('',#10342,#2523);
#1726=LINE('',#10344,#2524);
#1727=LINE('',#10345,#2525);
#1728=LINE('',#10348,#2526);
#1729=LINE('',#10350,#2527);
#1730=LINE('',#10351,#2528);
#1731=LINE('',#10353,#2529);
#1732=LINE('',#10354,#2530);
#1733=LINE('',#10359,#2531);
#1734=LINE('',#10361,#2532);
#1735=LINE('',#10363,#2533);
#1736=LINE('',#10364,#2534);
#1737=LINE('',#10366,#2535);
#1738=LINE('',#10367,#2536);
#1739=LINE('',#10369,#2537);
#1740=LINE('',#10371,#2538);
#1741=LINE('',#10376,#2539);
#1742=LINE('',#10378,#2540);
#1743=LINE('',#10380,#2541);
#1744=LINE('',#10381,#2542);
#1745=LINE('',#10384,#2543);
#1746=LINE('',#10386,#2544);
#1747=LINE('',#10387,#2545);
#1748=LINE('',#10390,#2546);
#1749=LINE('',#10392,#2547);
#1750=LINE('',#10393,#2548);
#1751=LINE('',#10395,#2549);
#1752=LINE('',#10396,#2550);
#1753=LINE('',#10401,#2551);
#1754=LINE('',#10403,#2552);
#1755=LINE('',#10405,#2553);
#1756=LINE('',#10406,#2554);
#1757=LINE('',#10408,#2555);
#1758=LINE('',#10409,#2556);
#1759=LINE('',#10411,#2557);
#1760=LINE('',#10413,#2558);
#1761=LINE('',#10418,#2559);
#1762=LINE('',#10420,#2560);
#1763=LINE('',#10422,#2561);
#1764=LINE('',#10423,#2562);
#1765=LINE('',#10426,#2563);
#1766=LINE('',#10428,#2564);
#1767=LINE('',#10429,#2565);
#1768=LINE('',#10432,#2566);
#1769=LINE('',#10434,#2567);
#1770=LINE('',#10435,#2568);
#1771=LINE('',#10437,#2569);
#1772=LINE('',#10438,#2570);
#1773=LINE('',#10443,#2571);
#1774=LINE('',#10445,#2572);
#1775=LINE('',#10447,#2573);
#1776=LINE('',#10448,#2574);
#1777=LINE('',#10450,#2575);
#1778=LINE('',#10451,#2576);
#1779=LINE('',#10453,#2577);
#1780=LINE('',#10455,#2578);
#1781=LINE('',#10460,#2579);
#1782=LINE('',#10462,#2580);
#1783=LINE('',#10464,#2581);
#1784=LINE('',#10465,#2582);
#1785=LINE('',#10468,#2583);
#1786=LINE('',#10470,#2584);
#1787=LINE('',#10471,#2585);
#1788=LINE('',#10474,#2586);
#1789=LINE('',#10476,#2587);
#1790=LINE('',#10477,#2588);
#1791=LINE('',#10479,#2589);
#1792=LINE('',#10480,#2590);
#1793=LINE('',#10485,#2591);
#1794=LINE('',#10487,#2592);
#1795=LINE('',#10489,#2593);
#1796=LINE('',#10490,#2594);
#1797=LINE('',#10492,#2595);
#1798=LINE('',#10493,#2596);
#1799=LINE('',#10495,#2597);
#1800=LINE('',#10497,#2598);
#1801=LINE('',#10502,#2599);
#1802=LINE('',#10504,#2600);
#1803=LINE('',#10506,#2601);
#1804=LINE('',#10507,#2602);
#1805=LINE('',#10510,#2603);
#1806=LINE('',#10512,#2604);
#1807=LINE('',#10513,#2605);
#1808=LINE('',#10516,#2606);
#1809=LINE('',#10518,#2607);
#1810=LINE('',#10519,#2608);
#1811=LINE('',#10521,#2609);
#1812=LINE('',#10522,#2610);
#1813=LINE('',#10527,#2611);
#1814=LINE('',#10529,#2612);
#1815=LINE('',#10531,#2613);
#1816=LINE('',#10532,#2614);
#1817=LINE('',#10534,#2615);
#1818=LINE('',#10535,#2616);
#1819=LINE('',#10537,#2617);
#1820=LINE('',#10539,#2618);
#1821=LINE('',#10545,#2619);
#1822=LINE('',#10550,#2620);
#1823=LINE('',#10552,#2621);
#1824=LINE('',#10554,#2622);
#1825=LINE('',#10555,#2623);
#1826=LINE('',#10558,#2624);
#1827=LINE('',#10560,#2625);
#1828=LINE('',#10561,#2626);
#1829=LINE('',#10564,#2627);
#1830=LINE('',#10566,#2628);
#1831=LINE('',#10567,#2629);
#1832=LINE('',#10569,#2630);
#1833=LINE('',#10570,#2631);
#1834=LINE('',#10575,#2632);
#1835=LINE('',#10579,#2633);
#1836=LINE('',#10583,#2634);
#1837=LINE('',#10587,#2635);
#1838=LINE('',#10591,#2636);
#1839=LINE('',#10595,#2637);
#1840=LINE('',#10599,#2638);
#1841=LINE('',#10603,#2639);
#1842=LINE('',#10607,#2640);
#1843=LINE('',#10611,#2641);
#1844=LINE('',#10629,#2642);
#1845=LINE('',#10631,#2643);
#1846=LINE('',#10633,#2644);
#1847=LINE('',#10634,#2645);
#1848=LINE('',#10657,#2646);
#1849=LINE('',#10661,#2647);
#1850=LINE('',#10675,#2648);
#1851=LINE('',#10677,#2649);
#1852=LINE('',#10679,#2650);
#1853=LINE('',#10680,#2651);
#1854=LINE('',#10693,#2652);
#1855=LINE('',#10698,#2653);
#1856=LINE('',#10704,#2654);
#1857=LINE('',#10709,#2655);
#1858=LINE('',#10715,#2656);
#1859=LINE('',#10720,#2657);
#1860=LINE('',#10726,#2658);
#1861=LINE('',#10731,#2659);
#1862=LINE('',#10737,#2660);
#1863=LINE('',#10742,#2661);
#1864=LINE('',#10748,#2662);
#1865=LINE('',#10753,#2663);
#1866=LINE('',#10759,#2664);
#1867=LINE('',#10764,#2665);
#1868=LINE('',#10770,#2666);
#1869=LINE('',#10775,#2667);
#1870=LINE('',#10781,#2668);
#1871=LINE('',#10786,#2669);
#1872=LINE('',#10792,#2670);
#1873=LINE('',#10796,#2671);
#1874=LINE('',#10798,#2672);
#1875=LINE('',#10799,#2673);
#1876=LINE('',#10802,#2674);
#1877=LINE('',#10803,#2675);
#1878=LINE('',#10806,#2676);
#1879=LINE('',#10807,#2677);
#1880=LINE('',#10809,#2678);
#1881=LINE('',#10815,#2679);
#1882=LINE('',#10820,#2680);
#1883=LINE('',#10826,#2681);
#1884=LINE('',#10831,#2682);
#1885=LINE('',#10837,#2683);
#1886=LINE('',#10842,#2684);
#1887=LINE('',#10847,#2685);
#1888=LINE('',#10849,#2686);
#1889=LINE('',#10851,#2687);
#1890=LINE('',#10852,#2688);
#1891=LINE('',#10855,#2689);
#1892=LINE('',#10857,#2690);
#1893=LINE('',#10858,#2691);
#1894=LINE('',#10861,#2692);
#1895=LINE('',#10863,#2693);
#1896=LINE('',#10864,#2694);
#1897=LINE('',#10866,#2695);
#1898=LINE('',#10867,#2696);
#1899=LINE('',#10870,#2697);
#1900=LINE('',#10872,#2698);
#1901=LINE('',#10873,#2699);
#1902=LINE('',#10876,#2700);
#1903=LINE('',#10877,#2701);
#1904=LINE('',#10881,#2702);
#1905=LINE('',#10882,#2703);
#1906=LINE('',#10884,#2704);
#1907=LINE('',#10887,#2705);
#1908=LINE('',#10889,#2706);
#1909=LINE('',#10890,#2707);
#1910=LINE('',#10893,#2708);
#1911=LINE('',#10894,#2709);
#1912=LINE('',#10897,#2710);
#1913=LINE('',#10898,#2711);
#1914=LINE('',#10900,#2712);
#1915=LINE('',#10904,#2713);
#1916=LINE('',#10908,#2714);
#1917=LINE('',#10912,#2715);
#1918=LINE('',#10916,#2716);
#1919=LINE('',#10920,#2717);
#1920=LINE('',#10924,#2718);
#1921=LINE('',#10928,#2719);
#1922=LINE('',#10932,#2720);
#1923=LINE('',#10936,#2721);
#1924=LINE('',#10940,#2722);
#1925=LINE('',#10944,#2723);
#1926=LINE('',#10946,#2724);
#1927=LINE('',#10947,#2725);
#1928=LINE('',#10950,#2726);
#1929=LINE('',#10954,#2727);
#1930=LINE('',#10955,#2728);
#1931=LINE('',#10960,#2729);
#1932=LINE('',#10964,#2730);
#1933=LINE('',#10968,#2731);
#1934=LINE('',#10972,#2732);
#1935=LINE('',#10978,#2733);
#1936=LINE('',#10979,#2734);
#1937=LINE('',#10982,#2735);
#1938=LINE('',#10983,#2736);
#1939=LINE('',#10987,#2737);
#1940=LINE('',#10990,#2738);
#1941=LINE('',#10991,#2739);
#1942=LINE('',#10995,#2740);
#1943=LINE('',#10998,#2741);
#1944=LINE('',#10999,#2742);
#1945=LINE('',#11003,#2743);
#1946=LINE('',#11006,#2744);
#1947=LINE('',#11007,#2745);
#1948=LINE('',#11011,#2746);
#1949=LINE('',#11014,#2747);
#1950=LINE('',#11015,#2748);
#1951=LINE('',#11019,#2749);
#1952=LINE('',#11022,#2750);
#1953=LINE('',#11023,#2751);
#1954=LINE('',#11027,#2752);
#1955=LINE('',#11030,#2753);
#1956=LINE('',#11031,#2754);
#1957=LINE('',#11035,#2755);
#1958=LINE('',#11038,#2756);
#1959=LINE('',#11039,#2757);
#1960=LINE('',#11043,#2758);
#1961=LINE('',#11046,#2759);
#1962=LINE('',#11047,#2760);
#1963=LINE('',#11051,#2761);
#1964=LINE('',#11053,#2762);
#1965=VECTOR('',#7426,1000.);
#1966=VECTOR('',#7427,1000.);
#1967=VECTOR('',#7428,1000.);
#1968=VECTOR('',#7429,1000.);
#1969=VECTOR('',#7432,1000.);
#1970=VECTOR('',#7433,1000.);
#1971=VECTOR('',#7434,1000.);
#1972=VECTOR('',#7435,1000.);
#1973=VECTOR('',#7438,1000.);
#1974=VECTOR('',#7439,1000.);
#1975=VECTOR('',#7440,1000.);
#1976=VECTOR('',#7443,1000.);
#1977=VECTOR('',#7444,1000.);
#1978=VECTOR('',#7445,1000.);
#1979=VECTOR('',#7446,1000.);
#1980=VECTOR('',#7447,1000.);
#1981=VECTOR('',#7448,1000.);
#1982=VECTOR('',#7449,1000.);
#1983=VECTOR('',#7452,1000.);
#1984=VECTOR('',#7453,1000.);
#1985=VECTOR('',#7456,1000.);
#1986=VECTOR('',#7457,1000.);
#1987=VECTOR('',#7458,1000.);
#1988=VECTOR('',#7459,1000.);
#1989=VECTOR('',#7460,1000.);
#1990=VECTOR('',#7461,1000.);
#1991=VECTOR('',#7462,1000.);
#1992=VECTOR('',#7463,1000.);
#1993=VECTOR('',#7466,1000.);
#1994=VECTOR('',#7467,1000.);
#1995=VECTOR('',#7468,1000.);
#1996=VECTOR('',#7469,1000.);
#1997=VECTOR('',#7472,1000.);
#1998=VECTOR('',#7473,1000.);
#1999=VECTOR('',#7474,1000.);
#2000=VECTOR('',#7477,1000.);
#2001=VECTOR('',#7478,1000.);
#2002=VECTOR('',#7479,1000.);
#2003=VECTOR('',#7480,1000.);
#2004=VECTOR('',#7481,1000.);
#2005=VECTOR('',#7482,1000.);
#2006=VECTOR('',#7483,1000.);
#2007=VECTOR('',#7486,1000.);
#2008=VECTOR('',#7487,1000.);
#2009=VECTOR('',#7490,1000.);
#2010=VECTOR('',#7491,1000.);
#2011=VECTOR('',#7492,1000.);
#2012=VECTOR('',#7493,1000.);
#2013=VECTOR('',#7496,1000.);
#2014=VECTOR('',#7497,1000.);
#2015=VECTOR('',#7498,1000.);
#2016=VECTOR('',#7499,1000.);
#2017=VECTOR('',#7502,1000.);
#2018=VECTOR('',#7503,1000.);
#2019=VECTOR('',#7504,1000.);
#2020=VECTOR('',#7507,1000.);
#2021=VECTOR('',#7508,1000.);
#2022=VECTOR('',#7509,1000.);
#2023=VECTOR('',#7510,1000.);
#2024=VECTOR('',#7511,1000.);
#2025=VECTOR('',#7512,1000.);
#2026=VECTOR('',#7513,1000.);
#2027=VECTOR('',#7516,1000.);
#2028=VECTOR('',#7517,1000.);
#2029=VECTOR('',#7520,1000.);
#2030=VECTOR('',#7521,1000.);
#2031=VECTOR('',#7522,1000.);
#2032=VECTOR('',#7523,1000.);
#2033=VECTOR('',#7524,1000.);
#2034=VECTOR('',#7525,1000.);
#2035=VECTOR('',#7526,1000.);
#2036=VECTOR('',#7527,1000.);
#2037=VECTOR('',#7530,1000.);
#2038=VECTOR('',#7531,1000.);
#2039=VECTOR('',#7532,1000.);
#2040=VECTOR('',#7533,1000.);
#2041=VECTOR('',#7536,1000.);
#2042=VECTOR('',#7537,1000.);
#2043=VECTOR('',#7538,1000.);
#2044=VECTOR('',#7541,1000.);
#2045=VECTOR('',#7542,1000.);
#2046=VECTOR('',#7543,1000.);
#2047=VECTOR('',#7544,1000.);
#2048=VECTOR('',#7545,1000.);
#2049=VECTOR('',#7546,1000.);
#2050=VECTOR('',#7549,1000.);
#2051=VECTOR('',#7550,1000.);
#2052=VECTOR('',#7551,1000.);
#2053=VECTOR('',#7554,1000.);
#2054=VECTOR('',#7557,1000.);
#2055=VECTOR('',#7558,1000.);
#2056=VECTOR('',#7559,1000.);
#2057=VECTOR('',#7560,1000.);
#2058=VECTOR('',#7561,1000.);
#2059=VECTOR('',#7562,1000.);
#2060=VECTOR('',#7563,1000.);
#2061=VECTOR('',#7564,1000.);
#2062=VECTOR('',#7565,1000.);
#2063=VECTOR('',#7566,1000.);
#2064=VECTOR('',#7567,1000.);
#2065=VECTOR('',#7568,1000.);
#2066=VECTOR('',#7569,1000.);
#2067=VECTOR('',#7570,1000.);
#2068=VECTOR('',#7571,1000.);
#2069=VECTOR('',#7572,1000.);
#2070=VECTOR('',#7573,1000.);
#2071=VECTOR('',#7574,1000.);
#2072=VECTOR('',#7575,1000.);
#2073=VECTOR('',#7576,1000.);
#2074=VECTOR('',#7577,1000.);
#2075=VECTOR('',#7578,1000.);
#2076=VECTOR('',#7581,1000.);
#2077=VECTOR('',#7582,1000.);
#2078=VECTOR('',#7583,1000.);
#2079=VECTOR('',#7584,1000.);
#2080=VECTOR('',#7585,1000.);
#2081=VECTOR('',#7586,1000.);
#2082=VECTOR('',#7587,1000.);
#2083=VECTOR('',#7588,1000.);
#2084=VECTOR('',#7589,1000.);
#2085=VECTOR('',#7590,1000.);
#2086=VECTOR('',#7591,1000.);
#2087=VECTOR('',#7594,1000.);
#2088=VECTOR('',#7595,1000.);
#2089=VECTOR('',#7598,1000.);
#2090=VECTOR('',#7601,1000.);
#2091=VECTOR('',#7602,1000.);
#2092=VECTOR('',#7603,1000.);
#2093=VECTOR('',#7606,1000.);
#2094=VECTOR('',#7607,1000.);
#2095=VECTOR('',#7608,1000.);
#2096=VECTOR('',#7609,1000.);
#2097=VECTOR('',#7612,1000.);
#2098=VECTOR('',#7613,1000.);
#2099=VECTOR('',#7614,1000.);
#2100=VECTOR('',#7615,1000.);
#2101=VECTOR('',#7616,1000.);
#2102=VECTOR('',#7617,1000.);
#2103=VECTOR('',#7618,1000.);
#2104=VECTOR('',#7619,1000.);
#2105=VECTOR('',#7620,1000.);
#2106=VECTOR('',#7621,1000.);
#2107=VECTOR('',#7622,1000.);
#2108=VECTOR('',#7623,1000.);
#2109=VECTOR('',#7624,1000.);
#2110=VECTOR('',#7625,1000.);
#2111=VECTOR('',#7628,1000.);
#2112=VECTOR('',#7629,1000.);
#2113=VECTOR('',#7630,1000.);
#2114=VECTOR('',#7631,1000.);
#2115=VECTOR('',#7632,1000.);
#2116=VECTOR('',#7633,1000.);
#2117=VECTOR('',#7634,1000.);
#2118=VECTOR('',#7635,1000.);
#2119=VECTOR('',#7638,1000.);
#2120=VECTOR('',#7647,1000.);
#2121=VECTOR('',#7648,1000.);
#2122=VECTOR('',#7649,1000.);
#2123=VECTOR('',#7652,1000.);
#2124=VECTOR('',#7653,1000.);
#2125=VECTOR('',#7654,1000.);
#2126=VECTOR('',#7655,1000.);
#2127=VECTOR('',#7656,1000.);
#2128=VECTOR('',#7659,1000.);
#2129=VECTOR('',#7660,1000.);
#2130=VECTOR('',#7663,1000.);
#2131=VECTOR('',#7664,1000.);
#2132=VECTOR('',#7667,1000.);
#2133=VECTOR('',#7668,1000.);
#2134=VECTOR('',#7671,1000.);
#2135=VECTOR('',#7672,1000.);
#2136=VECTOR('',#7673,1000.);
#2137=VECTOR('',#7674,1000.);
#2138=VECTOR('',#7675,1000.);
#2139=VECTOR('',#7676,1000.);
#2140=VECTOR('',#7677,1000.);
#2141=VECTOR('',#7680,1000.);
#2142=VECTOR('',#7681,1000.);
#2143=VECTOR('',#7684,1000.);
#2144=VECTOR('',#7687,1000.);
#2145=VECTOR('',#7688,1000.);
#2146=VECTOR('',#7689,1000.);
#2147=VECTOR('',#7690,1000.);
#2148=VECTOR('',#7691,1000.);
#2149=VECTOR('',#7692,1000.);
#2150=VECTOR('',#7693,1000.);
#2151=VECTOR('',#7694,1000.);
#2152=VECTOR('',#7695,1000.);
#2153=VECTOR('',#7696,1000.);
#2154=VECTOR('',#7697,1000.);
#2155=VECTOR('',#7698,1000.);
#2156=VECTOR('',#7699,1000.);
#2157=VECTOR('',#7700,1000.);
#2158=VECTOR('',#7701,1000.);
#2159=VECTOR('',#7702,1000.);
#2160=VECTOR('',#7705,1000.);
#2161=VECTOR('',#7708,1000.);
#2162=VECTOR('',#7713,1000.);
#2163=VECTOR('',#7714,1000.);
#2164=VECTOR('',#7717,1000.);
#2165=VECTOR('',#7718,1000.);
#2166=VECTOR('',#7721,1000.);
#2167=VECTOR('',#7724,1000.);
#2168=VECTOR('',#7725,1000.);
#2169=VECTOR('',#7728,1000.);
#2170=VECTOR('',#7729,1000.);
#2171=VECTOR('',#7730,1000.);
#2172=VECTOR('',#7731,1000.);
#2173=VECTOR('',#7732,1000.);
#2174=VECTOR('',#7733,1000.);
#2175=VECTOR('',#7736,1000.);
#2176=VECTOR('',#7739,1000.);
#2177=VECTOR('',#7740,1000.);
#2178=VECTOR('',#7741,1000.);
#2179=VECTOR('',#7744,1000.);
#2180=VECTOR('',#7745,1000.);
#2181=VECTOR('',#7752,1000.);
#2182=VECTOR('',#7755,1000.);
#2183=VECTOR('',#7760,1000.);
#2184=VECTOR('',#7763,1000.);
#2185=VECTOR('',#7768,1000.);
#2186=VECTOR('',#7771,1000.);
#2187=VECTOR('',#7780,1000.);
#2188=VECTOR('',#7781,1000.);
#2189=VECTOR('',#7782,1000.);
#2190=VECTOR('',#7783,1000.);
#2191=VECTOR('',#7786,1000.);
#2192=VECTOR('',#7787,1000.);
#2193=VECTOR('',#7788,1000.);
#2194=VECTOR('',#7791,1000.);
#2195=VECTOR('',#7792,1000.);
#2196=VECTOR('',#7795,1000.);
#2197=VECTOR('',#7796,1000.);
#2198=VECTOR('',#7799,1000.);
#2199=VECTOR('',#7802,1000.);
#2200=VECTOR('',#7803,1000.);
#2201=VECTOR('',#7804,1000.);
#2202=VECTOR('',#7807,1000.);
#2203=VECTOR('',#7808,1000.);
#2204=VECTOR('',#7811,1000.);
#2205=VECTOR('',#7812,1000.);
#2206=VECTOR('',#7815,1000.);
#2207=VECTOR('',#7818,1000.);
#2208=VECTOR('',#7819,1000.);
#2209=VECTOR('',#7820,1000.);
#2210=VECTOR('',#7821,1000.);
#2211=VECTOR('',#7824,1000.);
#2212=VECTOR('',#7825,1000.);
#2213=VECTOR('',#7826,1000.);
#2214=VECTOR('',#7827,1000.);
#2215=VECTOR('',#7830,1000.);
#2216=VECTOR('',#7831,1000.);
#2217=VECTOR('',#7832,1000.);
#2218=VECTOR('',#7835,1000.);
#2219=VECTOR('',#7836,1000.);
#2220=VECTOR('',#7839,1000.);
#2221=VECTOR('',#7840,1000.);
#2222=VECTOR('',#7843,1000.);
#2223=VECTOR('',#7846,1000.);
#2224=VECTOR('',#7847,1000.);
#2225=VECTOR('',#7848,1000.);
#2226=VECTOR('',#7851,1000.);
#2227=VECTOR('',#7852,1000.);
#2228=VECTOR('',#7855,1000.);
#2229=VECTOR('',#7856,1000.);
#2230=VECTOR('',#7859,1000.);
#2231=VECTOR('',#7862,1000.);
#2232=VECTOR('',#7863,1000.);
#2233=VECTOR('',#7864,1000.);
#2234=VECTOR('',#7865,1000.);
#2235=VECTOR('',#7868,1000.);
#2236=VECTOR('',#7869,1000.);
#2237=VECTOR('',#7870,1000.);
#2238=VECTOR('',#7871,1000.);
#2239=VECTOR('',#7874,1000.);
#2240=VECTOR('',#7875,1000.);
#2241=VECTOR('',#7876,1000.);
#2242=VECTOR('',#7879,1000.);
#2243=VECTOR('',#7880,1000.);
#2244=VECTOR('',#7883,1000.);
#2245=VECTOR('',#7884,1000.);
#2246=VECTOR('',#7887,1000.);
#2247=VECTOR('',#7890,1000.);
#2248=VECTOR('',#7891,1000.);
#2249=VECTOR('',#7892,1000.);
#2250=VECTOR('',#7895,1000.);
#2251=VECTOR('',#7896,1000.);
#2252=VECTOR('',#7899,1000.);
#2253=VECTOR('',#7900,1000.);
#2254=VECTOR('',#7903,1000.);
#2255=VECTOR('',#7906,1000.);
#2256=VECTOR('',#7907,1000.);
#2257=VECTOR('',#7908,1000.);
#2258=VECTOR('',#7909,1000.);
#2259=VECTOR('',#7912,1000.);
#2260=VECTOR('',#7913,1000.);
#2261=VECTOR('',#7914,1000.);
#2262=VECTOR('',#7915,1000.);
#2263=VECTOR('',#7918,1000.);
#2264=VECTOR('',#7919,1000.);
#2265=VECTOR('',#7920,1000.);
#2266=VECTOR('',#7923,1000.);
#2267=VECTOR('',#7924,1000.);
#2268=VECTOR('',#7927,1000.);
#2269=VECTOR('',#7928,1000.);
#2270=VECTOR('',#7931,1000.);
#2271=VECTOR('',#7934,1000.);
#2272=VECTOR('',#7935,1000.);
#2273=VECTOR('',#7936,1000.);
#2274=VECTOR('',#7939,1000.);
#2275=VECTOR('',#7940,1000.);
#2276=VECTOR('',#7943,1000.);
#2277=VECTOR('',#7944,1000.);
#2278=VECTOR('',#7947,1000.);
#2279=VECTOR('',#7950,1000.);
#2280=VECTOR('',#7951,1000.);
#2281=VECTOR('',#7952,1000.);
#2282=VECTOR('',#7953,1000.);
#2283=VECTOR('',#7956,1000.);
#2284=VECTOR('',#7957,1000.);
#2285=VECTOR('',#7960,1000.);
#2286=VECTOR('',#7963,1000.);
#2287=VECTOR('',#7968,1000.);
#2288=VECTOR('',#7969,1000.);
#2289=VECTOR('',#7972,1000.);
#2290=VECTOR('',#7975,1000.);
#2291=VECTOR('',#7980,1000.);
#2292=VECTOR('',#7981,1000.);
#2293=VECTOR('',#7984,1000.);
#2294=VECTOR('',#7987,1000.);
#2295=VECTOR('',#7992,1000.);
#2296=VECTOR('',#7993,1000.);
#2297=VECTOR('',#7996,1000.);
#2298=VECTOR('',#7999,1000.);
#2299=VECTOR('',#8004,1000.);
#2300=VECTOR('',#8005,1000.);
#2301=VECTOR('',#8008,1000.);
#2302=VECTOR('',#8011,1000.);
#2303=VECTOR('',#8016,1000.);
#2304=VECTOR('',#8017,1000.);
#2305=VECTOR('',#8020,1000.);
#2306=VECTOR('',#8023,1000.);
#2307=VECTOR('',#8028,1000.);
#2308=VECTOR('',#8029,1000.);
#2309=VECTOR('',#8032,1000.);
#2310=VECTOR('',#8035,1000.);
#2311=VECTOR('',#8040,1000.);
#2312=VECTOR('',#8041,1000.);
#2313=VECTOR('',#8044,1000.);
#2314=VECTOR('',#8047,1000.);
#2315=VECTOR('',#8054,10.);
#2316=VECTOR('',#8055,10.);
#2317=VECTOR('',#8056,10.);
#2318=VECTOR('',#8057,10.);
#2319=VECTOR('',#8058,10.);
#2320=VECTOR('',#8059,10.);
#2321=VECTOR('',#8060,10.);
#2322=VECTOR('',#8061,10.);
#2323=VECTOR('',#8064,1000.);
#2324=VECTOR('',#8065,1000.);
#2325=VECTOR('',#8066,1000.);
#2326=VECTOR('',#8067,1000.);
#2327=VECTOR('',#8068,1000.);
#2328=VECTOR('',#8069,1000.);
#2329=VECTOR('',#8070,1000.);
#2330=VECTOR('',#8071,1000.);
#2331=VECTOR('',#8072,1000.);
#2332=VECTOR('',#8073,1000.);
#2333=VECTOR('',#8074,1000.);
#2334=VECTOR('',#8075,1000.);
#2335=VECTOR('',#8076,1000.);
#2336=VECTOR('',#8077,1000.);
#2337=VECTOR('',#8078,1000.);
#2338=VECTOR('',#8079,1000.);
#2339=VECTOR('',#8080,1000.);
#2340=VECTOR('',#8081,1000.);
#2341=VECTOR('',#8082,1000.);
#2342=VECTOR('',#8083,1000.);
#2343=VECTOR('',#8084,1000.);
#2344=VECTOR('',#8085,1000.);
#2345=VECTOR('',#8086,1000.);
#2346=VECTOR('',#8087,1000.);
#2347=VECTOR('',#8088,1000.);
#2348=VECTOR('',#8089,1000.);
#2349=VECTOR('',#8090,1000.);
#2350=VECTOR('',#8091,1000.);
#2351=VECTOR('',#8092,1000.);
#2352=VECTOR('',#8093,1000.);
#2353=VECTOR('',#8094,1000.);
#2354=VECTOR('',#8097,10.);
#2355=VECTOR('',#8098,1000.);
#2356=VECTOR('',#8101,10.);
#2357=VECTOR('',#8102,10.);
#2358=VECTOR('',#8105,10.);
#2359=VECTOR('',#8106,1000.);
#2360=VECTOR('',#8109,1000.);
#2361=VECTOR('',#8110,1000.);
#2362=VECTOR('',#8111,1000.);
#2363=VECTOR('',#8114,1000.);
#2364=VECTOR('',#8115,1000.);
#2365=VECTOR('',#8118,1000.);
#2366=VECTOR('',#8119,1000.);
#2367=VECTOR('',#8122,1000.);
#2368=VECTOR('',#8125,1000.);
#2369=VECTOR('',#8126,10.);
#2370=VECTOR('',#8127,1000.);
#2371=VECTOR('',#8130,1000.);
#2372=VECTOR('',#8131,10.);
#2373=VECTOR('',#8134,1000.);
#2374=VECTOR('',#8135,10.);
#2375=VECTOR('',#8138,10.);
#2376=VECTOR('',#8141,1000.);
#2377=VECTOR('',#8142,1000.);
#2378=VECTOR('',#8143,1000.);
#2379=VECTOR('',#8146,1000.);
#2380=VECTOR('',#8147,1000.);
#2381=VECTOR('',#8150,1000.);
#2382=VECTOR('',#8151,1000.);
#2383=VECTOR('',#8154,1000.);
#2384=VECTOR('',#8157,1000.);
#2385=VECTOR('',#8158,10.);
#2386=VECTOR('',#8159,1000.);
#2387=VECTOR('',#8162,1000.);
#2388=VECTOR('',#8163,10.);
#2389=VECTOR('',#8166,1000.);
#2390=VECTOR('',#8167,10.);
#2391=VECTOR('',#8170,10.);
#2392=VECTOR('',#8173,1000.);
#2393=VECTOR('',#8174,1000.);
#2394=VECTOR('',#8175,1000.);
#2395=VECTOR('',#8178,1000.);
#2396=VECTOR('',#8179,1000.);
#2397=VECTOR('',#8182,1000.);
#2398=VECTOR('',#8183,1000.);
#2399=VECTOR('',#8186,1000.);
#2400=VECTOR('',#8189,1000.);
#2401=VECTOR('',#8190,10.);
#2402=VECTOR('',#8191,1000.);
#2403=VECTOR('',#8194,1000.);
#2404=VECTOR('',#8195,10.);
#2405=VECTOR('',#8198,1000.);
#2406=VECTOR('',#8199,10.);
#2407=VECTOR('',#8202,10.);
#2408=VECTOR('',#8205,1000.);
#2409=VECTOR('',#8206,1000.);
#2410=VECTOR('',#8207,1000.);
#2411=VECTOR('',#8210,1000.);
#2412=VECTOR('',#8211,1000.);
#2413=VECTOR('',#8214,1000.);
#2414=VECTOR('',#8215,1000.);
#2415=VECTOR('',#8218,1000.);
#2416=VECTOR('',#8221,1000.);
#2417=VECTOR('',#8222,10.);
#2418=VECTOR('',#8223,1000.);
#2419=VECTOR('',#8226,1000.);
#2420=VECTOR('',#8227,10.);
#2421=VECTOR('',#8230,1000.);
#2422=VECTOR('',#8231,10.);
#2423=VECTOR('',#8234,10.);
#2424=VECTOR('',#8237,1000.);
#2425=VECTOR('',#8238,1000.);
#2426=VECTOR('',#8239,1000.);
#2427=VECTOR('',#8242,1000.);
#2428=VECTOR('',#8243,1000.);
#2429=VECTOR('',#8246,1000.);
#2430=VECTOR('',#8247,1000.);
#2431=VECTOR('',#8250,1000.);
#2432=VECTOR('',#8253,1000.);
#2433=VECTOR('',#8254,10.);
#2434=VECTOR('',#8255,1000.);
#2435=VECTOR('',#8258,1000.);
#2436=VECTOR('',#8259,10.);
#2437=VECTOR('',#8262,1000.);
#2438=VECTOR('',#8263,10.);
#2439=VECTOR('',#8266,10.);
#2440=VECTOR('',#8269,10.);
#2441=VECTOR('',#8270,1000.);
#2442=VECTOR('',#8271,10.);
#2443=VECTOR('',#8272,1000.);
#2444=VECTOR('',#8275,10.);
#2445=VECTOR('',#8278,10.);
#2446=VECTOR('',#8281,1000.);
#2447=VECTOR('',#8282,10.);
#2448=VECTOR('',#8283,1000.);
#2449=VECTOR('',#8284,1000.);
#2450=VECTOR('',#8287,10.);
#2451=VECTOR('',#8288,1000.);
#2452=VECTOR('',#8289,1000.);
#2453=VECTOR('',#8292,10.);
#2454=VECTOR('',#8293,1000.);
#2455=VECTOR('',#8294,1000.);
#2456=VECTOR('',#8297,10.);
#2457=VECTOR('',#8298,1000.);
#2458=VECTOR('',#8301,1000.);
#2459=VECTOR('',#8302,1000.);
#2460=VECTOR('',#8305,1000.);
#2461=VECTOR('',#8308,1000.);
#2462=VECTOR('',#8313,1000.);
#2463=VECTOR('',#8314,10.);
#2464=VECTOR('',#8315,1000.);
#2465=VECTOR('',#8316,1000.);
#2466=VECTOR('',#8319,10.);
#2467=VECTOR('',#8320,1000.);
#2468=VECTOR('',#8321,1000.);
#2469=VECTOR('',#8324,10.);
#2470=VECTOR('',#8325,1000.);
#2471=VECTOR('',#8326,1000.);
#2472=VECTOR('',#8329,10.);
#2473=VECTOR('',#8330,1000.);
#2474=VECTOR('',#8333,1000.);
#2475=VECTOR('',#8334,1000.);
#2476=VECTOR('',#8337,1000.);
#2477=VECTOR('',#8340,1000.);
#2478=VECTOR('',#8345,10.);
#2479=VECTOR('',#8350,1000.);
#2480=VECTOR('',#8351,1000.);
#2481=VECTOR('',#8352,1000.);
#2482=VECTOR('',#8353,1000.);
#2483=VECTOR('',#8356,1000.);
#2484=VECTOR('',#8357,1000.);
#2485=VECTOR('',#8358,1000.);
#2486=VECTOR('',#8361,1000.);
#2487=VECTOR('',#8362,1000.);
#2488=VECTOR('',#8363,1000.);
#2489=VECTOR('',#8366,1000.);
#2490=VECTOR('',#8367,1000.);
#2491=VECTOR('',#8372,1000.);
#2492=VECTOR('',#8373,1000.);
#2493=VECTOR('',#8374,1000.);
#2494=VECTOR('',#8375,1000.);
#2495=VECTOR('',#8378,1000.);
#2496=VECTOR('',#8379,1000.);
#2497=VECTOR('',#8382,1000.);
#2498=VECTOR('',#8385,1000.);
#2499=VECTOR('',#8390,1000.);
#2500=VECTOR('',#8391,1000.);
#2501=VECTOR('',#8392,1000.);
#2502=VECTOR('',#8393,1000.);
#2503=VECTOR('',#8396,1000.);
#2504=VECTOR('',#8397,1000.);
#2505=VECTOR('',#8398,1000.);
#2506=VECTOR('',#8401,1000.);
#2507=VECTOR('',#8402,1000.);
#2508=VECTOR('',#8403,1000.);
#2509=VECTOR('',#8406,1000.);
#2510=VECTOR('',#8407,1000.);
#2511=VECTOR('',#8412,1000.);
#2512=VECTOR('',#8413,1000.);
#2513=VECTOR('',#8414,1000.);
#2514=VECTOR('',#8415,1000.);
#2515=VECTOR('',#8418,1000.);
#2516=VECTOR('',#8419,1000.);
#2517=VECTOR('',#8422,1000.);
#2518=VECTOR('',#8425,1000.);
#2519=VECTOR('',#8430,1000.);
#2520=VECTOR('',#8431,1000.);
#2521=VECTOR('',#8432,1000.);
#2522=VECTOR('',#8433,1000.);
#2523=VECTOR('',#8436,1000.);
#2524=VECTOR('',#8437,1000.);
#2525=VECTOR('',#8438,1000.);
#2526=VECTOR('',#8441,1000.);
#2527=VECTOR('',#8442,1000.);
#2528=VECTOR('',#8443,1000.);
#2529=VECTOR('',#8446,1000.);
#2530=VECTOR('',#8447,1000.);
#2531=VECTOR('',#8452,1000.);
#2532=VECTOR('',#8453,1000.);
#2533=VECTOR('',#8454,1000.);
#2534=VECTOR('',#8455,1000.);
#2535=VECTOR('',#8458,1000.);
#2536=VECTOR('',#8459,1000.);
#2537=VECTOR('',#8462,1000.);
#2538=VECTOR('',#8465,1000.);
#2539=VECTOR('',#8470,1000.);
#2540=VECTOR('',#8471,1000.);
#2541=VECTOR('',#8472,1000.);
#2542=VECTOR('',#8473,1000.);
#2543=VECTOR('',#8476,1000.);
#2544=VECTOR('',#8477,1000.);
#2545=VECTOR('',#8478,1000.);
#2546=VECTOR('',#8481,1000.);
#2547=VECTOR('',#8482,1000.);
#2548=VECTOR('',#8483,1000.);
#2549=VECTOR('',#8486,1000.);
#2550=VECTOR('',#8487,1000.);
#2551=VECTOR('',#8492,1000.);
#2552=VECTOR('',#8493,1000.);
#2553=VECTOR('',#8494,1000.);
#2554=VECTOR('',#8495,1000.);
#2555=VECTOR('',#8498,1000.);
#2556=VECTOR('',#8499,1000.);
#2557=VECTOR('',#8502,1000.);
#2558=VECTOR('',#8505,1000.);
#2559=VECTOR('',#8510,1000.);
#2560=VECTOR('',#8511,1000.);
#2561=VECTOR('',#8512,1000.);
#2562=VECTOR('',#8513,1000.);
#2563=VECTOR('',#8516,1000.);
#2564=VECTOR('',#8517,1000.);
#2565=VECTOR('',#8518,1000.);
#2566=VECTOR('',#8521,1000.);
#2567=VECTOR('',#8522,1000.);
#2568=VECTOR('',#8523,1000.);
#2569=VECTOR('',#8526,1000.);
#2570=VECTOR('',#8527,1000.);
#2571=VECTOR('',#8532,1000.);
#2572=VECTOR('',#8533,1000.);
#2573=VECTOR('',#8534,1000.);
#2574=VECTOR('',#8535,1000.);
#2575=VECTOR('',#8538,1000.);
#2576=VECTOR('',#8539,1000.);
#2577=VECTOR('',#8542,1000.);
#2578=VECTOR('',#8545,1000.);
#2579=VECTOR('',#8550,1000.);
#2580=VECTOR('',#8551,1000.);
#2581=VECTOR('',#8552,1000.);
#2582=VECTOR('',#8553,1000.);
#2583=VECTOR('',#8556,1000.);
#2584=VECTOR('',#8557,1000.);
#2585=VECTOR('',#8558,1000.);
#2586=VECTOR('',#8561,1000.);
#2587=VECTOR('',#8562,1000.);
#2588=VECTOR('',#8563,1000.);
#2589=VECTOR('',#8566,1000.);
#2590=VECTOR('',#8567,1000.);
#2591=VECTOR('',#8572,1000.);
#2592=VECTOR('',#8573,1000.);
#2593=VECTOR('',#8574,1000.);
#2594=VECTOR('',#8575,1000.);
#2595=VECTOR('',#8578,1000.);
#2596=VECTOR('',#8579,1000.);
#2597=VECTOR('',#8582,1000.);
#2598=VECTOR('',#8585,1000.);
#2599=VECTOR('',#8590,1000.);
#2600=VECTOR('',#8591,1000.);
#2601=VECTOR('',#8592,1000.);
#2602=VECTOR('',#8593,1000.);
#2603=VECTOR('',#8596,1000.);
#2604=VECTOR('',#8597,1000.);
#2605=VECTOR('',#8598,1000.);
#2606=VECTOR('',#8601,1000.);
#2607=VECTOR('',#8602,1000.);
#2608=VECTOR('',#8603,1000.);
#2609=VECTOR('',#8606,1000.);
#2610=VECTOR('',#8607,1000.);
#2611=VECTOR('',#8612,1000.);
#2612=VECTOR('',#8613,1000.);
#2613=VECTOR('',#8614,1000.);
#2614=VECTOR('',#8615,1000.);
#2615=VECTOR('',#8618,1000.);
#2616=VECTOR('',#8619,1000.);
#2617=VECTOR('',#8622,1000.);
#2618=VECTOR('',#8625,1000.);
#2619=VECTOR('',#8632,0.499999999999999);
#2620=VECTOR('',#8637,10.);
#2621=VECTOR('',#8638,10.);
#2622=VECTOR('',#8639,10.);
#2623=VECTOR('',#8640,10.);
#2624=VECTOR('',#8643,10.);
#2625=VECTOR('',#8644,10.);
#2626=VECTOR('',#8645,10.);
#2627=VECTOR('',#8648,10.);
#2628=VECTOR('',#8649,10.);
#2629=VECTOR('',#8650,10.);
#2630=VECTOR('',#8653,10.);
#2631=VECTOR('',#8654,10.);
#2632=VECTOR('',#8659,10.);
#2633=VECTOR('',#8662,10.);
#2634=VECTOR('',#8665,10.);
#2635=VECTOR('',#8668,10.);
#2636=VECTOR('',#8671,10.);
#2637=VECTOR('',#8674,10.);
#2638=VECTOR('',#8677,10.);
#2639=VECTOR('',#8680,10.);
#2640=VECTOR('',#8683,10.);
#2641=VECTOR('',#8686,10.);
#2642=VECTOR('',#8703,10.);
#2643=VECTOR('',#8704,10.);
#2644=VECTOR('',#8705,10.);
#2645=VECTOR('',#8706,10.);
#2646=VECTOR('',#8727,10.);
#2647=VECTOR('',#8730,10.);
#2648=VECTOR('',#8743,10.);
#2649=VECTOR('',#8744,10.);
#2650=VECTOR('',#8745,10.);
#2651=VECTOR('',#8746,10.);
#2652=VECTOR('',#8759,0.5);
#2653=VECTOR('',#8766,0.923661516377808);
#2654=VECTOR('',#8773,0.5);
#2655=VECTOR('',#8780,0.923661516377808);
#2656=VECTOR('',#8787,0.499999999999999);
#2657=VECTOR('',#8794,0.923661516377808);
#2658=VECTOR('',#8801,0.5);
#2659=VECTOR('',#8808,0.923661516377808);
#2660=VECTOR('',#8815,0.499999999999999);
#2661=VECTOR('',#8822,0.923661516377808);
#2662=VECTOR('',#8829,0.5);
#2663=VECTOR('',#8836,0.923661516377808);
#2664=VECTOR('',#8843,0.499999999999999);
#2665=VECTOR('',#8850,0.923661516377808);
#2666=VECTOR('',#8857,0.5);
#2667=VECTOR('',#8864,0.923661516377808);
#2668=VECTOR('',#8871,0.5);
#2669=VECTOR('',#8878,0.923661516377808);
#2670=VECTOR('',#8885,0.499999999999999);
#2671=VECTOR('',#8890,10.);
#2672=VECTOR('',#8891,10.);
#2673=VECTOR('',#8892,10.);
#2674=VECTOR('',#8895,10.);
#2675=VECTOR('',#8896,10.);
#2676=VECTOR('',#8899,10.);
#2677=VECTOR('',#8900,10.);
#2678=VECTOR('',#8903,10.);
#2679=VECTOR('',#8910,0.5);
#2680=VECTOR('',#8917,0.923661516377808);
#2681=VECTOR('',#8924,0.499999999999999);
#2682=VECTOR('',#8931,0.923661516377808);
#2683=VECTOR('',#8938,0.5);
#2684=VECTOR('',#8945,0.923661516377808);
#2685=VECTOR('',#8950,10.);
#2686=VECTOR('',#8951,10.);
#2687=VECTOR('',#8952,10.);
#2688=VECTOR('',#8953,10.);
#2689=VECTOR('',#8956,10.);
#2690=VECTOR('',#8957,10.);
#2691=VECTOR('',#8958,10.);
#2692=VECTOR('',#8961,10.);
#2693=VECTOR('',#8962,10.);
#2694=VECTOR('',#8963,10.);
#2695=VECTOR('',#8966,10.);
#2696=VECTOR('',#8967,10.);
#2697=VECTOR('',#8970,10.);
#2698=VECTOR('',#8971,10.);
#2699=VECTOR('',#8972,10.);
#2700=VECTOR('',#8975,10.);
#2701=VECTOR('',#8976,10.);
#2702=VECTOR('',#8981,10.);
#2703=VECTOR('',#8982,10.);
#2704=VECTOR('',#8985,10.);
#2705=VECTOR('',#8988,10.);
#2706=VECTOR('',#8989,10.);
#2707=VECTOR('',#8990,10.);
#2708=VECTOR('',#8993,10.);
#2709=VECTOR('',#8994,10.);
#2710=VECTOR('',#8997,10.);
#2711=VECTOR('',#8998,10.);
#2712=VECTOR('',#9001,10.);
#2713=VECTOR('',#9006,0.498650298761523);
#2714=VECTOR('',#9011,0.498650298761523);
#2715=VECTOR('',#9016,0.498650298761523);
#2716=VECTOR('',#9021,0.498650298761523);
#2717=VECTOR('',#9026,0.498650298761523);
#2718=VECTOR('',#9031,0.498650298761523);
#2719=VECTOR('',#9036,0.498650298761523);
#2720=VECTOR('',#9041,0.498650298761523);
#2721=VECTOR('',#9046,0.498650298761523);
#2722=VECTOR('',#9051,0.498650298761523);
#2723=VECTOR('',#9056,10.);
#2724=VECTOR('',#9057,10.);
#2725=VECTOR('',#9058,10.);
#2726=VECTOR('',#9061,10.);
#2727=VECTOR('',#9066,10.);
#2728=VECTOR('',#9067,10.);
#2729=VECTOR('',#9074,1.);
#2730=VECTOR('',#9079,0.999999999999996);
#2731=VECTOR('',#9084,1.);
#2732=VECTOR('',#9089,0.999999999999996);
#2733=VECTOR('',#9096,10.);
#2734=VECTOR('',#9097,10.);
#2735=VECTOR('',#9100,10.);
#2736=VECTOR('',#9101,10.);
#2737=VECTOR('',#9106,10.);
#2738=VECTOR('',#9109,10.);
#2739=VECTOR('',#9110,10.);
#2740=VECTOR('',#9115,10.);
#2741=VECTOR('',#9118,10.);
#2742=VECTOR('',#9119,10.);
#2743=VECTOR('',#9124,10.);
#2744=VECTOR('',#9127,10.);
#2745=VECTOR('',#9128,10.);
#2746=VECTOR('',#9133,10.);
#2747=VECTOR('',#9136,10.);
#2748=VECTOR('',#9137,10.);
#2749=VECTOR('',#9142,10.);
#2750=VECTOR('',#9145,10.);
#2751=VECTOR('',#9146,10.);
#2752=VECTOR('',#9151,10.);
#2753=VECTOR('',#9154,10.);
#2754=VECTOR('',#9155,10.);
#2755=VECTOR('',#9160,10.);
#2756=VECTOR('',#9163,10.);
#2757=VECTOR('',#9164,10.);
#2758=VECTOR('',#9169,10.);
#2759=VECTOR('',#9172,10.);
#2760=VECTOR('',#9173,10.);
#2761=VECTOR('',#9178,10.);
#2762=VECTOR('',#9181,10.);
#2763=VERTEX_POINT('',#9207);
#2764=VERTEX_POINT('',#9208);
#2765=VERTEX_POINT('',#9210);
#2766=VERTEX_POINT('',#9212);
#2767=VERTEX_POINT('',#9216);
#2768=VERTEX_POINT('',#9217);
#2769=VERTEX_POINT('',#9219);
#2770=VERTEX_POINT('',#9221);
#2771=VERTEX_POINT('',#9225);
#2772=VERTEX_POINT('',#9226);
#2773=VERTEX_POINT('',#9231);
#2774=VERTEX_POINT('',#9232);
#2775=VERTEX_POINT('',#9236);
#2776=VERTEX_POINT('',#9237);
#2777=VERTEX_POINT('',#9239);
#2778=VERTEX_POINT('',#9241);
#2779=VERTEX_POINT('',#9248);
#2780=VERTEX_POINT('',#9249);
#2781=VERTEX_POINT('',#9251);
#2782=VERTEX_POINT('',#9253);
#2783=VERTEX_POINT('',#9255);
#2784=VERTEX_POINT('',#9257);
#2785=VERTEX_POINT('',#9259);
#2786=VERTEX_POINT('',#9261);
#2787=VERTEX_POINT('',#9265);
#2788=VERTEX_POINT('',#9266);
#2789=VERTEX_POINT('',#9268);
#2790=VERTEX_POINT('',#9270);
#2791=VERTEX_POINT('',#9274);
#2792=VERTEX_POINT('',#9275);
#2793=VERTEX_POINT('',#9280);
#2794=VERTEX_POINT('',#9281);
#2795=VERTEX_POINT('',#9285);
#2796=VERTEX_POINT('',#9286);
#2797=VERTEX_POINT('',#9288);
#2798=VERTEX_POINT('',#9290);
#2799=VERTEX_POINT('',#9297);
#2800=VERTEX_POINT('',#9298);
#2801=VERTEX_POINT('',#9300);
#2802=VERTEX_POINT('',#9302);
#2803=VERTEX_POINT('',#9306);
#2804=VERTEX_POINT('',#9307);
#2805=VERTEX_POINT('',#9309);
#2806=VERTEX_POINT('',#9311);
#2807=VERTEX_POINT('',#9315);
#2808=VERTEX_POINT('',#9317);
#2809=VERTEX_POINT('',#9321);
#2810=VERTEX_POINT('',#9323);
#2811=VERTEX_POINT('',#9326);
#2812=VERTEX_POINT('',#9327);
#2813=VERTEX_POINT('',#9329);
#2814=VERTEX_POINT('',#9331);
#2815=VERTEX_POINT('',#9338);
#2816=VERTEX_POINT('',#9339);
#2817=VERTEX_POINT('',#9341);
#2818=VERTEX_POINT('',#9343);
#2819=VERTEX_POINT('',#9345);
#2820=VERTEX_POINT('',#9347);
#2821=VERTEX_POINT('',#9349);
#2822=VERTEX_POINT('',#9351);
#2823=VERTEX_POINT('',#9355);
#2824=VERTEX_POINT('',#9356);
#2825=VERTEX_POINT('',#9358);
#2826=VERTEX_POINT('',#9360);
#2827=VERTEX_POINT('',#9364);
#2828=VERTEX_POINT('',#9366);
#2829=VERTEX_POINT('',#9370);
#2830=VERTEX_POINT('',#9372);
#2831=VERTEX_POINT('',#9375);
#2832=VERTEX_POINT('',#9377);
#2833=VERTEX_POINT('',#9381);
#2834=VERTEX_POINT('',#9383);
#2835=VERTEX_POINT('',#9389);
#2836=VERTEX_POINT('',#9390);
#2837=VERTEX_POINT('',#9392);
#2838=VERTEX_POINT('',#9394);
#2839=VERTEX_POINT('',#9397);
#2840=VERTEX_POINT('',#9399);
#2841=VERTEX_POINT('',#9402);
#2842=VERTEX_POINT('',#9404);
#2843=VERTEX_POINT('',#9407);
#2844=VERTEX_POINT('',#9409);
#2845=VERTEX_POINT('',#9412);
#2846=VERTEX_POINT('',#9414);
#2847=VERTEX_POINT('',#9416);
#2848=VERTEX_POINT('',#9418);
#2849=VERTEX_POINT('',#9420);
#2850=VERTEX_POINT('',#9422);
#2851=VERTEX_POINT('',#9424);
#2852=VERTEX_POINT('',#9426);
#2853=VERTEX_POINT('',#9430);
#2854=VERTEX_POINT('',#9432);
#2855=VERTEX_POINT('',#9434);
#2856=VERTEX_POINT('',#9436);
#2857=VERTEX_POINT('',#9438);
#2858=VERTEX_POINT('',#9440);
#2859=VERTEX_POINT('',#9442);
#2860=VERTEX_POINT('',#9444);
#2861=VERTEX_POINT('',#9446);
#2862=VERTEX_POINT('',#9448);
#2863=VERTEX_POINT('',#9457);
#2864=VERTEX_POINT('',#9459);
#2865=VERTEX_POINT('',#9463);
#2866=VERTEX_POINT('',#9465);
#2867=VERTEX_POINT('',#9467);
#2868=VERTEX_POINT('',#9471);
#2869=VERTEX_POINT('',#9473);
#2870=VERTEX_POINT('',#9475);
#2871=VERTEX_POINT('',#9479);
#2872=VERTEX_POINT('',#9481);
#2873=VERTEX_POINT('',#9484);
#2874=VERTEX_POINT('',#9486);
#2875=VERTEX_POINT('',#9489);
#2876=VERTEX_POINT('',#9491);
#2877=VERTEX_POINT('',#9495);
#2878=VERTEX_POINT('',#9496);
#2879=VERTEX_POINT('',#9500);
#2880=VERTEX_POINT('',#9502);
#2881=VERTEX_POINT('',#9504);
#2882=VERTEX_POINT('',#9506);
#2883=VERTEX_POINT('',#9515);
#2884=VERTEX_POINT('',#9517);
#2885=VERTEX_POINT('',#9521);
#2886=VERTEX_POINT('',#9522);
#2887=VERTEX_POINT('',#9525);
#2888=VERTEX_POINT('',#9530);
#2889=VERTEX_POINT('',#9534);
#2890=VERTEX_POINT('',#9538);
#2891=VERTEX_POINT('',#9542);
#2892=VERTEX_POINT('',#9544);
#2893=VERTEX_POINT('',#9546);
#2894=VERTEX_POINT('',#9548);
#2895=VERTEX_POINT('',#9551);
#2896=VERTEX_POINT('',#9555);
#2897=VERTEX_POINT('',#9561);
#2898=VERTEX_POINT('',#9562);
#2899=VERTEX_POINT('',#9564);
#2900=VERTEX_POINT('',#9566);
#2901=VERTEX_POINT('',#9569);
#2902=VERTEX_POINT('',#9570);
#2903=VERTEX_POINT('',#9572);
#2904=VERTEX_POINT('',#9574);
#2905=VERTEX_POINT('',#9577);
#2906=VERTEX_POINT('',#9578);
#2907=VERTEX_POINT('',#9580);
#2908=VERTEX_POINT('',#9582);
#2909=VERTEX_POINT('',#9585);
#2910=VERTEX_POINT('',#9586);
#2911=VERTEX_POINT('',#9588);
#2912=VERTEX_POINT('',#9590);
#2913=VERTEX_POINT('',#9607);
#2914=VERTEX_POINT('',#9611);
#2915=VERTEX_POINT('',#9614);
#2916=VERTEX_POINT('',#9615);
#2917=VERTEX_POINT('',#9617);
#2918=VERTEX_POINT('',#9619);
#2919=VERTEX_POINT('',#9625);
#2920=VERTEX_POINT('',#9627);
#2921=VERTEX_POINT('',#9653);
#2922=VERTEX_POINT('',#9654);
#2923=VERTEX_POINT('',#9656);
#2924=VERTEX_POINT('',#9658);
#2925=VERTEX_POINT('',#9662);
#2926=VERTEX_POINT('',#9664);
#2927=VERTEX_POINT('',#9668);
#2928=VERTEX_POINT('',#9672);
#2929=VERTEX_POINT('',#9678);
#2930=VERTEX_POINT('',#9680);
#2931=VERTEX_POINT('',#9684);
#2932=VERTEX_POINT('',#9688);
#2933=VERTEX_POINT('',#9694);
#2934=VERTEX_POINT('',#9695);
#2935=VERTEX_POINT('',#9697);
#2936=VERTEX_POINT('',#9699);
#2937=VERTEX_POINT('',#9703);
#2938=VERTEX_POINT('',#9704);
#2939=VERTEX_POINT('',#9706);
#2940=VERTEX_POINT('',#9708);
#2941=VERTEX_POINT('',#9712);
#2942=VERTEX_POINT('',#9714);
#2943=VERTEX_POINT('',#9718);
#2944=VERTEX_POINT('',#9722);
#2945=VERTEX_POINT('',#9728);
#2946=VERTEX_POINT('',#9730);
#2947=VERTEX_POINT('',#9734);
#2948=VERTEX_POINT('',#9738);
#2949=VERTEX_POINT('',#9744);
#2950=VERTEX_POINT('',#9745);
#2951=VERTEX_POINT('',#9747);
#2952=VERTEX_POINT('',#9749);
#2953=VERTEX_POINT('',#9753);
#2954=VERTEX_POINT('',#9754);
#2955=VERTEX_POINT('',#9756);
#2956=VERTEX_POINT('',#9758);
#2957=VERTEX_POINT('',#9762);
#2958=VERTEX_POINT('',#9764);
#2959=VERTEX_POINT('',#9768);
#2960=VERTEX_POINT('',#9772);
#2961=VERTEX_POINT('',#9778);
#2962=VERTEX_POINT('',#9780);
#2963=VERTEX_POINT('',#9784);
#2964=VERTEX_POINT('',#9788);
#2965=VERTEX_POINT('',#9794);
#2966=VERTEX_POINT('',#9795);
#2967=VERTEX_POINT('',#9797);
#2968=VERTEX_POINT('',#9799);
#2969=VERTEX_POINT('',#9803);
#2970=VERTEX_POINT('',#9804);
#2971=VERTEX_POINT('',#9806);
#2972=VERTEX_POINT('',#9808);
#2973=VERTEX_POINT('',#9812);
#2974=VERTEX_POINT('',#9814);
#2975=VERTEX_POINT('',#9818);
#2976=VERTEX_POINT('',#9822);
#2977=VERTEX_POINT('',#9828);
#2978=VERTEX_POINT('',#9830);
#2979=VERTEX_POINT('',#9834);
#2980=VERTEX_POINT('',#9838);
#2981=VERTEX_POINT('',#9844);
#2982=VERTEX_POINT('',#9845);
#2983=VERTEX_POINT('',#9847);
#2984=VERTEX_POINT('',#9849);
#2985=VERTEX_POINT('',#9918);
#2986=VERTEX_POINT('',#9919);
#2987=VERTEX_POINT('',#9921);
#2988=VERTEX_POINT('',#9923);
#2989=VERTEX_POINT('',#9925);
#2990=VERTEX_POINT('',#9927);
#2991=VERTEX_POINT('',#9929);
#2992=VERTEX_POINT('',#9931);
#2993=VERTEX_POINT('',#9935);
#2994=VERTEX_POINT('',#9937);
#2995=VERTEX_POINT('',#9940);
#2996=VERTEX_POINT('',#9941);
#2997=VERTEX_POINT('',#9943);
#2998=VERTEX_POINT('',#9945);
#2999=VERTEX_POINT('',#9948);
#3000=VERTEX_POINT('',#9949);
#3001=VERTEX_POINT('',#9951);
#3002=VERTEX_POINT('',#9953);
#3003=VERTEX_POINT('',#9956);
#3004=VERTEX_POINT('',#9957);
#3005=VERTEX_POINT('',#9959);
#3006=VERTEX_POINT('',#9961);
#3007=VERTEX_POINT('',#9964);
#3008=VERTEX_POINT('',#9965);
#3009=VERTEX_POINT('',#9967);
#3010=VERTEX_POINT('',#9969);
#3011=VERTEX_POINT('',#9972);
#3012=VERTEX_POINT('',#9973);
#3013=VERTEX_POINT('',#9975);
#3014=VERTEX_POINT('',#9977);
#3015=VERTEX_POINT('',#9980);
#3016=VERTEX_POINT('',#9981);
#3017=VERTEX_POINT('',#9983);
#3018=VERTEX_POINT('',#9985);
#3019=VERTEX_POINT('',#9988);
#3020=VERTEX_POINT('',#9989);
#3021=VERTEX_POINT('',#9991);
#3022=VERTEX_POINT('',#9993);
#3023=VERTEX_POINT('',#9997);
#3024=VERTEX_POINT('',#10001);
#3025=VERTEX_POINT('',#10005);
#3026=VERTEX_POINT('',#10009);
#3027=VERTEX_POINT('',#10011);
#3028=VERTEX_POINT('',#10015);
#3029=VERTEX_POINT('',#10019);
#3030=VERTEX_POINT('',#10025);
#3031=VERTEX_POINT('',#10027);
#3032=VERTEX_POINT('',#10031);
#3033=VERTEX_POINT('',#10035);
#3034=VERTEX_POINT('',#10041);
#3035=VERTEX_POINT('',#10043);
#3036=VERTEX_POINT('',#10047);
#3037=VERTEX_POINT('',#10051);
#3038=VERTEX_POINT('',#10057);
#3039=VERTEX_POINT('',#10059);
#3040=VERTEX_POINT('',#10063);
#3041=VERTEX_POINT('',#10067);
#3042=VERTEX_POINT('',#10073);
#3043=VERTEX_POINT('',#10075);
#3044=VERTEX_POINT('',#10079);
#3045=VERTEX_POINT('',#10083);
#3046=VERTEX_POINT('',#10089);
#3047=VERTEX_POINT('',#10091);
#3048=VERTEX_POINT('',#10095);
#3049=VERTEX_POINT('',#10099);
#3050=VERTEX_POINT('',#10105);
#3051=VERTEX_POINT('',#10107);
#3052=VERTEX_POINT('',#10111);
#3053=VERTEX_POINT('',#10115);
#3054=VERTEX_POINT('',#10121);
#3055=VERTEX_POINT('',#10123);
#3056=VERTEX_POINT('',#10127);
#3057=VERTEX_POINT('',#10131);
#3058=VERTEX_POINT('',#10137);
#3059=VERTEX_POINT('',#10139);
#3060=VERTEX_POINT('',#10143);
#3061=VERTEX_POINT('',#10147);
#3062=VERTEX_POINT('',#10153);
#3063=VERTEX_POINT('',#10155);
#3064=VERTEX_POINT('',#10159);
#3065=VERTEX_POINT('',#10163);
#3066=VERTEX_POINT('',#10169);
#3067=VERTEX_POINT('',#10171);
#3068=VERTEX_POINT('',#10173);
#3069=VERTEX_POINT('',#10181);
#3070=VERTEX_POINT('',#10182);
#3071=VERTEX_POINT('',#10184);
#3072=VERTEX_POINT('',#10186);
#3073=VERTEX_POINT('',#10190);
#3074=VERTEX_POINT('',#10192);
#3075=VERTEX_POINT('',#10196);
#3076=VERTEX_POINT('',#10198);
#3077=VERTEX_POINT('',#10213);
#3078=VERTEX_POINT('',#10214);
#3079=VERTEX_POINT('',#10216);
#3080=VERTEX_POINT('',#10218);
#3081=VERTEX_POINT('',#10222);
#3082=VERTEX_POINT('',#10224);
#3083=VERTEX_POINT('',#10228);
#3084=VERTEX_POINT('',#10230);
#3085=VERTEX_POINT('',#10248);
#3086=VERTEX_POINT('',#10249);
#3087=VERTEX_POINT('',#10251);
#3088=VERTEX_POINT('',#10253);
#3089=VERTEX_POINT('',#10257);
#3090=VERTEX_POINT('',#10259);
#3091=VERTEX_POINT('',#10263);
#3092=VERTEX_POINT('',#10265);
#3093=VERTEX_POINT('',#10273);
#3094=VERTEX_POINT('',#10274);
#3095=VERTEX_POINT('',#10276);
#3096=VERTEX_POINT('',#10278);
#3097=VERTEX_POINT('',#10290);
#3098=VERTEX_POINT('',#10291);
#3099=VERTEX_POINT('',#10293);
#3100=VERTEX_POINT('',#10295);
#3101=VERTEX_POINT('',#10299);
#3102=VERTEX_POINT('',#10301);
#3103=VERTEX_POINT('',#10305);
#3104=VERTEX_POINT('',#10307);
#3105=VERTEX_POINT('',#10315);
#3106=VERTEX_POINT('',#10316);
#3107=VERTEX_POINT('',#10318);
#3108=VERTEX_POINT('',#10320);
#3109=VERTEX_POINT('',#10332);
#3110=VERTEX_POINT('',#10333);
#3111=VERTEX_POINT('',#10335);
#3112=VERTEX_POINT('',#10337);
#3113=VERTEX_POINT('',#10341);
#3114=VERTEX_POINT('',#10343);
#3115=VERTEX_POINT('',#10347);
#3116=VERTEX_POINT('',#10349);
#3117=VERTEX_POINT('',#10357);
#3118=VERTEX_POINT('',#10358);
#3119=VERTEX_POINT('',#10360);
#3120=VERTEX_POINT('',#10362);
#3121=VERTEX_POINT('',#10374);
#3122=VERTEX_POINT('',#10375);
#3123=VERTEX_POINT('',#10377);
#3124=VERTEX_POINT('',#10379);
#3125=VERTEX_POINT('',#10383);
#3126=VERTEX_POINT('',#10385);
#3127=VERTEX_POINT('',#10389);
#3128=VERTEX_POINT('',#10391);
#3129=VERTEX_POINT('',#10399);
#3130=VERTEX_POINT('',#10400);
#3131=VERTEX_POINT('',#10402);
#3132=VERTEX_POINT('',#10404);
#3133=VERTEX_POINT('',#10416);
#3134=VERTEX_POINT('',#10417);
#3135=VERTEX_POINT('',#10419);
#3136=VERTEX_POINT('',#10421);
#3137=VERTEX_POINT('',#10425);
#3138=VERTEX_POINT('',#10427);
#3139=VERTEX_POINT('',#10431);
#3140=VERTEX_POINT('',#10433);
#3141=VERTEX_POINT('',#10441);
#3142=VERTEX_POINT('',#10442);
#3143=VERTEX_POINT('',#10444);
#3144=VERTEX_POINT('',#10446);
#3145=VERTEX_POINT('',#10458);
#3146=VERTEX_POINT('',#10459);
#3147=VERTEX_POINT('',#10461);
#3148=VERTEX_POINT('',#10463);
#3149=VERTEX_POINT('',#10467);
#3150=VERTEX_POINT('',#10469);
#3151=VERTEX_POINT('',#10473);
#3152=VERTEX_POINT('',#10475);
#3153=VERTEX_POINT('',#10483);
#3154=VERTEX_POINT('',#10484);
#3155=VERTEX_POINT('',#10486);
#3156=VERTEX_POINT('',#10488);
#3157=VERTEX_POINT('',#10500);
#3158=VERTEX_POINT('',#10501);
#3159=VERTEX_POINT('',#10503);
#3160=VERTEX_POINT('',#10505);
#3161=VERTEX_POINT('',#10509);
#3162=VERTEX_POINT('',#10511);
#3163=VERTEX_POINT('',#10515);
#3164=VERTEX_POINT('',#10517);
#3165=VERTEX_POINT('',#10525);
#3166=VERTEX_POINT('',#10526);
#3167=VERTEX_POINT('',#10528);
#3168=VERTEX_POINT('',#10530);
#3169=VERTEX_POINT('',#10542);
#3170=VERTEX_POINT('',#10544);
#3171=VERTEX_POINT('',#10548);
#3172=VERTEX_POINT('',#10549);
#3173=VERTEX_POINT('',#10551);
#3174=VERTEX_POINT('',#10553);
#3175=VERTEX_POINT('',#10557);
#3176=VERTEX_POINT('',#10559);
#3177=VERTEX_POINT('',#10563);
#3178=VERTEX_POINT('',#10565);
#3179=VERTEX_POINT('',#10573);
#3180=VERTEX_POINT('',#10574);
#3181=VERTEX_POINT('',#10576);
#3182=VERTEX_POINT('',#10578);
#3183=VERTEX_POINT('',#10580);
#3184=VERTEX_POINT('',#10582);
#3185=VERTEX_POINT('',#10584);
#3186=VERTEX_POINT('',#10586);
#3187=VERTEX_POINT('',#10588);
#3188=VERTEX_POINT('',#10590);
#3189=VERTEX_POINT('',#10592);
#3190=VERTEX_POINT('',#10594);
#3191=VERTEX_POINT('',#10596);
#3192=VERTEX_POINT('',#10598);
#3193=VERTEX_POINT('',#10600);
#3194=VERTEX_POINT('',#10602);
#3195=VERTEX_POINT('',#10604);
#3196=VERTEX_POINT('',#10606);
#3197=VERTEX_POINT('',#10608);
#3198=VERTEX_POINT('',#10610);
#3199=VERTEX_POINT('',#10613);
#3200=VERTEX_POINT('',#10615);
#3201=VERTEX_POINT('',#10617);
#3202=VERTEX_POINT('',#10619);
#3203=VERTEX_POINT('',#10621);
#3204=VERTEX_POINT('',#10623);
#3205=VERTEX_POINT('',#10625);
#3206=VERTEX_POINT('',#10627);
#3207=VERTEX_POINT('',#10628);
#3208=VERTEX_POINT('',#10630);
#3209=VERTEX_POINT('',#10632);
#3210=VERTEX_POINT('',#10635);
#3211=VERTEX_POINT('',#10637);
#3212=VERTEX_POINT('',#10639);
#3213=VERTEX_POINT('',#10641);
#3214=VERTEX_POINT('',#10643);
#3215=VERTEX_POINT('',#10645);
#3216=VERTEX_POINT('',#10647);
#3217=VERTEX_POINT('',#10649);
#3218=VERTEX_POINT('',#10651);
#3219=VERTEX_POINT('',#10653);
#3220=VERTEX_POINT('',#10655);
#3221=VERTEX_POINT('',#10656);
#3222=VERTEX_POINT('',#10658);
#3223=VERTEX_POINT('',#10660);
#3224=VERTEX_POINT('',#10663);
#3225=VERTEX_POINT('',#10665);
#3226=VERTEX_POINT('',#10667);
#3227=VERTEX_POINT('',#10669);
#3228=VERTEX_POINT('',#10671);
#3229=VERTEX_POINT('',#10673);
#3230=VERTEX_POINT('',#10674);
#3231=VERTEX_POINT('',#10676);
#3232=VERTEX_POINT('',#10678);
#3233=VERTEX_POINT('',#10681);
#3234=VERTEX_POINT('',#10683);
#3235=VERTEX_POINT('',#10685);
#3236=VERTEX_POINT('',#10687);
#3237=VERTEX_POINT('',#10690);
#3238=VERTEX_POINT('',#10692);
#3239=VERTEX_POINT('',#10696);
#3240=VERTEX_POINT('',#10701);
#3241=VERTEX_POINT('',#10703);
#3242=VERTEX_POINT('',#10707);
#3243=VERTEX_POINT('',#10712);
#3244=VERTEX_POINT('',#10714);
#3245=VERTEX_POINT('',#10718);
#3246=VERTEX_POINT('',#10723);
#3247=VERTEX_POINT('',#10725);
#3248=VERTEX_POINT('',#10729);
#3249=VERTEX_POINT('',#10734);
#3250=VERTEX_POINT('',#10736);
#3251=VERTEX_POINT('',#10740);
#3252=VERTEX_POINT('',#10745);
#3253=VERTEX_POINT('',#10747);
#3254=VERTEX_POINT('',#10751);
#3255=VERTEX_POINT('',#10756);
#3256=VERTEX_POINT('',#10758);
#3257=VERTEX_POINT('',#10762);
#3258=VERTEX_POINT('',#10767);
#3259=VERTEX_POINT('',#10769);
#3260=VERTEX_POINT('',#10773);
#3261=VERTEX_POINT('',#10778);
#3262=VERTEX_POINT('',#10780);
#3263=VERTEX_POINT('',#10784);
#3264=VERTEX_POINT('',#10789);
#3265=VERTEX_POINT('',#10791);
#3266=VERTEX_POINT('',#10795);
#3267=VERTEX_POINT('',#10797);
#3268=VERTEX_POINT('',#10801);
#3269=VERTEX_POINT('',#10805);
#3270=VERTEX_POINT('',#10812);
#3271=VERTEX_POINT('',#10814);
#3272=VERTEX_POINT('',#10818);
#3273=VERTEX_POINT('',#10823);
#3274=VERTEX_POINT('',#10825);
#3275=VERTEX_POINT('',#10829);
#3276=VERTEX_POINT('',#10834);
#3277=VERTEX_POINT('',#10836);
#3278=VERTEX_POINT('',#10840);
#3279=VERTEX_POINT('',#10845);
#3280=VERTEX_POINT('',#10846);
#3281=VERTEX_POINT('',#10848);
#3282=VERTEX_POINT('',#10850);
#3283=VERTEX_POINT('',#10854);
#3284=VERTEX_POINT('',#10856);
#3285=VERTEX_POINT('',#10860);
#3286=VERTEX_POINT('',#10862);
#3287=VERTEX_POINT('',#10869);
#3288=VERTEX_POINT('',#10871);
#3289=VERTEX_POINT('',#10875);
#3290=VERTEX_POINT('',#10880);
#3291=VERTEX_POINT('',#10886);
#3292=VERTEX_POINT('',#10888);
#3293=VERTEX_POINT('',#10892);
#3294=VERTEX_POINT('',#10896);
#3295=VERTEX_POINT('',#10903);
#3296=VERTEX_POINT('',#10907);
#3297=VERTEX_POINT('',#10911);
#3298=VERTEX_POINT('',#10915);
#3299=VERTEX_POINT('',#10919);
#3300=VERTEX_POINT('',#10923);
#3301=VERTEX_POINT('',#10927);
#3302=VERTEX_POINT('',#10931);
#3303=VERTEX_POINT('',#10935);
#3304=VERTEX_POINT('',#10939);
#3305=VERTEX_POINT('',#10943);
#3306=VERTEX_POINT('',#10945);
#3307=VERTEX_POINT('',#10949);
#3308=VERTEX_POINT('',#10953);
#3309=VERTEX_POINT('',#10959);
#3310=VERTEX_POINT('',#10963);
#3311=VERTEX_POINT('',#10967);
#3312=VERTEX_POINT('',#10971);
#3313=VERTEX_POINT('',#10975);
#3314=VERTEX_POINT('',#10976);
#3315=VERTEX_POINT('',#10981);
#3316=VERTEX_POINT('',#10985);
#3317=VERTEX_POINT('',#10989);
#3318=VERTEX_POINT('',#10993);
#3319=VERTEX_POINT('',#10997);
#3320=VERTEX_POINT('',#11001);
#3321=VERTEX_POINT('',#11005);
#3322=VERTEX_POINT('',#11009);
#3323=VERTEX_POINT('',#11013);
#3324=VERTEX_POINT('',#11017);
#3325=VERTEX_POINT('',#11021);
#3326=VERTEX_POINT('',#11025);
#3327=VERTEX_POINT('',#11029);
#3328=VERTEX_POINT('',#11033);
#3329=VERTEX_POINT('',#11037);
#3330=VERTEX_POINT('',#11041);
#3331=VERTEX_POINT('',#11045);
#3332=VERTEX_POINT('',#11049);
#3333=EDGE_CURVE('',#2763,#2764,#1167,.T.);
#3334=EDGE_CURVE('',#2763,#2765,#1168,.T.);
#3335=EDGE_CURVE('',#2765,#2766,#1169,.T.);
#3336=EDGE_CURVE('',#2766,#2764,#1170,.T.);
#3337=EDGE_CURVE('',#2767,#2768,#1171,.T.);
#3338=EDGE_CURVE('',#2768,#2769,#1172,.T.);
#3339=EDGE_CURVE('',#2769,#2770,#1173,.T.);
#3340=EDGE_CURVE('',#2770,#2767,#1174,.T.);
#3341=EDGE_CURVE('',#2771,#2772,#1175,.T.);
#3342=EDGE_CURVE('',#2771,#2763,#1176,.T.);
#3343=EDGE_CURVE('',#2764,#2772,#1177,.T.);
#3344=EDGE_CURVE('',#2773,#2774,#1178,.T.);
#3345=EDGE_CURVE('',#2773,#2771,#1179,.T.);
#3346=EDGE_CURVE('',#2772,#2774,#1180,.T.);
#3347=EDGE_CURVE('',#2775,#2776,#1181,.T.);
#3348=EDGE_CURVE('',#2776,#2777,#1182,.T.);
#3349=EDGE_CURVE('',#2777,#2778,#1183,.T.);
#3350=EDGE_CURVE('',#2778,#2775,#1184,.T.);
#3351=EDGE_CURVE('',#2769,#2773,#1185,.T.);
#3352=EDGE_CURVE('',#2774,#2770,#1186,.T.);
#3353=EDGE_CURVE('',#2779,#2780,#1187,.T.);
#3354=EDGE_CURVE('',#2779,#2781,#1188,.T.);
#3355=EDGE_CURVE('',#2781,#2782,#1189,.T.);
#3356=EDGE_CURVE('',#2783,#2782,#1190,.T.);
#3357=EDGE_CURVE('',#2784,#2783,#1191,.T.);
#3358=EDGE_CURVE('',#2785,#2784,#1192,.T.);
#3359=EDGE_CURVE('',#2785,#2786,#1193,.T.);
#3360=EDGE_CURVE('',#2786,#2780,#1194,.T.);
#3361=EDGE_CURVE('',#2787,#2788,#1195,.T.);
#3362=EDGE_CURVE('',#2788,#2789,#1196,.T.);
#3363=EDGE_CURVE('',#2789,#2790,#1197,.T.);
#3364=EDGE_CURVE('',#2790,#2787,#1198,.T.);
#3365=EDGE_CURVE('',#2791,#2792,#1199,.T.);
#3366=EDGE_CURVE('',#2791,#2779,#1200,.T.);
#3367=EDGE_CURVE('',#2780,#2792,#1201,.T.);
#3368=EDGE_CURVE('',#2793,#2794,#1202,.T.);
#3369=EDGE_CURVE('',#2793,#2791,#1203,.T.);
#3370=EDGE_CURVE('',#2792,#2794,#1204,.T.);
#3371=EDGE_CURVE('',#2795,#2796,#1205,.T.);
#3372=EDGE_CURVE('',#2796,#2797,#1206,.T.);
#3373=EDGE_CURVE('',#2797,#2798,#1207,.T.);
#3374=EDGE_CURVE('',#2798,#2795,#1208,.T.);
#3375=EDGE_CURVE('',#2789,#2793,#1209,.T.);
#3376=EDGE_CURVE('',#2794,#2790,#1210,.T.);
#3377=EDGE_CURVE('',#2799,#2800,#1211,.T.);
#3378=EDGE_CURVE('',#2800,#2801,#1212,.T.);
#3379=EDGE_CURVE('',#2802,#2801,#1213,.T.);
#3380=EDGE_CURVE('',#2802,#2799,#1214,.T.);
#3381=EDGE_CURVE('',#2803,#2804,#1215,.T.);
#3382=EDGE_CURVE('',#2804,#2805,#1216,.T.);
#3383=EDGE_CURVE('',#2805,#2806,#1217,.T.);
#3384=EDGE_CURVE('',#2806,#2803,#1218,.T.);
#3385=EDGE_CURVE('',#2801,#2807,#1219,.T.);
#3386=EDGE_CURVE('',#2808,#2807,#1220,.T.);
#3387=EDGE_CURVE('',#2808,#2802,#1221,.T.);
#3388=EDGE_CURVE('',#2807,#2809,#1222,.T.);
#3389=EDGE_CURVE('',#2810,#2809,#1223,.T.);
#3390=EDGE_CURVE('',#2810,#2808,#1224,.T.);
#3391=EDGE_CURVE('',#2811,#2812,#1225,.T.);
#3392=EDGE_CURVE('',#2812,#2813,#1226,.T.);
#3393=EDGE_CURVE('',#2813,#2814,#1227,.T.);
#3394=EDGE_CURVE('',#2814,#2811,#1228,.T.);
#3395=EDGE_CURVE('',#2809,#2804,#1229,.T.);
#3396=EDGE_CURVE('',#2803,#2810,#1230,.T.);
#3397=EDGE_CURVE('',#2815,#2816,#1231,.T.);
#3398=EDGE_CURVE('',#2816,#2817,#1232,.T.);
#3399=EDGE_CURVE('',#2818,#2817,#1233,.T.);
#3400=EDGE_CURVE('',#2818,#2819,#1234,.T.);
#3401=EDGE_CURVE('',#2819,#2820,#1235,.T.);
#3402=EDGE_CURVE('',#2820,#2821,#1236,.T.);
#3403=EDGE_CURVE('',#2822,#2821,#1237,.T.);
#3404=EDGE_CURVE('',#2815,#2822,#1238,.T.);
#3405=EDGE_CURVE('',#2823,#2824,#1239,.T.);
#3406=EDGE_CURVE('',#2824,#2825,#1240,.T.);
#3407=EDGE_CURVE('',#2825,#2826,#1241,.T.);
#3408=EDGE_CURVE('',#2826,#2823,#1242,.T.);
#3409=EDGE_CURVE('',#2786,#2827,#1243,.T.);
#3410=EDGE_CURVE('',#2827,#2828,#1244,.T.);
#3411=EDGE_CURVE('',#2787,#2828,#1245,.T.);
#3412=EDGE_CURVE('',#2818,#2829,#1246,.T.);
#3413=EDGE_CURVE('',#2829,#2830,#1247,.T.);
#3414=EDGE_CURVE('',#2830,#2823,#1248,.T.);
#3415=EDGE_CURVE('',#2826,#2831,#1249,.T.);
#3416=EDGE_CURVE('',#2831,#2832,#1250,.T.);
#3417=EDGE_CURVE('',#2819,#2832,#1251,.T.);
#3418=EDGE_CURVE('',#2827,#2833,#1252,.T.);
#3419=EDGE_CURVE('',#2834,#2833,#1253,.T.);
#3420=EDGE_CURVE('',#2828,#2834,#1254,.T.);
#3421=EDGE_CURVE('',#2833,#2785,#1255,.T.);
#3422=EDGE_CURVE('',#2835,#2836,#1256,.T.);
#3423=EDGE_CURVE('',#2836,#2837,#1257,.T.);
#3424=EDGE_CURVE('',#2837,#2838,#1258,.T.);
#3425=EDGE_CURVE('',#2782,#2838,#1259,.T.);
#3426=EDGE_CURVE('',#2839,#2781,#1260,.T.);
#3427=EDGE_CURVE('',#2839,#2840,#1261,.T.);
#3428=EDGE_CURVE('',#2840,#2800,#1262,.T.);
#3429=EDGE_CURVE('',#2841,#2799,#1263,.T.);
#3430=EDGE_CURVE('',#2841,#2842,#1264,.T.);
#3431=EDGE_CURVE('',#2842,#2766,#1265,.T.);
#3432=EDGE_CURVE('',#2843,#2765,#1266,.T.);
#3433=EDGE_CURVE('',#2843,#2844,#1267,.T.);
#3434=EDGE_CURVE('',#2844,#2816,#1268,.T.);
#3435=EDGE_CURVE('',#2815,#2845,#1269,.T.);
#3436=EDGE_CURVE('',#2845,#2846,#1270,.T.);
#3437=EDGE_CURVE('',#2846,#2847,#1271,.T.);
#3438=EDGE_CURVE('',#2848,#2847,#1272,.T.);
#3439=EDGE_CURVE('',#2849,#2848,#1273,.T.);
#3440=EDGE_CURVE('',#2850,#2849,#1274,.T.);
#3441=EDGE_CURVE('',#2851,#2850,#1275,.T.);
#3442=EDGE_CURVE('',#2851,#2852,#1276,.T.);
#3443=EDGE_CURVE('',#2835,#2852,#1277,.T.);
#3444=EDGE_CURVE('',#2837,#2853,#1278,.T.);
#3445=EDGE_CURVE('',#2854,#2853,#1279,.T.);
#3446=EDGE_CURVE('',#2855,#2854,#1280,.T.);
#3447=EDGE_CURVE('',#2856,#2855,#1281,.T.);
#3448=EDGE_CURVE('',#2857,#2856,#1282,.T.);
#3449=EDGE_CURVE('',#2858,#2857,#1283,.T.);
#3450=EDGE_CURVE('',#2859,#2858,#1284,.T.);
#3451=EDGE_CURVE('',#2859,#2860,#1285,.T.);
#3452=EDGE_CURVE('',#2860,#2861,#1286,.T.);
#3453=EDGE_CURVE('',#2861,#2862,#1287,.T.);
#3454=EDGE_CURVE('',#2838,#2862,#1288,.T.);
#3455=EDGE_CURVE('',#2861,#2784,#1289,.T.);
#3456=EDGE_CURVE('',#2783,#2862,#1290,.T.);
#3457=EDGE_CURVE('',#2860,#2834,#1291,.T.);
#3458=EDGE_CURVE('',#2822,#2863,#1292,.T.);
#3459=EDGE_CURVE('',#2864,#2821,#1293,.T.);
#3460=EDGE_CURVE('',#2863,#2864,#1294,.T.);
#3461=EDGE_CURVE('',#2865,#2820,#1295,.T.);
#3462=EDGE_CURVE('',#2865,#2866,#1296,.T.);
#3463=EDGE_CURVE('',#2867,#2866,#1297,.T.);
#3464=EDGE_CURVE('',#2864,#2867,#1298,.T.);
#3465=EDGE_CURVE('',#2868,#2859,#1299,.T.);
#3466=EDGE_CURVE('',#2869,#2868,#1300,.T.);
#3467=EDGE_CURVE('',#2869,#2870,#1301,.T.);
#3468=EDGE_CURVE('',#2867,#2870,#1302,.T.);
#3469=EDGE_CURVE('',#2866,#2831,#1303,.T.);
#3470=EDGE_CURVE('',#2871,#2825,#1304,.T.);
#3471=EDGE_CURVE('',#2871,#2872,#1305,.T.);
#3472=EDGE_CURVE('',#2872,#2768,#1306,.T.);
#3473=EDGE_CURVE('',#2873,#2767,#1307,.T.);
#3474=EDGE_CURVE('',#2873,#2874,#1308,.T.);
#3475=EDGE_CURVE('',#2874,#2806,#1309,.T.);
#3476=EDGE_CURVE('',#2875,#2805,#1310,.T.);
#3477=EDGE_CURVE('',#2875,#2876,#1311,.T.);
#3478=EDGE_CURVE('',#2876,#2788,#1312,.T.);
#3479=EDGE_CURVE('',#2877,#2878,#1313,.T.);
#3480=EDGE_CURVE('',#2877,#2846,#1314,.T.);
#3481=EDGE_CURVE('',#2863,#2845,#1315,.T.);
#3482=EDGE_CURVE('',#2879,#2870,#1316,.T.);
#3483=EDGE_CURVE('',#2880,#2879,#1317,.T.);
#3484=EDGE_CURVE('',#2881,#2880,#1318,.T.);
#3485=EDGE_CURVE('',#2882,#2881,#1319,.T.);
#3486=EDGE_CURVE('',#2878,#2882,#1320,.T.);
#3487=EDGE_CURVE('',#2865,#2832,#1321,.T.);
#3488=EDGE_CURVE('',#2883,#2856,#1322,.T.);
#3489=EDGE_CURVE('',#2884,#2883,#1323,.T.);
#3490=EDGE_CURVE('',#2884,#2857,#1324,.T.);
#3491=EDGE_CURVE('',#2885,#2886,#1325,.T.);
#3492=EDGE_CURVE('',#2885,#2858,#1326,.T.);
#3493=EDGE_CURVE('',#2887,#2884,#1327,.T.);
#3494=EDGE_CURVE('',#2887,#2880,#1328,.T.);
#3495=EDGE_CURVE('',#2886,#2879,#1329,.T.);
#3496=EDGE_CURVE('',#2888,#2887,#1330,.T.);
#3497=EDGE_CURVE('',#2888,#2881,#1331,.T.);
#3498=EDGE_CURVE('',#2889,#2888,#1332,.T.);
#3499=EDGE_CURVE('',#2889,#2882,#1333,.T.);
#3500=EDGE_CURVE('',#2890,#2889,#1334,.T.);
#3501=EDGE_CURVE('',#2890,#2878,#1335,.T.);
#3502=EDGE_CURVE('',#2853,#2891,#1336,.T.);
#3503=EDGE_CURVE('',#2892,#2891,#1337,.T.);
#3504=EDGE_CURVE('',#2893,#2892,#1338,.T.);
#3505=EDGE_CURVE('',#2893,#2894,#1339,.T.);
#3506=EDGE_CURVE('',#2894,#2877,#1340,.T.);
#3507=EDGE_CURVE('',#2895,#2890,#1341,.T.);
#3508=EDGE_CURVE('',#2895,#2854,#1342,.T.);
#3509=EDGE_CURVE('',#2896,#2895,#1343,.T.);
#3510=EDGE_CURVE('',#2896,#2855,#1344,.T.);
#3511=EDGE_CURVE('',#2883,#2896,#1345,.T.);
#3512=EDGE_CURVE('',#2897,#2898,#1346,.T.);
#3513=EDGE_CURVE('',#2899,#2897,#1347,.T.);
#3514=EDGE_CURVE('',#2900,#2899,#1348,.T.);
#3515=EDGE_CURVE('',#2898,#2900,#1349,.T.);
#3516=EDGE_CURVE('',#2901,#2902,#1350,.T.);
#3517=EDGE_CURVE('',#2903,#2901,#1351,.T.);
#3518=EDGE_CURVE('',#2904,#2903,#1352,.T.);
#3519=EDGE_CURVE('',#2902,#2904,#1353,.T.);
#3520=EDGE_CURVE('',#2905,#2906,#1354,.T.);
#3521=EDGE_CURVE('',#2907,#2905,#1355,.T.);
#3522=EDGE_CURVE('',#2908,#2907,#1356,.T.);
#3523=EDGE_CURVE('',#2906,#2908,#1357,.T.);
#3524=EDGE_CURVE('',#2909,#2910,#1358,.T.);
#3525=EDGE_CURVE('',#2911,#2909,#1359,.T.);
#3526=EDGE_CURVE('',#2912,#2911,#1360,.T.);
#3527=EDGE_CURVE('',#2910,#2912,#1361,.T.);
#3528=EDGE_CURVE('',#2868,#2885,#1362,.T.);
#3529=EDGE_CURVE('',#2886,#2869,#1363,.T.);
#3530=EDGE_CURVE('',#2891,#2836,#1364,.T.);
#3531=EDGE_CURVE('',#2892,#2835,#1365,.T.);
#3532=EDGE_CURVE('',#2847,#2894,#1366,.T.);
#3533=EDGE_CURVE('',#2848,#2893,#1367,.T.);
#3534=EDGE_CURVE('',#2852,#2849,#1368,.T.);
#3535=EDGE_CURVE('',#2817,#2913,#1369,.T.);
#3536=EDGE_CURVE('',#2829,#2913,#1370,.T.);
#3537=EDGE_CURVE('',#2913,#2914,#1371,.T.);
#3538=EDGE_CURVE('',#2830,#2914,#1372,.T.);
#3539=EDGE_CURVE('',#2915,#2916,#1373,.T.);
#3540=EDGE_CURVE('',#2916,#2917,#1374,.T.);
#3541=EDGE_CURVE('',#2917,#2918,#1375,.T.);
#3542=EDGE_CURVE('',#2918,#2915,#1376,.T.);
#3543=EDGE_CURVE('',#2914,#2824,#1377,.T.);
#3544=EDGE_CURVE('',#2919,#2850,#1378,.T.);
#3545=EDGE_CURVE('',#2920,#2919,#1379,.T.);
#3546=EDGE_CURVE('',#2920,#2851,#1380,.T.);
#3547=EDGE_CURVE('',#2849,#2919,#1381,.T.);
#3548=EDGE_CURVE('',#2852,#2920,#1382,.T.);
#3549=EDGE_CURVE('',#2874,#2841,#1383,.T.);
#3550=EDGE_CURVE('',#2842,#2873,#1384,.T.);
#3551=EDGE_CURVE('',#2876,#2839,#1385,.T.);
#3552=EDGE_CURVE('',#2840,#2875,#1386,.T.);
#3553=EDGE_CURVE('',#2872,#2843,#1387,.T.);
#3554=EDGE_CURVE('',#2844,#2871,#1388,.T.);
#3555=EDGE_CURVE('',#2921,#2922,#1389,.T.);
#3556=EDGE_CURVE('',#2922,#2923,#1390,.T.);
#3557=EDGE_CURVE('',#2923,#2924,#1391,.T.);
#3558=EDGE_CURVE('',#2924,#2921,#1392,.T.);
#3559=EDGE_CURVE('',#2925,#2909,#1393,.T.);
#3560=EDGE_CURVE('',#2925,#2926,#1394,.T.);
#3561=EDGE_CURVE('',#2926,#2911,#1395,.T.);
#3562=EDGE_CURVE('',#2926,#2927,#1396,.T.);
#3563=EDGE_CURVE('',#2927,#2912,#1397,.T.);
#3564=EDGE_CURVE('',#2927,#2928,#1398,.T.);
#3565=EDGE_CURVE('',#2928,#2910,#1399,.T.);
#3566=EDGE_CURVE('',#2928,#2925,#1400,.T.);
#3567=EDGE_CURVE('',#2796,#2929,#1401,.T.);
#3568=EDGE_CURVE('',#2929,#2930,#1402,.T.);
#3569=EDGE_CURVE('',#2797,#2930,#1403,.T.);
#3570=EDGE_CURVE('',#2930,#2931,#1404,.T.);
#3571=EDGE_CURVE('',#2798,#2931,#1405,.T.);
#3572=EDGE_CURVE('',#2931,#2932,#1406,.T.);
#3573=EDGE_CURVE('',#2795,#2932,#1407,.T.);
#3574=EDGE_CURVE('',#2932,#2929,#1408,.T.);
#3575=EDGE_CURVE('',#2933,#2934,#1409,.T.);
#3576=EDGE_CURVE('',#2934,#2935,#1410,.T.);
#3577=EDGE_CURVE('',#2935,#2936,#1411,.T.);
#3578=EDGE_CURVE('',#2936,#2933,#1412,.T.);
#3579=EDGE_CURVE('',#2937,#2938,#1413,.T.);
#3580=EDGE_CURVE('',#2938,#2939,#1414,.T.);
#3581=EDGE_CURVE('',#2939,#2940,#1415,.T.);
#3582=EDGE_CURVE('',#2940,#2937,#1416,.T.);
#3583=EDGE_CURVE('',#2941,#2905,#1417,.T.);
#3584=EDGE_CURVE('',#2941,#2942,#1418,.T.);
#3585=EDGE_CURVE('',#2942,#2907,#1419,.T.);
#3586=EDGE_CURVE('',#2942,#2943,#1420,.T.);
#3587=EDGE_CURVE('',#2943,#2908,#1421,.T.);
#3588=EDGE_CURVE('',#2943,#2944,#1422,.T.);
#3589=EDGE_CURVE('',#2944,#2906,#1423,.T.);
#3590=EDGE_CURVE('',#2944,#2941,#1424,.T.);
#3591=EDGE_CURVE('',#2812,#2945,#1425,.T.);
#3592=EDGE_CURVE('',#2945,#2946,#1426,.T.);
#3593=EDGE_CURVE('',#2813,#2946,#1427,.T.);
#3594=EDGE_CURVE('',#2946,#2947,#1428,.T.);
#3595=EDGE_CURVE('',#2814,#2947,#1429,.T.);
#3596=EDGE_CURVE('',#2947,#2948,#1430,.T.);
#3597=EDGE_CURVE('',#2811,#2948,#1431,.T.);
#3598=EDGE_CURVE('',#2948,#2945,#1432,.T.);
#3599=EDGE_CURVE('',#2949,#2950,#1433,.T.);
#3600=EDGE_CURVE('',#2950,#2951,#1434,.T.);
#3601=EDGE_CURVE('',#2951,#2952,#1435,.T.);
#3602=EDGE_CURVE('',#2952,#2949,#1436,.T.);
#3603=EDGE_CURVE('',#2953,#2954,#1437,.T.);
#3604=EDGE_CURVE('',#2954,#2955,#1438,.T.);
#3605=EDGE_CURVE('',#2955,#2956,#1439,.T.);
#3606=EDGE_CURVE('',#2956,#2953,#1440,.T.);
#3607=EDGE_CURVE('',#2915,#2957,#1441,.T.);
#3608=EDGE_CURVE('',#2957,#2958,#1442,.T.);
#3609=EDGE_CURVE('',#2916,#2958,#1443,.T.);
#3610=EDGE_CURVE('',#2918,#2959,#1444,.T.);
#3611=EDGE_CURVE('',#2959,#2957,#1445,.T.);
#3612=EDGE_CURVE('',#2917,#2960,#1446,.T.);
#3613=EDGE_CURVE('',#2960,#2959,#1447,.T.);
#3614=EDGE_CURVE('',#2958,#2960,#1448,.T.);
#3615=EDGE_CURVE('',#2961,#2902,#1449,.T.);
#3616=EDGE_CURVE('',#2961,#2962,#1450,.T.);
#3617=EDGE_CURVE('',#2962,#2901,#1451,.T.);
#3618=EDGE_CURVE('',#2963,#2904,#1452,.T.);
#3619=EDGE_CURVE('',#2963,#2961,#1453,.T.);
#3620=EDGE_CURVE('',#2964,#2903,#1454,.T.);
#3621=EDGE_CURVE('',#2964,#2963,#1455,.T.);
#3622=EDGE_CURVE('',#2962,#2964,#1456,.T.);
#3623=EDGE_CURVE('',#2965,#2966,#1457,.T.);
#3624=EDGE_CURVE('',#2966,#2967,#1458,.T.);
#3625=EDGE_CURVE('',#2967,#2968,#1459,.T.);
#3626=EDGE_CURVE('',#2968,#2965,#1460,.T.);
#3627=EDGE_CURVE('',#2969,#2970,#1461,.T.);
#3628=EDGE_CURVE('',#2970,#2971,#1462,.T.);
#3629=EDGE_CURVE('',#2971,#2972,#1463,.T.);
#3630=EDGE_CURVE('',#2972,#2969,#1464,.T.);
#3631=EDGE_CURVE('',#2973,#2897,#1465,.T.);
#3632=EDGE_CURVE('',#2973,#2974,#1466,.T.);
#3633=EDGE_CURVE('',#2974,#2899,#1467,.T.);
#3634=EDGE_CURVE('',#2974,#2975,#1468,.T.);
#3635=EDGE_CURVE('',#2975,#2900,#1469,.T.);
#3636=EDGE_CURVE('',#2975,#2976,#1470,.T.);
#3637=EDGE_CURVE('',#2976,#2898,#1471,.T.);
#3638=EDGE_CURVE('',#2976,#2973,#1472,.T.);
#3639=EDGE_CURVE('',#2776,#2977,#1473,.T.);
#3640=EDGE_CURVE('',#2977,#2978,#1474,.T.);
#3641=EDGE_CURVE('',#2777,#2978,#1475,.T.);
#3642=EDGE_CURVE('',#2978,#2979,#1476,.T.);
#3643=EDGE_CURVE('',#2778,#2979,#1477,.T.);
#3644=EDGE_CURVE('',#2979,#2980,#1478,.T.);
#3645=EDGE_CURVE('',#2775,#2980,#1479,.T.);
#3646=EDGE_CURVE('',#2980,#2977,#1480,.T.);
#3647=EDGE_CURVE('',#2981,#2982,#1481,.T.);
#3648=EDGE_CURVE('',#2982,#2983,#1482,.T.);
#3649=EDGE_CURVE('',#2983,#2984,#1483,.T.);
#3650=EDGE_CURVE('',#2984,#2981,#1484,.T.);
#3651=EDGE_CURVE('',#2929,#2936,#1485,.T.);
#3652=EDGE_CURVE('',#2933,#2932,#1486,.T.);
#3653=EDGE_CURVE('',#2934,#2931,#1487,.T.);
#3654=EDGE_CURVE('',#2930,#2935,#1488,.T.);
#3655=EDGE_CURVE('',#2945,#2952,#1489,.T.);
#3656=EDGE_CURVE('',#2949,#2948,#1490,.T.);
#3657=EDGE_CURVE('',#2950,#2947,#1491,.T.);
#3658=EDGE_CURVE('',#2946,#2951,#1492,.T.);
#3659=EDGE_CURVE('',#2977,#2984,#1493,.T.);
#3660=EDGE_CURVE('',#2981,#2980,#1494,.T.);
#3661=EDGE_CURVE('',#2982,#2979,#1495,.T.);
#3662=EDGE_CURVE('',#2978,#2983,#1496,.T.);
#3663=EDGE_CURVE('',#2958,#2956,#1497,.T.);
#3664=EDGE_CURVE('',#2953,#2957,#1498,.T.);
#3665=EDGE_CURVE('',#2954,#2959,#1499,.T.);
#3666=EDGE_CURVE('',#2960,#2955,#1500,.T.);
#3667=EDGE_CURVE('',#2965,#2963,#1501,.T.);
#3668=EDGE_CURVE('',#2961,#2968,#1502,.T.);
#3669=EDGE_CURVE('',#2962,#2967,#1503,.T.);
#3670=EDGE_CURVE('',#2966,#2964,#1504,.T.);
#3671=EDGE_CURVE('',#2969,#2975,#1505,.T.);
#3672=EDGE_CURVE('',#2976,#2972,#1506,.T.);
#3673=EDGE_CURVE('',#2973,#2971,#1507,.T.);
#3674=EDGE_CURVE('',#2970,#2974,#1508,.T.);
#3675=EDGE_CURVE('',#2937,#2943,#1509,.T.);
#3676=EDGE_CURVE('',#2944,#2940,#1510,.T.);
#3677=EDGE_CURVE('',#2941,#2939,#1511,.T.);
#3678=EDGE_CURVE('',#2938,#2942,#1512,.T.);
#3679=EDGE_CURVE('',#2921,#2927,#1513,.T.);
#3680=EDGE_CURVE('',#2928,#2924,#1514,.T.);
#3681=EDGE_CURVE('',#2925,#2923,#1515,.T.);
#3682=EDGE_CURVE('',#2922,#2926,#1516,.T.);
#3683=EDGE_CURVE('',#2985,#2986,#1517,.T.);
#3684=EDGE_CURVE('',#2987,#2985,#1518,.T.);
#3685=EDGE_CURVE('',#2988,#2987,#1519,.T.);
#3686=EDGE_CURVE('',#2989,#2988,#1520,.T.);
#3687=EDGE_CURVE('',#2990,#2989,#1521,.T.);
#3688=EDGE_CURVE('',#2991,#2990,#1522,.T.);
#3689=EDGE_CURVE('',#2992,#2991,#1523,.T.);
#3690=EDGE_CURVE('',#2986,#2992,#1524,.T.);
#3691=EDGE_CURVE('',#2991,#2993,#1525,.T.);
#3692=EDGE_CURVE('',#2993,#2994,#1526,.T.);
#3693=EDGE_CURVE('',#2994,#2992,#1527,.T.);
#3694=EDGE_CURVE('',#2995,#2996,#1528,.T.);
#3695=EDGE_CURVE('',#2996,#2997,#1529,.T.);
#3696=EDGE_CURVE('',#2997,#2998,#1530,.T.);
#3697=EDGE_CURVE('',#2998,#2995,#1531,.T.);
#3698=EDGE_CURVE('',#2999,#3000,#1532,.T.);
#3699=EDGE_CURVE('',#3000,#3001,#1533,.T.);
#3700=EDGE_CURVE('',#3001,#3002,#1534,.T.);
#3701=EDGE_CURVE('',#3002,#2999,#1535,.T.);
#3702=EDGE_CURVE('',#3003,#3004,#1536,.T.);
#3703=EDGE_CURVE('',#3004,#3005,#1537,.T.);
#3704=EDGE_CURVE('',#3005,#3006,#1538,.T.);
#3705=EDGE_CURVE('',#3006,#3003,#1539,.T.);
#3706=EDGE_CURVE('',#3007,#3008,#1540,.T.);
#3707=EDGE_CURVE('',#3008,#3009,#1541,.T.);
#3708=EDGE_CURVE('',#3009,#3010,#1542,.T.);
#3709=EDGE_CURVE('',#3010,#3007,#1543,.T.);
#3710=EDGE_CURVE('',#3011,#3012,#1544,.T.);
#3711=EDGE_CURVE('',#3012,#3013,#1545,.T.);
#3712=EDGE_CURVE('',#3013,#3014,#1546,.T.);
#3713=EDGE_CURVE('',#3014,#3011,#1547,.T.);
#3714=EDGE_CURVE('',#3015,#3016,#1548,.T.);
#3715=EDGE_CURVE('',#3016,#3017,#1549,.T.);
#3716=EDGE_CURVE('',#3017,#3018,#1550,.T.);
#3717=EDGE_CURVE('',#3018,#3015,#1551,.T.);
#3718=EDGE_CURVE('',#3019,#3020,#1552,.T.);
#3719=EDGE_CURVE('',#3020,#3021,#1553,.T.);
#3720=EDGE_CURVE('',#3021,#3022,#1554,.T.);
#3721=EDGE_CURVE('',#3022,#3019,#1555,.T.);
#3722=EDGE_CURVE('',#2990,#3023,#1556,.F.);
#3723=EDGE_CURVE('',#2993,#3023,#1557,.T.);
#3724=EDGE_CURVE('',#2989,#3024,#1558,.T.);
#3725=EDGE_CURVE('',#3023,#3024,#1559,.F.);
#3726=EDGE_CURVE('',#2988,#3025,#1560,.T.);
#3727=EDGE_CURVE('',#3025,#3024,#1561,.T.);
#3728=EDGE_CURVE('',#3026,#2999,#1562,.T.);
#3729=EDGE_CURVE('',#3002,#3027,#1563,.T.);
#3730=EDGE_CURVE('',#3026,#3027,#1564,.T.);
#3731=EDGE_CURVE('',#3001,#3028,#1565,.T.);
#3732=EDGE_CURVE('',#3027,#3028,#1566,.T.);
#3733=EDGE_CURVE('',#3029,#3000,#1567,.T.);
#3734=EDGE_CURVE('',#3028,#3029,#1568,.T.);
#3735=EDGE_CURVE('',#3029,#3026,#1569,.T.);
#3736=EDGE_CURVE('',#3030,#3029,#1570,.T.);
#3737=EDGE_CURVE('',#3030,#3031,#1571,.F.);
#3738=EDGE_CURVE('',#3031,#3028,#1572,.T.);
#3739=EDGE_CURVE('',#3032,#3026,#1573,.T.);
#3740=EDGE_CURVE('',#3032,#3030,#1574,.F.);
#3741=EDGE_CURVE('',#3033,#3027,#1575,.T.);
#3742=EDGE_CURVE('',#3033,#3032,#1576,.F.);
#3743=EDGE_CURVE('',#3031,#3033,#1577,.F.);
#3744=EDGE_CURVE('',#3034,#3003,#1578,.T.);
#3745=EDGE_CURVE('',#3006,#3035,#1579,.T.);
#3746=EDGE_CURVE('',#3034,#3035,#1580,.T.);
#3747=EDGE_CURVE('',#3005,#3036,#1581,.T.);
#3748=EDGE_CURVE('',#3035,#3036,#1582,.T.);
#3749=EDGE_CURVE('',#3037,#3004,#1583,.T.);
#3750=EDGE_CURVE('',#3036,#3037,#1584,.T.);
#3751=EDGE_CURVE('',#3037,#3034,#1585,.T.);
#3752=EDGE_CURVE('',#3038,#3037,#1586,.T.);
#3753=EDGE_CURVE('',#3038,#3039,#1587,.F.);
#3754=EDGE_CURVE('',#3039,#3036,#1588,.T.);
#3755=EDGE_CURVE('',#3040,#3034,#1589,.T.);
#3756=EDGE_CURVE('',#3040,#3038,#1590,.F.);
#3757=EDGE_CURVE('',#3041,#3035,#1591,.T.);
#3758=EDGE_CURVE('',#3041,#3040,#1592,.F.);
#3759=EDGE_CURVE('',#3039,#3041,#1593,.F.);
#3760=EDGE_CURVE('',#3042,#3007,#1594,.T.);
#3761=EDGE_CURVE('',#3010,#3043,#1595,.T.);
#3762=EDGE_CURVE('',#3042,#3043,#1596,.T.);
#3763=EDGE_CURVE('',#3009,#3044,#1597,.T.);
#3764=EDGE_CURVE('',#3043,#3044,#1598,.T.);
#3765=EDGE_CURVE('',#3045,#3008,#1599,.T.);
#3766=EDGE_CURVE('',#3044,#3045,#1600,.T.);
#3767=EDGE_CURVE('',#3045,#3042,#1601,.T.);
#3768=EDGE_CURVE('',#3046,#3045,#1602,.T.);
#3769=EDGE_CURVE('',#3046,#3047,#1603,.F.);
#3770=EDGE_CURVE('',#3047,#3044,#1604,.T.);
#3771=EDGE_CURVE('',#3048,#3042,#1605,.T.);
#3772=EDGE_CURVE('',#3048,#3046,#1606,.F.);
#3773=EDGE_CURVE('',#3049,#3043,#1607,.T.);
#3774=EDGE_CURVE('',#3049,#3048,#1608,.F.);
#3775=EDGE_CURVE('',#3047,#3049,#1609,.F.);
#3776=EDGE_CURVE('',#3050,#3011,#1610,.T.);
#3777=EDGE_CURVE('',#3014,#3051,#1611,.T.);
#3778=EDGE_CURVE('',#3050,#3051,#1612,.T.);
#3779=EDGE_CURVE('',#3013,#3052,#1613,.T.);
#3780=EDGE_CURVE('',#3051,#3052,#1614,.T.);
#3781=EDGE_CURVE('',#3053,#3012,#1615,.T.);
#3782=EDGE_CURVE('',#3052,#3053,#1616,.T.);
#3783=EDGE_CURVE('',#3053,#3050,#1617,.T.);
#3784=EDGE_CURVE('',#3054,#3053,#1618,.T.);
#3785=EDGE_CURVE('',#3054,#3055,#1619,.F.);
#3786=EDGE_CURVE('',#3055,#3052,#1620,.T.);
#3787=EDGE_CURVE('',#3056,#3050,#1621,.T.);
#3788=EDGE_CURVE('',#3056,#3054,#1622,.F.);
#3789=EDGE_CURVE('',#3057,#3051,#1623,.T.);
#3790=EDGE_CURVE('',#3057,#3056,#1624,.F.);
#3791=EDGE_CURVE('',#3055,#3057,#1625,.F.);
#3792=EDGE_CURVE('',#3058,#3015,#1626,.T.);
#3793=EDGE_CURVE('',#3018,#3059,#1627,.T.);
#3794=EDGE_CURVE('',#3058,#3059,#1628,.T.);
#3795=EDGE_CURVE('',#3017,#3060,#1629,.T.);
#3796=EDGE_CURVE('',#3059,#3060,#1630,.T.);
#3797=EDGE_CURVE('',#3061,#3016,#1631,.T.);
#3798=EDGE_CURVE('',#3060,#3061,#1632,.T.);
#3799=EDGE_CURVE('',#3061,#3058,#1633,.T.);
#3800=EDGE_CURVE('',#3062,#3061,#1634,.T.);
#3801=EDGE_CURVE('',#3062,#3063,#1635,.F.);
#3802=EDGE_CURVE('',#3063,#3060,#1636,.T.);
#3803=EDGE_CURVE('',#3064,#3058,#1637,.T.);
#3804=EDGE_CURVE('',#3064,#3062,#1638,.F.);
#3805=EDGE_CURVE('',#3065,#3059,#1639,.T.);
#3806=EDGE_CURVE('',#3065,#3064,#1640,.F.);
#3807=EDGE_CURVE('',#3063,#3065,#1641,.F.);
#3808=EDGE_CURVE('',#3066,#3025,#1642,.T.);
#3809=EDGE_CURVE('',#3067,#3066,#1643,.T.);
#3810=EDGE_CURVE('',#3067,#3068,#1644,.F.);
#3811=EDGE_CURVE('',#2994,#3068,#1645,.T.);
#3812=EDGE_CURVE('',#3068,#2986,#1646,.F.);
#3813=EDGE_CURVE('',#2985,#3067,#1647,.F.);
#3814=EDGE_CURVE('',#3069,#3070,#1648,.T.);
#3815=EDGE_CURVE('',#3069,#3071,#1649,.F.);
#3816=EDGE_CURVE('',#3071,#3072,#1650,.T.);
#3817=EDGE_CURVE('',#3072,#3070,#1651,.T.);
#3818=EDGE_CURVE('',#3071,#3073,#1652,.F.);
#3819=EDGE_CURVE('',#3073,#3074,#1653,.T.);
#3820=EDGE_CURVE('',#3074,#3072,#1654,.T.);
#3821=EDGE_CURVE('',#3073,#3075,#1655,.F.);
#3822=EDGE_CURVE('',#3075,#3076,#1656,.T.);
#3823=EDGE_CURVE('',#3076,#3074,#1657,.T.);
#3824=EDGE_CURVE('',#3075,#3069,#1658,.F.);
#3825=EDGE_CURVE('',#3070,#3076,#1659,.T.);
#3826=EDGE_CURVE('',#2995,#3070,#1660,.T.);
#3827=EDGE_CURVE('',#3076,#2998,#1661,.T.);
#3828=EDGE_CURVE('',#3074,#2997,#1662,.T.);
#3829=EDGE_CURVE('',#2996,#3072,#1663,.T.);
#3830=EDGE_CURVE('',#3077,#3078,#1664,.T.);
#3831=EDGE_CURVE('',#3077,#3079,#1665,.F.);
#3832=EDGE_CURVE('',#3079,#3080,#1666,.T.);
#3833=EDGE_CURVE('',#3080,#3078,#1667,.T.);
#3834=EDGE_CURVE('',#3079,#3081,#1668,.F.);
#3835=EDGE_CURVE('',#3081,#3082,#1669,.T.);
#3836=EDGE_CURVE('',#3082,#3080,#1670,.T.);
#3837=EDGE_CURVE('',#3081,#3083,#1671,.F.);
#3838=EDGE_CURVE('',#3083,#3084,#1672,.T.);
#3839=EDGE_CURVE('',#3084,#3082,#1673,.T.);
#3840=EDGE_CURVE('',#3083,#3077,#1674,.F.);
#3841=EDGE_CURVE('',#3078,#3084,#1675,.T.);
#3842=EDGE_CURVE('',#3084,#3021,#1676,.T.);
#3843=EDGE_CURVE('',#3082,#3020,#1677,.T.);
#3844=EDGE_CURVE('',#3022,#3078,#1678,.T.);
#3845=EDGE_CURVE('',#3019,#3080,#1679,.T.);
#3846=EDGE_CURVE('',#2987,#3066,#1680,.F.);
#3847=EDGE_CURVE('',#3085,#3086,#1681,.T.);
#3848=EDGE_CURVE('',#3086,#3087,#1682,.T.);
#3849=EDGE_CURVE('',#3088,#3087,#1683,.T.);
#3850=EDGE_CURVE('',#3085,#3088,#1684,.T.);
#3851=EDGE_CURVE('',#3087,#3089,#1685,.T.);
#3852=EDGE_CURVE('',#3090,#3089,#1686,.T.);
#3853=EDGE_CURVE('',#3088,#3090,#1687,.T.);
#3854=EDGE_CURVE('',#3089,#3091,#1688,.T.);
#3855=EDGE_CURVE('',#3092,#3091,#1689,.T.);
#3856=EDGE_CURVE('',#3092,#3090,#1690,.T.);
#3857=EDGE_CURVE('',#3091,#3086,#1691,.T.);
#3858=EDGE_CURVE('',#3085,#3092,#1692,.T.);
#3859=EDGE_CURVE('',#3093,#3094,#1693,.T.);
#3860=EDGE_CURVE('',#3094,#3095,#1694,.T.);
#3861=EDGE_CURVE('',#3095,#3096,#1695,.T.);
#3862=EDGE_CURVE('',#3096,#3093,#1696,.T.);
#3863=EDGE_CURVE('',#3089,#3096,#1697,.T.);
#3864=EDGE_CURVE('',#3093,#3087,#1698,.T.);
#3865=EDGE_CURVE('',#3094,#3086,#1699,.T.);
#3866=EDGE_CURVE('',#3091,#3095,#1700,.T.);
#3867=EDGE_CURVE('',#3097,#3098,#1701,.T.);
#3868=EDGE_CURVE('',#3098,#3099,#1702,.T.);
#3869=EDGE_CURVE('',#3100,#3099,#1703,.T.);
#3870=EDGE_CURVE('',#3097,#3100,#1704,.T.);
#3871=EDGE_CURVE('',#3099,#3101,#1705,.T.);
#3872=EDGE_CURVE('',#3102,#3101,#1706,.T.);
#3873=EDGE_CURVE('',#3100,#3102,#1707,.T.);
#3874=EDGE_CURVE('',#3101,#3103,#1708,.T.);
#3875=EDGE_CURVE('',#3104,#3103,#1709,.T.);
#3876=EDGE_CURVE('',#3104,#3102,#1710,.T.);
#3877=EDGE_CURVE('',#3103,#3098,#1711,.T.);
#3878=EDGE_CURVE('',#3097,#3104,#1712,.T.);
#3879=EDGE_CURVE('',#3105,#3106,#1713,.T.);
#3880=EDGE_CURVE('',#3106,#3107,#1714,.T.);
#3881=EDGE_CURVE('',#3107,#3108,#1715,.T.);
#3882=EDGE_CURVE('',#3108,#3105,#1716,.T.);
#3883=EDGE_CURVE('',#3101,#3108,#1717,.T.);
#3884=EDGE_CURVE('',#3105,#3099,#1718,.T.);
#3885=EDGE_CURVE('',#3106,#3098,#1719,.T.);
#3886=EDGE_CURVE('',#3103,#3107,#1720,.T.);
#3887=EDGE_CURVE('',#3109,#3110,#1721,.T.);
#3888=EDGE_CURVE('',#3110,#3111,#1722,.T.);
#3889=EDGE_CURVE('',#3112,#3111,#1723,.T.);
#3890=EDGE_CURVE('',#3109,#3112,#1724,.T.);
#3891=EDGE_CURVE('',#3111,#3113,#1725,.T.);
#3892=EDGE_CURVE('',#3114,#3113,#1726,.T.);
#3893=EDGE_CURVE('',#3112,#3114,#1727,.T.);
#3894=EDGE_CURVE('',#3113,#3115,#1728,.T.);
#3895=EDGE_CURVE('',#3116,#3115,#1729,.T.);
#3896=EDGE_CURVE('',#3116,#3114,#1730,.T.);
#3897=EDGE_CURVE('',#3115,#3110,#1731,.T.);
#3898=EDGE_CURVE('',#3109,#3116,#1732,.T.);
#3899=EDGE_CURVE('',#3117,#3118,#1733,.T.);
#3900=EDGE_CURVE('',#3118,#3119,#1734,.T.);
#3901=EDGE_CURVE('',#3119,#3120,#1735,.T.);
#3902=EDGE_CURVE('',#3120,#3117,#1736,.T.);
#3903=EDGE_CURVE('',#3113,#3120,#1737,.T.);
#3904=EDGE_CURVE('',#3117,#3111,#1738,.T.);
#3905=EDGE_CURVE('',#3118,#3110,#1739,.T.);
#3906=EDGE_CURVE('',#3115,#3119,#1740,.T.);
#3907=EDGE_CURVE('',#3121,#3122,#1741,.T.);
#3908=EDGE_CURVE('',#3122,#3123,#1742,.T.);
#3909=EDGE_CURVE('',#3124,#3123,#1743,.T.);
#3910=EDGE_CURVE('',#3121,#3124,#1744,.T.);
#3911=EDGE_CURVE('',#3123,#3125,#1745,.T.);
#3912=EDGE_CURVE('',#3126,#3125,#1746,.T.);
#3913=EDGE_CURVE('',#3124,#3126,#1747,.T.);
#3914=EDGE_CURVE('',#3125,#3127,#1748,.T.);
#3915=EDGE_CURVE('',#3128,#3127,#1749,.T.);
#3916=EDGE_CURVE('',#3128,#3126,#1750,.T.);
#3917=EDGE_CURVE('',#3127,#3122,#1751,.T.);
#3918=EDGE_CURVE('',#3121,#3128,#1752,.T.);
#3919=EDGE_CURVE('',#3129,#3130,#1753,.T.);
#3920=EDGE_CURVE('',#3130,#3131,#1754,.T.);
#3921=EDGE_CURVE('',#3131,#3132,#1755,.T.);
#3922=EDGE_CURVE('',#3132,#3129,#1756,.T.);
#3923=EDGE_CURVE('',#3125,#3132,#1757,.T.);
#3924=EDGE_CURVE('',#3129,#3123,#1758,.T.);
#3925=EDGE_CURVE('',#3130,#3122,#1759,.T.);
#3926=EDGE_CURVE('',#3127,#3131,#1760,.T.);
#3927=EDGE_CURVE('',#3133,#3134,#1761,.T.);
#3928=EDGE_CURVE('',#3134,#3135,#1762,.T.);
#3929=EDGE_CURVE('',#3136,#3135,#1763,.T.);
#3930=EDGE_CURVE('',#3133,#3136,#1764,.T.);
#3931=EDGE_CURVE('',#3135,#3137,#1765,.T.);
#3932=EDGE_CURVE('',#3138,#3137,#1766,.T.);
#3933=EDGE_CURVE('',#3136,#3138,#1767,.T.);
#3934=EDGE_CURVE('',#3137,#3139,#1768,.T.);
#3935=EDGE_CURVE('',#3140,#3139,#1769,.T.);
#3936=EDGE_CURVE('',#3140,#3138,#1770,.T.);
#3937=EDGE_CURVE('',#3139,#3134,#1771,.T.);
#3938=EDGE_CURVE('',#3133,#3140,#1772,.T.);
#3939=EDGE_CURVE('',#3141,#3142,#1773,.T.);
#3940=EDGE_CURVE('',#3142,#3143,#1774,.T.);
#3941=EDGE_CURVE('',#3143,#3144,#1775,.T.);
#3942=EDGE_CURVE('',#3144,#3141,#1776,.T.);
#3943=EDGE_CURVE('',#3137,#3144,#1777,.T.);
#3944=EDGE_CURVE('',#3141,#3135,#1778,.T.);
#3945=EDGE_CURVE('',#3142,#3134,#1779,.T.);
#3946=EDGE_CURVE('',#3139,#3143,#1780,.T.);
#3947=EDGE_CURVE('',#3145,#3146,#1781,.T.);
#3948=EDGE_CURVE('',#3146,#3147,#1782,.T.);
#3949=EDGE_CURVE('',#3148,#3147,#1783,.T.);
#3950=EDGE_CURVE('',#3145,#3148,#1784,.T.);
#3951=EDGE_CURVE('',#3147,#3149,#1785,.T.);
#3952=EDGE_CURVE('',#3150,#3149,#1786,.T.);
#3953=EDGE_CURVE('',#3148,#3150,#1787,.T.);
#3954=EDGE_CURVE('',#3149,#3151,#1788,.T.);
#3955=EDGE_CURVE('',#3152,#3151,#1789,.T.);
#3956=EDGE_CURVE('',#3152,#3150,#1790,.T.);
#3957=EDGE_CURVE('',#3151,#3146,#1791,.T.);
#3958=EDGE_CURVE('',#3145,#3152,#1792,.T.);
#3959=EDGE_CURVE('',#3153,#3154,#1793,.T.);
#3960=EDGE_CURVE('',#3154,#3155,#1794,.T.);
#3961=EDGE_CURVE('',#3155,#3156,#1795,.T.);
#3962=EDGE_CURVE('',#3156,#3153,#1796,.T.);
#3963=EDGE_CURVE('',#3149,#3156,#1797,.T.);
#3964=EDGE_CURVE('',#3153,#3147,#1798,.T.);
#3965=EDGE_CURVE('',#3154,#3146,#1799,.T.);
#3966=EDGE_CURVE('',#3151,#3155,#1800,.T.);
#3967=EDGE_CURVE('',#3157,#3158,#1801,.T.);
#3968=EDGE_CURVE('',#3158,#3159,#1802,.T.);
#3969=EDGE_CURVE('',#3160,#3159,#1803,.T.);
#3970=EDGE_CURVE('',#3157,#3160,#1804,.T.);
#3971=EDGE_CURVE('',#3159,#3161,#1805,.T.);
#3972=EDGE_CURVE('',#3162,#3161,#1806,.T.);
#3973=EDGE_CURVE('',#3160,#3162,#1807,.T.);
#3974=EDGE_CURVE('',#3161,#3163,#1808,.T.);
#3975=EDGE_CURVE('',#3164,#3163,#1809,.T.);
#3976=EDGE_CURVE('',#3164,#3162,#1810,.T.);
#3977=EDGE_CURVE('',#3163,#3158,#1811,.T.);
#3978=EDGE_CURVE('',#3157,#3164,#1812,.T.);
#3979=EDGE_CURVE('',#3165,#3166,#1813,.T.);
#3980=EDGE_CURVE('',#3166,#3167,#1814,.T.);
#3981=EDGE_CURVE('',#3167,#3168,#1815,.T.);
#3982=EDGE_CURVE('',#3168,#3165,#1816,.T.);
#3983=EDGE_CURVE('',#3161,#3168,#1817,.T.);
#3984=EDGE_CURVE('',#3165,#3159,#1818,.T.);
#3985=EDGE_CURVE('',#3166,#3158,#1819,.T.);
#3986=EDGE_CURVE('',#3163,#3167,#1820,.T.);
#3987=EDGE_CURVE('',#3169,#3169,#51,.T.);
#3988=EDGE_CURVE('',#3169,#3170,#1821,.T.);
#3989=EDGE_CURVE('',#3170,#3170,#52,.T.);
#3990=EDGE_CURVE('',#3171,#3172,#1822,.T.);
#3991=EDGE_CURVE('',#3171,#3173,#1823,.T.);
#3992=EDGE_CURVE('',#3174,#3173,#1824,.T.);
#3993=EDGE_CURVE('',#3172,#3174,#1825,.T.);
#3994=EDGE_CURVE('',#3172,#3175,#1826,.T.);
#3995=EDGE_CURVE('',#3176,#3174,#1827,.T.);
#3996=EDGE_CURVE('',#3175,#3176,#1828,.T.);
#3997=EDGE_CURVE('',#3175,#3177,#1829,.T.);
#3998=EDGE_CURVE('',#3178,#3176,#1830,.T.);
#3999=EDGE_CURVE('',#3177,#3178,#1831,.T.);
#4000=EDGE_CURVE('',#3177,#3171,#1832,.T.);
#4001=EDGE_CURVE('',#3173,#3178,#1833,.T.);
#4002=EDGE_CURVE('',#3179,#3180,#1834,.T.);
#4003=EDGE_CURVE('',#3180,#3181,#53,.T.);
#4004=EDGE_CURVE('',#3181,#3182,#1835,.T.);
#4005=EDGE_CURVE('',#3182,#3183,#54,.T.);
#4006=EDGE_CURVE('',#3183,#3184,#1836,.T.);
#4007=EDGE_CURVE('',#3184,#3185,#55,.T.);
#4008=EDGE_CURVE('',#3185,#3186,#1837,.T.);
#4009=EDGE_CURVE('',#3186,#3187,#56,.T.);
#4010=EDGE_CURVE('',#3187,#3188,#1838,.T.);
#4011=EDGE_CURVE('',#3188,#3189,#57,.T.);
#4012=EDGE_CURVE('',#3189,#3190,#1839,.T.);
#4013=EDGE_CURVE('',#3190,#3191,#58,.T.);
#4014=EDGE_CURVE('',#3191,#3192,#1840,.T.);
#4015=EDGE_CURVE('',#3192,#3193,#59,.T.);
#4016=EDGE_CURVE('',#3193,#3194,#1841,.T.);
#4017=EDGE_CURVE('',#3194,#3195,#60,.T.);
#4018=EDGE_CURVE('',#3195,#3196,#1842,.T.);
#4019=EDGE_CURVE('',#3196,#3197,#61,.T.);
#4020=EDGE_CURVE('',#3197,#3198,#1843,.T.);
#4021=EDGE_CURVE('',#3198,#3179,#62,.T.);
#4022=EDGE_CURVE('',#3199,#3199,#63,.T.);
#4023=EDGE_CURVE('',#3200,#3200,#64,.T.);
#4024=EDGE_CURVE('',#3201,#3201,#65,.T.);
#4025=EDGE_CURVE('',#3202,#3202,#66,.T.);
#4026=EDGE_CURVE('',#3203,#3203,#67,.T.);
#4027=EDGE_CURVE('',#3204,#3204,#68,.T.);
#4028=EDGE_CURVE('',#3205,#3205,#69,.T.);
#4029=EDGE_CURVE('',#3206,#3207,#1844,.T.);
#4030=EDGE_CURVE('',#3207,#3208,#1845,.T.);
#4031=EDGE_CURVE('',#3208,#3209,#1846,.T.);
#4032=EDGE_CURVE('',#3209,#3206,#1847,.T.);
#4033=EDGE_CURVE('',#3210,#3210,#70,.T.);
#4034=EDGE_CURVE('',#3211,#3211,#71,.T.);
#4035=EDGE_CURVE('',#3212,#3212,#72,.T.);
#4036=EDGE_CURVE('',#3213,#3213,#73,.T.);
#4037=EDGE_CURVE('',#3214,#3214,#74,.T.);
#4038=EDGE_CURVE('',#3215,#3215,#75,.T.);
#4039=EDGE_CURVE('',#3216,#3216,#76,.T.);
#4040=EDGE_CURVE('',#3217,#3217,#77,.T.);
#4041=EDGE_CURVE('',#3218,#3218,#78,.T.);
#4042=EDGE_CURVE('',#3219,#3219,#79,.T.);
#4043=EDGE_CURVE('',#3220,#3221,#1848,.T.);
#4044=EDGE_CURVE('',#3221,#3222,#80,.T.);
#4045=EDGE_CURVE('',#3222,#3223,#1849,.T.);
#4046=EDGE_CURVE('',#3223,#3220,#81,.T.);
#4047=EDGE_CURVE('',#3224,#3224,#82,.T.);
#4048=EDGE_CURVE('',#3225,#3225,#83,.T.);
#4049=EDGE_CURVE('',#3226,#3226,#84,.T.);
#4050=EDGE_CURVE('',#3227,#3227,#85,.T.);
#4051=EDGE_CURVE('',#3228,#3228,#86,.T.);
#4052=EDGE_CURVE('',#3229,#3230,#1850,.T.);
#4053=EDGE_CURVE('',#3230,#3231,#1851,.T.);
#4054=EDGE_CURVE('',#3231,#3232,#1852,.T.);
#4055=EDGE_CURVE('',#3232,#3229,#1853,.T.);
#4056=EDGE_CURVE('',#3233,#3233,#87,.T.);
#4057=EDGE_CURVE('',#3234,#3234,#88,.T.);
#4058=EDGE_CURVE('',#3235,#3235,#89,.T.);
#4059=EDGE_CURVE('',#3236,#3236,#90,.T.);
#4060=EDGE_CURVE('',#3237,#3237,#91,.T.);
#4061=EDGE_CURVE('',#3237,#3238,#1854,.T.);
#4062=EDGE_CURVE('',#3238,#3238,#92,.T.);
#4063=EDGE_CURVE('',#3239,#3239,#93,.T.);
#4064=EDGE_CURVE('',#3239,#3199,#1855,.T.);
#4065=EDGE_CURVE('',#3240,#3240,#94,.T.);
#4066=EDGE_CURVE('',#3240,#3241,#1856,.T.);
#4067=EDGE_CURVE('',#3241,#3241,#95,.T.);
#4068=EDGE_CURVE('',#3242,#3242,#96,.T.);
#4069=EDGE_CURVE('',#3242,#3236,#1857,.T.);
#4070=EDGE_CURVE('',#3243,#3243,#97,.T.);
#4071=EDGE_CURVE('',#3243,#3244,#1858,.T.);
#4072=EDGE_CURVE('',#3244,#3244,#98,.T.);
#4073=EDGE_CURVE('',#3245,#3245,#99,.T.);
#4074=EDGE_CURVE('',#3245,#3200,#1859,.T.);
#4075=EDGE_CURVE('',#3246,#3246,#100,.T.);
#4076=EDGE_CURVE('',#3246,#3247,#1860,.T.);
#4077=EDGE_CURVE('',#3247,#3247,#101,.T.);
#4078=EDGE_CURVE('',#3248,#3248,#102,.T.);
#4079=EDGE_CURVE('',#3248,#3235,#1861,.T.);
#4080=EDGE_CURVE('',#3249,#3249,#103,.T.);
#4081=EDGE_CURVE('',#3249,#3250,#1862,.T.);
#4082=EDGE_CURVE('',#3250,#3250,#104,.T.);
#4083=EDGE_CURVE('',#3251,#3251,#105,.T.);
#4084=EDGE_CURVE('',#3251,#3201,#1863,.T.);
#4085=EDGE_CURVE('',#3252,#3252,#106,.T.);
#4086=EDGE_CURVE('',#3252,#3253,#1864,.T.);
#4087=EDGE_CURVE('',#3253,#3253,#107,.T.);
#4088=EDGE_CURVE('',#3254,#3254,#108,.T.);
#4089=EDGE_CURVE('',#3254,#3234,#1865,.T.);
#4090=EDGE_CURVE('',#3255,#3255,#109,.T.);
#4091=EDGE_CURVE('',#3255,#3256,#1866,.T.);
#4092=EDGE_CURVE('',#3256,#3256,#110,.T.);
#4093=EDGE_CURVE('',#3257,#3257,#111,.T.);
#4094=EDGE_CURVE('',#3257,#3202,#1867,.T.);
#4095=EDGE_CURVE('',#3258,#3258,#112,.T.);
#4096=EDGE_CURVE('',#3258,#3259,#1868,.T.);
#4097=EDGE_CURVE('',#3259,#3259,#113,.T.);
#4098=EDGE_CURVE('',#3260,#3260,#114,.T.);
#4099=EDGE_CURVE('',#3260,#3233,#1869,.T.);
#4100=EDGE_CURVE('',#3261,#3261,#115,.T.);
#4101=EDGE_CURVE('',#3261,#3262,#1870,.T.);
#4102=EDGE_CURVE('',#3262,#3262,#116,.T.);
#4103=EDGE_CURVE('',#3263,#3263,#117,.T.);
#4104=EDGE_CURVE('',#3263,#3203,#1871,.T.);
#4105=EDGE_CURVE('',#3264,#3264,#118,.T.);
#4106=EDGE_CURVE('',#3264,#3265,#1872,.T.);
#4107=EDGE_CURVE('',#3265,#3265,#119,.T.);
#4108=EDGE_CURVE('',#3229,#3266,#1873,.T.);
#4109=EDGE_CURVE('',#3267,#3266,#1874,.T.);
#4110=EDGE_CURVE('',#3230,#3267,#1875,.T.);
#4111=EDGE_CURVE('',#3268,#3267,#1876,.T.);
#4112=EDGE_CURVE('',#3231,#3268,#1877,.T.);
#4113=EDGE_CURVE('',#3269,#3268,#1878,.T.);
#4114=EDGE_CURVE('',#3232,#3269,#1879,.T.);
#4115=EDGE_CURVE('',#3266,#3269,#1880,.T.);
#4116=EDGE_CURVE('',#3270,#3270,#120,.T.);
#4117=EDGE_CURVE('',#3270,#3271,#1881,.T.);
#4118=EDGE_CURVE('',#3271,#3271,#121,.T.);
#4119=EDGE_CURVE('',#3272,#3272,#122,.T.);
#4120=EDGE_CURVE('',#3272,#3204,#1882,.T.);
#4121=EDGE_CURVE('',#3273,#3273,#123,.T.);
#4122=EDGE_CURVE('',#3273,#3274,#1883,.T.);
#4123=EDGE_CURVE('',#3274,#3274,#124,.T.);
#4124=EDGE_CURVE('',#3275,#3275,#125,.T.);
#4125=EDGE_CURVE('',#3275,#3228,#1884,.T.);
#4126=EDGE_CURVE('',#3276,#3276,#126,.T.);
#4127=EDGE_CURVE('',#3276,#3277,#1885,.T.);
#4128=EDGE_CURVE('',#3277,#3277,#127,.T.);
#4129=EDGE_CURVE('',#3278,#3278,#128,.T.);
#4130=EDGE_CURVE('',#3278,#3205,#1886,.T.);
#4131=EDGE_CURVE('',#3279,#3280,#1887,.T.);
#4132=EDGE_CURVE('',#3280,#3281,#1888,.T.);
#4133=EDGE_CURVE('',#3281,#3282,#1889,.T.);
#4134=EDGE_CURVE('',#3279,#3282,#1890,.T.);
#4135=EDGE_CURVE('',#3280,#3283,#1891,.T.);
#4136=EDGE_CURVE('',#3283,#3284,#1892,.T.);
#4137=EDGE_CURVE('',#3284,#3281,#1893,.T.);
#4138=EDGE_CURVE('',#3283,#3285,#1894,.T.);
#4139=EDGE_CURVE('',#3285,#3286,#1895,.T.);
#4140=EDGE_CURVE('',#3286,#3284,#1896,.T.);
#4141=EDGE_CURVE('',#3282,#3286,#1897,.T.);
#4142=EDGE_CURVE('',#3285,#3279,#1898,.T.);
#4143=EDGE_CURVE('',#3287,#3282,#1899,.T.);
#4144=EDGE_CURVE('',#3288,#3287,#1900,.T.);
#4145=EDGE_CURVE('',#3288,#3286,#1901,.T.);
#4146=EDGE_CURVE('',#3289,#3281,#1902,.T.);
#4147=EDGE_CURVE('',#3287,#3289,#1903,.T.);
#4148=EDGE_CURVE('',#3290,#3284,#1904,.T.);
#4149=EDGE_CURVE('',#3289,#3290,#1905,.T.);
#4150=EDGE_CURVE('',#3290,#3288,#1906,.T.);
#4151=EDGE_CURVE('',#3206,#3291,#1907,.T.);
#4152=EDGE_CURVE('',#3292,#3291,#1908,.T.);
#4153=EDGE_CURVE('',#3207,#3292,#1909,.T.);
#4154=EDGE_CURVE('',#3293,#3292,#1910,.T.);
#4155=EDGE_CURVE('',#3208,#3293,#1911,.T.);
#4156=EDGE_CURVE('',#3294,#3293,#1912,.T.);
#4157=EDGE_CURVE('',#3209,#3294,#1913,.T.);
#4158=EDGE_CURVE('',#3291,#3294,#1914,.T.);
#4159=EDGE_CURVE('',#3210,#3295,#1915,.T.);
#4160=EDGE_CURVE('',#3295,#3295,#129,.T.);
#4161=EDGE_CURVE('',#3211,#3296,#1916,.T.);
#4162=EDGE_CURVE('',#3296,#3296,#130,.T.);
#4163=EDGE_CURVE('',#3212,#3297,#1917,.T.);
#4164=EDGE_CURVE('',#3297,#3297,#131,.T.);
#4165=EDGE_CURVE('',#3213,#3298,#1918,.T.);
#4166=EDGE_CURVE('',#3298,#3298,#132,.T.);
#4167=EDGE_CURVE('',#3214,#3299,#1919,.T.);
#4168=EDGE_CURVE('',#3299,#3299,#133,.T.);
#4169=EDGE_CURVE('',#3215,#3300,#1920,.T.);
#4170=EDGE_CURVE('',#3300,#3300,#134,.T.);
#4171=EDGE_CURVE('',#3216,#3301,#1921,.T.);
#4172=EDGE_CURVE('',#3301,#3301,#135,.T.);
#4173=EDGE_CURVE('',#3217,#3302,#1922,.T.);
#4174=EDGE_CURVE('',#3302,#3302,#136,.T.);
#4175=EDGE_CURVE('',#3218,#3303,#1923,.T.);
#4176=EDGE_CURVE('',#3303,#3303,#137,.T.);
#4177=EDGE_CURVE('',#3219,#3304,#1924,.T.);
#4178=EDGE_CURVE('',#3304,#3304,#138,.T.);
#4179=EDGE_CURVE('',#3220,#3305,#1925,.T.);
#4180=EDGE_CURVE('',#3306,#3305,#1926,.T.);
#4181=EDGE_CURVE('',#3221,#3306,#1927,.T.);
#4182=EDGE_CURVE('',#3223,#3307,#1928,.T.);
#4183=EDGE_CURVE('',#3305,#3307,#139,.T.);
#4184=EDGE_CURVE('',#3222,#3308,#1929,.T.);
#4185=EDGE_CURVE('',#3307,#3308,#1930,.T.);
#4186=EDGE_CURVE('',#3308,#3306,#140,.T.);
#4187=EDGE_CURVE('',#3224,#3309,#1931,.T.);
#4188=EDGE_CURVE('',#3309,#3309,#141,.T.);
#4189=EDGE_CURVE('',#3225,#3310,#1932,.T.);
#4190=EDGE_CURVE('',#3310,#3310,#142,.T.);
#4191=EDGE_CURVE('',#3226,#3311,#1933,.T.);
#4192=EDGE_CURVE('',#3311,#3311,#143,.T.);
#4193=EDGE_CURVE('',#3227,#3312,#1934,.T.);
#4194=EDGE_CURVE('',#3312,#3312,#144,.T.);
#4195=EDGE_CURVE('',#3313,#3314,#145,.T.);
#4196=EDGE_CURVE('',#3313,#3179,#1935,.T.);
#4197=EDGE_CURVE('',#3314,#3198,#1936,.T.);
#4198=EDGE_CURVE('',#3314,#3315,#1937,.T.);
#4199=EDGE_CURVE('',#3315,#3197,#1938,.T.);
#4200=EDGE_CURVE('',#3315,#3316,#146,.T.);
#4201=EDGE_CURVE('',#3316,#3196,#1939,.T.);
#4202=EDGE_CURVE('',#3316,#3317,#1940,.T.);
#4203=EDGE_CURVE('',#3317,#3195,#1941,.T.);
#4204=EDGE_CURVE('',#3317,#3318,#147,.T.);
#4205=EDGE_CURVE('',#3318,#3194,#1942,.T.);
#4206=EDGE_CURVE('',#3319,#3318,#1943,.T.);
#4207=EDGE_CURVE('',#3319,#3193,#1944,.T.);
#4208=EDGE_CURVE('',#3319,#3320,#148,.T.);
#4209=EDGE_CURVE('',#3320,#3192,#1945,.T.);
#4210=EDGE_CURVE('',#3320,#3321,#1946,.T.);
#4211=EDGE_CURVE('',#3321,#3191,#1947,.T.);
#4212=EDGE_CURVE('',#3322,#3321,#149,.T.);
#4213=EDGE_CURVE('',#3322,#3190,#1948,.T.);
#4214=EDGE_CURVE('',#3322,#3323,#1949,.T.);
#4215=EDGE_CURVE('',#3323,#3189,#1950,.T.);
#4216=EDGE_CURVE('',#3323,#3324,#150,.T.);
#4217=EDGE_CURVE('',#3324,#3188,#1951,.T.);
#4218=EDGE_CURVE('',#3324,#3325,#1952,.T.);
#4219=EDGE_CURVE('',#3325,#3187,#1953,.T.);
#4220=EDGE_CURVE('',#3325,#3326,#151,.T.);
#4221=EDGE_CURVE('',#3326,#3186,#1954,.T.);
#4222=EDGE_CURVE('',#3326,#3327,#1955,.T.);
#4223=EDGE_CURVE('',#3327,#3185,#1956,.T.);
#4224=EDGE_CURVE('',#3327,#3328,#152,.T.);
#4225=EDGE_CURVE('',#3328,#3184,#1957,.T.);
#4226=EDGE_CURVE('',#3329,#3328,#1958,.T.);
#4227=EDGE_CURVE('',#3329,#3183,#1959,.T.);
#4228=EDGE_CURVE('',#3329,#3330,#153,.T.);
#4229=EDGE_CURVE('',#3330,#3182,#1960,.T.);
#4230=EDGE_CURVE('',#3331,#3330,#1961,.T.);
#4231=EDGE_CURVE('',#3331,#3181,#1962,.T.);
#4232=EDGE_CURVE('',#3332,#3331,#154,.T.);
#4233=EDGE_CURVE('',#3332,#3180,#1963,.T.);
#4234=EDGE_CURVE('',#3313,#3332,#1964,.T.);
#4235=ORIENTED_EDGE('',*,*,#3333,.F.);
#4236=ORIENTED_EDGE('',*,*,#3334,.T.);
#4237=ORIENTED_EDGE('',*,*,#3335,.T.);
#4238=ORIENTED_EDGE('',*,*,#3336,.T.);
#4239=ORIENTED_EDGE('',*,*,#3337,.T.);
#4240=ORIENTED_EDGE('',*,*,#3338,.T.);
#4241=ORIENTED_EDGE('',*,*,#3339,.T.);
#4242=ORIENTED_EDGE('',*,*,#3340,.T.);
#4243=ORIENTED_EDGE('',*,*,#3341,.F.);
#4244=ORIENTED_EDGE('',*,*,#3342,.T.);
#4245=ORIENTED_EDGE('',*,*,#3333,.T.);
#4246=ORIENTED_EDGE('',*,*,#3343,.T.);
#4247=ORIENTED_EDGE('',*,*,#3344,.F.);
#4248=ORIENTED_EDGE('',*,*,#3345,.T.);
#4249=ORIENTED_EDGE('',*,*,#3341,.T.);
#4250=ORIENTED_EDGE('',*,*,#3346,.T.);
#4251=ORIENTED_EDGE('',*,*,#3347,.T.);
#4252=ORIENTED_EDGE('',*,*,#3348,.T.);
#4253=ORIENTED_EDGE('',*,*,#3349,.T.);
#4254=ORIENTED_EDGE('',*,*,#3350,.T.);
#4255=ORIENTED_EDGE('',*,*,#3339,.F.);
#4256=ORIENTED_EDGE('',*,*,#3351,.T.);
#4257=ORIENTED_EDGE('',*,*,#3344,.T.);
#4258=ORIENTED_EDGE('',*,*,#3352,.T.);
#4259=ORIENTED_EDGE('',*,*,#3353,.F.);
#4260=ORIENTED_EDGE('',*,*,#3354,.T.);
#4261=ORIENTED_EDGE('',*,*,#3355,.T.);
#4262=ORIENTED_EDGE('',*,*,#3356,.F.);
#4263=ORIENTED_EDGE('',*,*,#3357,.F.);
#4264=ORIENTED_EDGE('',*,*,#3358,.F.);
#4265=ORIENTED_EDGE('',*,*,#3359,.T.);
#4266=ORIENTED_EDGE('',*,*,#3360,.T.);
#4267=ORIENTED_EDGE('',*,*,#3361,.T.);
#4268=ORIENTED_EDGE('',*,*,#3362,.T.);
#4269=ORIENTED_EDGE('',*,*,#3363,.T.);
#4270=ORIENTED_EDGE('',*,*,#3364,.T.);
#4271=ORIENTED_EDGE('',*,*,#3365,.F.);
#4272=ORIENTED_EDGE('',*,*,#3366,.T.);
#4273=ORIENTED_EDGE('',*,*,#3353,.T.);
#4274=ORIENTED_EDGE('',*,*,#3367,.T.);
#4275=ORIENTED_EDGE('',*,*,#3368,.F.);
#4276=ORIENTED_EDGE('',*,*,#3369,.T.);
#4277=ORIENTED_EDGE('',*,*,#3365,.T.);
#4278=ORIENTED_EDGE('',*,*,#3370,.T.);
#4279=ORIENTED_EDGE('',*,*,#3371,.T.);
#4280=ORIENTED_EDGE('',*,*,#3372,.T.);
#4281=ORIENTED_EDGE('',*,*,#3373,.T.);
#4282=ORIENTED_EDGE('',*,*,#3374,.T.);
#4283=ORIENTED_EDGE('',*,*,#3363,.F.);
#4284=ORIENTED_EDGE('',*,*,#3375,.T.);
#4285=ORIENTED_EDGE('',*,*,#3368,.T.);
#4286=ORIENTED_EDGE('',*,*,#3376,.T.);
#4287=ORIENTED_EDGE('',*,*,#3377,.T.);
#4288=ORIENTED_EDGE('',*,*,#3378,.T.);
#4289=ORIENTED_EDGE('',*,*,#3379,.F.);
#4290=ORIENTED_EDGE('',*,*,#3380,.T.);
#4291=ORIENTED_EDGE('',*,*,#3381,.T.);
#4292=ORIENTED_EDGE('',*,*,#3382,.T.);
#4293=ORIENTED_EDGE('',*,*,#3383,.T.);
#4294=ORIENTED_EDGE('',*,*,#3384,.T.);
#4295=ORIENTED_EDGE('',*,*,#3379,.T.);
#4296=ORIENTED_EDGE('',*,*,#3385,.T.);
#4297=ORIENTED_EDGE('',*,*,#3386,.F.);
#4298=ORIENTED_EDGE('',*,*,#3387,.T.);
#4299=ORIENTED_EDGE('',*,*,#3386,.T.);
#4300=ORIENTED_EDGE('',*,*,#3388,.T.);
#4301=ORIENTED_EDGE('',*,*,#3389,.F.);
#4302=ORIENTED_EDGE('',*,*,#3390,.T.);
#4303=ORIENTED_EDGE('',*,*,#3391,.T.);
#4304=ORIENTED_EDGE('',*,*,#3392,.T.);
#4305=ORIENTED_EDGE('',*,*,#3393,.T.);
#4306=ORIENTED_EDGE('',*,*,#3394,.T.);
#4307=ORIENTED_EDGE('',*,*,#3389,.T.);
#4308=ORIENTED_EDGE('',*,*,#3395,.T.);
#4309=ORIENTED_EDGE('',*,*,#3381,.F.);
#4310=ORIENTED_EDGE('',*,*,#3396,.T.);
#4311=ORIENTED_EDGE('',*,*,#3397,.T.);
#4312=ORIENTED_EDGE('',*,*,#3398,.T.);
#4313=ORIENTED_EDGE('',*,*,#3399,.F.);
#4314=ORIENTED_EDGE('',*,*,#3400,.T.);
#4315=ORIENTED_EDGE('',*,*,#3401,.T.);
#4316=ORIENTED_EDGE('',*,*,#3402,.T.);
#4317=ORIENTED_EDGE('',*,*,#3403,.F.);
#4318=ORIENTED_EDGE('',*,*,#3404,.F.);
#4319=ORIENTED_EDGE('',*,*,#3405,.T.);
#4320=ORIENTED_EDGE('',*,*,#3406,.T.);
#4321=ORIENTED_EDGE('',*,*,#3407,.T.);
#4322=ORIENTED_EDGE('',*,*,#3408,.T.);
#4323=ORIENTED_EDGE('',*,*,#3367,.F.);
#4324=ORIENTED_EDGE('',*,*,#3360,.F.);
#4325=ORIENTED_EDGE('',*,*,#3409,.T.);
#4326=ORIENTED_EDGE('',*,*,#3410,.T.);
#4327=ORIENTED_EDGE('',*,*,#3411,.F.);
#4328=ORIENTED_EDGE('',*,*,#3364,.F.);
#4329=ORIENTED_EDGE('',*,*,#3376,.F.);
#4330=ORIENTED_EDGE('',*,*,#3370,.F.);
#4331=ORIENTED_EDGE('',*,*,#3412,.T.);
#4332=ORIENTED_EDGE('',*,*,#3413,.T.);
#4333=ORIENTED_EDGE('',*,*,#3414,.T.);
#4334=ORIENTED_EDGE('',*,*,#3408,.F.);
#4335=ORIENTED_EDGE('',*,*,#3415,.T.);
#4336=ORIENTED_EDGE('',*,*,#3416,.T.);
#4337=ORIENTED_EDGE('',*,*,#3417,.F.);
#4338=ORIENTED_EDGE('',*,*,#3400,.F.);
#4339=ORIENTED_EDGE('',*,*,#3410,.F.);
#4340=ORIENTED_EDGE('',*,*,#3418,.T.);
#4341=ORIENTED_EDGE('',*,*,#3419,.F.);
#4342=ORIENTED_EDGE('',*,*,#3420,.F.);
#4343=ORIENTED_EDGE('',*,*,#3418,.F.);
#4344=ORIENTED_EDGE('',*,*,#3409,.F.);
#4345=ORIENTED_EDGE('',*,*,#3359,.F.);
#4346=ORIENTED_EDGE('',*,*,#3421,.F.);
#4347=ORIENTED_EDGE('',*,*,#3422,.T.);
#4348=ORIENTED_EDGE('',*,*,#3423,.T.);
#4349=ORIENTED_EDGE('',*,*,#3424,.T.);
#4350=ORIENTED_EDGE('',*,*,#3425,.F.);
#4351=ORIENTED_EDGE('',*,*,#3355,.F.);
#4352=ORIENTED_EDGE('',*,*,#3426,.F.);
#4353=ORIENTED_EDGE('',*,*,#3427,.T.);
#4354=ORIENTED_EDGE('',*,*,#3428,.T.);
#4355=ORIENTED_EDGE('',*,*,#3377,.F.);
#4356=ORIENTED_EDGE('',*,*,#3429,.F.);
#4357=ORIENTED_EDGE('',*,*,#3430,.T.);
#4358=ORIENTED_EDGE('',*,*,#3431,.T.);
#4359=ORIENTED_EDGE('',*,*,#3335,.F.);
#4360=ORIENTED_EDGE('',*,*,#3432,.F.);
#4361=ORIENTED_EDGE('',*,*,#3433,.T.);
#4362=ORIENTED_EDGE('',*,*,#3434,.T.);
#4363=ORIENTED_EDGE('',*,*,#3397,.F.);
#4364=ORIENTED_EDGE('',*,*,#3435,.T.);
#4365=ORIENTED_EDGE('',*,*,#3436,.T.);
#4366=ORIENTED_EDGE('',*,*,#3437,.T.);
#4367=ORIENTED_EDGE('',*,*,#3438,.F.);
#4368=ORIENTED_EDGE('',*,*,#3439,.F.);
#4369=ORIENTED_EDGE('',*,*,#3440,.F.);
#4370=ORIENTED_EDGE('',*,*,#3441,.F.);
#4371=ORIENTED_EDGE('',*,*,#3442,.T.);
#4372=ORIENTED_EDGE('',*,*,#3443,.F.);
#4373=ORIENTED_EDGE('',*,*,#3424,.F.);
#4374=ORIENTED_EDGE('',*,*,#3444,.T.);
#4375=ORIENTED_EDGE('',*,*,#3445,.F.);
#4376=ORIENTED_EDGE('',*,*,#3446,.F.);
#4377=ORIENTED_EDGE('',*,*,#3447,.F.);
#4378=ORIENTED_EDGE('',*,*,#3448,.F.);
#4379=ORIENTED_EDGE('',*,*,#3449,.F.);
#4380=ORIENTED_EDGE('',*,*,#3450,.F.);
#4381=ORIENTED_EDGE('',*,*,#3451,.T.);
#4382=ORIENTED_EDGE('',*,*,#3452,.T.);
#4383=ORIENTED_EDGE('',*,*,#3453,.T.);
#4384=ORIENTED_EDGE('',*,*,#3454,.F.);
#4385=ORIENTED_EDGE('',*,*,#3455,.T.);
#4386=ORIENTED_EDGE('',*,*,#3357,.T.);
#4387=ORIENTED_EDGE('',*,*,#3456,.T.);
#4388=ORIENTED_EDGE('',*,*,#3453,.F.);
#4389=ORIENTED_EDGE('',*,*,#3421,.T.);
#4390=ORIENTED_EDGE('',*,*,#3358,.T.);
#4391=ORIENTED_EDGE('',*,*,#3455,.F.);
#4392=ORIENTED_EDGE('',*,*,#3452,.F.);
#4393=ORIENTED_EDGE('',*,*,#3457,.T.);
#4394=ORIENTED_EDGE('',*,*,#3419,.T.);
#4395=ORIENTED_EDGE('',*,*,#3458,.F.);
#4396=ORIENTED_EDGE('',*,*,#3403,.T.);
#4397=ORIENTED_EDGE('',*,*,#3459,.F.);
#4398=ORIENTED_EDGE('',*,*,#3460,.F.);
#4399=ORIENTED_EDGE('',*,*,#3459,.T.);
#4400=ORIENTED_EDGE('',*,*,#3402,.F.);
#4401=ORIENTED_EDGE('',*,*,#3461,.F.);
#4402=ORIENTED_EDGE('',*,*,#3462,.T.);
#4403=ORIENTED_EDGE('',*,*,#3463,.F.);
#4404=ORIENTED_EDGE('',*,*,#3464,.F.);
#4405=ORIENTED_EDGE('',*,*,#3361,.F.);
#4406=ORIENTED_EDGE('',*,*,#3411,.T.);
#4407=ORIENTED_EDGE('',*,*,#3420,.T.);
#4408=ORIENTED_EDGE('',*,*,#3457,.F.);
#4409=ORIENTED_EDGE('',*,*,#3451,.F.);
#4410=ORIENTED_EDGE('',*,*,#3465,.F.);
#4411=ORIENTED_EDGE('',*,*,#3466,.F.);
#4412=ORIENTED_EDGE('',*,*,#3467,.T.);
#4413=ORIENTED_EDGE('',*,*,#3468,.F.);
#4414=ORIENTED_EDGE('',*,*,#3463,.T.);
#4415=ORIENTED_EDGE('',*,*,#3469,.T.);
#4416=ORIENTED_EDGE('',*,*,#3415,.F.);
#4417=ORIENTED_EDGE('',*,*,#3407,.F.);
#4418=ORIENTED_EDGE('',*,*,#3470,.F.);
#4419=ORIENTED_EDGE('',*,*,#3471,.T.);
#4420=ORIENTED_EDGE('',*,*,#3472,.T.);
#4421=ORIENTED_EDGE('',*,*,#3337,.F.);
#4422=ORIENTED_EDGE('',*,*,#3473,.F.);
#4423=ORIENTED_EDGE('',*,*,#3474,.T.);
#4424=ORIENTED_EDGE('',*,*,#3475,.T.);
#4425=ORIENTED_EDGE('',*,*,#3383,.F.);
#4426=ORIENTED_EDGE('',*,*,#3476,.F.);
#4427=ORIENTED_EDGE('',*,*,#3477,.T.);
#4428=ORIENTED_EDGE('',*,*,#3478,.T.);
#4429=ORIENTED_EDGE('',*,*,#3479,.F.);
#4430=ORIENTED_EDGE('',*,*,#3480,.T.);
#4431=ORIENTED_EDGE('',*,*,#3436,.F.);
#4432=ORIENTED_EDGE('',*,*,#3481,.F.);
#4433=ORIENTED_EDGE('',*,*,#3460,.T.);
#4434=ORIENTED_EDGE('',*,*,#3464,.T.);
#4435=ORIENTED_EDGE('',*,*,#3468,.T.);
#4436=ORIENTED_EDGE('',*,*,#3482,.F.);
#4437=ORIENTED_EDGE('',*,*,#3483,.F.);
#4438=ORIENTED_EDGE('',*,*,#3484,.F.);
#4439=ORIENTED_EDGE('',*,*,#3485,.F.);
#4440=ORIENTED_EDGE('',*,*,#3486,.F.);
#4441=ORIENTED_EDGE('',*,*,#3416,.F.);
#4442=ORIENTED_EDGE('',*,*,#3469,.F.);
#4443=ORIENTED_EDGE('',*,*,#3462,.F.);
#4444=ORIENTED_EDGE('',*,*,#3487,.T.);
#4445=ORIENTED_EDGE('',*,*,#3456,.F.);
#4446=ORIENTED_EDGE('',*,*,#3356,.T.);
#4447=ORIENTED_EDGE('',*,*,#3425,.T.);
#4448=ORIENTED_EDGE('',*,*,#3454,.T.);
#4449=ORIENTED_EDGE('',*,*,#3401,.F.);
#4450=ORIENTED_EDGE('',*,*,#3417,.T.);
#4451=ORIENTED_EDGE('',*,*,#3487,.F.);
#4452=ORIENTED_EDGE('',*,*,#3461,.T.);
#4453=ORIENTED_EDGE('',*,*,#3435,.F.);
#4454=ORIENTED_EDGE('',*,*,#3404,.T.);
#4455=ORIENTED_EDGE('',*,*,#3458,.T.);
#4456=ORIENTED_EDGE('',*,*,#3481,.T.);
#4457=ORIENTED_EDGE('',*,*,#3448,.T.);
#4458=ORIENTED_EDGE('',*,*,#3488,.F.);
#4459=ORIENTED_EDGE('',*,*,#3489,.F.);
#4460=ORIENTED_EDGE('',*,*,#3490,.T.);
#4461=ORIENTED_EDGE('',*,*,#3491,.F.);
#4462=ORIENTED_EDGE('',*,*,#3492,.T.);
#4463=ORIENTED_EDGE('',*,*,#3449,.T.);
#4464=ORIENTED_EDGE('',*,*,#3490,.F.);
#4465=ORIENTED_EDGE('',*,*,#3493,.F.);
#4466=ORIENTED_EDGE('',*,*,#3494,.T.);
#4467=ORIENTED_EDGE('',*,*,#3483,.T.);
#4468=ORIENTED_EDGE('',*,*,#3495,.F.);
#4469=ORIENTED_EDGE('',*,*,#3484,.T.);
#4470=ORIENTED_EDGE('',*,*,#3494,.F.);
#4471=ORIENTED_EDGE('',*,*,#3496,.F.);
#4472=ORIENTED_EDGE('',*,*,#3497,.T.);
#4473=ORIENTED_EDGE('',*,*,#3485,.T.);
#4474=ORIENTED_EDGE('',*,*,#3497,.F.);
#4475=ORIENTED_EDGE('',*,*,#3498,.F.);
#4476=ORIENTED_EDGE('',*,*,#3499,.T.);
#4477=ORIENTED_EDGE('',*,*,#3486,.T.);
#4478=ORIENTED_EDGE('',*,*,#3499,.F.);
#4479=ORIENTED_EDGE('',*,*,#3500,.F.);
#4480=ORIENTED_EDGE('',*,*,#3501,.T.);
#4481=ORIENTED_EDGE('',*,*,#3445,.T.);
#4482=ORIENTED_EDGE('',*,*,#3502,.T.);
#4483=ORIENTED_EDGE('',*,*,#3503,.F.);
#4484=ORIENTED_EDGE('',*,*,#3504,.F.);
#4485=ORIENTED_EDGE('',*,*,#3505,.T.);
#4486=ORIENTED_EDGE('',*,*,#3506,.T.);
#4487=ORIENTED_EDGE('',*,*,#3479,.T.);
#4488=ORIENTED_EDGE('',*,*,#3501,.F.);
#4489=ORIENTED_EDGE('',*,*,#3507,.F.);
#4490=ORIENTED_EDGE('',*,*,#3508,.T.);
#4491=ORIENTED_EDGE('',*,*,#3446,.T.);
#4492=ORIENTED_EDGE('',*,*,#3508,.F.);
#4493=ORIENTED_EDGE('',*,*,#3509,.F.);
#4494=ORIENTED_EDGE('',*,*,#3510,.T.);
#4495=ORIENTED_EDGE('',*,*,#3447,.T.);
#4496=ORIENTED_EDGE('',*,*,#3510,.F.);
#4497=ORIENTED_EDGE('',*,*,#3511,.F.);
#4498=ORIENTED_EDGE('',*,*,#3488,.T.);
#4499=ORIENTED_EDGE('',*,*,#3489,.T.);
#4500=ORIENTED_EDGE('',*,*,#3511,.T.);
#4501=ORIENTED_EDGE('',*,*,#3509,.T.);
#4502=ORIENTED_EDGE('',*,*,#3507,.T.);
#4503=ORIENTED_EDGE('',*,*,#3500,.T.);
#4504=ORIENTED_EDGE('',*,*,#3498,.T.);
#4505=ORIENTED_EDGE('',*,*,#3496,.T.);
#4506=ORIENTED_EDGE('',*,*,#3493,.T.);
#4507=ORIENTED_EDGE('',*,*,#3512,.F.);
#4508=ORIENTED_EDGE('',*,*,#3513,.F.);
#4509=ORIENTED_EDGE('',*,*,#3514,.F.);
#4510=ORIENTED_EDGE('',*,*,#3515,.F.);
#4511=ORIENTED_EDGE('',*,*,#3516,.F.);
#4512=ORIENTED_EDGE('',*,*,#3517,.F.);
#4513=ORIENTED_EDGE('',*,*,#3518,.F.);
#4514=ORIENTED_EDGE('',*,*,#3519,.F.);
#4515=ORIENTED_EDGE('',*,*,#3520,.F.);
#4516=ORIENTED_EDGE('',*,*,#3521,.F.);
#4517=ORIENTED_EDGE('',*,*,#3522,.F.);
#4518=ORIENTED_EDGE('',*,*,#3523,.F.);
#4519=ORIENTED_EDGE('',*,*,#3524,.F.);
#4520=ORIENTED_EDGE('',*,*,#3525,.F.);
#4521=ORIENTED_EDGE('',*,*,#3526,.F.);
#4522=ORIENTED_EDGE('',*,*,#3527,.F.);
#4523=ORIENTED_EDGE('',*,*,#3450,.T.);
#4524=ORIENTED_EDGE('',*,*,#3492,.F.);
#4525=ORIENTED_EDGE('',*,*,#3528,.F.);
#4526=ORIENTED_EDGE('',*,*,#3465,.T.);
#4527=ORIENTED_EDGE('',*,*,#3482,.T.);
#4528=ORIENTED_EDGE('',*,*,#3467,.F.);
#4529=ORIENTED_EDGE('',*,*,#3529,.F.);
#4530=ORIENTED_EDGE('',*,*,#3495,.T.);
#4531=ORIENTED_EDGE('',*,*,#3528,.T.);
#4532=ORIENTED_EDGE('',*,*,#3491,.T.);
#4533=ORIENTED_EDGE('',*,*,#3529,.T.);
#4534=ORIENTED_EDGE('',*,*,#3466,.T.);
#4535=ORIENTED_EDGE('',*,*,#3503,.T.);
#4536=ORIENTED_EDGE('',*,*,#3530,.T.);
#4537=ORIENTED_EDGE('',*,*,#3422,.F.);
#4538=ORIENTED_EDGE('',*,*,#3531,.F.);
#4539=ORIENTED_EDGE('',*,*,#3438,.T.);
#4540=ORIENTED_EDGE('',*,*,#3532,.T.);
#4541=ORIENTED_EDGE('',*,*,#3505,.F.);
#4542=ORIENTED_EDGE('',*,*,#3533,.F.);
#4543=ORIENTED_EDGE('',*,*,#3531,.T.);
#4544=ORIENTED_EDGE('',*,*,#3443,.T.);
#4545=ORIENTED_EDGE('',*,*,#3534,.T.);
#4546=ORIENTED_EDGE('',*,*,#3439,.T.);
#4547=ORIENTED_EDGE('',*,*,#3533,.T.);
#4548=ORIENTED_EDGE('',*,*,#3504,.T.);
#4549=ORIENTED_EDGE('',*,*,#3399,.T.);
#4550=ORIENTED_EDGE('',*,*,#3535,.T.);
#4551=ORIENTED_EDGE('',*,*,#3536,.F.);
#4552=ORIENTED_EDGE('',*,*,#3412,.F.);
#4553=ORIENTED_EDGE('',*,*,#3536,.T.);
#4554=ORIENTED_EDGE('',*,*,#3537,.T.);
#4555=ORIENTED_EDGE('',*,*,#3538,.F.);
#4556=ORIENTED_EDGE('',*,*,#3413,.F.);
#4557=ORIENTED_EDGE('',*,*,#3539,.T.);
#4558=ORIENTED_EDGE('',*,*,#3540,.T.);
#4559=ORIENTED_EDGE('',*,*,#3541,.T.);
#4560=ORIENTED_EDGE('',*,*,#3542,.T.);
#4561=ORIENTED_EDGE('',*,*,#3538,.T.);
#4562=ORIENTED_EDGE('',*,*,#3543,.T.);
#4563=ORIENTED_EDGE('',*,*,#3405,.F.);
#4564=ORIENTED_EDGE('',*,*,#3414,.F.);
#4565=ORIENTED_EDGE('',*,*,#3441,.T.);
#4566=ORIENTED_EDGE('',*,*,#3544,.F.);
#4567=ORIENTED_EDGE('',*,*,#3545,.F.);
#4568=ORIENTED_EDGE('',*,*,#3546,.T.);
#4569=ORIENTED_EDGE('',*,*,#3545,.T.);
#4570=ORIENTED_EDGE('',*,*,#3547,.F.);
#4571=ORIENTED_EDGE('',*,*,#3534,.F.);
#4572=ORIENTED_EDGE('',*,*,#3548,.T.);
#4573=ORIENTED_EDGE('',*,*,#3442,.F.);
#4574=ORIENTED_EDGE('',*,*,#3546,.F.);
#4575=ORIENTED_EDGE('',*,*,#3548,.F.);
#4576=ORIENTED_EDGE('',*,*,#3440,.T.);
#4577=ORIENTED_EDGE('',*,*,#3547,.T.);
#4578=ORIENTED_EDGE('',*,*,#3544,.T.);
#4579=ORIENTED_EDGE('',*,*,#3387,.F.);
#4580=ORIENTED_EDGE('',*,*,#3390,.F.);
#4581=ORIENTED_EDGE('',*,*,#3396,.F.);
#4582=ORIENTED_EDGE('',*,*,#3384,.F.);
#4583=ORIENTED_EDGE('',*,*,#3475,.F.);
#4584=ORIENTED_EDGE('',*,*,#3549,.T.);
#4585=ORIENTED_EDGE('',*,*,#3429,.T.);
#4586=ORIENTED_EDGE('',*,*,#3380,.F.);
#4587=ORIENTED_EDGE('',*,*,#3343,.F.);
#4588=ORIENTED_EDGE('',*,*,#3336,.F.);
#4589=ORIENTED_EDGE('',*,*,#3431,.F.);
#4590=ORIENTED_EDGE('',*,*,#3550,.T.);
#4591=ORIENTED_EDGE('',*,*,#3473,.T.);
#4592=ORIENTED_EDGE('',*,*,#3340,.F.);
#4593=ORIENTED_EDGE('',*,*,#3352,.F.);
#4594=ORIENTED_EDGE('',*,*,#3346,.F.);
#4595=ORIENTED_EDGE('',*,*,#3549,.F.);
#4596=ORIENTED_EDGE('',*,*,#3474,.F.);
#4597=ORIENTED_EDGE('',*,*,#3550,.F.);
#4598=ORIENTED_EDGE('',*,*,#3430,.F.);
#4599=ORIENTED_EDGE('',*,*,#3366,.F.);
#4600=ORIENTED_EDGE('',*,*,#3369,.F.);
#4601=ORIENTED_EDGE('',*,*,#3375,.F.);
#4602=ORIENTED_EDGE('',*,*,#3362,.F.);
#4603=ORIENTED_EDGE('',*,*,#3478,.F.);
#4604=ORIENTED_EDGE('',*,*,#3551,.T.);
#4605=ORIENTED_EDGE('',*,*,#3426,.T.);
#4606=ORIENTED_EDGE('',*,*,#3354,.F.);
#4607=ORIENTED_EDGE('',*,*,#3385,.F.);
#4608=ORIENTED_EDGE('',*,*,#3378,.F.);
#4609=ORIENTED_EDGE('',*,*,#3428,.F.);
#4610=ORIENTED_EDGE('',*,*,#3552,.T.);
#4611=ORIENTED_EDGE('',*,*,#3476,.T.);
#4612=ORIENTED_EDGE('',*,*,#3382,.F.);
#4613=ORIENTED_EDGE('',*,*,#3395,.F.);
#4614=ORIENTED_EDGE('',*,*,#3388,.F.);
#4615=ORIENTED_EDGE('',*,*,#3551,.F.);
#4616=ORIENTED_EDGE('',*,*,#3477,.F.);
#4617=ORIENTED_EDGE('',*,*,#3552,.F.);
#4618=ORIENTED_EDGE('',*,*,#3427,.F.);
#4619=ORIENTED_EDGE('',*,*,#3342,.F.);
#4620=ORIENTED_EDGE('',*,*,#3345,.F.);
#4621=ORIENTED_EDGE('',*,*,#3351,.F.);
#4622=ORIENTED_EDGE('',*,*,#3338,.F.);
#4623=ORIENTED_EDGE('',*,*,#3472,.F.);
#4624=ORIENTED_EDGE('',*,*,#3553,.T.);
#4625=ORIENTED_EDGE('',*,*,#3432,.T.);
#4626=ORIENTED_EDGE('',*,*,#3334,.F.);
#4627=ORIENTED_EDGE('',*,*,#3535,.F.);
#4628=ORIENTED_EDGE('',*,*,#3398,.F.);
#4629=ORIENTED_EDGE('',*,*,#3434,.F.);
#4630=ORIENTED_EDGE('',*,*,#3554,.T.);
#4631=ORIENTED_EDGE('',*,*,#3470,.T.);
#4632=ORIENTED_EDGE('',*,*,#3406,.F.);
#4633=ORIENTED_EDGE('',*,*,#3543,.F.);
#4634=ORIENTED_EDGE('',*,*,#3537,.F.);
#4635=ORIENTED_EDGE('',*,*,#3553,.F.);
#4636=ORIENTED_EDGE('',*,*,#3471,.F.);
#4637=ORIENTED_EDGE('',*,*,#3554,.F.);
#4638=ORIENTED_EDGE('',*,*,#3433,.F.);
#4639=ORIENTED_EDGE('',*,*,#3502,.F.);
#4640=ORIENTED_EDGE('',*,*,#3444,.F.);
#4641=ORIENTED_EDGE('',*,*,#3423,.F.);
#4642=ORIENTED_EDGE('',*,*,#3530,.F.);
#4643=ORIENTED_EDGE('',*,*,#3437,.F.);
#4644=ORIENTED_EDGE('',*,*,#3480,.F.);
#4645=ORIENTED_EDGE('',*,*,#3506,.F.);
#4646=ORIENTED_EDGE('',*,*,#3532,.F.);
#4647=ORIENTED_EDGE('',*,*,#3555,.T.);
#4648=ORIENTED_EDGE('',*,*,#3556,.T.);
#4649=ORIENTED_EDGE('',*,*,#3557,.T.);
#4650=ORIENTED_EDGE('',*,*,#3558,.T.);
#4651=ORIENTED_EDGE('',*,*,#3559,.F.);
#4652=ORIENTED_EDGE('',*,*,#3560,.T.);
#4653=ORIENTED_EDGE('',*,*,#3561,.T.);
#4654=ORIENTED_EDGE('',*,*,#3525,.T.);
#4655=ORIENTED_EDGE('',*,*,#3561,.F.);
#4656=ORIENTED_EDGE('',*,*,#3562,.T.);
#4657=ORIENTED_EDGE('',*,*,#3563,.T.);
#4658=ORIENTED_EDGE('',*,*,#3526,.T.);
#4659=ORIENTED_EDGE('',*,*,#3563,.F.);
#4660=ORIENTED_EDGE('',*,*,#3564,.T.);
#4661=ORIENTED_EDGE('',*,*,#3565,.T.);
#4662=ORIENTED_EDGE('',*,*,#3527,.T.);
#4663=ORIENTED_EDGE('',*,*,#3565,.F.);
#4664=ORIENTED_EDGE('',*,*,#3566,.T.);
#4665=ORIENTED_EDGE('',*,*,#3559,.T.);
#4666=ORIENTED_EDGE('',*,*,#3524,.T.);
#4667=ORIENTED_EDGE('',*,*,#3567,.T.);
#4668=ORIENTED_EDGE('',*,*,#3568,.T.);
#4669=ORIENTED_EDGE('',*,*,#3569,.F.);
#4670=ORIENTED_EDGE('',*,*,#3372,.F.);
#4671=ORIENTED_EDGE('',*,*,#3569,.T.);
#4672=ORIENTED_EDGE('',*,*,#3570,.T.);
#4673=ORIENTED_EDGE('',*,*,#3571,.F.);
#4674=ORIENTED_EDGE('',*,*,#3373,.F.);
#4675=ORIENTED_EDGE('',*,*,#3571,.T.);
#4676=ORIENTED_EDGE('',*,*,#3572,.T.);
#4677=ORIENTED_EDGE('',*,*,#3573,.F.);
#4678=ORIENTED_EDGE('',*,*,#3374,.F.);
#4679=ORIENTED_EDGE('',*,*,#3573,.T.);
#4680=ORIENTED_EDGE('',*,*,#3574,.T.);
#4681=ORIENTED_EDGE('',*,*,#3567,.F.);
#4682=ORIENTED_EDGE('',*,*,#3371,.F.);
#4683=ORIENTED_EDGE('',*,*,#3575,.T.);
#4684=ORIENTED_EDGE('',*,*,#3576,.T.);
#4685=ORIENTED_EDGE('',*,*,#3577,.T.);
#4686=ORIENTED_EDGE('',*,*,#3578,.T.);
#4687=ORIENTED_EDGE('',*,*,#3579,.T.);
#4688=ORIENTED_EDGE('',*,*,#3580,.T.);
#4689=ORIENTED_EDGE('',*,*,#3581,.T.);
#4690=ORIENTED_EDGE('',*,*,#3582,.T.);
#4691=ORIENTED_EDGE('',*,*,#3583,.F.);
#4692=ORIENTED_EDGE('',*,*,#3584,.T.);
#4693=ORIENTED_EDGE('',*,*,#3585,.T.);
#4694=ORIENTED_EDGE('',*,*,#3521,.T.);
#4695=ORIENTED_EDGE('',*,*,#3585,.F.);
#4696=ORIENTED_EDGE('',*,*,#3586,.T.);
#4697=ORIENTED_EDGE('',*,*,#3587,.T.);
#4698=ORIENTED_EDGE('',*,*,#3522,.T.);
#4699=ORIENTED_EDGE('',*,*,#3587,.F.);
#4700=ORIENTED_EDGE('',*,*,#3588,.T.);
#4701=ORIENTED_EDGE('',*,*,#3589,.T.);
#4702=ORIENTED_EDGE('',*,*,#3523,.T.);
#4703=ORIENTED_EDGE('',*,*,#3589,.F.);
#4704=ORIENTED_EDGE('',*,*,#3590,.T.);
#4705=ORIENTED_EDGE('',*,*,#3583,.T.);
#4706=ORIENTED_EDGE('',*,*,#3520,.T.);
#4707=ORIENTED_EDGE('',*,*,#3591,.T.);
#4708=ORIENTED_EDGE('',*,*,#3592,.T.);
#4709=ORIENTED_EDGE('',*,*,#3593,.F.);
#4710=ORIENTED_EDGE('',*,*,#3392,.F.);
#4711=ORIENTED_EDGE('',*,*,#3593,.T.);
#4712=ORIENTED_EDGE('',*,*,#3594,.T.);
#4713=ORIENTED_EDGE('',*,*,#3595,.F.);
#4714=ORIENTED_EDGE('',*,*,#3393,.F.);
#4715=ORIENTED_EDGE('',*,*,#3595,.T.);
#4716=ORIENTED_EDGE('',*,*,#3596,.T.);
#4717=ORIENTED_EDGE('',*,*,#3597,.F.);
#4718=ORIENTED_EDGE('',*,*,#3394,.F.);
#4719=ORIENTED_EDGE('',*,*,#3597,.T.);
#4720=ORIENTED_EDGE('',*,*,#3598,.T.);
#4721=ORIENTED_EDGE('',*,*,#3591,.F.);
#4722=ORIENTED_EDGE('',*,*,#3391,.F.);
#4723=ORIENTED_EDGE('',*,*,#3599,.T.);
#4724=ORIENTED_EDGE('',*,*,#3600,.T.);
#4725=ORIENTED_EDGE('',*,*,#3601,.T.);
#4726=ORIENTED_EDGE('',*,*,#3602,.T.);
#4727=ORIENTED_EDGE('',*,*,#3603,.T.);
#4728=ORIENTED_EDGE('',*,*,#3604,.T.);
#4729=ORIENTED_EDGE('',*,*,#3605,.T.);
#4730=ORIENTED_EDGE('',*,*,#3606,.T.);
#4731=ORIENTED_EDGE('',*,*,#3607,.T.);
#4732=ORIENTED_EDGE('',*,*,#3608,.T.);
#4733=ORIENTED_EDGE('',*,*,#3609,.F.);
#4734=ORIENTED_EDGE('',*,*,#3539,.F.);
#4735=ORIENTED_EDGE('',*,*,#3610,.T.);
#4736=ORIENTED_EDGE('',*,*,#3611,.T.);
#4737=ORIENTED_EDGE('',*,*,#3607,.F.);
#4738=ORIENTED_EDGE('',*,*,#3542,.F.);
#4739=ORIENTED_EDGE('',*,*,#3612,.T.);
#4740=ORIENTED_EDGE('',*,*,#3613,.T.);
#4741=ORIENTED_EDGE('',*,*,#3610,.F.);
#4742=ORIENTED_EDGE('',*,*,#3541,.F.);
#4743=ORIENTED_EDGE('',*,*,#3609,.T.);
#4744=ORIENTED_EDGE('',*,*,#3614,.T.);
#4745=ORIENTED_EDGE('',*,*,#3612,.F.);
#4746=ORIENTED_EDGE('',*,*,#3540,.F.);
#4747=ORIENTED_EDGE('',*,*,#3615,.F.);
#4748=ORIENTED_EDGE('',*,*,#3616,.T.);
#4749=ORIENTED_EDGE('',*,*,#3617,.T.);
#4750=ORIENTED_EDGE('',*,*,#3516,.T.);
#4751=ORIENTED_EDGE('',*,*,#3618,.F.);
#4752=ORIENTED_EDGE('',*,*,#3619,.T.);
#4753=ORIENTED_EDGE('',*,*,#3615,.T.);
#4754=ORIENTED_EDGE('',*,*,#3519,.T.);
#4755=ORIENTED_EDGE('',*,*,#3620,.F.);
#4756=ORIENTED_EDGE('',*,*,#3621,.T.);
#4757=ORIENTED_EDGE('',*,*,#3618,.T.);
#4758=ORIENTED_EDGE('',*,*,#3518,.T.);
#4759=ORIENTED_EDGE('',*,*,#3617,.F.);
#4760=ORIENTED_EDGE('',*,*,#3622,.T.);
#4761=ORIENTED_EDGE('',*,*,#3620,.T.);
#4762=ORIENTED_EDGE('',*,*,#3517,.T.);
#4763=ORIENTED_EDGE('',*,*,#3623,.T.);
#4764=ORIENTED_EDGE('',*,*,#3624,.T.);
#4765=ORIENTED_EDGE('',*,*,#3625,.T.);
#4766=ORIENTED_EDGE('',*,*,#3626,.T.);
#4767=ORIENTED_EDGE('',*,*,#3627,.T.);
#4768=ORIENTED_EDGE('',*,*,#3628,.T.);
#4769=ORIENTED_EDGE('',*,*,#3629,.T.);
#4770=ORIENTED_EDGE('',*,*,#3630,.T.);
#4771=ORIENTED_EDGE('',*,*,#3631,.F.);
#4772=ORIENTED_EDGE('',*,*,#3632,.T.);
#4773=ORIENTED_EDGE('',*,*,#3633,.T.);
#4774=ORIENTED_EDGE('',*,*,#3513,.T.);
#4775=ORIENTED_EDGE('',*,*,#3633,.F.);
#4776=ORIENTED_EDGE('',*,*,#3634,.T.);
#4777=ORIENTED_EDGE('',*,*,#3635,.T.);
#4778=ORIENTED_EDGE('',*,*,#3514,.T.);
#4779=ORIENTED_EDGE('',*,*,#3635,.F.);
#4780=ORIENTED_EDGE('',*,*,#3636,.T.);
#4781=ORIENTED_EDGE('',*,*,#3637,.T.);
#4782=ORIENTED_EDGE('',*,*,#3515,.T.);
#4783=ORIENTED_EDGE('',*,*,#3637,.F.);
#4784=ORIENTED_EDGE('',*,*,#3638,.T.);
#4785=ORIENTED_EDGE('',*,*,#3631,.T.);
#4786=ORIENTED_EDGE('',*,*,#3512,.T.);
#4787=ORIENTED_EDGE('',*,*,#3639,.T.);
#4788=ORIENTED_EDGE('',*,*,#3640,.T.);
#4789=ORIENTED_EDGE('',*,*,#3641,.F.);
#4790=ORIENTED_EDGE('',*,*,#3348,.F.);
#4791=ORIENTED_EDGE('',*,*,#3641,.T.);
#4792=ORIENTED_EDGE('',*,*,#3642,.T.);
#4793=ORIENTED_EDGE('',*,*,#3643,.F.);
#4794=ORIENTED_EDGE('',*,*,#3349,.F.);
#4795=ORIENTED_EDGE('',*,*,#3643,.T.);
#4796=ORIENTED_EDGE('',*,*,#3644,.T.);
#4797=ORIENTED_EDGE('',*,*,#3645,.F.);
#4798=ORIENTED_EDGE('',*,*,#3350,.F.);
#4799=ORIENTED_EDGE('',*,*,#3645,.T.);
#4800=ORIENTED_EDGE('',*,*,#3646,.T.);
#4801=ORIENTED_EDGE('',*,*,#3639,.F.);
#4802=ORIENTED_EDGE('',*,*,#3347,.F.);
#4803=ORIENTED_EDGE('',*,*,#3647,.T.);
#4804=ORIENTED_EDGE('',*,*,#3648,.T.);
#4805=ORIENTED_EDGE('',*,*,#3649,.T.);
#4806=ORIENTED_EDGE('',*,*,#3650,.T.);
#4807=ORIENTED_EDGE('',*,*,#3651,.F.);
#4808=ORIENTED_EDGE('',*,*,#3574,.F.);
#4809=ORIENTED_EDGE('',*,*,#3652,.F.);
#4810=ORIENTED_EDGE('',*,*,#3578,.F.);
#4811=ORIENTED_EDGE('',*,*,#3652,.T.);
#4812=ORIENTED_EDGE('',*,*,#3572,.F.);
#4813=ORIENTED_EDGE('',*,*,#3653,.F.);
#4814=ORIENTED_EDGE('',*,*,#3575,.F.);
#4815=ORIENTED_EDGE('',*,*,#3651,.T.);
#4816=ORIENTED_EDGE('',*,*,#3577,.F.);
#4817=ORIENTED_EDGE('',*,*,#3654,.F.);
#4818=ORIENTED_EDGE('',*,*,#3568,.F.);
#4819=ORIENTED_EDGE('',*,*,#3653,.T.);
#4820=ORIENTED_EDGE('',*,*,#3570,.F.);
#4821=ORIENTED_EDGE('',*,*,#3654,.T.);
#4822=ORIENTED_EDGE('',*,*,#3576,.F.);
#4823=ORIENTED_EDGE('',*,*,#3655,.F.);
#4824=ORIENTED_EDGE('',*,*,#3598,.F.);
#4825=ORIENTED_EDGE('',*,*,#3656,.F.);
#4826=ORIENTED_EDGE('',*,*,#3602,.F.);
#4827=ORIENTED_EDGE('',*,*,#3656,.T.);
#4828=ORIENTED_EDGE('',*,*,#3596,.F.);
#4829=ORIENTED_EDGE('',*,*,#3657,.F.);
#4830=ORIENTED_EDGE('',*,*,#3599,.F.);
#4831=ORIENTED_EDGE('',*,*,#3655,.T.);
#4832=ORIENTED_EDGE('',*,*,#3601,.F.);
#4833=ORIENTED_EDGE('',*,*,#3658,.F.);
#4834=ORIENTED_EDGE('',*,*,#3592,.F.);
#4835=ORIENTED_EDGE('',*,*,#3657,.T.);
#4836=ORIENTED_EDGE('',*,*,#3594,.F.);
#4837=ORIENTED_EDGE('',*,*,#3658,.T.);
#4838=ORIENTED_EDGE('',*,*,#3600,.F.);
#4839=ORIENTED_EDGE('',*,*,#3659,.F.);
#4840=ORIENTED_EDGE('',*,*,#3646,.F.);
#4841=ORIENTED_EDGE('',*,*,#3660,.F.);
#4842=ORIENTED_EDGE('',*,*,#3650,.F.);
#4843=ORIENTED_EDGE('',*,*,#3660,.T.);
#4844=ORIENTED_EDGE('',*,*,#3644,.F.);
#4845=ORIENTED_EDGE('',*,*,#3661,.F.);
#4846=ORIENTED_EDGE('',*,*,#3647,.F.);
#4847=ORIENTED_EDGE('',*,*,#3659,.T.);
#4848=ORIENTED_EDGE('',*,*,#3649,.F.);
#4849=ORIENTED_EDGE('',*,*,#3662,.F.);
#4850=ORIENTED_EDGE('',*,*,#3640,.F.);
#4851=ORIENTED_EDGE('',*,*,#3661,.T.);
#4852=ORIENTED_EDGE('',*,*,#3642,.F.);
#4853=ORIENTED_EDGE('',*,*,#3662,.T.);
#4854=ORIENTED_EDGE('',*,*,#3648,.F.);
#4855=ORIENTED_EDGE('',*,*,#3663,.F.);
#4856=ORIENTED_EDGE('',*,*,#3608,.F.);
#4857=ORIENTED_EDGE('',*,*,#3664,.F.);
#4858=ORIENTED_EDGE('',*,*,#3606,.F.);
#4859=ORIENTED_EDGE('',*,*,#3664,.T.);
#4860=ORIENTED_EDGE('',*,*,#3611,.F.);
#4861=ORIENTED_EDGE('',*,*,#3665,.F.);
#4862=ORIENTED_EDGE('',*,*,#3603,.F.);
#4863=ORIENTED_EDGE('',*,*,#3663,.T.);
#4864=ORIENTED_EDGE('',*,*,#3605,.F.);
#4865=ORIENTED_EDGE('',*,*,#3666,.F.);
#4866=ORIENTED_EDGE('',*,*,#3614,.F.);
#4867=ORIENTED_EDGE('',*,*,#3665,.T.);
#4868=ORIENTED_EDGE('',*,*,#3613,.F.);
#4869=ORIENTED_EDGE('',*,*,#3666,.T.);
#4870=ORIENTED_EDGE('',*,*,#3604,.F.);
#4871=ORIENTED_EDGE('',*,*,#3667,.F.);
#4872=ORIENTED_EDGE('',*,*,#3626,.F.);
#4873=ORIENTED_EDGE('',*,*,#3668,.F.);
#4874=ORIENTED_EDGE('',*,*,#3619,.F.);
#4875=ORIENTED_EDGE('',*,*,#3668,.T.);
#4876=ORIENTED_EDGE('',*,*,#3625,.F.);
#4877=ORIENTED_EDGE('',*,*,#3669,.F.);
#4878=ORIENTED_EDGE('',*,*,#3616,.F.);
#4879=ORIENTED_EDGE('',*,*,#3667,.T.);
#4880=ORIENTED_EDGE('',*,*,#3621,.F.);
#4881=ORIENTED_EDGE('',*,*,#3670,.F.);
#4882=ORIENTED_EDGE('',*,*,#3623,.F.);
#4883=ORIENTED_EDGE('',*,*,#3669,.T.);
#4884=ORIENTED_EDGE('',*,*,#3624,.F.);
#4885=ORIENTED_EDGE('',*,*,#3670,.T.);
#4886=ORIENTED_EDGE('',*,*,#3622,.F.);
#4887=ORIENTED_EDGE('',*,*,#3671,.F.);
#4888=ORIENTED_EDGE('',*,*,#3630,.F.);
#4889=ORIENTED_EDGE('',*,*,#3672,.F.);
#4890=ORIENTED_EDGE('',*,*,#3636,.F.);
#4891=ORIENTED_EDGE('',*,*,#3672,.T.);
#4892=ORIENTED_EDGE('',*,*,#3629,.F.);
#4893=ORIENTED_EDGE('',*,*,#3673,.F.);
#4894=ORIENTED_EDGE('',*,*,#3638,.F.);
#4895=ORIENTED_EDGE('',*,*,#3671,.T.);
#4896=ORIENTED_EDGE('',*,*,#3634,.F.);
#4897=ORIENTED_EDGE('',*,*,#3674,.F.);
#4898=ORIENTED_EDGE('',*,*,#3627,.F.);
#4899=ORIENTED_EDGE('',*,*,#3673,.T.);
#4900=ORIENTED_EDGE('',*,*,#3628,.F.);
#4901=ORIENTED_EDGE('',*,*,#3674,.T.);
#4902=ORIENTED_EDGE('',*,*,#3632,.F.);
#4903=ORIENTED_EDGE('',*,*,#3675,.F.);
#4904=ORIENTED_EDGE('',*,*,#3582,.F.);
#4905=ORIENTED_EDGE('',*,*,#3676,.F.);
#4906=ORIENTED_EDGE('',*,*,#3588,.F.);
#4907=ORIENTED_EDGE('',*,*,#3676,.T.);
#4908=ORIENTED_EDGE('',*,*,#3581,.F.);
#4909=ORIENTED_EDGE('',*,*,#3677,.F.);
#4910=ORIENTED_EDGE('',*,*,#3590,.F.);
#4911=ORIENTED_EDGE('',*,*,#3675,.T.);
#4912=ORIENTED_EDGE('',*,*,#3586,.F.);
#4913=ORIENTED_EDGE('',*,*,#3678,.F.);
#4914=ORIENTED_EDGE('',*,*,#3579,.F.);
#4915=ORIENTED_EDGE('',*,*,#3677,.T.);
#4916=ORIENTED_EDGE('',*,*,#3580,.F.);
#4917=ORIENTED_EDGE('',*,*,#3678,.T.);
#4918=ORIENTED_EDGE('',*,*,#3584,.F.);
#4919=ORIENTED_EDGE('',*,*,#3679,.F.);
#4920=ORIENTED_EDGE('',*,*,#3558,.F.);
#4921=ORIENTED_EDGE('',*,*,#3680,.F.);
#4922=ORIENTED_EDGE('',*,*,#3564,.F.);
#4923=ORIENTED_EDGE('',*,*,#3680,.T.);
#4924=ORIENTED_EDGE('',*,*,#3557,.F.);
#4925=ORIENTED_EDGE('',*,*,#3681,.F.);
#4926=ORIENTED_EDGE('',*,*,#3566,.F.);
#4927=ORIENTED_EDGE('',*,*,#3679,.T.);
#4928=ORIENTED_EDGE('',*,*,#3562,.F.);
#4929=ORIENTED_EDGE('',*,*,#3682,.F.);
#4930=ORIENTED_EDGE('',*,*,#3555,.F.);
#4931=ORIENTED_EDGE('',*,*,#3681,.T.);
#4932=ORIENTED_EDGE('',*,*,#3556,.F.);
#4933=ORIENTED_EDGE('',*,*,#3682,.T.);
#4934=ORIENTED_EDGE('',*,*,#3560,.F.);
#4935=ORIENTED_EDGE('',*,*,#3683,.F.);
#4936=ORIENTED_EDGE('',*,*,#3684,.F.);
#4937=ORIENTED_EDGE('',*,*,#3685,.F.);
#4938=ORIENTED_EDGE('',*,*,#3686,.F.);
#4939=ORIENTED_EDGE('',*,*,#3687,.F.);
#4940=ORIENTED_EDGE('',*,*,#3688,.F.);
#4941=ORIENTED_EDGE('',*,*,#3689,.F.);
#4942=ORIENTED_EDGE('',*,*,#3690,.F.);
#4943=ORIENTED_EDGE('',*,*,#3689,.T.);
#4944=ORIENTED_EDGE('',*,*,#3691,.T.);
#4945=ORIENTED_EDGE('',*,*,#3692,.T.);
#4946=ORIENTED_EDGE('',*,*,#3693,.T.);
#4947=ORIENTED_EDGE('',*,*,#3694,.T.);
#4948=ORIENTED_EDGE('',*,*,#3695,.T.);
#4949=ORIENTED_EDGE('',*,*,#3696,.T.);
#4950=ORIENTED_EDGE('',*,*,#3697,.T.);
#4951=ORIENTED_EDGE('',*,*,#3698,.T.);
#4952=ORIENTED_EDGE('',*,*,#3699,.T.);
#4953=ORIENTED_EDGE('',*,*,#3700,.T.);
#4954=ORIENTED_EDGE('',*,*,#3701,.T.);
#4955=ORIENTED_EDGE('',*,*,#3702,.T.);
#4956=ORIENTED_EDGE('',*,*,#3703,.T.);
#4957=ORIENTED_EDGE('',*,*,#3704,.T.);
#4958=ORIENTED_EDGE('',*,*,#3705,.T.);
#4959=ORIENTED_EDGE('',*,*,#3706,.T.);
#4960=ORIENTED_EDGE('',*,*,#3707,.T.);
#4961=ORIENTED_EDGE('',*,*,#3708,.T.);
#4962=ORIENTED_EDGE('',*,*,#3709,.T.);
#4963=ORIENTED_EDGE('',*,*,#3710,.T.);
#4964=ORIENTED_EDGE('',*,*,#3711,.T.);
#4965=ORIENTED_EDGE('',*,*,#3712,.T.);
#4966=ORIENTED_EDGE('',*,*,#3713,.T.);
#4967=ORIENTED_EDGE('',*,*,#3714,.T.);
#4968=ORIENTED_EDGE('',*,*,#3715,.T.);
#4969=ORIENTED_EDGE('',*,*,#3716,.T.);
#4970=ORIENTED_EDGE('',*,*,#3717,.T.);
#4971=ORIENTED_EDGE('',*,*,#3718,.T.);
#4972=ORIENTED_EDGE('',*,*,#3719,.T.);
#4973=ORIENTED_EDGE('',*,*,#3720,.T.);
#4974=ORIENTED_EDGE('',*,*,#3721,.T.);
#4975=ORIENTED_EDGE('',*,*,#3688,.T.);
#4976=ORIENTED_EDGE('',*,*,#3722,.T.);
#4977=ORIENTED_EDGE('',*,*,#3723,.F.);
#4978=ORIENTED_EDGE('',*,*,#3691,.F.);
#4979=ORIENTED_EDGE('',*,*,#3687,.T.);
#4980=ORIENTED_EDGE('',*,*,#3724,.T.);
#4981=ORIENTED_EDGE('',*,*,#3725,.F.);
#4982=ORIENTED_EDGE('',*,*,#3722,.F.);
#4983=ORIENTED_EDGE('',*,*,#3686,.T.);
#4984=ORIENTED_EDGE('',*,*,#3726,.T.);
#4985=ORIENTED_EDGE('',*,*,#3727,.T.);
#4986=ORIENTED_EDGE('',*,*,#3724,.F.);
#4987=ORIENTED_EDGE('',*,*,#3728,.T.);
#4988=ORIENTED_EDGE('',*,*,#3701,.F.);
#4989=ORIENTED_EDGE('',*,*,#3729,.T.);
#4990=ORIENTED_EDGE('',*,*,#3730,.F.);
#4991=ORIENTED_EDGE('',*,*,#3731,.T.);
#4992=ORIENTED_EDGE('',*,*,#3732,.F.);
#4993=ORIENTED_EDGE('',*,*,#3729,.F.);
#4994=ORIENTED_EDGE('',*,*,#3700,.F.);
#4995=ORIENTED_EDGE('',*,*,#3731,.F.);
#4996=ORIENTED_EDGE('',*,*,#3699,.F.);
#4997=ORIENTED_EDGE('',*,*,#3733,.F.);
#4998=ORIENTED_EDGE('',*,*,#3734,.F.);
#4999=ORIENTED_EDGE('',*,*,#3733,.T.);
#5000=ORIENTED_EDGE('',*,*,#3698,.F.);
#5001=ORIENTED_EDGE('',*,*,#3728,.F.);
#5002=ORIENTED_EDGE('',*,*,#3735,.F.);
#5003=ORIENTED_EDGE('',*,*,#3736,.F.);
#5004=ORIENTED_EDGE('',*,*,#3737,.T.);
#5005=ORIENTED_EDGE('',*,*,#3738,.T.);
#5006=ORIENTED_EDGE('',*,*,#3734,.T.);
#5007=ORIENTED_EDGE('',*,*,#3739,.F.);
#5008=ORIENTED_EDGE('',*,*,#3740,.T.);
#5009=ORIENTED_EDGE('',*,*,#3736,.T.);
#5010=ORIENTED_EDGE('',*,*,#3735,.T.);
#5011=ORIENTED_EDGE('',*,*,#3741,.F.);
#5012=ORIENTED_EDGE('',*,*,#3742,.T.);
#5013=ORIENTED_EDGE('',*,*,#3739,.T.);
#5014=ORIENTED_EDGE('',*,*,#3730,.T.);
#5015=ORIENTED_EDGE('',*,*,#3738,.F.);
#5016=ORIENTED_EDGE('',*,*,#3743,.T.);
#5017=ORIENTED_EDGE('',*,*,#3741,.T.);
#5018=ORIENTED_EDGE('',*,*,#3732,.T.);
#5019=ORIENTED_EDGE('',*,*,#3744,.T.);
#5020=ORIENTED_EDGE('',*,*,#3705,.F.);
#5021=ORIENTED_EDGE('',*,*,#3745,.T.);
#5022=ORIENTED_EDGE('',*,*,#3746,.F.);
#5023=ORIENTED_EDGE('',*,*,#3747,.T.);
#5024=ORIENTED_EDGE('',*,*,#3748,.F.);
#5025=ORIENTED_EDGE('',*,*,#3745,.F.);
#5026=ORIENTED_EDGE('',*,*,#3704,.F.);
#5027=ORIENTED_EDGE('',*,*,#3747,.F.);
#5028=ORIENTED_EDGE('',*,*,#3703,.F.);
#5029=ORIENTED_EDGE('',*,*,#3749,.F.);
#5030=ORIENTED_EDGE('',*,*,#3750,.F.);
#5031=ORIENTED_EDGE('',*,*,#3749,.T.);
#5032=ORIENTED_EDGE('',*,*,#3702,.F.);
#5033=ORIENTED_EDGE('',*,*,#3744,.F.);
#5034=ORIENTED_EDGE('',*,*,#3751,.F.);
#5035=ORIENTED_EDGE('',*,*,#3752,.F.);
#5036=ORIENTED_EDGE('',*,*,#3753,.T.);
#5037=ORIENTED_EDGE('',*,*,#3754,.T.);
#5038=ORIENTED_EDGE('',*,*,#3750,.T.);
#5039=ORIENTED_EDGE('',*,*,#3755,.F.);
#5040=ORIENTED_EDGE('',*,*,#3756,.T.);
#5041=ORIENTED_EDGE('',*,*,#3752,.T.);
#5042=ORIENTED_EDGE('',*,*,#3751,.T.);
#5043=ORIENTED_EDGE('',*,*,#3757,.F.);
#5044=ORIENTED_EDGE('',*,*,#3758,.T.);
#5045=ORIENTED_EDGE('',*,*,#3755,.T.);
#5046=ORIENTED_EDGE('',*,*,#3746,.T.);
#5047=ORIENTED_EDGE('',*,*,#3754,.F.);
#5048=ORIENTED_EDGE('',*,*,#3759,.T.);
#5049=ORIENTED_EDGE('',*,*,#3757,.T.);
#5050=ORIENTED_EDGE('',*,*,#3748,.T.);
#5051=ORIENTED_EDGE('',*,*,#3760,.T.);
#5052=ORIENTED_EDGE('',*,*,#3709,.F.);
#5053=ORIENTED_EDGE('',*,*,#3761,.T.);
#5054=ORIENTED_EDGE('',*,*,#3762,.F.);
#5055=ORIENTED_EDGE('',*,*,#3763,.T.);
#5056=ORIENTED_EDGE('',*,*,#3764,.F.);
#5057=ORIENTED_EDGE('',*,*,#3761,.F.);
#5058=ORIENTED_EDGE('',*,*,#3708,.F.);
#5059=ORIENTED_EDGE('',*,*,#3763,.F.);
#5060=ORIENTED_EDGE('',*,*,#3707,.F.);
#5061=ORIENTED_EDGE('',*,*,#3765,.F.);
#5062=ORIENTED_EDGE('',*,*,#3766,.F.);
#5063=ORIENTED_EDGE('',*,*,#3765,.T.);
#5064=ORIENTED_EDGE('',*,*,#3706,.F.);
#5065=ORIENTED_EDGE('',*,*,#3760,.F.);
#5066=ORIENTED_EDGE('',*,*,#3767,.F.);
#5067=ORIENTED_EDGE('',*,*,#3768,.F.);
#5068=ORIENTED_EDGE('',*,*,#3769,.T.);
#5069=ORIENTED_EDGE('',*,*,#3770,.T.);
#5070=ORIENTED_EDGE('',*,*,#3766,.T.);
#5071=ORIENTED_EDGE('',*,*,#3771,.F.);
#5072=ORIENTED_EDGE('',*,*,#3772,.T.);
#5073=ORIENTED_EDGE('',*,*,#3768,.T.);
#5074=ORIENTED_EDGE('',*,*,#3767,.T.);
#5075=ORIENTED_EDGE('',*,*,#3773,.F.);
#5076=ORIENTED_EDGE('',*,*,#3774,.T.);
#5077=ORIENTED_EDGE('',*,*,#3771,.T.);
#5078=ORIENTED_EDGE('',*,*,#3762,.T.);
#5079=ORIENTED_EDGE('',*,*,#3770,.F.);
#5080=ORIENTED_EDGE('',*,*,#3775,.T.);
#5081=ORIENTED_EDGE('',*,*,#3773,.T.);
#5082=ORIENTED_EDGE('',*,*,#3764,.T.);
#5083=ORIENTED_EDGE('',*,*,#3776,.T.);
#5084=ORIENTED_EDGE('',*,*,#3713,.F.);
#5085=ORIENTED_EDGE('',*,*,#3777,.T.);
#5086=ORIENTED_EDGE('',*,*,#3778,.F.);
#5087=ORIENTED_EDGE('',*,*,#3779,.T.);
#5088=ORIENTED_EDGE('',*,*,#3780,.F.);
#5089=ORIENTED_EDGE('',*,*,#3777,.F.);
#5090=ORIENTED_EDGE('',*,*,#3712,.F.);
#5091=ORIENTED_EDGE('',*,*,#3779,.F.);
#5092=ORIENTED_EDGE('',*,*,#3711,.F.);
#5093=ORIENTED_EDGE('',*,*,#3781,.F.);
#5094=ORIENTED_EDGE('',*,*,#3782,.F.);
#5095=ORIENTED_EDGE('',*,*,#3781,.T.);
#5096=ORIENTED_EDGE('',*,*,#3710,.F.);
#5097=ORIENTED_EDGE('',*,*,#3776,.F.);
#5098=ORIENTED_EDGE('',*,*,#3783,.F.);
#5099=ORIENTED_EDGE('',*,*,#3784,.F.);
#5100=ORIENTED_EDGE('',*,*,#3785,.T.);
#5101=ORIENTED_EDGE('',*,*,#3786,.T.);
#5102=ORIENTED_EDGE('',*,*,#3782,.T.);
#5103=ORIENTED_EDGE('',*,*,#3787,.F.);
#5104=ORIENTED_EDGE('',*,*,#3788,.T.);
#5105=ORIENTED_EDGE('',*,*,#3784,.T.);
#5106=ORIENTED_EDGE('',*,*,#3783,.T.);
#5107=ORIENTED_EDGE('',*,*,#3789,.F.);
#5108=ORIENTED_EDGE('',*,*,#3790,.T.);
#5109=ORIENTED_EDGE('',*,*,#3787,.T.);
#5110=ORIENTED_EDGE('',*,*,#3778,.T.);
#5111=ORIENTED_EDGE('',*,*,#3786,.F.);
#5112=ORIENTED_EDGE('',*,*,#3791,.T.);
#5113=ORIENTED_EDGE('',*,*,#3789,.T.);
#5114=ORIENTED_EDGE('',*,*,#3780,.T.);
#5115=ORIENTED_EDGE('',*,*,#3792,.T.);
#5116=ORIENTED_EDGE('',*,*,#3717,.F.);
#5117=ORIENTED_EDGE('',*,*,#3793,.T.);
#5118=ORIENTED_EDGE('',*,*,#3794,.F.);
#5119=ORIENTED_EDGE('',*,*,#3795,.T.);
#5120=ORIENTED_EDGE('',*,*,#3796,.F.);
#5121=ORIENTED_EDGE('',*,*,#3793,.F.);
#5122=ORIENTED_EDGE('',*,*,#3716,.F.);
#5123=ORIENTED_EDGE('',*,*,#3795,.F.);
#5124=ORIENTED_EDGE('',*,*,#3715,.F.);
#5125=ORIENTED_EDGE('',*,*,#3797,.F.);
#5126=ORIENTED_EDGE('',*,*,#3798,.F.);
#5127=ORIENTED_EDGE('',*,*,#3797,.T.);
#5128=ORIENTED_EDGE('',*,*,#3714,.F.);
#5129=ORIENTED_EDGE('',*,*,#3792,.F.);
#5130=ORIENTED_EDGE('',*,*,#3799,.F.);
#5131=ORIENTED_EDGE('',*,*,#3800,.F.);
#5132=ORIENTED_EDGE('',*,*,#3801,.T.);
#5133=ORIENTED_EDGE('',*,*,#3802,.T.);
#5134=ORIENTED_EDGE('',*,*,#3798,.T.);
#5135=ORIENTED_EDGE('',*,*,#3803,.F.);
#5136=ORIENTED_EDGE('',*,*,#3804,.T.);
#5137=ORIENTED_EDGE('',*,*,#3800,.T.);
#5138=ORIENTED_EDGE('',*,*,#3799,.T.);
#5139=ORIENTED_EDGE('',*,*,#3805,.F.);
#5140=ORIENTED_EDGE('',*,*,#3806,.T.);
#5141=ORIENTED_EDGE('',*,*,#3803,.T.);
#5142=ORIENTED_EDGE('',*,*,#3794,.T.);
#5143=ORIENTED_EDGE('',*,*,#3802,.F.);
#5144=ORIENTED_EDGE('',*,*,#3807,.T.);
#5145=ORIENTED_EDGE('',*,*,#3805,.T.);
#5146=ORIENTED_EDGE('',*,*,#3796,.T.);
#5147=ORIENTED_EDGE('',*,*,#3725,.T.);
#5148=ORIENTED_EDGE('',*,*,#3727,.F.);
#5149=ORIENTED_EDGE('',*,*,#3808,.F.);
#5150=ORIENTED_EDGE('',*,*,#3809,.F.);
#5151=ORIENTED_EDGE('',*,*,#3810,.T.);
#5152=ORIENTED_EDGE('',*,*,#3811,.F.);
#5153=ORIENTED_EDGE('',*,*,#3692,.F.);
#5154=ORIENTED_EDGE('',*,*,#3723,.T.);
#5155=ORIENTED_EDGE('',*,*,#3690,.T.);
#5156=ORIENTED_EDGE('',*,*,#3693,.F.);
#5157=ORIENTED_EDGE('',*,*,#3811,.T.);
#5158=ORIENTED_EDGE('',*,*,#3812,.T.);
#5159=ORIENTED_EDGE('',*,*,#3683,.T.);
#5160=ORIENTED_EDGE('',*,*,#3812,.F.);
#5161=ORIENTED_EDGE('',*,*,#3810,.F.);
#5162=ORIENTED_EDGE('',*,*,#3813,.F.);
#5163=ORIENTED_EDGE('',*,*,#3814,.F.);
#5164=ORIENTED_EDGE('',*,*,#3815,.T.);
#5165=ORIENTED_EDGE('',*,*,#3816,.T.);
#5166=ORIENTED_EDGE('',*,*,#3817,.T.);
#5167=ORIENTED_EDGE('',*,*,#3816,.F.);
#5168=ORIENTED_EDGE('',*,*,#3818,.T.);
#5169=ORIENTED_EDGE('',*,*,#3819,.T.);
#5170=ORIENTED_EDGE('',*,*,#3820,.T.);
#5171=ORIENTED_EDGE('',*,*,#3819,.F.);
#5172=ORIENTED_EDGE('',*,*,#3821,.T.);
#5173=ORIENTED_EDGE('',*,*,#3822,.T.);
#5174=ORIENTED_EDGE('',*,*,#3823,.T.);
#5175=ORIENTED_EDGE('',*,*,#3822,.F.);
#5176=ORIENTED_EDGE('',*,*,#3824,.T.);
#5177=ORIENTED_EDGE('',*,*,#3814,.T.);
#5178=ORIENTED_EDGE('',*,*,#3825,.T.);
#5179=ORIENTED_EDGE('',*,*,#3826,.F.);
#5180=ORIENTED_EDGE('',*,*,#3697,.F.);
#5181=ORIENTED_EDGE('',*,*,#3827,.F.);
#5182=ORIENTED_EDGE('',*,*,#3825,.F.);
#5183=ORIENTED_EDGE('',*,*,#3827,.T.);
#5184=ORIENTED_EDGE('',*,*,#3696,.F.);
#5185=ORIENTED_EDGE('',*,*,#3828,.F.);
#5186=ORIENTED_EDGE('',*,*,#3823,.F.);
#5187=ORIENTED_EDGE('',*,*,#3826,.T.);
#5188=ORIENTED_EDGE('',*,*,#3817,.F.);
#5189=ORIENTED_EDGE('',*,*,#3829,.F.);
#5190=ORIENTED_EDGE('',*,*,#3694,.F.);
#5191=ORIENTED_EDGE('',*,*,#3828,.T.);
#5192=ORIENTED_EDGE('',*,*,#3695,.F.);
#5193=ORIENTED_EDGE('',*,*,#3829,.T.);
#5194=ORIENTED_EDGE('',*,*,#3820,.F.);
#5195=ORIENTED_EDGE('',*,*,#3830,.F.);
#5196=ORIENTED_EDGE('',*,*,#3831,.T.);
#5197=ORIENTED_EDGE('',*,*,#3832,.T.);
#5198=ORIENTED_EDGE('',*,*,#3833,.T.);
#5199=ORIENTED_EDGE('',*,*,#3832,.F.);
#5200=ORIENTED_EDGE('',*,*,#3834,.T.);
#5201=ORIENTED_EDGE('',*,*,#3835,.T.);
#5202=ORIENTED_EDGE('',*,*,#3836,.T.);
#5203=ORIENTED_EDGE('',*,*,#3835,.F.);
#5204=ORIENTED_EDGE('',*,*,#3837,.T.);
#5205=ORIENTED_EDGE('',*,*,#3838,.T.);
#5206=ORIENTED_EDGE('',*,*,#3839,.T.);
#5207=ORIENTED_EDGE('',*,*,#3838,.F.);
#5208=ORIENTED_EDGE('',*,*,#3840,.T.);
#5209=ORIENTED_EDGE('',*,*,#3830,.T.);
#5210=ORIENTED_EDGE('',*,*,#3841,.T.);
#5211=ORIENTED_EDGE('',*,*,#3842,.T.);
#5212=ORIENTED_EDGE('',*,*,#3719,.F.);
#5213=ORIENTED_EDGE('',*,*,#3843,.F.);
#5214=ORIENTED_EDGE('',*,*,#3839,.F.);
#5215=ORIENTED_EDGE('',*,*,#3844,.F.);
#5216=ORIENTED_EDGE('',*,*,#3720,.F.);
#5217=ORIENTED_EDGE('',*,*,#3842,.F.);
#5218=ORIENTED_EDGE('',*,*,#3841,.F.);
#5219=ORIENTED_EDGE('',*,*,#3844,.T.);
#5220=ORIENTED_EDGE('',*,*,#3833,.F.);
#5221=ORIENTED_EDGE('',*,*,#3845,.F.);
#5222=ORIENTED_EDGE('',*,*,#3721,.F.);
#5223=ORIENTED_EDGE('',*,*,#3843,.T.);
#5224=ORIENTED_EDGE('',*,*,#3718,.F.);
#5225=ORIENTED_EDGE('',*,*,#3845,.T.);
#5226=ORIENTED_EDGE('',*,*,#3836,.F.);
#5227=ORIENTED_EDGE('',*,*,#3685,.T.);
#5228=ORIENTED_EDGE('',*,*,#3846,.T.);
#5229=ORIENTED_EDGE('',*,*,#3808,.T.);
#5230=ORIENTED_EDGE('',*,*,#3726,.F.);
#5231=ORIENTED_EDGE('',*,*,#3840,.F.);
#5232=ORIENTED_EDGE('',*,*,#3837,.F.);
#5233=ORIENTED_EDGE('',*,*,#3834,.F.);
#5234=ORIENTED_EDGE('',*,*,#3831,.F.);
#5235=ORIENTED_EDGE('',*,*,#3824,.F.);
#5236=ORIENTED_EDGE('',*,*,#3821,.F.);
#5237=ORIENTED_EDGE('',*,*,#3818,.F.);
#5238=ORIENTED_EDGE('',*,*,#3815,.F.);
#5239=ORIENTED_EDGE('',*,*,#3804,.F.);
#5240=ORIENTED_EDGE('',*,*,#3806,.F.);
#5241=ORIENTED_EDGE('',*,*,#3807,.F.);
#5242=ORIENTED_EDGE('',*,*,#3801,.F.);
#5243=ORIENTED_EDGE('',*,*,#3788,.F.);
#5244=ORIENTED_EDGE('',*,*,#3790,.F.);
#5245=ORIENTED_EDGE('',*,*,#3791,.F.);
#5246=ORIENTED_EDGE('',*,*,#3785,.F.);
#5247=ORIENTED_EDGE('',*,*,#3772,.F.);
#5248=ORIENTED_EDGE('',*,*,#3774,.F.);
#5249=ORIENTED_EDGE('',*,*,#3775,.F.);
#5250=ORIENTED_EDGE('',*,*,#3769,.F.);
#5251=ORIENTED_EDGE('',*,*,#3756,.F.);
#5252=ORIENTED_EDGE('',*,*,#3758,.F.);
#5253=ORIENTED_EDGE('',*,*,#3759,.F.);
#5254=ORIENTED_EDGE('',*,*,#3753,.F.);
#5255=ORIENTED_EDGE('',*,*,#3740,.F.);
#5256=ORIENTED_EDGE('',*,*,#3742,.F.);
#5257=ORIENTED_EDGE('',*,*,#3743,.F.);
#5258=ORIENTED_EDGE('',*,*,#3737,.F.);
#5259=ORIENTED_EDGE('',*,*,#3684,.T.);
#5260=ORIENTED_EDGE('',*,*,#3813,.T.);
#5261=ORIENTED_EDGE('',*,*,#3809,.T.);
#5262=ORIENTED_EDGE('',*,*,#3846,.F.);
#5263=ORIENTED_EDGE('',*,*,#3847,.T.);
#5264=ORIENTED_EDGE('',*,*,#3848,.T.);
#5265=ORIENTED_EDGE('',*,*,#3849,.F.);
#5266=ORIENTED_EDGE('',*,*,#3850,.F.);
#5267=ORIENTED_EDGE('',*,*,#3849,.T.);
#5268=ORIENTED_EDGE('',*,*,#3851,.T.);
#5269=ORIENTED_EDGE('',*,*,#3852,.F.);
#5270=ORIENTED_EDGE('',*,*,#3853,.F.);
#5271=ORIENTED_EDGE('',*,*,#3852,.T.);
#5272=ORIENTED_EDGE('',*,*,#3854,.T.);
#5273=ORIENTED_EDGE('',*,*,#3855,.F.);
#5274=ORIENTED_EDGE('',*,*,#3856,.T.);
#5275=ORIENTED_EDGE('',*,*,#3855,.T.);
#5276=ORIENTED_EDGE('',*,*,#3857,.T.);
#5277=ORIENTED_EDGE('',*,*,#3847,.F.);
#5278=ORIENTED_EDGE('',*,*,#3858,.T.);
#5279=ORIENTED_EDGE('',*,*,#3850,.T.);
#5280=ORIENTED_EDGE('',*,*,#3853,.T.);
#5281=ORIENTED_EDGE('',*,*,#3856,.F.);
#5282=ORIENTED_EDGE('',*,*,#3858,.F.);
#5283=ORIENTED_EDGE('',*,*,#3859,.T.);
#5284=ORIENTED_EDGE('',*,*,#3860,.T.);
#5285=ORIENTED_EDGE('',*,*,#3861,.T.);
#5286=ORIENTED_EDGE('',*,*,#3862,.T.);
#5287=ORIENTED_EDGE('',*,*,#3863,.F.);
#5288=ORIENTED_EDGE('',*,*,#3851,.F.);
#5289=ORIENTED_EDGE('',*,*,#3864,.F.);
#5290=ORIENTED_EDGE('',*,*,#3862,.F.);
#5291=ORIENTED_EDGE('',*,*,#3864,.T.);
#5292=ORIENTED_EDGE('',*,*,#3848,.F.);
#5293=ORIENTED_EDGE('',*,*,#3865,.F.);
#5294=ORIENTED_EDGE('',*,*,#3859,.F.);
#5295=ORIENTED_EDGE('',*,*,#3863,.T.);
#5296=ORIENTED_EDGE('',*,*,#3861,.F.);
#5297=ORIENTED_EDGE('',*,*,#3866,.F.);
#5298=ORIENTED_EDGE('',*,*,#3854,.F.);
#5299=ORIENTED_EDGE('',*,*,#3865,.T.);
#5300=ORIENTED_EDGE('',*,*,#3857,.F.);
#5301=ORIENTED_EDGE('',*,*,#3866,.T.);
#5302=ORIENTED_EDGE('',*,*,#3860,.F.);
#5303=ORIENTED_EDGE('',*,*,#3867,.T.);
#5304=ORIENTED_EDGE('',*,*,#3868,.T.);
#5305=ORIENTED_EDGE('',*,*,#3869,.F.);
#5306=ORIENTED_EDGE('',*,*,#3870,.F.);
#5307=ORIENTED_EDGE('',*,*,#3869,.T.);
#5308=ORIENTED_EDGE('',*,*,#3871,.T.);
#5309=ORIENTED_EDGE('',*,*,#3872,.F.);
#5310=ORIENTED_EDGE('',*,*,#3873,.F.);
#5311=ORIENTED_EDGE('',*,*,#3872,.T.);
#5312=ORIENTED_EDGE('',*,*,#3874,.T.);
#5313=ORIENTED_EDGE('',*,*,#3875,.F.);
#5314=ORIENTED_EDGE('',*,*,#3876,.T.);
#5315=ORIENTED_EDGE('',*,*,#3875,.T.);
#5316=ORIENTED_EDGE('',*,*,#3877,.T.);
#5317=ORIENTED_EDGE('',*,*,#3867,.F.);
#5318=ORIENTED_EDGE('',*,*,#3878,.T.);
#5319=ORIENTED_EDGE('',*,*,#3870,.T.);
#5320=ORIENTED_EDGE('',*,*,#3873,.T.);
#5321=ORIENTED_EDGE('',*,*,#3876,.F.);
#5322=ORIENTED_EDGE('',*,*,#3878,.F.);
#5323=ORIENTED_EDGE('',*,*,#3879,.T.);
#5324=ORIENTED_EDGE('',*,*,#3880,.T.);
#5325=ORIENTED_EDGE('',*,*,#3881,.T.);
#5326=ORIENTED_EDGE('',*,*,#3882,.T.);
#5327=ORIENTED_EDGE('',*,*,#3883,.F.);
#5328=ORIENTED_EDGE('',*,*,#3871,.F.);
#5329=ORIENTED_EDGE('',*,*,#3884,.F.);
#5330=ORIENTED_EDGE('',*,*,#3882,.F.);
#5331=ORIENTED_EDGE('',*,*,#3884,.T.);
#5332=ORIENTED_EDGE('',*,*,#3868,.F.);
#5333=ORIENTED_EDGE('',*,*,#3885,.F.);
#5334=ORIENTED_EDGE('',*,*,#3879,.F.);
#5335=ORIENTED_EDGE('',*,*,#3883,.T.);
#5336=ORIENTED_EDGE('',*,*,#3881,.F.);
#5337=ORIENTED_EDGE('',*,*,#3886,.F.);
#5338=ORIENTED_EDGE('',*,*,#3874,.F.);
#5339=ORIENTED_EDGE('',*,*,#3885,.T.);
#5340=ORIENTED_EDGE('',*,*,#3877,.F.);
#5341=ORIENTED_EDGE('',*,*,#3886,.T.);
#5342=ORIENTED_EDGE('',*,*,#3880,.F.);
#5343=ORIENTED_EDGE('',*,*,#3887,.T.);
#5344=ORIENTED_EDGE('',*,*,#3888,.T.);
#5345=ORIENTED_EDGE('',*,*,#3889,.F.);
#5346=ORIENTED_EDGE('',*,*,#3890,.F.);
#5347=ORIENTED_EDGE('',*,*,#3889,.T.);
#5348=ORIENTED_EDGE('',*,*,#3891,.T.);
#5349=ORIENTED_EDGE('',*,*,#3892,.F.);
#5350=ORIENTED_EDGE('',*,*,#3893,.F.);
#5351=ORIENTED_EDGE('',*,*,#3892,.T.);
#5352=ORIENTED_EDGE('',*,*,#3894,.T.);
#5353=ORIENTED_EDGE('',*,*,#3895,.F.);
#5354=ORIENTED_EDGE('',*,*,#3896,.T.);
#5355=ORIENTED_EDGE('',*,*,#3895,.T.);
#5356=ORIENTED_EDGE('',*,*,#3897,.T.);
#5357=ORIENTED_EDGE('',*,*,#3887,.F.);
#5358=ORIENTED_EDGE('',*,*,#3898,.T.);
#5359=ORIENTED_EDGE('',*,*,#3890,.T.);
#5360=ORIENTED_EDGE('',*,*,#3893,.T.);
#5361=ORIENTED_EDGE('',*,*,#3896,.F.);
#5362=ORIENTED_EDGE('',*,*,#3898,.F.);
#5363=ORIENTED_EDGE('',*,*,#3899,.T.);
#5364=ORIENTED_EDGE('',*,*,#3900,.T.);
#5365=ORIENTED_EDGE('',*,*,#3901,.T.);
#5366=ORIENTED_EDGE('',*,*,#3902,.T.);
#5367=ORIENTED_EDGE('',*,*,#3903,.F.);
#5368=ORIENTED_EDGE('',*,*,#3891,.F.);
#5369=ORIENTED_EDGE('',*,*,#3904,.F.);
#5370=ORIENTED_EDGE('',*,*,#3902,.F.);
#5371=ORIENTED_EDGE('',*,*,#3904,.T.);
#5372=ORIENTED_EDGE('',*,*,#3888,.F.);
#5373=ORIENTED_EDGE('',*,*,#3905,.F.);
#5374=ORIENTED_EDGE('',*,*,#3899,.F.);
#5375=ORIENTED_EDGE('',*,*,#3903,.T.);
#5376=ORIENTED_EDGE('',*,*,#3901,.F.);
#5377=ORIENTED_EDGE('',*,*,#3906,.F.);
#5378=ORIENTED_EDGE('',*,*,#3894,.F.);
#5379=ORIENTED_EDGE('',*,*,#3905,.T.);
#5380=ORIENTED_EDGE('',*,*,#3897,.F.);
#5381=ORIENTED_EDGE('',*,*,#3906,.T.);
#5382=ORIENTED_EDGE('',*,*,#3900,.F.);
#5383=ORIENTED_EDGE('',*,*,#3907,.T.);
#5384=ORIENTED_EDGE('',*,*,#3908,.T.);
#5385=ORIENTED_EDGE('',*,*,#3909,.F.);
#5386=ORIENTED_EDGE('',*,*,#3910,.F.);
#5387=ORIENTED_EDGE('',*,*,#3909,.T.);
#5388=ORIENTED_EDGE('',*,*,#3911,.T.);
#5389=ORIENTED_EDGE('',*,*,#3912,.F.);
#5390=ORIENTED_EDGE('',*,*,#3913,.F.);
#5391=ORIENTED_EDGE('',*,*,#3912,.T.);
#5392=ORIENTED_EDGE('',*,*,#3914,.T.);
#5393=ORIENTED_EDGE('',*,*,#3915,.F.);
#5394=ORIENTED_EDGE('',*,*,#3916,.T.);
#5395=ORIENTED_EDGE('',*,*,#3915,.T.);
#5396=ORIENTED_EDGE('',*,*,#3917,.T.);
#5397=ORIENTED_EDGE('',*,*,#3907,.F.);
#5398=ORIENTED_EDGE('',*,*,#3918,.T.);
#5399=ORIENTED_EDGE('',*,*,#3910,.T.);
#5400=ORIENTED_EDGE('',*,*,#3913,.T.);
#5401=ORIENTED_EDGE('',*,*,#3916,.F.);
#5402=ORIENTED_EDGE('',*,*,#3918,.F.);
#5403=ORIENTED_EDGE('',*,*,#3919,.T.);
#5404=ORIENTED_EDGE('',*,*,#3920,.T.);
#5405=ORIENTED_EDGE('',*,*,#3921,.T.);
#5406=ORIENTED_EDGE('',*,*,#3922,.T.);
#5407=ORIENTED_EDGE('',*,*,#3923,.F.);
#5408=ORIENTED_EDGE('',*,*,#3911,.F.);
#5409=ORIENTED_EDGE('',*,*,#3924,.F.);
#5410=ORIENTED_EDGE('',*,*,#3922,.F.);
#5411=ORIENTED_EDGE('',*,*,#3924,.T.);
#5412=ORIENTED_EDGE('',*,*,#3908,.F.);
#5413=ORIENTED_EDGE('',*,*,#3925,.F.);
#5414=ORIENTED_EDGE('',*,*,#3919,.F.);
#5415=ORIENTED_EDGE('',*,*,#3923,.T.);
#5416=ORIENTED_EDGE('',*,*,#3921,.F.);
#5417=ORIENTED_EDGE('',*,*,#3926,.F.);
#5418=ORIENTED_EDGE('',*,*,#3914,.F.);
#5419=ORIENTED_EDGE('',*,*,#3925,.T.);
#5420=ORIENTED_EDGE('',*,*,#3917,.F.);
#5421=ORIENTED_EDGE('',*,*,#3926,.T.);
#5422=ORIENTED_EDGE('',*,*,#3920,.F.);
#5423=ORIENTED_EDGE('',*,*,#3927,.T.);
#5424=ORIENTED_EDGE('',*,*,#3928,.T.);
#5425=ORIENTED_EDGE('',*,*,#3929,.F.);
#5426=ORIENTED_EDGE('',*,*,#3930,.F.);
#5427=ORIENTED_EDGE('',*,*,#3929,.T.);
#5428=ORIENTED_EDGE('',*,*,#3931,.T.);
#5429=ORIENTED_EDGE('',*,*,#3932,.F.);
#5430=ORIENTED_EDGE('',*,*,#3933,.F.);
#5431=ORIENTED_EDGE('',*,*,#3932,.T.);
#5432=ORIENTED_EDGE('',*,*,#3934,.T.);
#5433=ORIENTED_EDGE('',*,*,#3935,.F.);
#5434=ORIENTED_EDGE('',*,*,#3936,.T.);
#5435=ORIENTED_EDGE('',*,*,#3935,.T.);
#5436=ORIENTED_EDGE('',*,*,#3937,.T.);
#5437=ORIENTED_EDGE('',*,*,#3927,.F.);
#5438=ORIENTED_EDGE('',*,*,#3938,.T.);
#5439=ORIENTED_EDGE('',*,*,#3930,.T.);
#5440=ORIENTED_EDGE('',*,*,#3933,.T.);
#5441=ORIENTED_EDGE('',*,*,#3936,.F.);
#5442=ORIENTED_EDGE('',*,*,#3938,.F.);
#5443=ORIENTED_EDGE('',*,*,#3939,.T.);
#5444=ORIENTED_EDGE('',*,*,#3940,.T.);
#5445=ORIENTED_EDGE('',*,*,#3941,.T.);
#5446=ORIENTED_EDGE('',*,*,#3942,.T.);
#5447=ORIENTED_EDGE('',*,*,#3943,.F.);
#5448=ORIENTED_EDGE('',*,*,#3931,.F.);
#5449=ORIENTED_EDGE('',*,*,#3944,.F.);
#5450=ORIENTED_EDGE('',*,*,#3942,.F.);
#5451=ORIENTED_EDGE('',*,*,#3944,.T.);
#5452=ORIENTED_EDGE('',*,*,#3928,.F.);
#5453=ORIENTED_EDGE('',*,*,#3945,.F.);
#5454=ORIENTED_EDGE('',*,*,#3939,.F.);
#5455=ORIENTED_EDGE('',*,*,#3943,.T.);
#5456=ORIENTED_EDGE('',*,*,#3941,.F.);
#5457=ORIENTED_EDGE('',*,*,#3946,.F.);
#5458=ORIENTED_EDGE('',*,*,#3934,.F.);
#5459=ORIENTED_EDGE('',*,*,#3945,.T.);
#5460=ORIENTED_EDGE('',*,*,#3937,.F.);
#5461=ORIENTED_EDGE('',*,*,#3946,.T.);
#5462=ORIENTED_EDGE('',*,*,#3940,.F.);
#5463=ORIENTED_EDGE('',*,*,#3947,.T.);
#5464=ORIENTED_EDGE('',*,*,#3948,.T.);
#5465=ORIENTED_EDGE('',*,*,#3949,.F.);
#5466=ORIENTED_EDGE('',*,*,#3950,.F.);
#5467=ORIENTED_EDGE('',*,*,#3949,.T.);
#5468=ORIENTED_EDGE('',*,*,#3951,.T.);
#5469=ORIENTED_EDGE('',*,*,#3952,.F.);
#5470=ORIENTED_EDGE('',*,*,#3953,.F.);
#5471=ORIENTED_EDGE('',*,*,#3952,.T.);
#5472=ORIENTED_EDGE('',*,*,#3954,.T.);
#5473=ORIENTED_EDGE('',*,*,#3955,.F.);
#5474=ORIENTED_EDGE('',*,*,#3956,.T.);
#5475=ORIENTED_EDGE('',*,*,#3955,.T.);
#5476=ORIENTED_EDGE('',*,*,#3957,.T.);
#5477=ORIENTED_EDGE('',*,*,#3947,.F.);
#5478=ORIENTED_EDGE('',*,*,#3958,.T.);
#5479=ORIENTED_EDGE('',*,*,#3950,.T.);
#5480=ORIENTED_EDGE('',*,*,#3953,.T.);
#5481=ORIENTED_EDGE('',*,*,#3956,.F.);
#5482=ORIENTED_EDGE('',*,*,#3958,.F.);
#5483=ORIENTED_EDGE('',*,*,#3959,.T.);
#5484=ORIENTED_EDGE('',*,*,#3960,.T.);
#5485=ORIENTED_EDGE('',*,*,#3961,.T.);
#5486=ORIENTED_EDGE('',*,*,#3962,.T.);
#5487=ORIENTED_EDGE('',*,*,#3963,.F.);
#5488=ORIENTED_EDGE('',*,*,#3951,.F.);
#5489=ORIENTED_EDGE('',*,*,#3964,.F.);
#5490=ORIENTED_EDGE('',*,*,#3962,.F.);
#5491=ORIENTED_EDGE('',*,*,#3964,.T.);
#5492=ORIENTED_EDGE('',*,*,#3948,.F.);
#5493=ORIENTED_EDGE('',*,*,#3965,.F.);
#5494=ORIENTED_EDGE('',*,*,#3959,.F.);
#5495=ORIENTED_EDGE('',*,*,#3963,.T.);
#5496=ORIENTED_EDGE('',*,*,#3961,.F.);
#5497=ORIENTED_EDGE('',*,*,#3966,.F.);
#5498=ORIENTED_EDGE('',*,*,#3954,.F.);
#5499=ORIENTED_EDGE('',*,*,#3965,.T.);
#5500=ORIENTED_EDGE('',*,*,#3957,.F.);
#5501=ORIENTED_EDGE('',*,*,#3966,.T.);
#5502=ORIENTED_EDGE('',*,*,#3960,.F.);
#5503=ORIENTED_EDGE('',*,*,#3967,.T.);
#5504=ORIENTED_EDGE('',*,*,#3968,.T.);
#5505=ORIENTED_EDGE('',*,*,#3969,.F.);
#5506=ORIENTED_EDGE('',*,*,#3970,.F.);
#5507=ORIENTED_EDGE('',*,*,#3969,.T.);
#5508=ORIENTED_EDGE('',*,*,#3971,.T.);
#5509=ORIENTED_EDGE('',*,*,#3972,.F.);
#5510=ORIENTED_EDGE('',*,*,#3973,.F.);
#5511=ORIENTED_EDGE('',*,*,#3972,.T.);
#5512=ORIENTED_EDGE('',*,*,#3974,.T.);
#5513=ORIENTED_EDGE('',*,*,#3975,.F.);
#5514=ORIENTED_EDGE('',*,*,#3976,.T.);
#5515=ORIENTED_EDGE('',*,*,#3975,.T.);
#5516=ORIENTED_EDGE('',*,*,#3977,.T.);
#5517=ORIENTED_EDGE('',*,*,#3967,.F.);
#5518=ORIENTED_EDGE('',*,*,#3978,.T.);
#5519=ORIENTED_EDGE('',*,*,#3970,.T.);
#5520=ORIENTED_EDGE('',*,*,#3973,.T.);
#5521=ORIENTED_EDGE('',*,*,#3976,.F.);
#5522=ORIENTED_EDGE('',*,*,#3978,.F.);
#5523=ORIENTED_EDGE('',*,*,#3979,.T.);
#5524=ORIENTED_EDGE('',*,*,#3980,.T.);
#5525=ORIENTED_EDGE('',*,*,#3981,.T.);
#5526=ORIENTED_EDGE('',*,*,#3982,.T.);
#5527=ORIENTED_EDGE('',*,*,#3983,.F.);
#5528=ORIENTED_EDGE('',*,*,#3971,.F.);
#5529=ORIENTED_EDGE('',*,*,#3984,.F.);
#5530=ORIENTED_EDGE('',*,*,#3982,.F.);
#5531=ORIENTED_EDGE('',*,*,#3984,.T.);
#5532=ORIENTED_EDGE('',*,*,#3968,.F.);
#5533=ORIENTED_EDGE('',*,*,#3985,.F.);
#5534=ORIENTED_EDGE('',*,*,#3979,.F.);
#5535=ORIENTED_EDGE('',*,*,#3983,.T.);
#5536=ORIENTED_EDGE('',*,*,#3981,.F.);
#5537=ORIENTED_EDGE('',*,*,#3986,.F.);
#5538=ORIENTED_EDGE('',*,*,#3974,.F.);
#5539=ORIENTED_EDGE('',*,*,#3985,.T.);
#5540=ORIENTED_EDGE('',*,*,#3977,.F.);
#5541=ORIENTED_EDGE('',*,*,#3986,.T.);
#5542=ORIENTED_EDGE('',*,*,#3980,.F.);
#5543=ORIENTED_EDGE('',*,*,#3987,.F.);
#5544=ORIENTED_EDGE('',*,*,#3988,.T.);
#5545=ORIENTED_EDGE('',*,*,#3989,.F.);
#5546=ORIENTED_EDGE('',*,*,#3988,.F.);
#5547=ORIENTED_EDGE('',*,*,#3990,.F.);
#5548=ORIENTED_EDGE('',*,*,#3991,.T.);
#5549=ORIENTED_EDGE('',*,*,#3992,.F.);
#5550=ORIENTED_EDGE('',*,*,#3993,.F.);
#5551=ORIENTED_EDGE('',*,*,#3994,.F.);
#5552=ORIENTED_EDGE('',*,*,#3993,.T.);
#5553=ORIENTED_EDGE('',*,*,#3995,.F.);
#5554=ORIENTED_EDGE('',*,*,#3996,.F.);
#5555=ORIENTED_EDGE('',*,*,#3997,.F.);
#5556=ORIENTED_EDGE('',*,*,#3996,.T.);
#5557=ORIENTED_EDGE('',*,*,#3998,.F.);
#5558=ORIENTED_EDGE('',*,*,#3999,.F.);
#5559=ORIENTED_EDGE('',*,*,#4000,.F.);
#5560=ORIENTED_EDGE('',*,*,#3999,.T.);
#5561=ORIENTED_EDGE('',*,*,#4001,.F.);
#5562=ORIENTED_EDGE('',*,*,#3991,.F.);
#5563=ORIENTED_EDGE('',*,*,#4001,.T.);
#5564=ORIENTED_EDGE('',*,*,#3998,.T.);
#5565=ORIENTED_EDGE('',*,*,#3995,.T.);
#5566=ORIENTED_EDGE('',*,*,#3992,.T.);
#5567=ORIENTED_EDGE('',*,*,#3987,.T.);
#5568=ORIENTED_EDGE('',*,*,#4002,.T.);
#5569=ORIENTED_EDGE('',*,*,#4003,.T.);
#5570=ORIENTED_EDGE('',*,*,#4004,.T.);
#5571=ORIENTED_EDGE('',*,*,#4005,.T.);
#5572=ORIENTED_EDGE('',*,*,#4006,.T.);
#5573=ORIENTED_EDGE('',*,*,#4007,.T.);
#5574=ORIENTED_EDGE('',*,*,#4008,.T.);
#5575=ORIENTED_EDGE('',*,*,#4009,.T.);
#5576=ORIENTED_EDGE('',*,*,#4010,.T.);
#5577=ORIENTED_EDGE('',*,*,#4011,.T.);
#5578=ORIENTED_EDGE('',*,*,#4012,.T.);
#5579=ORIENTED_EDGE('',*,*,#4013,.T.);
#5580=ORIENTED_EDGE('',*,*,#4014,.T.);
#5581=ORIENTED_EDGE('',*,*,#4015,.T.);
#5582=ORIENTED_EDGE('',*,*,#4016,.T.);
#5583=ORIENTED_EDGE('',*,*,#4017,.T.);
#5584=ORIENTED_EDGE('',*,*,#4018,.T.);
#5585=ORIENTED_EDGE('',*,*,#4019,.T.);
#5586=ORIENTED_EDGE('',*,*,#4020,.T.);
#5587=ORIENTED_EDGE('',*,*,#4021,.T.);
#5588=ORIENTED_EDGE('',*,*,#4022,.T.);
#5589=ORIENTED_EDGE('',*,*,#4023,.T.);
#5590=ORIENTED_EDGE('',*,*,#4024,.T.);
#5591=ORIENTED_EDGE('',*,*,#4025,.T.);
#5592=ORIENTED_EDGE('',*,*,#4026,.T.);
#5593=ORIENTED_EDGE('',*,*,#4027,.T.);
#5594=ORIENTED_EDGE('',*,*,#4028,.T.);
#5595=ORIENTED_EDGE('',*,*,#4029,.T.);
#5596=ORIENTED_EDGE('',*,*,#4030,.T.);
#5597=ORIENTED_EDGE('',*,*,#4031,.T.);
#5598=ORIENTED_EDGE('',*,*,#4032,.T.);
#5599=ORIENTED_EDGE('',*,*,#4033,.T.);
#5600=ORIENTED_EDGE('',*,*,#4034,.T.);
#5601=ORIENTED_EDGE('',*,*,#4035,.T.);
#5602=ORIENTED_EDGE('',*,*,#4036,.T.);
#5603=ORIENTED_EDGE('',*,*,#4037,.T.);
#5604=ORIENTED_EDGE('',*,*,#4038,.T.);
#5605=ORIENTED_EDGE('',*,*,#4039,.T.);
#5606=ORIENTED_EDGE('',*,*,#4040,.T.);
#5607=ORIENTED_EDGE('',*,*,#4041,.T.);
#5608=ORIENTED_EDGE('',*,*,#4042,.T.);
#5609=ORIENTED_EDGE('',*,*,#4043,.T.);
#5610=ORIENTED_EDGE('',*,*,#4044,.T.);
#5611=ORIENTED_EDGE('',*,*,#4045,.T.);
#5612=ORIENTED_EDGE('',*,*,#4046,.T.);
#5613=ORIENTED_EDGE('',*,*,#4047,.T.);
#5614=ORIENTED_EDGE('',*,*,#4048,.T.);
#5615=ORIENTED_EDGE('',*,*,#4049,.T.);
#5616=ORIENTED_EDGE('',*,*,#4050,.T.);
#5617=ORIENTED_EDGE('',*,*,#4051,.T.);
#5618=ORIENTED_EDGE('',*,*,#4052,.T.);
#5619=ORIENTED_EDGE('',*,*,#4053,.T.);
#5620=ORIENTED_EDGE('',*,*,#4054,.T.);
#5621=ORIENTED_EDGE('',*,*,#4055,.T.);
#5622=ORIENTED_EDGE('',*,*,#4056,.T.);
#5623=ORIENTED_EDGE('',*,*,#4057,.T.);
#5624=ORIENTED_EDGE('',*,*,#4058,.T.);
#5625=ORIENTED_EDGE('',*,*,#4059,.T.);
#5626=ORIENTED_EDGE('',*,*,#3990,.T.);
#5627=ORIENTED_EDGE('',*,*,#3994,.T.);
#5628=ORIENTED_EDGE('',*,*,#3997,.T.);
#5629=ORIENTED_EDGE('',*,*,#4000,.T.);
#5630=ORIENTED_EDGE('',*,*,#4060,.F.);
#5631=ORIENTED_EDGE('',*,*,#4061,.T.);
#5632=ORIENTED_EDGE('',*,*,#4062,.F.);
#5633=ORIENTED_EDGE('',*,*,#4061,.F.);
#5634=ORIENTED_EDGE('',*,*,#4063,.F.);
#5635=ORIENTED_EDGE('',*,*,#4064,.T.);
#5636=ORIENTED_EDGE('',*,*,#4022,.F.);
#5637=ORIENTED_EDGE('',*,*,#4064,.F.);
#5638=ORIENTED_EDGE('',*,*,#4063,.T.);
#5639=ORIENTED_EDGE('',*,*,#4060,.T.);
#5640=ORIENTED_EDGE('',*,*,#4065,.F.);
#5641=ORIENTED_EDGE('',*,*,#4066,.T.);
#5642=ORIENTED_EDGE('',*,*,#4067,.F.);
#5643=ORIENTED_EDGE('',*,*,#4066,.F.);
#5644=ORIENTED_EDGE('',*,*,#4068,.F.);
#5645=ORIENTED_EDGE('',*,*,#4069,.T.);
#5646=ORIENTED_EDGE('',*,*,#4059,.F.);
#5647=ORIENTED_EDGE('',*,*,#4069,.F.);
#5648=ORIENTED_EDGE('',*,*,#4068,.T.);
#5649=ORIENTED_EDGE('',*,*,#4065,.T.);
#5650=ORIENTED_EDGE('',*,*,#4070,.F.);
#5651=ORIENTED_EDGE('',*,*,#4071,.T.);
#5652=ORIENTED_EDGE('',*,*,#4072,.F.);
#5653=ORIENTED_EDGE('',*,*,#4071,.F.);
#5654=ORIENTED_EDGE('',*,*,#4073,.F.);
#5655=ORIENTED_EDGE('',*,*,#4074,.T.);
#5656=ORIENTED_EDGE('',*,*,#4023,.F.);
#5657=ORIENTED_EDGE('',*,*,#4074,.F.);
#5658=ORIENTED_EDGE('',*,*,#4073,.T.);
#5659=ORIENTED_EDGE('',*,*,#4070,.T.);
#5660=ORIENTED_EDGE('',*,*,#4075,.F.);
#5661=ORIENTED_EDGE('',*,*,#4076,.T.);
#5662=ORIENTED_EDGE('',*,*,#4077,.F.);
#5663=ORIENTED_EDGE('',*,*,#4076,.F.);
#5664=ORIENTED_EDGE('',*,*,#4078,.F.);
#5665=ORIENTED_EDGE('',*,*,#4079,.T.);
#5666=ORIENTED_EDGE('',*,*,#4058,.F.);
#5667=ORIENTED_EDGE('',*,*,#4079,.F.);
#5668=ORIENTED_EDGE('',*,*,#4078,.T.);
#5669=ORIENTED_EDGE('',*,*,#4075,.T.);
#5670=ORIENTED_EDGE('',*,*,#4080,.F.);
#5671=ORIENTED_EDGE('',*,*,#4081,.T.);
#5672=ORIENTED_EDGE('',*,*,#4082,.F.);
#5673=ORIENTED_EDGE('',*,*,#4081,.F.);
#5674=ORIENTED_EDGE('',*,*,#4083,.F.);
#5675=ORIENTED_EDGE('',*,*,#4084,.T.);
#5676=ORIENTED_EDGE('',*,*,#4024,.F.);
#5677=ORIENTED_EDGE('',*,*,#4084,.F.);
#5678=ORIENTED_EDGE('',*,*,#4083,.T.);
#5679=ORIENTED_EDGE('',*,*,#4080,.T.);
#5680=ORIENTED_EDGE('',*,*,#4085,.F.);
#5681=ORIENTED_EDGE('',*,*,#4086,.T.);
#5682=ORIENTED_EDGE('',*,*,#4087,.F.);
#5683=ORIENTED_EDGE('',*,*,#4086,.F.);
#5684=ORIENTED_EDGE('',*,*,#4088,.F.);
#5685=ORIENTED_EDGE('',*,*,#4089,.T.);
#5686=ORIENTED_EDGE('',*,*,#4057,.F.);
#5687=ORIENTED_EDGE('',*,*,#4089,.F.);
#5688=ORIENTED_EDGE('',*,*,#4088,.T.);
#5689=ORIENTED_EDGE('',*,*,#4085,.T.);
#5690=ORIENTED_EDGE('',*,*,#4090,.F.);
#5691=ORIENTED_EDGE('',*,*,#4091,.T.);
#5692=ORIENTED_EDGE('',*,*,#4092,.F.);
#5693=ORIENTED_EDGE('',*,*,#4091,.F.);
#5694=ORIENTED_EDGE('',*,*,#4093,.F.);
#5695=ORIENTED_EDGE('',*,*,#4094,.T.);
#5696=ORIENTED_EDGE('',*,*,#4025,.F.);
#5697=ORIENTED_EDGE('',*,*,#4094,.F.);
#5698=ORIENTED_EDGE('',*,*,#4093,.T.);
#5699=ORIENTED_EDGE('',*,*,#4090,.T.);
#5700=ORIENTED_EDGE('',*,*,#4095,.F.);
#5701=ORIENTED_EDGE('',*,*,#4096,.T.);
#5702=ORIENTED_EDGE('',*,*,#4097,.F.);
#5703=ORIENTED_EDGE('',*,*,#4096,.F.);
#5704=ORIENTED_EDGE('',*,*,#4098,.F.);
#5705=ORIENTED_EDGE('',*,*,#4099,.T.);
#5706=ORIENTED_EDGE('',*,*,#4056,.F.);
#5707=ORIENTED_EDGE('',*,*,#4099,.F.);
#5708=ORIENTED_EDGE('',*,*,#4098,.T.);
#5709=ORIENTED_EDGE('',*,*,#4095,.T.);
#5710=ORIENTED_EDGE('',*,*,#4100,.F.);
#5711=ORIENTED_EDGE('',*,*,#4101,.T.);
#5712=ORIENTED_EDGE('',*,*,#4102,.F.);
#5713=ORIENTED_EDGE('',*,*,#4101,.F.);
#5714=ORIENTED_EDGE('',*,*,#4103,.F.);
#5715=ORIENTED_EDGE('',*,*,#4104,.T.);
#5716=ORIENTED_EDGE('',*,*,#4026,.F.);
#5717=ORIENTED_EDGE('',*,*,#4104,.F.);
#5718=ORIENTED_EDGE('',*,*,#4103,.T.);
#5719=ORIENTED_EDGE('',*,*,#4100,.T.);
#5720=ORIENTED_EDGE('',*,*,#4105,.F.);
#5721=ORIENTED_EDGE('',*,*,#4106,.T.);
#5722=ORIENTED_EDGE('',*,*,#4107,.F.);
#5723=ORIENTED_EDGE('',*,*,#4106,.F.);
#5724=ORIENTED_EDGE('',*,*,#4052,.F.);
#5725=ORIENTED_EDGE('',*,*,#4108,.T.);
#5726=ORIENTED_EDGE('',*,*,#4109,.F.);
#5727=ORIENTED_EDGE('',*,*,#4110,.F.);
#5728=ORIENTED_EDGE('',*,*,#4053,.F.);
#5729=ORIENTED_EDGE('',*,*,#4110,.T.);
#5730=ORIENTED_EDGE('',*,*,#4111,.F.);
#5731=ORIENTED_EDGE('',*,*,#4112,.F.);
#5732=ORIENTED_EDGE('',*,*,#4054,.F.);
#5733=ORIENTED_EDGE('',*,*,#4112,.T.);
#5734=ORIENTED_EDGE('',*,*,#4113,.F.);
#5735=ORIENTED_EDGE('',*,*,#4114,.F.);
#5736=ORIENTED_EDGE('',*,*,#4055,.F.);
#5737=ORIENTED_EDGE('',*,*,#4114,.T.);
#5738=ORIENTED_EDGE('',*,*,#4115,.F.);
#5739=ORIENTED_EDGE('',*,*,#4108,.F.);
#5740=ORIENTED_EDGE('',*,*,#4115,.T.);
#5741=ORIENTED_EDGE('',*,*,#4113,.T.);
#5742=ORIENTED_EDGE('',*,*,#4111,.T.);
#5743=ORIENTED_EDGE('',*,*,#4109,.T.);
#5744=ORIENTED_EDGE('',*,*,#4105,.T.);
#5745=ORIENTED_EDGE('',*,*,#4116,.F.);
#5746=ORIENTED_EDGE('',*,*,#4117,.T.);
#5747=ORIENTED_EDGE('',*,*,#4118,.F.);
#5748=ORIENTED_EDGE('',*,*,#4117,.F.);
#5749=ORIENTED_EDGE('',*,*,#4119,.F.);
#5750=ORIENTED_EDGE('',*,*,#4120,.T.);
#5751=ORIENTED_EDGE('',*,*,#4027,.F.);
#5752=ORIENTED_EDGE('',*,*,#4120,.F.);
#5753=ORIENTED_EDGE('',*,*,#4119,.T.);
#5754=ORIENTED_EDGE('',*,*,#4116,.T.);
#5755=ORIENTED_EDGE('',*,*,#4121,.F.);
#5756=ORIENTED_EDGE('',*,*,#4122,.T.);
#5757=ORIENTED_EDGE('',*,*,#4123,.F.);
#5758=ORIENTED_EDGE('',*,*,#4122,.F.);
#5759=ORIENTED_EDGE('',*,*,#4124,.F.);
#5760=ORIENTED_EDGE('',*,*,#4125,.T.);
#5761=ORIENTED_EDGE('',*,*,#4051,.F.);
#5762=ORIENTED_EDGE('',*,*,#4125,.F.);
#5763=ORIENTED_EDGE('',*,*,#4124,.T.);
#5764=ORIENTED_EDGE('',*,*,#4121,.T.);
#5765=ORIENTED_EDGE('',*,*,#4126,.F.);
#5766=ORIENTED_EDGE('',*,*,#4127,.T.);
#5767=ORIENTED_EDGE('',*,*,#4128,.F.);
#5768=ORIENTED_EDGE('',*,*,#4127,.F.);
#5769=ORIENTED_EDGE('',*,*,#4129,.F.);
#5770=ORIENTED_EDGE('',*,*,#4130,.T.);
#5771=ORIENTED_EDGE('',*,*,#4028,.F.);
#5772=ORIENTED_EDGE('',*,*,#4130,.F.);
#5773=ORIENTED_EDGE('',*,*,#4129,.T.);
#5774=ORIENTED_EDGE('',*,*,#4126,.T.);
#5775=ORIENTED_EDGE('',*,*,#4131,.T.);
#5776=ORIENTED_EDGE('',*,*,#4132,.T.);
#5777=ORIENTED_EDGE('',*,*,#4133,.T.);
#5778=ORIENTED_EDGE('',*,*,#4134,.F.);
#5779=ORIENTED_EDGE('',*,*,#4135,.T.);
#5780=ORIENTED_EDGE('',*,*,#4136,.T.);
#5781=ORIENTED_EDGE('',*,*,#4137,.T.);
#5782=ORIENTED_EDGE('',*,*,#4132,.F.);
#5783=ORIENTED_EDGE('',*,*,#4138,.T.);
#5784=ORIENTED_EDGE('',*,*,#4139,.T.);
#5785=ORIENTED_EDGE('',*,*,#4140,.T.);
#5786=ORIENTED_EDGE('',*,*,#4136,.F.);
#5787=ORIENTED_EDGE('',*,*,#4141,.T.);
#5788=ORIENTED_EDGE('',*,*,#4139,.F.);
#5789=ORIENTED_EDGE('',*,*,#4142,.T.);
#5790=ORIENTED_EDGE('',*,*,#4134,.T.);
#5791=ORIENTED_EDGE('',*,*,#4141,.F.);
#5792=ORIENTED_EDGE('',*,*,#4143,.F.);
#5793=ORIENTED_EDGE('',*,*,#4144,.F.);
#5794=ORIENTED_EDGE('',*,*,#4145,.T.);
#5795=ORIENTED_EDGE('',*,*,#4133,.F.);
#5796=ORIENTED_EDGE('',*,*,#4146,.F.);
#5797=ORIENTED_EDGE('',*,*,#4147,.F.);
#5798=ORIENTED_EDGE('',*,*,#4143,.T.);
#5799=ORIENTED_EDGE('',*,*,#4131,.F.);
#5800=ORIENTED_EDGE('',*,*,#4142,.F.);
#5801=ORIENTED_EDGE('',*,*,#4138,.F.);
#5802=ORIENTED_EDGE('',*,*,#4135,.F.);
#5803=ORIENTED_EDGE('',*,*,#4137,.F.);
#5804=ORIENTED_EDGE('',*,*,#4148,.F.);
#5805=ORIENTED_EDGE('',*,*,#4149,.F.);
#5806=ORIENTED_EDGE('',*,*,#4146,.T.);
#5807=ORIENTED_EDGE('',*,*,#4140,.F.);
#5808=ORIENTED_EDGE('',*,*,#4145,.F.);
#5809=ORIENTED_EDGE('',*,*,#4150,.F.);
#5810=ORIENTED_EDGE('',*,*,#4148,.T.);
#5811=ORIENTED_EDGE('',*,*,#4029,.F.);
#5812=ORIENTED_EDGE('',*,*,#4151,.T.);
#5813=ORIENTED_EDGE('',*,*,#4152,.F.);
#5814=ORIENTED_EDGE('',*,*,#4153,.F.);
#5815=ORIENTED_EDGE('',*,*,#4147,.T.);
#5816=ORIENTED_EDGE('',*,*,#4149,.T.);
#5817=ORIENTED_EDGE('',*,*,#4150,.T.);
#5818=ORIENTED_EDGE('',*,*,#4144,.T.);
#5819=ORIENTED_EDGE('',*,*,#4030,.F.);
#5820=ORIENTED_EDGE('',*,*,#4153,.T.);
#5821=ORIENTED_EDGE('',*,*,#4154,.F.);
#5822=ORIENTED_EDGE('',*,*,#4155,.F.);
#5823=ORIENTED_EDGE('',*,*,#4031,.F.);
#5824=ORIENTED_EDGE('',*,*,#4155,.T.);
#5825=ORIENTED_EDGE('',*,*,#4156,.F.);
#5826=ORIENTED_EDGE('',*,*,#4157,.F.);
#5827=ORIENTED_EDGE('',*,*,#4032,.F.);
#5828=ORIENTED_EDGE('',*,*,#4157,.T.);
#5829=ORIENTED_EDGE('',*,*,#4158,.F.);
#5830=ORIENTED_EDGE('',*,*,#4151,.F.);
#5831=ORIENTED_EDGE('',*,*,#4158,.T.);
#5832=ORIENTED_EDGE('',*,*,#4156,.T.);
#5833=ORIENTED_EDGE('',*,*,#4154,.T.);
#5834=ORIENTED_EDGE('',*,*,#4152,.T.);
#5835=ORIENTED_EDGE('',*,*,#4033,.F.);
#5836=ORIENTED_EDGE('',*,*,#4159,.T.);
#5837=ORIENTED_EDGE('',*,*,#4160,.F.);
#5838=ORIENTED_EDGE('',*,*,#4159,.F.);
#5839=ORIENTED_EDGE('',*,*,#4034,.F.);
#5840=ORIENTED_EDGE('',*,*,#4161,.T.);
#5841=ORIENTED_EDGE('',*,*,#4162,.F.);
#5842=ORIENTED_EDGE('',*,*,#4161,.F.);
#5843=ORIENTED_EDGE('',*,*,#4035,.F.);
#5844=ORIENTED_EDGE('',*,*,#4163,.T.);
#5845=ORIENTED_EDGE('',*,*,#4164,.F.);
#5846=ORIENTED_EDGE('',*,*,#4163,.F.);
#5847=ORIENTED_EDGE('',*,*,#4036,.F.);
#5848=ORIENTED_EDGE('',*,*,#4165,.T.);
#5849=ORIENTED_EDGE('',*,*,#4166,.F.);
#5850=ORIENTED_EDGE('',*,*,#4165,.F.);
#5851=ORIENTED_EDGE('',*,*,#4037,.F.);
#5852=ORIENTED_EDGE('',*,*,#4167,.T.);
#5853=ORIENTED_EDGE('',*,*,#4168,.F.);
#5854=ORIENTED_EDGE('',*,*,#4167,.F.);
#5855=ORIENTED_EDGE('',*,*,#4038,.F.);
#5856=ORIENTED_EDGE('',*,*,#4169,.T.);
#5857=ORIENTED_EDGE('',*,*,#4170,.F.);
#5858=ORIENTED_EDGE('',*,*,#4169,.F.);
#5859=ORIENTED_EDGE('',*,*,#4039,.F.);
#5860=ORIENTED_EDGE('',*,*,#4171,.T.);
#5861=ORIENTED_EDGE('',*,*,#4172,.F.);
#5862=ORIENTED_EDGE('',*,*,#4171,.F.);
#5863=ORIENTED_EDGE('',*,*,#4040,.F.);
#5864=ORIENTED_EDGE('',*,*,#4173,.T.);
#5865=ORIENTED_EDGE('',*,*,#4174,.F.);
#5866=ORIENTED_EDGE('',*,*,#4173,.F.);
#5867=ORIENTED_EDGE('',*,*,#4041,.F.);
#5868=ORIENTED_EDGE('',*,*,#4175,.T.);
#5869=ORIENTED_EDGE('',*,*,#4176,.F.);
#5870=ORIENTED_EDGE('',*,*,#4175,.F.);
#5871=ORIENTED_EDGE('',*,*,#4042,.F.);
#5872=ORIENTED_EDGE('',*,*,#4177,.T.);
#5873=ORIENTED_EDGE('',*,*,#4178,.F.);
#5874=ORIENTED_EDGE('',*,*,#4177,.F.);
#5875=ORIENTED_EDGE('',*,*,#4043,.F.);
#5876=ORIENTED_EDGE('',*,*,#4179,.T.);
#5877=ORIENTED_EDGE('',*,*,#4180,.F.);
#5878=ORIENTED_EDGE('',*,*,#4181,.F.);
#5879=ORIENTED_EDGE('',*,*,#4046,.F.);
#5880=ORIENTED_EDGE('',*,*,#4182,.T.);
#5881=ORIENTED_EDGE('',*,*,#4183,.F.);
#5882=ORIENTED_EDGE('',*,*,#4179,.F.);
#5883=ORIENTED_EDGE('',*,*,#4045,.F.);
#5884=ORIENTED_EDGE('',*,*,#4184,.T.);
#5885=ORIENTED_EDGE('',*,*,#4185,.F.);
#5886=ORIENTED_EDGE('',*,*,#4182,.F.);
#5887=ORIENTED_EDGE('',*,*,#4044,.F.);
#5888=ORIENTED_EDGE('',*,*,#4181,.T.);
#5889=ORIENTED_EDGE('',*,*,#4186,.F.);
#5890=ORIENTED_EDGE('',*,*,#4184,.F.);
#5891=ORIENTED_EDGE('',*,*,#4047,.F.);
#5892=ORIENTED_EDGE('',*,*,#4187,.T.);
#5893=ORIENTED_EDGE('',*,*,#4188,.F.);
#5894=ORIENTED_EDGE('',*,*,#4187,.F.);
#5895=ORIENTED_EDGE('',*,*,#4048,.F.);
#5896=ORIENTED_EDGE('',*,*,#4189,.T.);
#5897=ORIENTED_EDGE('',*,*,#4190,.F.);
#5898=ORIENTED_EDGE('',*,*,#4189,.F.);
#5899=ORIENTED_EDGE('',*,*,#4049,.F.);
#5900=ORIENTED_EDGE('',*,*,#4191,.T.);
#5901=ORIENTED_EDGE('',*,*,#4192,.F.);
#5902=ORIENTED_EDGE('',*,*,#4191,.F.);
#5903=ORIENTED_EDGE('',*,*,#4050,.F.);
#5904=ORIENTED_EDGE('',*,*,#4193,.T.);
#5905=ORIENTED_EDGE('',*,*,#4194,.F.);
#5906=ORIENTED_EDGE('',*,*,#4193,.F.);
#5907=ORIENTED_EDGE('',*,*,#4195,.F.);
#5908=ORIENTED_EDGE('',*,*,#4196,.T.);
#5909=ORIENTED_EDGE('',*,*,#4021,.F.);
#5910=ORIENTED_EDGE('',*,*,#4197,.F.);
#5911=ORIENTED_EDGE('',*,*,#4198,.F.);
#5912=ORIENTED_EDGE('',*,*,#4197,.T.);
#5913=ORIENTED_EDGE('',*,*,#4020,.F.);
#5914=ORIENTED_EDGE('',*,*,#4199,.F.);
#5915=ORIENTED_EDGE('',*,*,#4200,.F.);
#5916=ORIENTED_EDGE('',*,*,#4199,.T.);
#5917=ORIENTED_EDGE('',*,*,#4019,.F.);
#5918=ORIENTED_EDGE('',*,*,#4201,.F.);
#5919=ORIENTED_EDGE('',*,*,#4202,.F.);
#5920=ORIENTED_EDGE('',*,*,#4201,.T.);
#5921=ORIENTED_EDGE('',*,*,#4018,.F.);
#5922=ORIENTED_EDGE('',*,*,#4203,.F.);
#5923=ORIENTED_EDGE('',*,*,#4204,.F.);
#5924=ORIENTED_EDGE('',*,*,#4203,.T.);
#5925=ORIENTED_EDGE('',*,*,#4017,.F.);
#5926=ORIENTED_EDGE('',*,*,#4205,.F.);
#5927=ORIENTED_EDGE('',*,*,#4206,.T.);
#5928=ORIENTED_EDGE('',*,*,#4205,.T.);
#5929=ORIENTED_EDGE('',*,*,#4016,.F.);
#5930=ORIENTED_EDGE('',*,*,#4207,.F.);
#5931=ORIENTED_EDGE('',*,*,#4208,.F.);
#5932=ORIENTED_EDGE('',*,*,#4207,.T.);
#5933=ORIENTED_EDGE('',*,*,#4015,.F.);
#5934=ORIENTED_EDGE('',*,*,#4209,.F.);
#5935=ORIENTED_EDGE('',*,*,#4210,.F.);
#5936=ORIENTED_EDGE('',*,*,#4209,.T.);
#5937=ORIENTED_EDGE('',*,*,#4014,.F.);
#5938=ORIENTED_EDGE('',*,*,#4211,.F.);
#5939=ORIENTED_EDGE('',*,*,#4212,.T.);
#5940=ORIENTED_EDGE('',*,*,#4211,.T.);
#5941=ORIENTED_EDGE('',*,*,#4013,.F.);
#5942=ORIENTED_EDGE('',*,*,#4213,.F.);
#5943=ORIENTED_EDGE('',*,*,#4214,.F.);
#5944=ORIENTED_EDGE('',*,*,#4213,.T.);
#5945=ORIENTED_EDGE('',*,*,#4012,.F.);
#5946=ORIENTED_EDGE('',*,*,#4215,.F.);
#5947=ORIENTED_EDGE('',*,*,#4216,.F.);
#5948=ORIENTED_EDGE('',*,*,#4215,.T.);
#5949=ORIENTED_EDGE('',*,*,#4011,.F.);
#5950=ORIENTED_EDGE('',*,*,#4217,.F.);
#5951=ORIENTED_EDGE('',*,*,#4218,.F.);
#5952=ORIENTED_EDGE('',*,*,#4217,.T.);
#5953=ORIENTED_EDGE('',*,*,#4010,.F.);
#5954=ORIENTED_EDGE('',*,*,#4219,.F.);
#5955=ORIENTED_EDGE('',*,*,#4220,.F.);
#5956=ORIENTED_EDGE('',*,*,#4219,.T.);
#5957=ORIENTED_EDGE('',*,*,#4009,.F.);
#5958=ORIENTED_EDGE('',*,*,#4221,.F.);
#5959=ORIENTED_EDGE('',*,*,#4222,.F.);
#5960=ORIENTED_EDGE('',*,*,#4221,.T.);
#5961=ORIENTED_EDGE('',*,*,#4008,.F.);
#5962=ORIENTED_EDGE('',*,*,#4223,.F.);
#5963=ORIENTED_EDGE('',*,*,#4224,.F.);
#5964=ORIENTED_EDGE('',*,*,#4223,.T.);
#5965=ORIENTED_EDGE('',*,*,#4007,.F.);
#5966=ORIENTED_EDGE('',*,*,#4225,.F.);
#5967=ORIENTED_EDGE('',*,*,#4226,.T.);
#5968=ORIENTED_EDGE('',*,*,#4225,.T.);
#5969=ORIENTED_EDGE('',*,*,#4006,.F.);
#5970=ORIENTED_EDGE('',*,*,#4227,.F.);
#5971=ORIENTED_EDGE('',*,*,#4228,.F.);
#5972=ORIENTED_EDGE('',*,*,#4227,.T.);
#5973=ORIENTED_EDGE('',*,*,#4005,.F.);
#5974=ORIENTED_EDGE('',*,*,#4229,.F.);
#5975=ORIENTED_EDGE('',*,*,#4230,.T.);
#5976=ORIENTED_EDGE('',*,*,#4229,.T.);
#5977=ORIENTED_EDGE('',*,*,#4004,.F.);
#5978=ORIENTED_EDGE('',*,*,#4231,.F.);
#5979=ORIENTED_EDGE('',*,*,#4232,.T.);
#5980=ORIENTED_EDGE('',*,*,#4231,.T.);
#5981=ORIENTED_EDGE('',*,*,#4003,.F.);
#5982=ORIENTED_EDGE('',*,*,#4233,.F.);
#5983=ORIENTED_EDGE('',*,*,#4234,.T.);
#5984=ORIENTED_EDGE('',*,*,#4233,.T.);
#5985=ORIENTED_EDGE('',*,*,#4002,.F.);
#5986=ORIENTED_EDGE('',*,*,#4196,.F.);
#5987=ORIENTED_EDGE('',*,*,#4234,.F.);
#5988=ORIENTED_EDGE('',*,*,#4195,.T.);
#5989=ORIENTED_EDGE('',*,*,#4198,.T.);
#5990=ORIENTED_EDGE('',*,*,#4200,.T.);
#5991=ORIENTED_EDGE('',*,*,#4202,.T.);
#5992=ORIENTED_EDGE('',*,*,#4204,.T.);
#5993=ORIENTED_EDGE('',*,*,#4206,.F.);
#5994=ORIENTED_EDGE('',*,*,#4208,.T.);
#5995=ORIENTED_EDGE('',*,*,#4210,.T.);
#5996=ORIENTED_EDGE('',*,*,#4212,.F.);
#5997=ORIENTED_EDGE('',*,*,#4214,.T.);
#5998=ORIENTED_EDGE('',*,*,#4216,.T.);
#5999=ORIENTED_EDGE('',*,*,#4218,.T.);
#6000=ORIENTED_EDGE('',*,*,#4220,.T.);
#6001=ORIENTED_EDGE('',*,*,#4222,.T.);
#6002=ORIENTED_EDGE('',*,*,#4224,.T.);
#6003=ORIENTED_EDGE('',*,*,#4226,.F.);
#6004=ORIENTED_EDGE('',*,*,#4228,.T.);
#6005=ORIENTED_EDGE('',*,*,#4230,.F.);
#6006=ORIENTED_EDGE('',*,*,#4232,.F.);
#6007=ORIENTED_EDGE('',*,*,#4092,.T.);
#6008=ORIENTED_EDGE('',*,*,#4087,.T.);
#6009=ORIENTED_EDGE('',*,*,#4097,.T.);
#6010=ORIENTED_EDGE('',*,*,#4082,.T.);
#6011=ORIENTED_EDGE('',*,*,#4102,.T.);
#6012=ORIENTED_EDGE('',*,*,#4077,.T.);
#6013=ORIENTED_EDGE('',*,*,#4107,.T.);
#6014=ORIENTED_EDGE('',*,*,#4072,.T.);
#6015=ORIENTED_EDGE('',*,*,#4118,.T.);
#6016=ORIENTED_EDGE('',*,*,#4067,.T.);
#6017=ORIENTED_EDGE('',*,*,#4123,.T.);
#6018=ORIENTED_EDGE('',*,*,#4062,.T.);
#6019=ORIENTED_EDGE('',*,*,#4128,.T.);
#6020=ORIENTED_EDGE('',*,*,#3989,.T.);
#6021=ORIENTED_EDGE('',*,*,#4160,.T.);
#6022=ORIENTED_EDGE('',*,*,#4162,.T.);
#6023=ORIENTED_EDGE('',*,*,#4164,.T.);
#6024=ORIENTED_EDGE('',*,*,#4166,.T.);
#6025=ORIENTED_EDGE('',*,*,#4168,.T.);
#6026=ORIENTED_EDGE('',*,*,#4170,.T.);
#6027=ORIENTED_EDGE('',*,*,#4172,.T.);
#6028=ORIENTED_EDGE('',*,*,#4174,.T.);
#6029=ORIENTED_EDGE('',*,*,#4176,.T.);
#6030=ORIENTED_EDGE('',*,*,#4178,.T.);
#6031=ORIENTED_EDGE('',*,*,#4180,.T.);
#6032=ORIENTED_EDGE('',*,*,#4183,.T.);
#6033=ORIENTED_EDGE('',*,*,#4185,.T.);
#6034=ORIENTED_EDGE('',*,*,#4186,.T.);
#6035=ORIENTED_EDGE('',*,*,#4188,.T.);
#6036=ORIENTED_EDGE('',*,*,#4190,.T.);
#6037=ORIENTED_EDGE('',*,*,#4192,.T.);
#6038=ORIENTED_EDGE('',*,*,#4194,.T.);
#6039=PLANE('',#6929);
#6040=PLANE('',#6930);
#6041=PLANE('',#6931);
#6042=PLANE('',#6932);
#6043=PLANE('',#6933);
#6044=PLANE('',#6934);
#6045=PLANE('',#6935);
#6046=PLANE('',#6936);
#6047=PLANE('',#6937);
#6048=PLANE('',#6938);
#6049=PLANE('',#6939);
#6050=PLANE('',#6940);
#6051=PLANE('',#6941);
#6052=PLANE('',#6942);
#6053=PLANE('',#6943);
#6054=PLANE('',#6944);
#6055=PLANE('',#6945);
#6056=PLANE('',#6946);
#6057=PLANE('',#6947);
#6058=PLANE('',#6948);
#6059=PLANE('',#6949);
#6060=PLANE('',#6950);
#6061=PLANE('',#6951);
#6062=PLANE('',#6952);
#6063=PLANE('',#6953);
#6064=PLANE('',#6954);
#6065=PLANE('',#6955);
#6066=PLANE('',#6956);
#6067=PLANE('',#6957);
#6068=PLANE('',#6958);
#6069=PLANE('',#6959);
#6070=PLANE('',#6960);
#6071=PLANE('',#6961);
#6072=PLANE('',#6962);
#6073=PLANE('',#6963);
#6074=PLANE('',#6964);
#6075=PLANE('',#6965);
#6076=PLANE('',#6966);
#6077=PLANE('',#6967);
#6078=PLANE('',#6968);
#6079=PLANE('',#6969);
#6080=PLANE('',#6970);
#6081=PLANE('',#6971);
#6082=PLANE('',#6972);
#6083=PLANE('',#6973);
#6084=PLANE('',#6974);
#6085=PLANE('',#6975);
#6086=PLANE('',#6976);
#6087=PLANE('',#6977);
#6088=PLANE('',#6978);
#6089=PLANE('',#6979);
#6090=PLANE('',#6980);
#6091=PLANE('',#6981);
#6092=PLANE('',#6982);
#6093=PLANE('',#6983);
#6094=PLANE('',#6984);
#6095=PLANE('',#6985);
#6096=PLANE('',#6986);
#6097=PLANE('',#6987);
#6098=PLANE('',#6988);
#6099=PLANE('',#6989);
#6100=PLANE('',#6990);
#6101=PLANE('',#6991);
#6102=PLANE('',#6992);
#6103=PLANE('',#6993);
#6104=PLANE('',#6994);
#6105=PLANE('',#6995);
#6106=PLANE('',#6996);
#6107=PLANE('',#6997);
#6108=PLANE('',#6998);
#6109=PLANE('',#6999);
#6110=PLANE('',#7000);
#6111=PLANE('',#7001);
#6112=PLANE('',#7002);
#6113=PLANE('',#7003);
#6114=PLANE('',#7004);
#6115=PLANE('',#7005);
#6116=PLANE('',#7006);
#6117=PLANE('',#7007);
#6118=PLANE('',#7008);
#6119=PLANE('',#7009);
#6120=PLANE('',#7010);
#6121=PLANE('',#7011);
#6122=PLANE('',#7012);
#6123=PLANE('',#7013);
#6124=PLANE('',#7014);
#6125=PLANE('',#7015);
#6126=PLANE('',#7016);
#6127=PLANE('',#7017);
#6128=PLANE('',#7018);
#6129=PLANE('',#7019);
#6130=PLANE('',#7020);
#6131=PLANE('',#7021);
#6132=PLANE('',#7022);
#6133=PLANE('',#7023);
#6134=PLANE('',#7024);
#6135=PLANE('',#7025);
#6136=PLANE('',#7026);
#6137=PLANE('',#7027);
#6138=PLANE('',#7028);
#6139=PLANE('',#7029);
#6140=PLANE('',#7030);
#6141=PLANE('',#7031);
#6142=PLANE('',#7032);
#6143=PLANE('',#7033);
#6144=PLANE('',#7034);
#6145=PLANE('',#7035);
#6146=PLANE('',#7036);
#6147=PLANE('',#7037);
#6148=PLANE('',#7038);
#6149=PLANE('',#7039);
#6150=PLANE('',#7040);
#6151=PLANE('',#7041);
#6152=PLANE('',#7042);
#6153=PLANE('',#7043);
#6154=PLANE('',#7044);
#6155=PLANE('',#7045);
#6156=PLANE('',#7046);
#6157=PLANE('',#7047);
#6158=PLANE('',#7048);
#6159=PLANE('',#7049);
#6160=PLANE('',#7050);
#6161=PLANE('',#7051);
#6162=PLANE('',#7052);
#6163=PLANE('',#7053);
#6164=PLANE('',#7054);
#6165=PLANE('',#7055);
#6166=PLANE('',#7056);
#6167=PLANE('',#7057);
#6168=PLANE('',#7058);
#6169=PLANE('',#7059);
#6170=PLANE('',#7060);
#6171=PLANE('',#7061);
#6172=PLANE('',#7062);
#6173=PLANE('',#7063);
#6174=PLANE('',#7064);
#6175=PLANE('',#7065);
#6176=PLANE('',#7066);
#6177=PLANE('',#7068);
#6178=PLANE('',#7069);
#6179=PLANE('',#7070);
#6180=PLANE('',#7071);
#6181=PLANE('',#7072);
#6182=PLANE('',#7073);
#6183=PLANE('',#7074);
#6184=PLANE('',#7075);
#6185=PLANE('',#7076);
#6186=PLANE('',#7077);
#6187=PLANE('',#7078);
#6188=PLANE('',#7079);
#6189=PLANE('',#7080);
#6190=PLANE('',#7081);
#6191=PLANE('',#7082);
#6192=PLANE('',#7083);
#6193=PLANE('',#7084);
#6194=PLANE('',#7085);
#6195=PLANE('',#7086);
#6196=PLANE('',#7087);
#6197=PLANE('',#7088);
#6198=PLANE('',#7089);
#6199=PLANE('',#7090);
#6200=PLANE('',#7091);
#6201=PLANE('',#7092);
#6202=PLANE('',#7093);
#6203=PLANE('',#7094);
#6204=PLANE('',#7095);
#6205=PLANE('',#7096);
#6206=PLANE('',#7097);
#6207=PLANE('',#7098);
#6208=PLANE('',#7099);
#6209=PLANE('',#7100);
#6210=PLANE('',#7101);
#6211=PLANE('',#7102);
#6212=PLANE('',#7103);
#6213=PLANE('',#7104);
#6214=PLANE('',#7105);
#6215=PLANE('',#7106);
#6216=PLANE('',#7107);
#6217=PLANE('',#7108);
#6218=PLANE('',#7109);
#6219=PLANE('',#7110);
#6220=PLANE('',#7111);
#6221=PLANE('',#7112);
#6222=PLANE('',#7113);
#6223=PLANE('',#7114);
#6224=PLANE('',#7115);
#6225=PLANE('',#7116);
#6226=PLANE('',#7117);
#6227=PLANE('',#7118);
#6228=PLANE('',#7119);
#6229=PLANE('',#7120);
#6230=PLANE('',#7121);
#6231=PLANE('',#7122);
#6232=PLANE('',#7123);
#6233=PLANE('',#7124);
#6234=PLANE('',#7125);
#6235=PLANE('',#7126);
#6236=PLANE('',#7127);
#6237=PLANE('',#7128);
#6238=PLANE('',#7129);
#6239=PLANE('',#7130);
#6240=PLANE('',#7131);
#6241=PLANE('',#7132);
#6242=PLANE('',#7133);
#6243=PLANE('',#7134);
#6244=PLANE('',#7135);
#6245=PLANE('',#7136);
#6246=PLANE('',#7137);
#6247=PLANE('',#7138);
#6248=PLANE('',#7139);
#6249=PLANE('',#7140);
#6250=PLANE('',#7141);
#6251=PLANE('',#7142);
#6252=PLANE('',#7143);
#6253=PLANE('',#7144);
#6254=PLANE('',#7145);
#6255=PLANE('',#7146);
#6256=PLANE('',#7147);
#6257=PLANE('',#7148);
#6258=PLANE('',#7149);
#6259=PLANE('',#7150);
#6260=PLANE('',#7151);
#6261=PLANE('',#7152);
#6262=PLANE('',#7153);
#6263=PLANE('',#7154);
#6264=PLANE('',#7155);
#6265=PLANE('',#7156);
#6266=PLANE('',#7157);
#6267=PLANE('',#7158);
#6268=PLANE('',#7159);
#6269=PLANE('',#7160);
#6270=PLANE('',#7161);
#6271=PLANE('',#7162);
#6272=PLANE('',#7163);
#6273=PLANE('',#7164);
#6274=PLANE('',#7165);
#6275=PLANE('',#7166);
#6276=PLANE('',#7167);
#6277=PLANE('',#7168);
#6278=PLANE('',#7169);
#6279=PLANE('',#7170);
#6280=PLANE('',#7171);
#6281=PLANE('',#7172);
#6282=PLANE('',#7173);
#6283=PLANE('',#7174);
#6284=PLANE('',#7175);
#6285=PLANE('',#7176);
#6286=PLANE('',#7177);
#6287=PLANE('',#7178);
#6288=PLANE('',#7179);
#6289=PLANE('',#7180);
#6290=PLANE('',#7181);
#6291=PLANE('',#7182);
#6292=PLANE('',#7183);
#6293=PLANE('',#7184);
#6294=PLANE('',#7185);
#6295=PLANE('',#7186);
#6296=PLANE('',#7187);
#6297=PLANE('',#7188);
#6298=PLANE('',#7189);
#6299=PLANE('',#7190);
#6300=PLANE('',#7191);
#6301=PLANE('',#7192);
#6302=PLANE('',#7193);
#6303=PLANE('',#7194);
#6304=PLANE('',#7195);
#6305=PLANE('',#7196);
#6306=PLANE('',#7197);
#6307=PLANE('',#7198);
#6308=PLANE('',#7199);
#6309=PLANE('',#7200);
#6310=PLANE('',#7201);
#6311=PLANE('',#7202);
#6312=PLANE('',#7203);
#6313=PLANE('',#7207);
#6314=PLANE('',#7208);
#6315=PLANE('',#7209);
#6316=PLANE('',#7210);
#6317=PLANE('',#7211);
#6318=PLANE('',#7212);
#6319=PLANE('',#7256);
#6320=PLANE('',#7262);
#6321=PLANE('',#7268);
#6322=PLANE('',#7274);
#6323=PLANE('',#7280);
#6324=PLANE('',#7286);
#6325=PLANE('',#7292);
#6326=PLANE('',#7298);
#6327=PLANE('',#7304);
#6328=PLANE('',#7308);
#6329=PLANE('',#7309);
#6330=PLANE('',#7310);
#6331=PLANE('',#7311);
#6332=PLANE('',#7312);
#6333=PLANE('',#7318);
#6334=PLANE('',#7324);
#6335=PLANE('',#7330);
#6336=PLANE('',#7331);
#6337=PLANE('',#7332);
#6338=PLANE('',#7333);
#6339=PLANE('',#7334);
#6340=PLANE('',#7335);
#6341=PLANE('',#7336);
#6342=PLANE('',#7337);
#6343=PLANE('',#7338);
#6344=PLANE('',#7339);
#6345=PLANE('',#7340);
#6346=PLANE('',#7341);
#6347=PLANE('',#7342);
#6348=PLANE('',#7343);
#6349=PLANE('',#7344);
#6350=PLANE('',#7365);
#6351=PLANE('',#7368);
#6352=PLANE('',#7381);
#6353=PLANE('',#7384);
#6354=PLANE('',#7387);
#6355=PLANE('',#7390);
#6356=PLANE('',#7393);
#6357=PLANE('',#7396);
#6358=PLANE('',#7399);
#6359=PLANE('',#7402);
#6360=PLANE('',#7405);
#6361=PLANE('',#7408);
#6362=PLANE('',#7409);
#6363=STYLED_ITEM('',(#11116),#6518);
#6364=STYLED_ITEM('',(#11116),#6519);
#6365=STYLED_ITEM('',(#11116),#6520);
#6366=STYLED_ITEM('',(#11116),#6521);
#6367=STYLED_ITEM('',(#11116),#6522);
#6368=STYLED_ITEM('',(#11116),#6523);
#6369=STYLED_ITEM('',(#11116),#6524);
#6370=STYLED_ITEM('',(#11116),#6525);
#6371=STYLED_ITEM('',(#11116),#6526);
#6372=STYLED_ITEM('',(#11116),#6527);
#6373=STYLED_ITEM('',(#11116),#6528);
#6374=STYLED_ITEM('',(#11116),#6529);
#6375=STYLED_ITEM('',(#11116),#6530);
#6376=STYLED_ITEM('',(#11116),#6531);
#6377=STYLED_ITEM('',(#11116),#6532);
#6378=STYLED_ITEM('',(#11116),#6533);
#6379=STYLED_ITEM('',(#11116),#6534);
#6380=STYLED_ITEM('',(#11116),#6535);
#6381=STYLED_ITEM('',(#11116),#6536);
#6382=STYLED_ITEM('',(#11116),#6537);
#6383=STYLED_ITEM('',(#11116),#6538);
#6384=STYLED_ITEM('',(#11116),#6539);
#6385=STYLED_ITEM('',(#11116),#6540);
#6386=STYLED_ITEM('',(#11116),#6541);
#6387=STYLED_ITEM('',(#11116),#6542);
#6388=STYLED_ITEM('',(#11116),#6543);
#6389=STYLED_ITEM('',(#11116),#6544);
#6390=STYLED_ITEM('',(#11116),#6545);
#6391=STYLED_ITEM('',(#11116),#6546);
#6392=STYLED_ITEM('',(#11116),#6547);
#6393=STYLED_ITEM('',(#11116),#6548);
#6394=STYLED_ITEM('',(#11116),#6549);
#6395=STYLED_ITEM('',(#11116),#6550);
#6396=STYLED_ITEM('',(#11116),#6551);
#6397=STYLED_ITEM('',(#11116),#6552);
#6398=STYLED_ITEM('',(#11116),#6553);
#6399=STYLED_ITEM('',(#11116),#6554);
#6400=STYLED_ITEM('',(#11116),#6555);
#6401=STYLED_ITEM('',(#11116),#6556);
#6402=STYLED_ITEM('',(#11116),#6557);
#6403=STYLED_ITEM('',(#11116),#6558);
#6404=STYLED_ITEM('',(#11116),#6559);
#6405=STYLED_ITEM('',(#11116),#6560);
#6406=STYLED_ITEM('',(#11116),#6561);
#6407=STYLED_ITEM('',(#11116),#6562);
#6408=STYLED_ITEM('',(#11116),#6563);
#6409=STYLED_ITEM('',(#11116),#6564);
#6410=STYLED_ITEM('',(#11116),#6565);
#6411=STYLED_ITEM('',(#11116),#6566);
#6412=STYLED_ITEM('',(#11116),#6567);
#6413=STYLED_ITEM('',(#11116),#6568);
#6414=STYLED_ITEM('',(#11116),#6569);
#6415=STYLED_ITEM('',(#11116),#6570);
#6416=STYLED_ITEM('',(#11116),#6571);
#6417=STYLED_ITEM('',(#11116),#6572);
#6418=STYLED_ITEM('',(#11116),#6573);
#6419=STYLED_ITEM('',(#11116),#6574);
#6420=STYLED_ITEM('',(#11116),#6575);
#6421=STYLED_ITEM('',(#11116),#6576);
#6422=STYLED_ITEM('',(#11116),#6577);
#6423=STYLED_ITEM('',(#11116),#6578);
#6424=STYLED_ITEM('',(#11116),#6579);
#6425=STYLED_ITEM('',(#11116),#6580);
#6426=STYLED_ITEM('',(#11116),#6581);
#6427=STYLED_ITEM('',(#11116),#6582);
#6428=STYLED_ITEM('',(#11116),#6583);
#6429=STYLED_ITEM('',(#11115),#213);
#6430=STYLED_ITEM('',(#11113),#214);
#6431=STYLED_ITEM('',(#11117),#215);
#6432=STYLED_ITEM('',(#11117),#6732);
#6433=STYLED_ITEM('',(#11117),#6733);
#6434=STYLED_ITEM('',(#11117),#6734);
#6435=STYLED_ITEM('',(#11117),#6735);
#6436=STYLED_ITEM('',(#11117),#6736);
#6437=STYLED_ITEM('',(#11117),#6737);
#6438=STYLED_ITEM('',(#11117),#6738);
#6439=STYLED_ITEM('',(#11117),#6739);
#6440=STYLED_ITEM('',(#11117),#6740);
#6441=STYLED_ITEM('',(#11117),#6741);
#6442=STYLED_ITEM('',(#11113),#216);
#6443=STYLED_ITEM('',(#11117),#6742);
#6444=STYLED_ITEM('',(#11117),#6743);
#6445=STYLED_ITEM('',(#11117),#6744);
#6446=STYLED_ITEM('',(#11117),#6745);
#6447=STYLED_ITEM('',(#11117),#6746);
#6448=STYLED_ITEM('',(#11117),#6747);
#6449=STYLED_ITEM('',(#11117),#6748);
#6450=STYLED_ITEM('',(#11117),#6749);
#6451=STYLED_ITEM('',(#11117),#6750);
#6452=STYLED_ITEM('',(#11117),#6751);
#6453=STYLED_ITEM('',(#11113),#217);
#6454=STYLED_ITEM('',(#11117),#6752);
#6455=STYLED_ITEM('',(#11117),#6753);
#6456=STYLED_ITEM('',(#11117),#6754);
#6457=STYLED_ITEM('',(#11117),#6755);
#6458=STYLED_ITEM('',(#11117),#6756);
#6459=STYLED_ITEM('',(#11117),#6757);
#6460=STYLED_ITEM('',(#11117),#6758);
#6461=STYLED_ITEM('',(#11117),#6759);
#6462=STYLED_ITEM('',(#11117),#6760);
#6463=STYLED_ITEM('',(#11117),#6761);
#6464=STYLED_ITEM('',(#11113),#218);
#6465=STYLED_ITEM('',(#11117),#6762);
#6466=STYLED_ITEM('',(#11117),#6763);
#6467=STYLED_ITEM('',(#11117),#6764);
#6468=STYLED_ITEM('',(#11117),#6765);
#6469=STYLED_ITEM('',(#11117),#6766);
#6470=STYLED_ITEM('',(#11117),#6767);
#6471=STYLED_ITEM('',(#11117),#6768);
#6472=STYLED_ITEM('',(#11117),#6769);
#6473=STYLED_ITEM('',(#11117),#6770);
#6474=STYLED_ITEM('',(#11117),#6771);
#6475=STYLED_ITEM('',(#11113),#219);
#6476=STYLED_ITEM('',(#11117),#6772);
#6477=STYLED_ITEM('',(#11117),#6773);
#6478=STYLED_ITEM('',(#11117),#6774);
#6479=STYLED_ITEM('',(#11117),#6775);
#6480=STYLED_ITEM('',(#11117),#6776);
#6481=STYLED_ITEM('',(#11117),#6777);
#6482=STYLED_ITEM('',(#11117),#6778);
#6483=STYLED_ITEM('',(#11117),#6779);
#6484=STYLED_ITEM('',(#11117),#6780);
#6485=STYLED_ITEM('',(#11117),#6781);
#6486=STYLED_ITEM('',(#11113),#220);
#6487=STYLED_ITEM('',(#11117),#6782);
#6488=STYLED_ITEM('',(#11117),#6783);
#6489=STYLED_ITEM('',(#11117),#6784);
#6490=STYLED_ITEM('',(#11117),#6785);
#6491=STYLED_ITEM('',(#11117),#6786);
#6492=STYLED_ITEM('',(#11117),#6787);
#6493=STYLED_ITEM('',(#11117),#6788);
#6494=STYLED_ITEM('',(#11117),#6789);
#6495=STYLED_ITEM('',(#11117),#6790);
#6496=STYLED_ITEM('',(#11117),#6791);
#6497=STYLED_ITEM('',(#11113),#221);
#6498=STYLED_ITEM('',(#11114),#6797);
#6499=STYLED_ITEM('',(#11114),#6801);
#6500=STYLED_ITEM('',(#11114),#6804);
#6501=STYLED_ITEM('',(#11114),#6807);
#6502=STYLED_ITEM('',(#11114),#6810);
#6503=STYLED_ITEM('',(#11114),#6813);
#6504=STYLED_ITEM('',(#11114),#6816);
#6505=STYLED_ITEM('',(#11114),#6819);
#6506=STYLED_ITEM('',(#11114),#6822);
#6507=STYLED_ITEM('',(#11114),#6825);
#6508=STYLED_ITEM('',(#11114),#6831);
#6509=STYLED_ITEM('',(#11114),#6834);
#6510=STYLED_ITEM('',(#11114),#6837);
#6511=STYLED_ITEM('',(#11114),#6840);
#6512=STYLED_ITEM('',(#11112),#6850);
#6513=STYLED_ITEM('',(#11112),#6851);
#6514=STYLED_ITEM('',(#11112),#6852);
#6515=STYLED_ITEM('',(#11112),#6853);
#6516=STYLED_ITEM('',(#11112),#6854);
#6517=STYLED_ITEM('',(#11113),#222);
#6518=ADVANCED_FACE('',(#319),#6039,.F.);
#6519=ADVANCED_FACE('',(#320),#6040,.F.);
#6520=ADVANCED_FACE('',(#321),#6041,.F.);
#6521=ADVANCED_FACE('',(#322,#223),#6042,.F.);
#6522=ADVANCED_FACE('',(#323),#6043,.F.);
#6523=ADVANCED_FACE('',(#324),#6044,.F.);
#6524=ADVANCED_FACE('',(#325),#6045,.F.);
#6525=ADVANCED_FACE('',(#326),#6046,.F.);
#6526=ADVANCED_FACE('',(#327,#224),#6047,.F.);
#6527=ADVANCED_FACE('',(#328),#6048,.F.);
#6528=ADVANCED_FACE('',(#329),#6049,.F.);
#6529=ADVANCED_FACE('',(#330),#6050,.F.);
#6530=ADVANCED_FACE('',(#331),#6051,.F.);
#6531=ADVANCED_FACE('',(#332,#225),#6052,.F.);
#6532=ADVANCED_FACE('',(#333),#6053,.F.);
#6533=ADVANCED_FACE('',(#334),#6054,.F.);
#6534=ADVANCED_FACE('',(#335),#6055,.F.);
#6535=ADVANCED_FACE('',(#336),#6056,.F.);
#6536=ADVANCED_FACE('',(#337),#6057,.F.);
#6537=ADVANCED_FACE('',(#338),#6058,.T.);
#6538=ADVANCED_FACE('',(#339),#6059,.F.);
#6539=ADVANCED_FACE('',(#340),#6060,.F.);
#6540=ADVANCED_FACE('',(#341),#6061,.F.);
#6541=ADVANCED_FACE('',(#342),#6062,.F.);
#6542=ADVANCED_FACE('',(#343),#6063,.F.);
#6543=ADVANCED_FACE('',(#344),#6064,.F.);
#6544=ADVANCED_FACE('',(#345),#6065,.F.);
#6545=ADVANCED_FACE('',(#346),#6066,.F.);
#6546=ADVANCED_FACE('',(#347),#6067,.F.);
#6547=ADVANCED_FACE('',(#348),#6068,.T.);
#6548=ADVANCED_FACE('',(#349),#6069,.F.);
#6549=ADVANCED_FACE('',(#350),#6070,.F.);
#6550=ADVANCED_FACE('',(#351),#6071,.F.);
#6551=ADVANCED_FACE('',(#352),#6072,.F.);
#6552=ADVANCED_FACE('',(#353),#6073,.F.);
#6553=ADVANCED_FACE('',(#354),#6074,.F.);
#6554=ADVANCED_FACE('',(#355),#6075,.F.);
#6555=ADVANCED_FACE('',(#356),#6076,.F.);
#6556=ADVANCED_FACE('',(#357),#6077,.F.);
#6557=ADVANCED_FACE('',(#358),#6078,.F.);
#6558=ADVANCED_FACE('',(#359),#6079,.F.);
#6559=ADVANCED_FACE('',(#360,#226,#227,#228,#229),#6080,.T.);
#6560=ADVANCED_FACE('',(#361),#6081,.F.);
#6561=ADVANCED_FACE('',(#362),#6082,.F.);
#6562=ADVANCED_FACE('',(#363),#6083,.T.);
#6563=ADVANCED_FACE('',(#364),#6084,.F.);
#6564=ADVANCED_FACE('',(#365),#6085,.F.);
#6565=ADVANCED_FACE('',(#366),#6086,.T.);
#6566=ADVANCED_FACE('',(#367),#6087,.F.);
#6567=ADVANCED_FACE('',(#368,#230),#6088,.F.);
#6568=ADVANCED_FACE('',(#369),#6089,.F.);
#6569=ADVANCED_FACE('',(#370),#6090,.T.);
#6570=ADVANCED_FACE('',(#371),#6091,.T.);
#6571=ADVANCED_FACE('',(#372),#6092,.T.);
#6572=ADVANCED_FACE('',(#373),#6093,.F.);
#6573=ADVANCED_FACE('',(#374),#6094,.T.);
#6574=ADVANCED_FACE('',(#375),#6095,.T.);
#6575=ADVANCED_FACE('',(#376),#6096,.T.);
#6576=ADVANCED_FACE('',(#377),#6097,.T.);
#6577=ADVANCED_FACE('',(#378),#6098,.T.);
#6578=ADVANCED_FACE('',(#379),#6099,.T.);
#6579=ADVANCED_FACE('',(#380),#6100,.T.);
#6580=ADVANCED_FACE('',(#381),#6101,.T.);
#6581=ADVANCED_FACE('',(#382),#6102,.T.);
#6582=ADVANCED_FACE('',(#383),#6103,.F.);
#6583=ADVANCED_FACE('',(#384),#6104,.F.);
#6584=ADVANCED_FACE('',(#385),#6105,.T.);
#6585=ADVANCED_FACE('',(#386),#6106,.T.);
#6586=ADVANCED_FACE('',(#387),#6107,.T.);
#6587=ADVANCED_FACE('',(#388),#6108,.T.);
#6588=ADVANCED_FACE('',(#389),#6109,.T.);
#6589=ADVANCED_FACE('',(#390),#6110,.T.);
#6590=ADVANCED_FACE('',(#391),#6111,.T.);
#6591=ADVANCED_FACE('',(#392),#6112,.T.);
#6592=ADVANCED_FACE('',(#393),#6113,.T.);
#6593=ADVANCED_FACE('',(#394),#6114,.F.);
#6594=ADVANCED_FACE('',(#395),#6115,.T.);
#6595=ADVANCED_FACE('',(#396),#6116,.T.);
#6596=ADVANCED_FACE('',(#397),#6117,.T.);
#6597=ADVANCED_FACE('',(#398),#6118,.T.);
#6598=ADVANCED_FACE('',(#399),#6119,.T.);
#6599=ADVANCED_FACE('',(#400),#6120,.T.);
#6600=ADVANCED_FACE('',(#401),#6121,.T.);
#6601=ADVANCED_FACE('',(#402),#6122,.T.);
#6602=ADVANCED_FACE('',(#403),#6123,.T.);
#6603=ADVANCED_FACE('',(#404),#6124,.F.);
#6604=ADVANCED_FACE('',(#405),#6125,.T.);
#6605=ADVANCED_FACE('',(#406),#6126,.T.);
#6606=ADVANCED_FACE('',(#407),#6127,.T.);
#6607=ADVANCED_FACE('',(#408),#6128,.T.);
#6608=ADVANCED_FACE('',(#409),#6129,.T.);
#6609=ADVANCED_FACE('',(#410),#6130,.T.);
#6610=ADVANCED_FACE('',(#411),#6131,.T.);
#6611=ADVANCED_FACE('',(#412),#6132,.T.);
#6612=ADVANCED_FACE('',(#413),#6133,.T.);
#6613=ADVANCED_FACE('',(#414),#6134,.F.);
#6614=ADVANCED_FACE('',(#415),#6135,.T.);
#6615=ADVANCED_FACE('',(#416),#6136,.T.);
#6616=ADVANCED_FACE('',(#417),#6137,.T.);
#6617=ADVANCED_FACE('',(#418),#6138,.T.);
#6618=ADVANCED_FACE('',(#419),#6139,.T.);
#6619=ADVANCED_FACE('',(#420),#6140,.T.);
#6620=ADVANCED_FACE('',(#421),#6141,.T.);
#6621=ADVANCED_FACE('',(#422),#6142,.T.);
#6622=ADVANCED_FACE('',(#423),#6143,.T.);
#6623=ADVANCED_FACE('',(#424),#6144,.F.);
#6624=ADVANCED_FACE('',(#425),#6145,.T.);
#6625=ADVANCED_FACE('',(#426),#6146,.T.);
#6626=ADVANCED_FACE('',(#427),#6147,.T.);
#6627=ADVANCED_FACE('',(#428),#6148,.T.);
#6628=ADVANCED_FACE('',(#429),#6149,.T.);
#6629=ADVANCED_FACE('',(#430),#6150,.T.);
#6630=ADVANCED_FACE('',(#431),#6151,.T.);
#6631=ADVANCED_FACE('',(#432),#6152,.T.);
#6632=ADVANCED_FACE('',(#433),#6153,.T.);
#6633=ADVANCED_FACE('',(#434),#6154,.T.);
#6634=ADVANCED_FACE('',(#435),#6155,.T.);
#6635=ADVANCED_FACE('',(#436),#6156,.T.);
#6636=ADVANCED_FACE('',(#437),#6157,.F.);
#6637=ADVANCED_FACE('',(#438),#6158,.F.);
#6638=ADVANCED_FACE('',(#439),#6159,.F.);
#6639=ADVANCED_FACE('',(#440),#6160,.F.);
#6640=ADVANCED_FACE('',(#441),#6161,.T.);
#6641=ADVANCED_FACE('',(#442),#6162,.T.);
#6642=ADVANCED_FACE('',(#443),#6163,.T.);
#6643=ADVANCED_FACE('',(#444),#6164,.T.);
#6644=ADVANCED_FACE('',(#445),#6165,.F.);
#6645=ADVANCED_FACE('',(#446),#6166,.F.);
#6646=ADVANCED_FACE('',(#447),#6167,.F.);
#6647=ADVANCED_FACE('',(#448),#6168,.F.);
#6648=ADVANCED_FACE('',(#449),#6169,.F.);
#6649=ADVANCED_FACE('',(#450),#6170,.F.);
#6650=ADVANCED_FACE('',(#451),#6171,.F.);
#6651=ADVANCED_FACE('',(#452),#6172,.F.);
#6652=ADVANCED_FACE('',(#453),#6173,.F.);
#6653=ADVANCED_FACE('',(#454),#6174,.F.);
#6654=ADVANCED_FACE('',(#455),#6175,.F.);
#6655=ADVANCED_FACE('',(#456),#6176,.F.);
#6656=ADVANCED_FACE('',(#457),#6177,.F.);
#6657=ADVANCED_FACE('',(#458,#231,#232,#233,#234,#235,#236,#237),#6178,
 .T.);
#6658=ADVANCED_FACE('',(#459),#6179,.F.);
#6659=ADVANCED_FACE('',(#460),#6180,.F.);
#6660=ADVANCED_FACE('',(#461),#6181,.F.);
#6661=ADVANCED_FACE('',(#462),#6182,.T.);
#6662=ADVANCED_FACE('',(#463),#6183,.T.);
#6663=ADVANCED_FACE('',(#464),#6184,.T.);
#6664=ADVANCED_FACE('',(#465),#6185,.T.);
#6665=ADVANCED_FACE('',(#466),#6186,.F.);
#6666=ADVANCED_FACE('',(#467),#6187,.F.);
#6667=ADVANCED_FACE('',(#468),#6188,.F.);
#6668=ADVANCED_FACE('',(#469),#6189,.F.);
#6669=ADVANCED_FACE('',(#470),#6190,.T.);
#6670=ADVANCED_FACE('',(#471),#6191,.T.);
#6671=ADVANCED_FACE('',(#472),#6192,.T.);
#6672=ADVANCED_FACE('',(#473),#6193,.T.);
#6673=ADVANCED_FACE('',(#474),#6194,.F.);
#6674=ADVANCED_FACE('',(#475),#6195,.F.);
#6675=ADVANCED_FACE('',(#476),#6196,.F.);
#6676=ADVANCED_FACE('',(#477),#6197,.F.);
#6677=ADVANCED_FACE('',(#478),#6198,.T.);
#6678=ADVANCED_FACE('',(#479),#6199,.T.);
#6679=ADVANCED_FACE('',(#480),#6200,.T.);
#6680=ADVANCED_FACE('',(#481),#6201,.T.);
#6681=ADVANCED_FACE('',(#482),#6202,.F.);
#6682=ADVANCED_FACE('',(#483),#6203,.F.);
#6683=ADVANCED_FACE('',(#484),#6204,.F.);
#6684=ADVANCED_FACE('',(#485),#6205,.F.);
#6685=ADVANCED_FACE('',(#486),#6206,.T.);
#6686=ADVANCED_FACE('',(#487),#6207,.T.);
#6687=ADVANCED_FACE('',(#488),#6208,.T.);
#6688=ADVANCED_FACE('',(#489),#6209,.T.);
#6689=ADVANCED_FACE('',(#490),#6210,.F.);
#6690=ADVANCED_FACE('',(#491),#6211,.F.);
#6691=ADVANCED_FACE('',(#492),#6212,.F.);
#6692=ADVANCED_FACE('',(#493),#6213,.F.);
#6693=ADVANCED_FACE('',(#494),#6214,.T.);
#6694=ADVANCED_FACE('',(#495),#6215,.T.);
#6695=ADVANCED_FACE('',(#496),#6216,.T.);
#6696=ADVANCED_FACE('',(#497),#6217,.T.);
#6697=ADVANCED_FACE('',(#498),#6218,.F.);
#6698=ADVANCED_FACE('',(#499),#6219,.F.);
#6699=ADVANCED_FACE('',(#500),#6220,.F.);
#6700=ADVANCED_FACE('',(#501),#6221,.F.);
#6701=ADVANCED_FACE('',(#502),#6222,.F.);
#6702=ADVANCED_FACE('',(#503),#6223,.F.);
#6703=ADVANCED_FACE('',(#504),#6224,.F.);
#6704=ADVANCED_FACE('',(#505),#6225,.F.);
#6705=ADVANCED_FACE('',(#506),#6226,.F.);
#6706=ADVANCED_FACE('',(#507),#6227,.F.);
#6707=ADVANCED_FACE('',(#508),#6228,.F.);
#6708=ADVANCED_FACE('',(#509),#6229,.T.);
#6709=ADVANCED_FACE('',(#510),#6230,.T.);
#6710=ADVANCED_FACE('',(#511),#6231,.T.);
#6711=ADVANCED_FACE('',(#512),#6232,.T.);
#6712=ADVANCED_FACE('',(#513),#6233,.F.);
#6713=ADVANCED_FACE('',(#514),#6234,.F.);
#6714=ADVANCED_FACE('',(#515),#6235,.F.);
#6715=ADVANCED_FACE('',(#516),#6236,.F.);
#6716=ADVANCED_FACE('',(#517),#6237,.T.);
#6717=ADVANCED_FACE('',(#518),#6238,.T.);
#6718=ADVANCED_FACE('',(#519),#6239,.T.);
#6719=ADVANCED_FACE('',(#520),#6240,.T.);
#6720=ADVANCED_FACE('',(#521,#238,#239,#240,#241,#242,#243,#244),#6241,
 .F.);
#6721=ADVANCED_FACE('',(#522),#6242,.F.);
#6722=ADVANCED_FACE('',(#523),#6243,.F.);
#6723=ADVANCED_FACE('',(#524),#6244,.F.);
#6724=ADVANCED_FACE('',(#525),#6245,.T.);
#6725=ADVANCED_FACE('',(#526),#6246,.T.);
#6726=ADVANCED_FACE('',(#527),#6247,.T.);
#6727=ADVANCED_FACE('',(#528),#6248,.F.);
#6728=ADVANCED_FACE('',(#529),#6249,.F.);
#6729=ADVANCED_FACE('',(#530),#6250,.F.);
#6730=ADVANCED_FACE('',(#531),#6251,.T.);
#6731=ADVANCED_FACE('',(#532),#6252,.T.);
#6732=ADVANCED_FACE('',(#533),#6253,.F.);
#6733=ADVANCED_FACE('',(#534),#6254,.F.);
#6734=ADVANCED_FACE('',(#535),#6255,.T.);
#6735=ADVANCED_FACE('',(#536),#6256,.T.);
#6736=ADVANCED_FACE('',(#537),#6257,.T.);
#6737=ADVANCED_FACE('',(#538),#6258,.F.);
#6738=ADVANCED_FACE('',(#539),#6259,.F.);
#6739=ADVANCED_FACE('',(#540),#6260,.F.);
#6740=ADVANCED_FACE('',(#541),#6261,.T.);
#6741=ADVANCED_FACE('',(#542),#6262,.T.);
#6742=ADVANCED_FACE('',(#543),#6263,.F.);
#6743=ADVANCED_FACE('',(#544),#6264,.F.);
#6744=ADVANCED_FACE('',(#545),#6265,.T.);
#6745=ADVANCED_FACE('',(#546),#6266,.T.);
#6746=ADVANCED_FACE('',(#547),#6267,.T.);
#6747=ADVANCED_FACE('',(#548),#6268,.F.);
#6748=ADVANCED_FACE('',(#549),#6269,.F.);
#6749=ADVANCED_FACE('',(#550),#6270,.F.);
#6750=ADVANCED_FACE('',(#551),#6271,.T.);
#6751=ADVANCED_FACE('',(#552),#6272,.T.);
#6752=ADVANCED_FACE('',(#553),#6273,.F.);
#6753=ADVANCED_FACE('',(#554),#6274,.F.);
#6754=ADVANCED_FACE('',(#555),#6275,.T.);
#6755=ADVANCED_FACE('',(#556),#6276,.T.);
#6756=ADVANCED_FACE('',(#557),#6277,.T.);
#6757=ADVANCED_FACE('',(#558),#6278,.F.);
#6758=ADVANCED_FACE('',(#559),#6279,.F.);
#6759=ADVANCED_FACE('',(#560),#6280,.F.);
#6760=ADVANCED_FACE('',(#561),#6281,.T.);
#6761=ADVANCED_FACE('',(#562),#6282,.T.);
#6762=ADVANCED_FACE('',(#563),#6283,.F.);
#6763=ADVANCED_FACE('',(#564),#6284,.F.);
#6764=ADVANCED_FACE('',(#565),#6285,.T.);
#6765=ADVANCED_FACE('',(#566),#6286,.T.);
#6766=ADVANCED_FACE('',(#567),#6287,.T.);
#6767=ADVANCED_FACE('',(#568),#6288,.F.);
#6768=ADVANCED_FACE('',(#569),#6289,.F.);
#6769=ADVANCED_FACE('',(#570),#6290,.F.);
#6770=ADVANCED_FACE('',(#571),#6291,.T.);
#6771=ADVANCED_FACE('',(#572),#6292,.T.);
#6772=ADVANCED_FACE('',(#573),#6293,.F.);
#6773=ADVANCED_FACE('',(#574),#6294,.F.);
#6774=ADVANCED_FACE('',(#575),#6295,.T.);
#6775=ADVANCED_FACE('',(#576),#6296,.T.);
#6776=ADVANCED_FACE('',(#577),#6297,.T.);
#6777=ADVANCED_FACE('',(#578),#6298,.F.);
#6778=ADVANCED_FACE('',(#579),#6299,.F.);
#6779=ADVANCED_FACE('',(#580),#6300,.F.);
#6780=ADVANCED_FACE('',(#581),#6301,.T.);
#6781=ADVANCED_FACE('',(#582),#6302,.T.);
#6782=ADVANCED_FACE('',(#583),#6303,.F.);
#6783=ADVANCED_FACE('',(#584),#6304,.F.);
#6784=ADVANCED_FACE('',(#585),#6305,.T.);
#6785=ADVANCED_FACE('',(#586),#6306,.T.);
#6786=ADVANCED_FACE('',(#587),#6307,.T.);
#6787=ADVANCED_FACE('',(#588),#6308,.F.);
#6788=ADVANCED_FACE('',(#589),#6309,.F.);
#6789=ADVANCED_FACE('',(#590),#6310,.F.);
#6790=ADVANCED_FACE('',(#591),#6311,.T.);
#6791=ADVANCED_FACE('',(#592),#6312,.T.);
#6792=ADVANCED_FACE('',(#593),#155,.F.);
#6793=ADVANCED_FACE('',(#594),#6313,.T.);
#6794=ADVANCED_FACE('',(#595),#6314,.T.);
#6795=ADVANCED_FACE('',(#596),#6315,.T.);
#6796=ADVANCED_FACE('',(#597),#6316,.T.);
#6797=ADVANCED_FACE('',(#598,#245),#6317,.T.);
#6798=ADVANCED_FACE('',(#599,#246,#247,#248,#249,#250,#251,#252,#253,#254,
#255,#256,#257,#258,#259,#260,#261,#262,#263,#264,#265,#266,#267,#268,#269,
#270,#271,#272,#273,#274,#275),#6318,.T.);
#6799=ADVANCED_FACE('',(#600),#156,.F.);
#6800=ADVANCED_FACE('',(#601),#157,.T.);
#6801=ADVANCED_FACE('',(#602,#276),#6319,.T.);
#6802=ADVANCED_FACE('',(#603),#158,.F.);
#6803=ADVANCED_FACE('',(#604),#159,.T.);
#6804=ADVANCED_FACE('',(#605,#277),#6320,.T.);
#6805=ADVANCED_FACE('',(#606),#160,.F.);
#6806=ADVANCED_FACE('',(#607),#161,.T.);
#6807=ADVANCED_FACE('',(#608,#278),#6321,.T.);
#6808=ADVANCED_FACE('',(#609),#162,.F.);
#6809=ADVANCED_FACE('',(#610),#163,.T.);
#6810=ADVANCED_FACE('',(#611,#279),#6322,.T.);
#6811=ADVANCED_FACE('',(#612),#164,.F.);
#6812=ADVANCED_FACE('',(#613),#165,.T.);
#6813=ADVANCED_FACE('',(#614,#280),#6323,.T.);
#6814=ADVANCED_FACE('',(#615),#166,.F.);
#6815=ADVANCED_FACE('',(#616),#167,.T.);
#6816=ADVANCED_FACE('',(#617,#281),#6324,.T.);
#6817=ADVANCED_FACE('',(#618),#168,.F.);
#6818=ADVANCED_FACE('',(#619),#169,.T.);
#6819=ADVANCED_FACE('',(#620,#282),#6325,.T.);
#6820=ADVANCED_FACE('',(#621),#170,.F.);
#6821=ADVANCED_FACE('',(#622),#171,.T.);
#6822=ADVANCED_FACE('',(#623,#283),#6326,.T.);
#6823=ADVANCED_FACE('',(#624),#172,.F.);
#6824=ADVANCED_FACE('',(#625),#173,.T.);
#6825=ADVANCED_FACE('',(#626,#284),#6327,.T.);
#6826=ADVANCED_FACE('',(#627),#174,.F.);
#6827=ADVANCED_FACE('',(#628),#6328,.T.);
#6828=ADVANCED_FACE('',(#629),#6329,.T.);
#6829=ADVANCED_FACE('',(#630),#6330,.T.);
#6830=ADVANCED_FACE('',(#631),#6331,.T.);
#6831=ADVANCED_FACE('',(#632,#285),#6332,.T.);
#6832=ADVANCED_FACE('',(#633),#175,.F.);
#6833=ADVANCED_FACE('',(#634),#176,.T.);
#6834=ADVANCED_FACE('',(#635,#286),#6333,.T.);
#6835=ADVANCED_FACE('',(#636),#177,.F.);
#6836=ADVANCED_FACE('',(#637),#178,.T.);
#6837=ADVANCED_FACE('',(#638,#287),#6334,.T.);
#6838=ADVANCED_FACE('',(#639),#179,.F.);
#6839=ADVANCED_FACE('',(#640),#180,.T.);
#6840=ADVANCED_FACE('',(#641,#288),#6335,.T.);
#6841=ADVANCED_FACE('',(#642),#6336,.T.);
#6842=ADVANCED_FACE('',(#643),#6337,.T.);
#6843=ADVANCED_FACE('',(#644),#6338,.T.);
#6844=ADVANCED_FACE('',(#645),#6339,.T.);
#6845=ADVANCED_FACE('',(#646),#6340,.T.);
#6846=ADVANCED_FACE('',(#647),#6341,.T.);
#6847=ADVANCED_FACE('',(#648),#6342,.T.);
#6848=ADVANCED_FACE('',(#649),#6343,.T.);
#6849=ADVANCED_FACE('',(#650),#6344,.T.);
#6850=ADVANCED_FACE('',(#651,#289),#6345,.T.);
#6851=ADVANCED_FACE('',(#652),#6346,.T.);
#6852=ADVANCED_FACE('',(#653),#6347,.T.);
#6853=ADVANCED_FACE('',(#654),#6348,.T.);
#6854=ADVANCED_FACE('',(#655),#6349,.T.);
#6855=ADVANCED_FACE('',(#656),#181,.F.);
#6856=ADVANCED_FACE('',(#657),#182,.F.);
#6857=ADVANCED_FACE('',(#658),#183,.F.);
#6858=ADVANCED_FACE('',(#659),#184,.F.);
#6859=ADVANCED_FACE('',(#660),#185,.F.);
#6860=ADVANCED_FACE('',(#661),#186,.F.);
#6861=ADVANCED_FACE('',(#662),#187,.F.);
#6862=ADVANCED_FACE('',(#663),#188,.F.);
#6863=ADVANCED_FACE('',(#664),#189,.F.);
#6864=ADVANCED_FACE('',(#665),#190,.F.);
#6865=ADVANCED_FACE('',(#666),#6350,.F.);
#6866=ADVANCED_FACE('',(#667),#191,.F.);
#6867=ADVANCED_FACE('',(#668),#6351,.F.);
#6868=ADVANCED_FACE('',(#669),#192,.F.);
#6869=ADVANCED_FACE('',(#670),#193,.F.);
#6870=ADVANCED_FACE('',(#671),#194,.F.);
#6871=ADVANCED_FACE('',(#672),#195,.F.);
#6872=ADVANCED_FACE('',(#673),#196,.F.);
#6873=ADVANCED_FACE('',(#674),#197,.T.);
#6874=ADVANCED_FACE('',(#675),#6352,.T.);
#6875=ADVANCED_FACE('',(#676),#198,.T.);
#6876=ADVANCED_FACE('',(#677),#6353,.T.);
#6877=ADVANCED_FACE('',(#678),#199,.T.);
#6878=ADVANCED_FACE('',(#679),#6354,.T.);
#6879=ADVANCED_FACE('',(#680),#200,.T.);
#6880=ADVANCED_FACE('',(#681),#6355,.T.);
#6881=ADVANCED_FACE('',(#682),#201,.F.);
#6882=ADVANCED_FACE('',(#683),#6356,.T.);
#6883=ADVANCED_FACE('',(#684),#202,.T.);
#6884=ADVANCED_FACE('',(#685),#6357,.T.);
#6885=ADVANCED_FACE('',(#686),#203,.T.);
#6886=ADVANCED_FACE('',(#687),#6358,.T.);
#6887=ADVANCED_FACE('',(#688),#204,.T.);
#6888=ADVANCED_FACE('',(#689),#6359,.T.);
#6889=ADVANCED_FACE('',(#690),#205,.T.);
#6890=ADVANCED_FACE('',(#691),#6360,.T.);
#6891=ADVANCED_FACE('',(#692),#206,.F.);
#6892=ADVANCED_FACE('',(#693),#6361,.T.);
#6893=ADVANCED_FACE('',(#694,#290,#291,#292,#293,#294,#295,#296,#297,#298,
#299,#300,#301,#302,#303,#304,#305,#306,#307,#308,#309,#310,#311,#312,#313,
#314,#315,#316,#317,#318),#6362,.F.);
#6894=CLOSED_SHELL('',(#6518,#6519,#6520,#6521,#6522,#6523,#6524,#6525,
#6526,#6527,#6528,#6529,#6530,#6531,#6532,#6533,#6534,#6535,#6536,#6537,
#6538,#6539,#6540,#6541,#6542,#6543,#6544,#6545,#6546,#6547,#6548,#6549,
#6550,#6551,#6552,#6553,#6554,#6555,#6556,#6557,#6558,#6559,#6560,#6561,
#6562,#6563,#6564,#6565,#6566,#6567,#6568,#6569,#6570,#6571,#6572,#6573,
#6574,#6575,#6576,#6577,#6578,#6579,#6580,#6581,#6582,#6583,#6584,#6585,
#6586,#6587,#6588,#6589,#6590,#6591,#6592,#6593,#6594,#6595,#6596,#6597,
#6598,#6599,#6600,#6601,#6602,#6603,#6604,#6605,#6606,#6607,#6608,#6609,
#6610,#6611,#6612,#6613,#6614,#6615,#6616,#6617,#6618,#6619,#6620,#6621,
#6622,#6623,#6624,#6625,#6626,#6627,#6628,#6629,#6630,#6631,#6632,#6633,
#6634,#6635,#6636,#6637,#6638,#6639,#6640,#6641,#6642,#6643,#6644,#6645,
#6646,#6647,#6648,#6649,#6650,#6651,#6652,#6653,#6654,#6655));
#6895=CLOSED_SHELL('',(#6656,#6657,#6658,#6659,#6660,#6661,#6662,#6663,
#6664,#6665,#6666,#6667,#6668,#6669,#6670,#6671,#6672,#6673,#6674,#6675,
#6676,#6677,#6678,#6679,#6680,#6681,#6682,#6683,#6684,#6685,#6686,#6687,
#6688,#6689,#6690,#6691,#6692,#6693,#6694,#6695,#6696,#6697,#6698,#6699,
#6700,#6701,#6702,#6703,#6704,#6705,#6706,#6707,#6708,#6709,#6710,#6711,
#6712,#6713,#6714,#6715,#6716,#6717,#6718,#6719,#6720,#6721));
#6896=CLOSED_SHELL('',(#6722,#6723,#6724,#6725,#6726,#6727,#6728,#6729,
#6730,#6731));
#6897=CLOSED_SHELL('',(#6732,#6733,#6734,#6735,#6736,#6737,#6738,#6739,
#6740,#6741));
#6898=CLOSED_SHELL('',(#6742,#6743,#6744,#6745,#6746,#6747,#6748,#6749,
#6750,#6751));
#6899=CLOSED_SHELL('',(#6752,#6753,#6754,#6755,#6756,#6757,#6758,#6759,
#6760,#6761));
#6900=CLOSED_SHELL('',(#6762,#6763,#6764,#6765,#6766,#6767,#6768,#6769,
#6770,#6771));
#6901=CLOSED_SHELL('',(#6772,#6773,#6774,#6775,#6776,#6777,#6778,#6779,
#6780,#6781));
#6902=CLOSED_SHELL('',(#6782,#6783,#6784,#6785,#6786,#6787,#6788,#6789,
#6790,#6791));
#6903=CLOSED_SHELL('',(#6792,#6793,#6794,#6795,#6796,#6797,#6798,#6799,
#6800,#6801,#6802,#6803,#6804,#6805,#6806,#6807,#6808,#6809,#6810,#6811,
#6812,#6813,#6814,#6815,#6816,#6817,#6818,#6819,#6820,#6821,#6822,#6823,
#6824,#6825,#6826,#6827,#6828,#6829,#6830,#6831,#6832,#6833,#6834,#6835,
#6836,#6837,#6838,#6839,#6840,#6841,#6842,#6843,#6844,#6845,#6846,#6847,
#6848,#6849,#6850,#6851,#6852,#6853,#6854,#6855,#6856,#6857,#6858,#6859,
#6860,#6861,#6862,#6863,#6864,#6865,#6866,#6867,#6868,#6869,#6870,#6871,
#6872,#6873,#6874,#6875,#6876,#6877,#6878,#6879,#6880,#6881,#6882,#6883,
#6884,#6885,#6886,#6887,#6888,#6889,#6890,#6891,#6892,#6893));
#6904=DERIVED_UNIT_ELEMENT(#6908,1.);
#6905=DERIVED_UNIT_ELEMENT(#11074,-3.);
#6906=DERIVED_UNIT_ELEMENT(#6908,1.);
#6907=DERIVED_UNIT_ELEMENT(#11074,-3.);
#6908=(
MASS_UNIT()
NAMED_UNIT(*)
SI_UNIT(.KILO.,.GRAM.)
);
#6909=DERIVED_UNIT((#6904,#6905));
#6910=DERIVED_UNIT((#6906,#6907));
#6911=MEASURE_REPRESENTATION_ITEM('density measure',
POSITIVE_RATIO_MEASURE(7850.),#6909);
#6912=MEASURE_REPRESENTATION_ITEM('density measure',
POSITIVE_RATIO_MEASURE(7850.),#6910);
#6913=PROPERTY_DEFINITION_REPRESENTATION(#6923,#6917);
#6914=PROPERTY_DEFINITION_REPRESENTATION(#6924,#6918);
#6915=PROPERTY_DEFINITION_REPRESENTATION(#6925,#6919);
#6916=PROPERTY_DEFINITION_REPRESENTATION(#6926,#6920);
#6917=REPRESENTATION('material name',(#6921),#11070);
#6918=REPRESENTATION('density',(#6911),#11070);
#6919=REPRESENTATION('material name',(#6922),#11071);
#6920=REPRESENTATION('density',(#6912),#11071);
#6921=DESCRIPTIVE_REPRESENTATION_ITEM('Steel','Steel');
#6922=DESCRIPTIVE_REPRESENTATION_ITEM('Steel','Steel');
#6923=PROPERTY_DEFINITION('material property','material name',#11098);
#6924=PROPERTY_DEFINITION('material property','density of part',#11098);
#6925=PROPERTY_DEFINITION('material property','material name',#11099);
#6926=PROPERTY_DEFINITION('material property','density of part',#11099);
#6927=AXIS2_PLACEMENT_3D('',#9204,#7420,#7421);
#6928=AXIS2_PLACEMENT_3D('',#9205,#7422,#7423);
#6929=AXIS2_PLACEMENT_3D('',#9206,#7424,#7425);
#6930=AXIS2_PLACEMENT_3D('',#9215,#7430,#7431);
#6931=AXIS2_PLACEMENT_3D('',#9224,#7436,#7437);
#6932=AXIS2_PLACEMENT_3D('',#9230,#7441,#7442);
#6933=AXIS2_PLACEMENT_3D('',#9244,#7450,#7451);
#6934=AXIS2_PLACEMENT_3D('',#9247,#7454,#7455);
#6935=AXIS2_PLACEMENT_3D('',#9264,#7464,#7465);
#6936=AXIS2_PLACEMENT_3D('',#9273,#7470,#7471);
#6937=AXIS2_PLACEMENT_3D('',#9279,#7475,#7476);
#6938=AXIS2_PLACEMENT_3D('',#9293,#7484,#7485);
#6939=AXIS2_PLACEMENT_3D('',#9296,#7488,#7489);
#6940=AXIS2_PLACEMENT_3D('',#9305,#7494,#7495);
#6941=AXIS2_PLACEMENT_3D('',#9314,#7500,#7501);
#6942=AXIS2_PLACEMENT_3D('',#9320,#7505,#7506);
#6943=AXIS2_PLACEMENT_3D('',#9334,#7514,#7515);
#6944=AXIS2_PLACEMENT_3D('',#9337,#7518,#7519);
#6945=AXIS2_PLACEMENT_3D('',#9354,#7528,#7529);
#6946=AXIS2_PLACEMENT_3D('',#9363,#7534,#7535);
#6947=AXIS2_PLACEMENT_3D('',#9369,#7539,#7540);
#6948=AXIS2_PLACEMENT_3D('',#9380,#7547,#7548);
#6949=AXIS2_PLACEMENT_3D('',#9386,#7552,#7553);
#6950=AXIS2_PLACEMENT_3D('',#9388,#7555,#7556);
#6951=AXIS2_PLACEMENT_3D('',#9429,#7579,#7580);
#6952=AXIS2_PLACEMENT_3D('',#9451,#7592,#7593);
#6953=AXIS2_PLACEMENT_3D('',#9454,#7596,#7597);
#6954=AXIS2_PLACEMENT_3D('',#9456,#7599,#7600);
#6955=AXIS2_PLACEMENT_3D('',#9462,#7604,#7605);
#6956=AXIS2_PLACEMENT_3D('',#9470,#7610,#7611);
#6957=AXIS2_PLACEMENT_3D('',#9494,#7626,#7627);
#6958=AXIS2_PLACEMENT_3D('',#9509,#7636,#7637);
#6959=AXIS2_PLACEMENT_3D('',#9511,#7639,#7640);
#6960=AXIS2_PLACEMENT_3D('',#9512,#7641,#7642);
#6961=AXIS2_PLACEMENT_3D('',#9513,#7643,#7644);
#6962=AXIS2_PLACEMENT_3D('',#9514,#7645,#7646);
#6963=AXIS2_PLACEMENT_3D('',#9520,#7650,#7651);
#6964=AXIS2_PLACEMENT_3D('',#9529,#7657,#7658);
#6965=AXIS2_PLACEMENT_3D('',#9533,#7661,#7662);
#6966=AXIS2_PLACEMENT_3D('',#9537,#7665,#7666);
#6967=AXIS2_PLACEMENT_3D('',#9541,#7669,#7670);
#6968=AXIS2_PLACEMENT_3D('',#9554,#7678,#7679);
#6969=AXIS2_PLACEMENT_3D('',#9558,#7682,#7683);
#6970=AXIS2_PLACEMENT_3D('',#9560,#7685,#7686);
#6971=AXIS2_PLACEMENT_3D('',#9593,#7703,#7704);
#6972=AXIS2_PLACEMENT_3D('',#9595,#7706,#7707);
#6973=AXIS2_PLACEMENT_3D('',#9597,#7709,#7710);
#6974=AXIS2_PLACEMENT_3D('',#9598,#7711,#7712);
#6975=AXIS2_PLACEMENT_3D('',#9601,#7715,#7716);
#6976=AXIS2_PLACEMENT_3D('',#9604,#7719,#7720);
#6977=AXIS2_PLACEMENT_3D('',#9606,#7722,#7723);
#6978=AXIS2_PLACEMENT_3D('',#9610,#7726,#7727);
#6979=AXIS2_PLACEMENT_3D('',#9622,#7734,#7735);
#6980=AXIS2_PLACEMENT_3D('',#9624,#7737,#7738);
#6981=AXIS2_PLACEMENT_3D('',#9630,#7742,#7743);
#6982=AXIS2_PLACEMENT_3D('',#9633,#7746,#7747);
#6983=AXIS2_PLACEMENT_3D('',#9634,#7748,#7749);
#6984=AXIS2_PLACEMENT_3D('',#9635,#7750,#7751);
#6985=AXIS2_PLACEMENT_3D('',#9637,#7753,#7754);
#6986=AXIS2_PLACEMENT_3D('',#9639,#7756,#7757);
#6987=AXIS2_PLACEMENT_3D('',#9640,#7758,#7759);
#6988=AXIS2_PLACEMENT_3D('',#9642,#7761,#7762);
#6989=AXIS2_PLACEMENT_3D('',#9644,#7764,#7765);
#6990=AXIS2_PLACEMENT_3D('',#9645,#7766,#7767);
#6991=AXIS2_PLACEMENT_3D('',#9647,#7769,#7770);
#6992=AXIS2_PLACEMENT_3D('',#9649,#7772,#7773);
#6993=AXIS2_PLACEMENT_3D('',#9650,#7774,#7775);
#6994=AXIS2_PLACEMENT_3D('',#9651,#7776,#7777);
#6995=AXIS2_PLACEMENT_3D('',#9652,#7778,#7779);
#6996=AXIS2_PLACEMENT_3D('',#9661,#7784,#7785);
#6997=AXIS2_PLACEMENT_3D('',#9667,#7789,#7790);
#6998=AXIS2_PLACEMENT_3D('',#9671,#7793,#7794);
#6999=AXIS2_PLACEMENT_3D('',#9675,#7797,#7798);
#7000=AXIS2_PLACEMENT_3D('',#9677,#7800,#7801);
#7001=AXIS2_PLACEMENT_3D('',#9683,#7805,#7806);
#7002=AXIS2_PLACEMENT_3D('',#9687,#7809,#7810);
#7003=AXIS2_PLACEMENT_3D('',#9691,#7813,#7814);
#7004=AXIS2_PLACEMENT_3D('',#9693,#7816,#7817);
#7005=AXIS2_PLACEMENT_3D('',#9702,#7822,#7823);
#7006=AXIS2_PLACEMENT_3D('',#9711,#7828,#7829);
#7007=AXIS2_PLACEMENT_3D('',#9717,#7833,#7834);
#7008=AXIS2_PLACEMENT_3D('',#9721,#7837,#7838);
#7009=AXIS2_PLACEMENT_3D('',#9725,#7841,#7842);
#7010=AXIS2_PLACEMENT_3D('',#9727,#7844,#7845);
#7011=AXIS2_PLACEMENT_3D('',#9733,#7849,#7850);
#7012=AXIS2_PLACEMENT_3D('',#9737,#7853,#7854);
#7013=AXIS2_PLACEMENT_3D('',#9741,#7857,#7858);
#7014=AXIS2_PLACEMENT_3D('',#9743,#7860,#7861);
#7015=AXIS2_PLACEMENT_3D('',#9752,#7866,#7867);
#7016=AXIS2_PLACEMENT_3D('',#9761,#7872,#7873);
#7017=AXIS2_PLACEMENT_3D('',#9767,#7877,#7878);
#7018=AXIS2_PLACEMENT_3D('',#9771,#7881,#7882);
#7019=AXIS2_PLACEMENT_3D('',#9775,#7885,#7886);
#7020=AXIS2_PLACEMENT_3D('',#9777,#7888,#7889);
#7021=AXIS2_PLACEMENT_3D('',#9783,#7893,#7894);
#7022=AXIS2_PLACEMENT_3D('',#9787,#7897,#7898);
#7023=AXIS2_PLACEMENT_3D('',#9791,#7901,#7902);
#7024=AXIS2_PLACEMENT_3D('',#9793,#7904,#7905);
#7025=AXIS2_PLACEMENT_3D('',#9802,#7910,#7911);
#7026=AXIS2_PLACEMENT_3D('',#9811,#7916,#7917);
#7027=AXIS2_PLACEMENT_3D('',#9817,#7921,#7922);
#7028=AXIS2_PLACEMENT_3D('',#9821,#7925,#7926);
#7029=AXIS2_PLACEMENT_3D('',#9825,#7929,#7930);
#7030=AXIS2_PLACEMENT_3D('',#9827,#7932,#7933);
#7031=AXIS2_PLACEMENT_3D('',#9833,#7937,#7938);
#7032=AXIS2_PLACEMENT_3D('',#9837,#7941,#7942);
#7033=AXIS2_PLACEMENT_3D('',#9841,#7945,#7946);
#7034=AXIS2_PLACEMENT_3D('',#9843,#7948,#7949);
#7035=AXIS2_PLACEMENT_3D('',#9852,#7954,#7955);
#7036=AXIS2_PLACEMENT_3D('',#9855,#7958,#7959);
#7037=AXIS2_PLACEMENT_3D('',#9857,#7961,#7962);
#7038=AXIS2_PLACEMENT_3D('',#9859,#7964,#7965);
#7039=AXIS2_PLACEMENT_3D('',#9860,#7966,#7967);
#7040=AXIS2_PLACEMENT_3D('',#9863,#7970,#7971);
#7041=AXIS2_PLACEMENT_3D('',#9865,#7973,#7974);
#7042=AXIS2_PLACEMENT_3D('',#9867,#7976,#7977);
#7043=AXIS2_PLACEMENT_3D('',#9868,#7978,#7979);
#7044=AXIS2_PLACEMENT_3D('',#9871,#7982,#7983);
#7045=AXIS2_PLACEMENT_3D('',#9873,#7985,#7986);
#7046=AXIS2_PLACEMENT_3D('',#9875,#7988,#7989);
#7047=AXIS2_PLACEMENT_3D('',#9876,#7990,#7991);
#7048=AXIS2_PLACEMENT_3D('',#9879,#7994,#7995);
#7049=AXIS2_PLACEMENT_3D('',#9881,#7997,#7998);
#7050=AXIS2_PLACEMENT_3D('',#9883,#8000,#8001);
#7051=AXIS2_PLACEMENT_3D('',#9884,#8002,#8003);
#7052=AXIS2_PLACEMENT_3D('',#9887,#8006,#8007);
#7053=AXIS2_PLACEMENT_3D('',#9889,#8009,#8010);
#7054=AXIS2_PLACEMENT_3D('',#9891,#8012,#8013);
#7055=AXIS2_PLACEMENT_3D('',#9892,#8014,#8015);
#7056=AXIS2_PLACEMENT_3D('',#9895,#8018,#8019);
#7057=AXIS2_PLACEMENT_3D('',#9897,#8021,#8022);
#7058=AXIS2_PLACEMENT_3D('',#9899,#8024,#8025);
#7059=AXIS2_PLACEMENT_3D('',#9900,#8026,#8027);
#7060=AXIS2_PLACEMENT_3D('',#9903,#8030,#8031);
#7061=AXIS2_PLACEMENT_3D('',#9905,#8033,#8034);
#7062=AXIS2_PLACEMENT_3D('',#9907,#8036,#8037);
#7063=AXIS2_PLACEMENT_3D('',#9908,#8038,#8039);
#7064=AXIS2_PLACEMENT_3D('',#9911,#8042,#8043);
#7065=AXIS2_PLACEMENT_3D('',#9913,#8045,#8046);
#7066=AXIS2_PLACEMENT_3D('',#9915,#8048,#8049);
#7067=AXIS2_PLACEMENT_3D('',#9916,#8050,#8051);
#7068=AXIS2_PLACEMENT_3D('',#9917,#8052,#8053);
#7069=AXIS2_PLACEMENT_3D('',#9934,#8062,#8063);
#7070=AXIS2_PLACEMENT_3D('',#9996,#8095,#8096);
#7071=AXIS2_PLACEMENT_3D('',#10000,#8099,#8100);
#7072=AXIS2_PLACEMENT_3D('',#10004,#8103,#8104);
#7073=AXIS2_PLACEMENT_3D('',#10008,#8107,#8108);
#7074=AXIS2_PLACEMENT_3D('',#10014,#8112,#8113);
#7075=AXIS2_PLACEMENT_3D('',#10018,#8116,#8117);
#7076=AXIS2_PLACEMENT_3D('',#10022,#8120,#8121);
#7077=AXIS2_PLACEMENT_3D('',#10024,#8123,#8124);
#7078=AXIS2_PLACEMENT_3D('',#10030,#8128,#8129);
#7079=AXIS2_PLACEMENT_3D('',#10034,#8132,#8133);
#7080=AXIS2_PLACEMENT_3D('',#10038,#8136,#8137);
#7081=AXIS2_PLACEMENT_3D('',#10040,#8139,#8140);
#7082=AXIS2_PLACEMENT_3D('',#10046,#8144,#8145);
#7083=AXIS2_PLACEMENT_3D('',#10050,#8148,#8149);
#7084=AXIS2_PLACEMENT_3D('',#10054,#8152,#8153);
#7085=AXIS2_PLACEMENT_3D('',#10056,#8155,#8156);
#7086=AXIS2_PLACEMENT_3D('',#10062,#8160,#8161);
#7087=AXIS2_PLACEMENT_3D('',#10066,#8164,#8165);
#7088=AXIS2_PLACEMENT_3D('',#10070,#8168,#8169);
#7089=AXIS2_PLACEMENT_3D('',#10072,#8171,#8172);
#7090=AXIS2_PLACEMENT_3D('',#10078,#8176,#8177);
#7091=AXIS2_PLACEMENT_3D('',#10082,#8180,#8181);
#7092=AXIS2_PLACEMENT_3D('',#10086,#8184,#8185);
#7093=AXIS2_PLACEMENT_3D('',#10088,#8187,#8188);
#7094=AXIS2_PLACEMENT_3D('',#10094,#8192,#8193);
#7095=AXIS2_PLACEMENT_3D('',#10098,#8196,#8197);
#7096=AXIS2_PLACEMENT_3D('',#10102,#8200,#8201);
#7097=AXIS2_PLACEMENT_3D('',#10104,#8203,#8204);
#7098=AXIS2_PLACEMENT_3D('',#10110,#8208,#8209);
#7099=AXIS2_PLACEMENT_3D('',#10114,#8212,#8213);
#7100=AXIS2_PLACEMENT_3D('',#10118,#8216,#8217);
#7101=AXIS2_PLACEMENT_3D('',#10120,#8219,#8220);
#7102=AXIS2_PLACEMENT_3D('',#10126,#8224,#8225);
#7103=AXIS2_PLACEMENT_3D('',#10130,#8228,#8229);
#7104=AXIS2_PLACEMENT_3D('',#10134,#8232,#8233);
#7105=AXIS2_PLACEMENT_3D('',#10136,#8235,#8236);
#7106=AXIS2_PLACEMENT_3D('',#10142,#8240,#8241);
#7107=AXIS2_PLACEMENT_3D('',#10146,#8244,#8245);
#7108=AXIS2_PLACEMENT_3D('',#10150,#8248,#8249);
#7109=AXIS2_PLACEMENT_3D('',#10152,#8251,#8252);
#7110=AXIS2_PLACEMENT_3D('',#10158,#8256,#8257);
#7111=AXIS2_PLACEMENT_3D('',#10162,#8260,#8261);
#7112=AXIS2_PLACEMENT_3D('',#10166,#8264,#8265);
#7113=AXIS2_PLACEMENT_3D('',#10168,#8267,#8268);
#7114=AXIS2_PLACEMENT_3D('',#10176,#8273,#8274);
#7115=AXIS2_PLACEMENT_3D('',#10178,#8276,#8277);
#7116=AXIS2_PLACEMENT_3D('',#10180,#8279,#8280);
#7117=AXIS2_PLACEMENT_3D('',#10189,#8285,#8286);
#7118=AXIS2_PLACEMENT_3D('',#10195,#8290,#8291);
#7119=AXIS2_PLACEMENT_3D('',#10201,#8295,#8296);
#7120=AXIS2_PLACEMENT_3D('',#10204,#8299,#8300);
#7121=AXIS2_PLACEMENT_3D('',#10207,#8303,#8304);
#7122=AXIS2_PLACEMENT_3D('',#10209,#8306,#8307);
#7123=AXIS2_PLACEMENT_3D('',#10211,#8309,#8310);
#7124=AXIS2_PLACEMENT_3D('',#10212,#8311,#8312);
#7125=AXIS2_PLACEMENT_3D('',#10221,#8317,#8318);
#7126=AXIS2_PLACEMENT_3D('',#10227,#8322,#8323);
#7127=AXIS2_PLACEMENT_3D('',#10233,#8327,#8328);
#7128=AXIS2_PLACEMENT_3D('',#10236,#8331,#8332);
#7129=AXIS2_PLACEMENT_3D('',#10239,#8335,#8336);
#7130=AXIS2_PLACEMENT_3D('',#10241,#8338,#8339);
#7131=AXIS2_PLACEMENT_3D('',#10243,#8341,#8342);
#7132=AXIS2_PLACEMENT_3D('',#10244,#8343,#8344);
#7133=AXIS2_PLACEMENT_3D('',#10246,#8346,#8347);
#7134=AXIS2_PLACEMENT_3D('',#10247,#8348,#8349);
#7135=AXIS2_PLACEMENT_3D('',#10256,#8354,#8355);
#7136=AXIS2_PLACEMENT_3D('',#10262,#8359,#8360);
#7137=AXIS2_PLACEMENT_3D('',#10268,#8364,#8365);
#7138=AXIS2_PLACEMENT_3D('',#10271,#8368,#8369);
#7139=AXIS2_PLACEMENT_3D('',#10272,#8370,#8371);
#7140=AXIS2_PLACEMENT_3D('',#10281,#8376,#8377);
#7141=AXIS2_PLACEMENT_3D('',#10284,#8380,#8381);
#7142=AXIS2_PLACEMENT_3D('',#10286,#8383,#8384);
#7143=AXIS2_PLACEMENT_3D('',#10288,#8386,#8387);
#7144=AXIS2_PLACEMENT_3D('',#10289,#8388,#8389);
#7145=AXIS2_PLACEMENT_3D('',#10298,#8394,#8395);
#7146=AXIS2_PLACEMENT_3D('',#10304,#8399,#8400);
#7147=AXIS2_PLACEMENT_3D('',#10310,#8404,#8405);
#7148=AXIS2_PLACEMENT_3D('',#10313,#8408,#8409);
#7149=AXIS2_PLACEMENT_3D('',#10314,#8410,#8411);
#7150=AXIS2_PLACEMENT_3D('',#10323,#8416,#8417);
#7151=AXIS2_PLACEMENT_3D('',#10326,#8420,#8421);
#7152=AXIS2_PLACEMENT_3D('',#10328,#8423,#8424);
#7153=AXIS2_PLACEMENT_3D('',#10330,#8426,#8427);
#7154=AXIS2_PLACEMENT_3D('',#10331,#8428,#8429);
#7155=AXIS2_PLACEMENT_3D('',#10340,#8434,#8435);
#7156=AXIS2_PLACEMENT_3D('',#10346,#8439,#8440);
#7157=AXIS2_PLACEMENT_3D('',#10352,#8444,#8445);
#7158=AXIS2_PLACEMENT_3D('',#10355,#8448,#8449);
#7159=AXIS2_PLACEMENT_3D('',#10356,#8450,#8451);
#7160=AXIS2_PLACEMENT_3D('',#10365,#8456,#8457);
#7161=AXIS2_PLACEMENT_3D('',#10368,#8460,#8461);
#7162=AXIS2_PLACEMENT_3D('',#10370,#8463,#8464);
#7163=AXIS2_PLACEMENT_3D('',#10372,#8466,#8467);
#7164=AXIS2_PLACEMENT_3D('',#10373,#8468,#8469);
#7165=AXIS2_PLACEMENT_3D('',#10382,#8474,#8475);
#7166=AXIS2_PLACEMENT_3D('',#10388,#8479,#8480);
#7167=AXIS2_PLACEMENT_3D('',#10394,#8484,#8485);
#7168=AXIS2_PLACEMENT_3D('',#10397,#8488,#8489);
#7169=AXIS2_PLACEMENT_3D('',#10398,#8490,#8491);
#7170=AXIS2_PLACEMENT_3D('',#10407,#8496,#8497);
#7171=AXIS2_PLACEMENT_3D('',#10410,#8500,#8501);
#7172=AXIS2_PLACEMENT_3D('',#10412,#8503,#8504);
#7173=AXIS2_PLACEMENT_3D('',#10414,#8506,#8507);
#7174=AXIS2_PLACEMENT_3D('',#10415,#8508,#8509);
#7175=AXIS2_PLACEMENT_3D('',#10424,#8514,#8515);
#7176=AXIS2_PLACEMENT_3D('',#10430,#8519,#8520);
#7177=AXIS2_PLACEMENT_3D('',#10436,#8524,#8525);
#7178=AXIS2_PLACEMENT_3D('',#10439,#8528,#8529);
#7179=AXIS2_PLACEMENT_3D('',#10440,#8530,#8531);
#7180=AXIS2_PLACEMENT_3D('',#10449,#8536,#8537);
#7181=AXIS2_PLACEMENT_3D('',#10452,#8540,#8541);
#7182=AXIS2_PLACEMENT_3D('',#10454,#8543,#8544);
#7183=AXIS2_PLACEMENT_3D('',#10456,#8546,#8547);
#7184=AXIS2_PLACEMENT_3D('',#10457,#8548,#8549);
#7185=AXIS2_PLACEMENT_3D('',#10466,#8554,#8555);
#7186=AXIS2_PLACEMENT_3D('',#10472,#8559,#8560);
#7187=AXIS2_PLACEMENT_3D('',#10478,#8564,#8565);
#7188=AXIS2_PLACEMENT_3D('',#10481,#8568,#8569);
#7189=AXIS2_PLACEMENT_3D('',#10482,#8570,#8571);
#7190=AXIS2_PLACEMENT_3D('',#10491,#8576,#8577);
#7191=AXIS2_PLACEMENT_3D('',#10494,#8580,#8581);
#7192=AXIS2_PLACEMENT_3D('',#10496,#8583,#8584);
#7193=AXIS2_PLACEMENT_3D('',#10498,#8586,#8587);
#7194=AXIS2_PLACEMENT_3D('',#10499,#8588,#8589);
#7195=AXIS2_PLACEMENT_3D('',#10508,#8594,#8595);
#7196=AXIS2_PLACEMENT_3D('',#10514,#8599,#8600);
#7197=AXIS2_PLACEMENT_3D('',#10520,#8604,#8605);
#7198=AXIS2_PLACEMENT_3D('',#10523,#8608,#8609);
#7199=AXIS2_PLACEMENT_3D('',#10524,#8610,#8611);
#7200=AXIS2_PLACEMENT_3D('',#10533,#8616,#8617);
#7201=AXIS2_PLACEMENT_3D('',#10536,#8620,#8621);
#7202=AXIS2_PLACEMENT_3D('',#10538,#8623,#8624);
#7203=AXIS2_PLACEMENT_3D('',#10540,#8626,#8627);
#7204=AXIS2_PLACEMENT_3D('',#10541,#8628,#8629);
#7205=AXIS2_PLACEMENT_3D('',#10543,#8630,#8631);
#7206=AXIS2_PLACEMENT_3D('',#10546,#8633,#8634);
#7207=AXIS2_PLACEMENT_3D('',#10547,#8635,#8636);
#7208=AXIS2_PLACEMENT_3D('',#10556,#8641,#8642);
#7209=AXIS2_PLACEMENT_3D('',#10562,#8646,#8647);
#7210=AXIS2_PLACEMENT_3D('',#10568,#8651,#8652);
#7211=AXIS2_PLACEMENT_3D('',#10571,#8655,#8656);
#7212=AXIS2_PLACEMENT_3D('',#10572,#8657,#8658);
#7213=AXIS2_PLACEMENT_3D('',#10577,#8660,#8661);
#7214=AXIS2_PLACEMENT_3D('',#10581,#8663,#8664);
#7215=AXIS2_PLACEMENT_3D('',#10585,#8666,#8667);
#7216=AXIS2_PLACEMENT_3D('',#10589,#8669,#8670);
#7217=AXIS2_PLACEMENT_3D('',#10593,#8672,#8673);
#7218=AXIS2_PLACEMENT_3D('',#10597,#8675,#8676);
#7219=AXIS2_PLACEMENT_3D('',#10601,#8678,#8679);
#7220=AXIS2_PLACEMENT_3D('',#10605,#8681,#8682);
#7221=AXIS2_PLACEMENT_3D('',#10609,#8684,#8685);
#7222=AXIS2_PLACEMENT_3D('',#10612,#8687,#8688);
#7223=AXIS2_PLACEMENT_3D('',#10614,#8689,#8690);
#7224=AXIS2_PLACEMENT_3D('',#10616,#8691,#8692);
#7225=AXIS2_PLACEMENT_3D('',#10618,#8693,#8694);
#7226=AXIS2_PLACEMENT_3D('',#10620,#8695,#8696);
#7227=AXIS2_PLACEMENT_3D('',#10622,#8697,#8698);
#7228=AXIS2_PLACEMENT_3D('',#10624,#8699,#8700);
#7229=AXIS2_PLACEMENT_3D('',#10626,#8701,#8702);
#7230=AXIS2_PLACEMENT_3D('',#10636,#8707,#8708);
#7231=AXIS2_PLACEMENT_3D('',#10638,#8709,#8710);
#7232=AXIS2_PLACEMENT_3D('',#10640,#8711,#8712);
#7233=AXIS2_PLACEMENT_3D('',#10642,#8713,#8714);
#7234=AXIS2_PLACEMENT_3D('',#10644,#8715,#8716);
#7235=AXIS2_PLACEMENT_3D('',#10646,#8717,#8718);
#7236=AXIS2_PLACEMENT_3D('',#10648,#8719,#8720);
#7237=AXIS2_PLACEMENT_3D('',#10650,#8721,#8722);
#7238=AXIS2_PLACEMENT_3D('',#10652,#8723,#8724);
#7239=AXIS2_PLACEMENT_3D('',#10654,#8725,#8726);
#7240=AXIS2_PLACEMENT_3D('',#10659,#8728,#8729);
#7241=AXIS2_PLACEMENT_3D('',#10662,#8731,#8732);
#7242=AXIS2_PLACEMENT_3D('',#10664,#8733,#8734);
#7243=AXIS2_PLACEMENT_3D('',#10666,#8735,#8736);
#7244=AXIS2_PLACEMENT_3D('',#10668,#8737,#8738);
#7245=AXIS2_PLACEMENT_3D('',#10670,#8739,#8740);
#7246=AXIS2_PLACEMENT_3D('',#10672,#8741,#8742);
#7247=AXIS2_PLACEMENT_3D('',#10682,#8747,#8748);
#7248=AXIS2_PLACEMENT_3D('',#10684,#8749,#8750);
#7249=AXIS2_PLACEMENT_3D('',#10686,#8751,#8752);
#7250=AXIS2_PLACEMENT_3D('',#10688,#8753,#8754);
#7251=AXIS2_PLACEMENT_3D('',#10689,#8755,#8756);
#7252=AXIS2_PLACEMENT_3D('',#10691,#8757,#8758);
#7253=AXIS2_PLACEMENT_3D('',#10694,#8760,#8761);
#7254=AXIS2_PLACEMENT_3D('',#10695,#8762,#8763);
#7255=AXIS2_PLACEMENT_3D('',#10697,#8764,#8765);
#7256=AXIS2_PLACEMENT_3D('',#10699,#8767,#8768);
#7257=AXIS2_PLACEMENT_3D('',#10700,#8769,#8770);
#7258=AXIS2_PLACEMENT_3D('',#10702,#8771,#8772);
#7259=AXIS2_PLACEMENT_3D('',#10705,#8774,#8775);
#7260=AXIS2_PLACEMENT_3D('',#10706,#8776,#8777);
#7261=AXIS2_PLACEMENT_3D('',#10708,#8778,#8779);
#7262=AXIS2_PLACEMENT_3D('',#10710,#8781,#8782);
#7263=AXIS2_PLACEMENT_3D('',#10711,#8783,#8784);
#7264=AXIS2_PLACEMENT_3D('',#10713,#8785,#8786);
#7265=AXIS2_PLACEMENT_3D('',#10716,#8788,#8789);
#7266=AXIS2_PLACEMENT_3D('',#10717,#8790,#8791);
#7267=AXIS2_PLACEMENT_3D('',#10719,#8792,#8793);
#7268=AXIS2_PLACEMENT_3D('',#10721,#8795,#8796);
#7269=AXIS2_PLACEMENT_3D('',#10722,#8797,#8798);
#7270=AXIS2_PLACEMENT_3D('',#10724,#8799,#8800);
#7271=AXIS2_PLACEMENT_3D('',#10727,#8802,#8803);
#7272=AXIS2_PLACEMENT_3D('',#10728,#8804,#8805);
#7273=AXIS2_PLACEMENT_3D('',#10730,#8806,#8807);
#7274=AXIS2_PLACEMENT_3D('',#10732,#8809,#8810);
#7275=AXIS2_PLACEMENT_3D('',#10733,#8811,#8812);
#7276=AXIS2_PLACEMENT_3D('',#10735,#8813,#8814);
#7277=AXIS2_PLACEMENT_3D('',#10738,#8816,#8817);
#7278=AXIS2_PLACEMENT_3D('',#10739,#8818,#8819);
#7279=AXIS2_PLACEMENT_3D('',#10741,#8820,#8821);
#7280=AXIS2_PLACEMENT_3D('',#10743,#8823,#8824);
#7281=AXIS2_PLACEMENT_3D('',#10744,#8825,#8826);
#7282=AXIS2_PLACEMENT_3D('',#10746,#8827,#8828);
#7283=AXIS2_PLACEMENT_3D('',#10749,#8830,#8831);
#7284=AXIS2_PLACEMENT_3D('',#10750,#8832,#8833);
#7285=AXIS2_PLACEMENT_3D('',#10752,#8834,#8835);
#7286=AXIS2_PLACEMENT_3D('',#10754,#8837,#8838);
#7287=AXIS2_PLACEMENT_3D('',#10755,#8839,#8840);
#7288=AXIS2_PLACEMENT_3D('',#10757,#8841,#8842);
#7289=AXIS2_PLACEMENT_3D('',#10760,#8844,#8845);
#7290=AXIS2_PLACEMENT_3D('',#10761,#8846,#8847);
#7291=AXIS2_PLACEMENT_3D('',#10763,#8848,#8849);
#7292=AXIS2_PLACEMENT_3D('',#10765,#8851,#8852);
#7293=AXIS2_PLACEMENT_3D('',#10766,#8853,#8854);
#7294=AXIS2_PLACEMENT_3D('',#10768,#8855,#8856);
#7295=AXIS2_PLACEMENT_3D('',#10771,#8858,#8859);
#7296=AXIS2_PLACEMENT_3D('',#10772,#8860,#8861);
#7297=AXIS2_PLACEMENT_3D('',#10774,#8862,#8863);
#7298=AXIS2_PLACEMENT_3D('',#10776,#8865,#8866);
#7299=AXIS2_PLACEMENT_3D('',#10777,#8867,#8868);
#7300=AXIS2_PLACEMENT_3D('',#10779,#8869,#8870);
#7301=AXIS2_PLACEMENT_3D('',#10782,#8872,#8873);
#7302=AXIS2_PLACEMENT_3D('',#10783,#8874,#8875);
#7303=AXIS2_PLACEMENT_3D('',#10785,#8876,#8877);
#7304=AXIS2_PLACEMENT_3D('',#10787,#8879,#8880);
#7305=AXIS2_PLACEMENT_3D('',#10788,#8881,#8882);
#7306=AXIS2_PLACEMENT_3D('',#10790,#8883,#8884);
#7307=AXIS2_PLACEMENT_3D('',#10793,#8886,#8887);
#7308=AXIS2_PLACEMENT_3D('',#10794,#8888,#8889);
#7309=AXIS2_PLACEMENT_3D('',#10800,#8893,#8894);
#7310=AXIS2_PLACEMENT_3D('',#10804,#8897,#8898);
#7311=AXIS2_PLACEMENT_3D('',#10808,#8901,#8902);
#7312=AXIS2_PLACEMENT_3D('',#10810,#8904,#8905);
#7313=AXIS2_PLACEMENT_3D('',#10811,#8906,#8907);
#7314=AXIS2_PLACEMENT_3D('',#10813,#8908,#8909);
#7315=AXIS2_PLACEMENT_3D('',#10816,#8911,#8912);
#7316=AXIS2_PLACEMENT_3D('',#10817,#8913,#8914);
#7317=AXIS2_PLACEMENT_3D('',#10819,#8915,#8916);
#7318=AXIS2_PLACEMENT_3D('',#10821,#8918,#8919);
#7319=AXIS2_PLACEMENT_3D('',#10822,#8920,#8921);
#7320=AXIS2_PLACEMENT_3D('',#10824,#8922,#8923);
#7321=AXIS2_PLACEMENT_3D('',#10827,#8925,#8926);
#7322=AXIS2_PLACEMENT_3D('',#10828,#8927,#8928);
#7323=AXIS2_PLACEMENT_3D('',#10830,#8929,#8930);
#7324=AXIS2_PLACEMENT_3D('',#10832,#8932,#8933);
#7325=AXIS2_PLACEMENT_3D('',#10833,#8934,#8935);
#7326=AXIS2_PLACEMENT_3D('',#10835,#8936,#8937);
#7327=AXIS2_PLACEMENT_3D('',#10838,#8939,#8940);
#7328=AXIS2_PLACEMENT_3D('',#10839,#8941,#8942);
#7329=AXIS2_PLACEMENT_3D('',#10841,#8943,#8944);
#7330=AXIS2_PLACEMENT_3D('',#10843,#8946,#8947);
#7331=AXIS2_PLACEMENT_3D('',#10844,#8948,#8949);
#7332=AXIS2_PLACEMENT_3D('',#10853,#8954,#8955);
#7333=AXIS2_PLACEMENT_3D('',#10859,#8959,#8960);
#7334=AXIS2_PLACEMENT_3D('',#10865,#8964,#8965);
#7335=AXIS2_PLACEMENT_3D('',#10868,#8968,#8969);
#7336=AXIS2_PLACEMENT_3D('',#10874,#8973,#8974);
#7337=AXIS2_PLACEMENT_3D('',#10878,#8977,#8978);
#7338=AXIS2_PLACEMENT_3D('',#10879,#8979,#8980);
#7339=AXIS2_PLACEMENT_3D('',#10883,#8983,#8984);
#7340=AXIS2_PLACEMENT_3D('',#10885,#8986,#8987);
#7341=AXIS2_PLACEMENT_3D('',#10891,#8991,#8992);
#7342=AXIS2_PLACEMENT_3D('',#10895,#8995,#8996);
#7343=AXIS2_PLACEMENT_3D('',#10899,#8999,#9000);
#7344=AXIS2_PLACEMENT_3D('',#10901,#9002,#9003);
#7345=AXIS2_PLACEMENT_3D('',#10902,#9004,#9005);
#7346=AXIS2_PLACEMENT_3D('',#10905,#9007,#9008);
#7347=AXIS2_PLACEMENT_3D('',#10906,#9009,#9010);
#7348=AXIS2_PLACEMENT_3D('',#10909,#9012,#9013);
#7349=AXIS2_PLACEMENT_3D('',#10910,#9014,#9015);
#7350=AXIS2_PLACEMENT_3D('',#10913,#9017,#9018);
#7351=AXIS2_PLACEMENT_3D('',#10914,#9019,#9020);
#7352=AXIS2_PLACEMENT_3D('',#10917,#9022,#9023);
#7353=AXIS2_PLACEMENT_3D('',#10918,#9024,#9025);
#7354=AXIS2_PLACEMENT_3D('',#10921,#9027,#9028);
#7355=AXIS2_PLACEMENT_3D('',#10922,#9029,#9030);
#7356=AXIS2_PLACEMENT_3D('',#10925,#9032,#9033);
#7357=AXIS2_PLACEMENT_3D('',#10926,#9034,#9035);
#7358=AXIS2_PLACEMENT_3D('',#10929,#9037,#9038);
#7359=AXIS2_PLACEMENT_3D('',#10930,#9039,#9040);
#7360=AXIS2_PLACEMENT_3D('',#10933,#9042,#9043);
#7361=AXIS2_PLACEMENT_3D('',#10934,#9044,#9045);
#7362=AXIS2_PLACEMENT_3D('',#10937,#9047,#9048);
#7363=AXIS2_PLACEMENT_3D('',#10938,#9049,#9050);
#7364=AXIS2_PLACEMENT_3D('',#10941,#9052,#9053);
#7365=AXIS2_PLACEMENT_3D('',#10942,#9054,#9055);
#7366=AXIS2_PLACEMENT_3D('',#10948,#9059,#9060);
#7367=AXIS2_PLACEMENT_3D('',#10951,#9062,#9063);
#7368=AXIS2_PLACEMENT_3D('',#10952,#9064,#9065);
#7369=AXIS2_PLACEMENT_3D('',#10956,#9068,#9069);
#7370=AXIS2_PLACEMENT_3D('',#10957,#9070,#9071);
#7371=AXIS2_PLACEMENT_3D('',#10958,#9072,#9073);
#7372=AXIS2_PLACEMENT_3D('',#10961,#9075,#9076);
#7373=AXIS2_PLACEMENT_3D('',#10962,#9077,#9078);
#7374=AXIS2_PLACEMENT_3D('',#10965,#9080,#9081);
#7375=AXIS2_PLACEMENT_3D('',#10966,#9082,#9083);
#7376=AXIS2_PLACEMENT_3D('',#10969,#9085,#9086);
#7377=AXIS2_PLACEMENT_3D('',#10970,#9087,#9088);
#7378=AXIS2_PLACEMENT_3D('',#10973,#9090,#9091);
#7379=AXIS2_PLACEMENT_3D('',#10974,#9092,#9093);
#7380=AXIS2_PLACEMENT_3D('',#10977,#9094,#9095);
#7381=AXIS2_PLACEMENT_3D('',#10980,#9098,#9099);
#7382=AXIS2_PLACEMENT_3D('',#10984,#9102,#9103);
#7383=AXIS2_PLACEMENT_3D('',#10986,#9104,#9105);
#7384=AXIS2_PLACEMENT_3D('',#10988,#9107,#9108);
#7385=AXIS2_PLACEMENT_3D('',#10992,#9111,#9112);
#7386=AXIS2_PLACEMENT_3D('',#10994,#9113,#9114);
#7387=AXIS2_PLACEMENT_3D('',#10996,#9116,#9117);
#7388=AXIS2_PLACEMENT_3D('',#11000,#9120,#9121);
#7389=AXIS2_PLACEMENT_3D('',#11002,#9122,#9123);
#7390=AXIS2_PLACEMENT_3D('',#11004,#9125,#9126);
#7391=AXIS2_PLACEMENT_3D('',#11008,#9129,#9130);
#7392=AXIS2_PLACEMENT_3D('',#11010,#9131,#9132);
#7393=AXIS2_PLACEMENT_3D('',#11012,#9134,#9135);
#7394=AXIS2_PLACEMENT_3D('',#11016,#9138,#9139);
#7395=AXIS2_PLACEMENT_3D('',#11018,#9140,#9141);
#7396=AXIS2_PLACEMENT_3D('',#11020,#9143,#9144);
#7397=AXIS2_PLACEMENT_3D('',#11024,#9147,#9148);
#7398=AXIS2_PLACEMENT_3D('',#11026,#9149,#9150);
#7399=AXIS2_PLACEMENT_3D('',#11028,#9152,#9153);
#7400=AXIS2_PLACEMENT_3D('',#11032,#9156,#9157);
#7401=AXIS2_PLACEMENT_3D('',#11034,#9158,#9159);
#7402=AXIS2_PLACEMENT_3D('',#11036,#9161,#9162);
#7403=AXIS2_PLACEMENT_3D('',#11040,#9165,#9166);
#7404=AXIS2_PLACEMENT_3D('',#11042,#9167,#9168);
#7405=AXIS2_PLACEMENT_3D('',#11044,#9170,#9171);
#7406=AXIS2_PLACEMENT_3D('',#11048,#9174,#9175);
#7407=AXIS2_PLACEMENT_3D('',#11050,#9176,#9177);
#7408=AXIS2_PLACEMENT_3D('',#11052,#9179,#9180);
#7409=AXIS2_PLACEMENT_3D('',#11054,#9182,#9183);
#7410=AXIS2_PLACEMENT_3D('',#11055,#9184,#9185);
#7411=AXIS2_PLACEMENT_3D('',#11056,#9186,#9187);
#7412=AXIS2_PLACEMENT_3D('',#11057,#9188,#9189);
#7413=AXIS2_PLACEMENT_3D('',#11058,#9190,#9191);
#7414=AXIS2_PLACEMENT_3D('',#11059,#9192,#9193);
#7415=AXIS2_PLACEMENT_3D('',#11060,#9194,#9195);
#7416=AXIS2_PLACEMENT_3D('',#11061,#9196,#9197);
#7417=AXIS2_PLACEMENT_3D('',#11062,#9198,#9199);
#7418=AXIS2_PLACEMENT_3D('',#11063,#9200,#9201);
#7419=AXIS2_PLACEMENT_3D('',#11064,#9202,#9203);
#7420=DIRECTION('axis',(0.,0.,1.));
#7421=DIRECTION('refdir',(1.,0.,0.));
#7422=DIRECTION('axis',(0.,0.,1.));
#7423=DIRECTION('refdir',(1.,0.,0.));
#7424=DIRECTION('center_axis',(0.,1.,0.));
#7425=DIRECTION('ref_axis',(0.,0.,1.));
#7426=DIRECTION('',(-1.,0.,5.16286748802622E-17));
#7427=DIRECTION('',(0.,0.,1.));
#7428=DIRECTION('',(-1.,0.,0.));
#7429=DIRECTION('',(0.,0.,-1.));
#7430=DIRECTION('center_axis',(0.,1.,0.));
#7431=DIRECTION('ref_axis',(0.,0.,1.));
#7432=DIRECTION('',(1.,0.,0.));
#7433=DIRECTION('',(0.,0.,1.));
#7434=DIRECTION('',(-1.,0.,5.16286748802622E-17));
#7435=DIRECTION('',(0.,0.,-1.));
#7436=DIRECTION('center_axis',(-3.6506986111509E-17,0.707106781186546,-0.707106781186549));
#7437=DIRECTION('ref_axis',(0.,0.707106781186549,0.707106781186546));
#7438=DIRECTION('',(-1.,0.,5.16286748802622E-17));
#7439=DIRECTION('',(0.,0.707106781186549,0.707106781186546));
#7440=DIRECTION('',(0.,-0.707106781186549,-0.707106781186546));
#7441=DIRECTION('center_axis',(5.59759214677279E-33,1.,1.0842021724855E-16));
#7442=DIRECTION('ref_axis',(0.,-1.0842021724855E-16,1.));
#7443=DIRECTION('',(-1.,0.,5.16286748802622E-17));
#7444=DIRECTION('',(0.,-1.0842021724855E-16,1.));
#7445=DIRECTION('',(0.,1.0842021724855E-16,-1.));
#7446=DIRECTION('',(-2.69729847387503E-49,-1.0842021724855E-16,1.));
#7447=DIRECTION('',(1.,-2.1457436562629E-31,1.92747052886312E-15));
#7448=DIRECTION('',(2.69729847387505E-49,1.0842021724855E-16,-1.));
#7449=DIRECTION('',(-1.,-2.03379181332745E-31,1.92747052886312E-15));
#7450=DIRECTION('center_axis',(3.6506986111509E-17,0.707106781186546,0.707106781186549));
#7451=DIRECTION('ref_axis',(0.,-0.707106781186549,0.707106781186546));
#7452=DIRECTION('',(0.,-0.707106781186549,0.707106781186546));
#7453=DIRECTION('',(0.,0.707106781186549,-0.707106781186546));
#7454=DIRECTION('center_axis',(0.,1.,0.));
#7455=DIRECTION('ref_axis',(0.,0.,1.));
#7456=DIRECTION('',(-1.,0.,5.16286748802622E-17));
#7457=DIRECTION('',(0.,0.,1.));
#7458=DIRECTION('',(-1.,0.,0.));
#7459=DIRECTION('',(0.,0.,-1.));
#7460=DIRECTION('',(1.,0.,-3.46944695195361E-16));
#7461=DIRECTION('',(0.,0.,1.));
#7462=DIRECTION('',(1.,0.,-3.46944695195361E-16));
#7463=DIRECTION('',(-5.16286748802622E-17,0.,-1.));
#7464=DIRECTION('center_axis',(0.,1.,0.));
#7465=DIRECTION('ref_axis',(0.,0.,1.));
#7466=DIRECTION('',(1.,0.,0.));
#7467=DIRECTION('',(0.,0.,1.));
#7468=DIRECTION('',(-1.,0.,5.16286748802622E-17));
#7469=DIRECTION('',(-5.16286748802622E-17,0.,-1.));
#7470=DIRECTION('center_axis',(-3.6506986111509E-17,0.707106781186546,-0.707106781186549));
#7471=DIRECTION('ref_axis',(0.,0.707106781186549,0.707106781186546));
#7472=DIRECTION('',(-1.,0.,5.16286748802622E-17));
#7473=DIRECTION('',(0.,0.707106781186549,0.707106781186546));
#7474=DIRECTION('',(0.,-0.707106781186549,-0.707106781186546));
#7475=DIRECTION('center_axis',(5.59759214677279E-33,1.,1.0842021724855E-16));
#7476=DIRECTION('ref_axis',(0.,-1.0842021724855E-16,1.));
#7477=DIRECTION('',(-1.,0.,5.16286748802622E-17));
#7478=DIRECTION('',(0.,-1.0842021724855E-16,1.));
#7479=DIRECTION('',(-1.0842021724855E-16,1.0842021724855E-16,-1.));
#7480=DIRECTION('',(1.,-5.59759214677279E-33,-6.06892156621885E-49));
#7481=DIRECTION('',(2.69729847387503E-49,1.0842021724855E-16,-1.));
#7482=DIRECTION('',(-1.,5.59759214677279E-33,6.06892156621885E-49));
#7483=DIRECTION('',(-2.69729847387503E-49,-1.0842021724855E-16,1.));
#7484=DIRECTION('center_axis',(3.6506986111509E-17,0.707106781186546,0.707106781186549));
#7485=DIRECTION('ref_axis',(0.,-0.707106781186549,0.707106781186546));
#7486=DIRECTION('',(0.,-0.707106781186549,0.707106781186546));
#7487=DIRECTION('',(0.,0.707106781186549,-0.707106781186546));
#7488=DIRECTION('center_axis',(0.,1.,0.));
#7489=DIRECTION('ref_axis',(0.,0.,1.));
#7490=DIRECTION('',(-1.,0.,0.));
#7491=DIRECTION('',(0.,0.,-1.));
#7492=DIRECTION('',(-1.,0.,5.16286748802622E-17));
#7493=DIRECTION('',(0.,0.,1.));
#7494=DIRECTION('center_axis',(0.,1.,0.));
#7495=DIRECTION('ref_axis',(0.,0.,1.));
#7496=DIRECTION('',(-1.,0.,5.16286748802622E-17));
#7497=DIRECTION('',(0.,0.,-1.));
#7498=DIRECTION('',(1.,0.,0.));
#7499=DIRECTION('',(0.,0.,1.));
#7500=DIRECTION('center_axis',(-3.6506986111509E-17,0.707106781186546,-0.707106781186549));
#7501=DIRECTION('ref_axis',(0.,0.707106781186549,0.707106781186546));
#7502=DIRECTION('',(0.,-0.707106781186549,-0.707106781186546));
#7503=DIRECTION('',(-1.,0.,5.16286748802622E-17));
#7504=DIRECTION('',(0.,0.707106781186549,0.707106781186546));
#7505=DIRECTION('center_axis',(5.59759214677279E-33,1.,1.0842021724855E-16));
#7506=DIRECTION('ref_axis',(0.,-1.0842021724855E-16,1.));
#7507=DIRECTION('',(0.,1.0842021724855E-16,-1.));
#7508=DIRECTION('',(-1.,0.,5.16286748802622E-17));
#7509=DIRECTION('',(0.,-1.0842021724855E-16,1.));
#7510=DIRECTION('',(1.,-5.59759214677279E-33,-6.06892156621885E-49));
#7511=DIRECTION('',(-1.92747052886312E-15,1.0842021724855E-16,-1.));
#7512=DIRECTION('',(-1.,2.14574365626291E-31,-1.92747052886312E-15));
#7513=DIRECTION('',(-2.69729847387505E-49,-1.0842021724855E-16,1.));
#7514=DIRECTION('center_axis',(3.6506986111509E-17,0.707106781186546,0.707106781186549));
#7515=DIRECTION('ref_axis',(0.,-0.707106781186549,0.707106781186546));
#7516=DIRECTION('',(0.,0.707106781186549,-0.707106781186546));
#7517=DIRECTION('',(0.,-0.707106781186549,0.707106781186546));
#7518=DIRECTION('center_axis',(0.,1.,0.));
#7519=DIRECTION('ref_axis',(0.,0.,1.));
#7520=DIRECTION('',(-1.,0.,0.));
#7521=DIRECTION('',(0.,0.,-1.));
#7522=DIRECTION('',(-1.,0.,5.16286748802622E-17));
#7523=DIRECTION('',(0.,0.,1.));
#7524=DIRECTION('',(1.,0.,-3.46944695195361E-16));
#7525=DIRECTION('',(0.,0.,1.));
#7526=DIRECTION('',(1.,0.,-3.46944695195361E-16));
#7527=DIRECTION('',(0.,0.,1.));
#7528=DIRECTION('center_axis',(0.,1.,0.));
#7529=DIRECTION('ref_axis',(0.,0.,1.));
#7530=DIRECTION('',(-1.,0.,5.16286748802622E-17));
#7531=DIRECTION('',(0.,0.,-1.));
#7532=DIRECTION('',(1.,0.,0.));
#7533=DIRECTION('',(0.,0.,1.));
#7534=DIRECTION('center_axis',(-1.,0.,5.16286748802622E-17));
#7535=DIRECTION('ref_axis',(5.16286748802622E-17,0.,1.));
#7536=DIRECTION('',(0.,-1.,0.));
#7537=DIRECTION('',(-5.16286748802622E-17,0.,-1.));
#7538=DIRECTION('',(0.,-1.,0.));
#7539=DIRECTION('center_axis',(1.,0.,0.));
#7540=DIRECTION('ref_axis',(0.,0.,-1.));
#7541=DIRECTION('',(0.,-0.707106781186549,-0.707106781186546));
#7542=DIRECTION('',(-1.0842021724855E-16,1.0842021724855E-16,-1.));
#7543=DIRECTION('',(0.,0.707106781186549,-0.707106781186546));
#7544=DIRECTION('',(0.,-1.,0.));
#7545=DIRECTION('',(0.,0.,1.));
#7546=DIRECTION('',(0.,-1.,0.));
#7547=DIRECTION('center_axis',(0.,-1.,0.));
#7548=DIRECTION('ref_axis',(0.,0.,-1.));
#7549=DIRECTION('',(-1.,0.,0.));
#7550=DIRECTION('',(0.,0.,1.));
#7551=DIRECTION('',(-1.,0.,-8.67361737988404E-17));
#7552=DIRECTION('center_axis',(0.,0.,-1.));
#7553=DIRECTION('ref_axis',(-1.,0.,0.));
#7554=DIRECTION('',(0.,1.,3.25260651745651E-16));
#7555=DIRECTION('center_axis',(0.,0.,-1.));
#7556=DIRECTION('ref_axis',(-1.,0.,0.));
#7557=DIRECTION('',(0.,1.,0.));
#7558=DIRECTION('',(-0.707106781186543,0.707106781186552,0.));
#7559=DIRECTION('',(-1.,0.,0.));
#7560=DIRECTION('',(0.,1.,0.));
#7561=DIRECTION('',(0.,1.,0.));
#7562=DIRECTION('',(1.,0.,0.));
#7563=DIRECTION('',(0.,1.,0.));
#7564=DIRECTION('',(0.,1.,0.));
#7565=DIRECTION('',(1.,0.,0.));
#7566=DIRECTION('',(0.,1.,0.));
#7567=DIRECTION('',(0.,1.,0.));
#7568=DIRECTION('',(1.,0.,0.));
#7569=DIRECTION('',(0.,1.,0.));
#7570=DIRECTION('',(0.,1.,0.));
#7571=DIRECTION('',(-1.,0.,0.));
#7572=DIRECTION('',(-0.707106781186543,-0.707106781186552,0.));
#7573=DIRECTION('',(0.,1.,0.));
#7574=DIRECTION('',(1.,0.,0.));
#7575=DIRECTION('',(0.,1.,1.35525271560688E-16));
#7576=DIRECTION('',(1.,0.,0.));
#7577=DIRECTION('',(0.,1.,1.35525271560688E-16));
#7578=DIRECTION('',(1.,0.,0.));
#7579=DIRECTION('center_axis',(0.,-1.,0.));
#7580=DIRECTION('ref_axis',(0.,0.,-1.));
#7581=DIRECTION('',(0.,0.,-1.));
#7582=DIRECTION('',(1.,0.,0.));
#7583=DIRECTION('',(0.,0.,-1.));
#7584=DIRECTION('',(1.,0.,0.));
#7585=DIRECTION('',(0.,0.,1.));
#7586=DIRECTION('',(-1.,0.,-9.6373526443156E-17));
#7587=DIRECTION('',(0.,0.,1.));
#7588=DIRECTION('',(-1.,0.,-8.67361737988404E-17));
#7589=DIRECTION('',(0.,0.,1.));
#7590=DIRECTION('',(1.,0.,0.));
#7591=DIRECTION('',(0.,0.,1.));
#7592=DIRECTION('center_axis',(0.,0.,-1.));
#7593=DIRECTION('ref_axis',(-1.,0.,0.));
#7594=DIRECTION('',(0.,-1.,0.));
#7595=DIRECTION('',(0.,1.,0.));
#7596=DIRECTION('center_axis',(1.,0.,0.));
#7597=DIRECTION('ref_axis',(0.,0.,-1.));
#7598=DIRECTION('',(0.,-1.,0.));
#7599=DIRECTION('center_axis',(0.,0.,-1.));
#7600=DIRECTION('ref_axis',(-1.,0.,0.));
#7601=DIRECTION('',(0.,1.,0.));
#7602=DIRECTION('',(0.,-1.,0.));
#7603=DIRECTION('',(1.,0.,0.));
#7604=DIRECTION('center_axis',(-1.,0.,3.46944695195361E-16));
#7605=DIRECTION('ref_axis',(3.46944695195361E-16,0.,1.));
#7606=DIRECTION('',(0.,1.,3.25260651745651E-16));
#7607=DIRECTION('',(-3.46944695195361E-16,0.,-1.));
#7608=DIRECTION('',(0.,-1.,0.));
#7609=DIRECTION('',(-3.46944695195361E-16,0.,-1.));
#7610=DIRECTION('center_axis',(-8.67361737988404E-17,0.,1.));
#7611=DIRECTION('ref_axis',(1.,0.,8.67361737988404E-17));
#7612=DIRECTION('',(0.,1.,0.));
#7613=DIRECTION('',(-1.,0.,0.));
#7614=DIRECTION('',(0.,1.,0.));
#7615=DIRECTION('',(-1.,0.,-8.67361737988404E-17));
#7616=DIRECTION('',(-1.,0.,-8.67361737988404E-17));
#7617=DIRECTION('',(0.,1.,0.));
#7618=DIRECTION('',(-1.,0.,0.));
#7619=DIRECTION('',(0.,1.,0.));
#7620=DIRECTION('',(0.,1.,0.));
#7621=DIRECTION('',(-1.,0.,0.));
#7622=DIRECTION('',(0.,1.,0.));
#7623=DIRECTION('',(0.,1.,0.));
#7624=DIRECTION('',(-1.,0.,-1.73472347597681E-15));
#7625=DIRECTION('',(0.,1.,0.));
#7626=DIRECTION('center_axis',(0.,-1.,0.));
#7627=DIRECTION('ref_axis',(0.,0.,-1.));
#7628=DIRECTION('',(1.,0.,0.));
#7629=DIRECTION('',(0.,0.,1.));
#7630=DIRECTION('',(0.,0.,-1.));
#7631=DIRECTION('',(0.,0.,-1.));
#7632=DIRECTION('',(-1.,0.,-9.6373526443156E-17));
#7633=DIRECTION('',(-4.33680868994202E-16,0.,-1.));
#7634=DIRECTION('',(1.,0.,0.));
#7635=DIRECTION('',(0.,0.,1.));
#7636=DIRECTION('center_axis',(0.,-1.,0.));
#7637=DIRECTION('ref_axis',(0.,0.,-1.));
#7638=DIRECTION('',(-1.,0.,0.));
#7639=DIRECTION('center_axis',(-1.,0.,0.));
#7640=DIRECTION('ref_axis',(0.,0.,1.));
#7641=DIRECTION('center_axis',(0.,0.,-1.));
#7642=DIRECTION('ref_axis',(-1.,0.,0.));
#7643=DIRECTION('center_axis',(1.,0.,0.));
#7644=DIRECTION('ref_axis',(0.,0.,-1.));
#7645=DIRECTION('center_axis',(-1.,0.,0.));
#7646=DIRECTION('ref_axis',(0.,0.,1.));
#7647=DIRECTION('',(0.,1.,0.));
#7648=DIRECTION('',(0.,0.,1.));
#7649=DIRECTION('',(0.,1.,0.));
#7650=DIRECTION('center_axis',(9.6373526443156E-17,0.,-1.));
#7651=DIRECTION('ref_axis',(-1.,0.,-9.6373526443156E-17));
#7652=DIRECTION('',(1.,0.,0.));
#7653=DIRECTION('',(0.,1.,0.));
#7654=DIRECTION('',(-1.,0.,-9.6373526443156E-17));
#7655=DIRECTION('',(0.,1.,0.));
#7656=DIRECTION('',(0.,1.,0.));
#7657=DIRECTION('center_axis',(1.,0.,-4.33680868994202E-16));
#7658=DIRECTION('ref_axis',(-4.33680868994202E-16,0.,-1.));
#7659=DIRECTION('',(-4.33680868994202E-16,0.,-1.));
#7660=DIRECTION('',(0.,1.,0.));
#7661=DIRECTION('center_axis',(0.,0.,1.));
#7662=DIRECTION('ref_axis',(1.,0.,0.));
#7663=DIRECTION('',(1.,0.,0.));
#7664=DIRECTION('',(0.,1.,0.));
#7665=DIRECTION('center_axis',(-1.,0.,0.));
#7666=DIRECTION('ref_axis',(0.,0.,1.));
#7667=DIRECTION('',(0.,0.,1.));
#7668=DIRECTION('',(0.,1.,0.));
#7669=DIRECTION('center_axis',(0.,0.,1.));
#7670=DIRECTION('ref_axis',(1.,0.,0.));
#7671=DIRECTION('',(0.707106781186544,-0.707106781186552,0.));
#7672=DIRECTION('',(0.,1.,0.));
#7673=DIRECTION('',(-1.,0.,0.));
#7674=DIRECTION('',(0.,1.,0.));
#7675=DIRECTION('',(0.707106781186544,0.707106781186552,0.));
#7676=DIRECTION('',(1.,0.,0.));
#7677=DIRECTION('',(0.,1.,0.));
#7678=DIRECTION('center_axis',(1.,0.,0.));
#7679=DIRECTION('ref_axis',(0.,0.,-1.));
#7680=DIRECTION('',(0.,0.,-1.));
#7681=DIRECTION('',(0.,1.,0.));
#7682=DIRECTION('center_axis',(0.,0.,1.));
#7683=DIRECTION('ref_axis',(1.,0.,0.));
#7684=DIRECTION('',(1.,0.,0.));
#7685=DIRECTION('center_axis',(0.,1.,0.));
#7686=DIRECTION('ref_axis',(0.,0.,1.));
#7687=DIRECTION('',(1.,0.,1.92747052886312E-15));
#7688=DIRECTION('',(3.37162309234382E-49,0.,1.));
#7689=DIRECTION('',(-1.,0.,1.92747052886312E-15));
#7690=DIRECTION('',(-3.37162309234381E-49,0.,-1.));
#7691=DIRECTION('',(3.37162309234383E-49,0.,1.));
#7692=DIRECTION('',(-1.,0.,0.));
#7693=DIRECTION('',(-3.37162309234383E-49,0.,-1.));
#7694=DIRECTION('',(1.,0.,0.));
#7695=DIRECTION('',(-1.92747052886312E-15,0.,-1.));
#7696=DIRECTION('',(1.,0.,0.));
#7697=DIRECTION('',(3.37162309234381E-49,0.,1.));
#7698=DIRECTION('',(-1.,0.,-1.92747052886312E-15));
#7699=DIRECTION('',(-3.37162309234382E-49,0.,-1.));
#7700=DIRECTION('',(1.,0.,0.));
#7701=DIRECTION('',(3.37162309234382E-49,0.,1.));
#7702=DIRECTION('',(-1.,0.,0.));
#7703=DIRECTION('center_axis',(-1.,0.,0.));
#7704=DIRECTION('ref_axis',(0.,0.,1.));
#7705=DIRECTION('',(0.,0.,1.));
#7706=DIRECTION('center_axis',(1.,0.,0.));
#7707=DIRECTION('ref_axis',(0.,0.,-1.));
#7708=DIRECTION('',(0.,0.,-1.));
#7709=DIRECTION('center_axis',(0.,1.,0.));
#7710=DIRECTION('ref_axis',(0.,0.,1.));
#7711=DIRECTION('center_axis',(-1.,0.,0.));
#7712=DIRECTION('ref_axis',(0.,0.,1.));
#7713=DIRECTION('',(0.,0.,1.));
#7714=DIRECTION('',(0.,0.,1.));
#7715=DIRECTION('center_axis',(1.,0.,0.));
#7716=DIRECTION('ref_axis',(0.,0.,-1.));
#7717=DIRECTION('',(0.,0.,-1.));
#7718=DIRECTION('',(0.,0.,-1.));
#7719=DIRECTION('center_axis',(0.,1.,0.));
#7720=DIRECTION('ref_axis',(0.,0.,1.));
#7721=DIRECTION('',(1.,0.,0.));
#7722=DIRECTION('center_axis',(-3.6506986111509E-17,0.707106781186546,-0.707106781186549));
#7723=DIRECTION('ref_axis',(0.,0.707106781186549,0.707106781186546));
#7724=DIRECTION('',(0.,-0.707106781186549,-0.707106781186546));
#7725=DIRECTION('',(-1.,0.,5.16286748802622E-17));
#7726=DIRECTION('center_axis',(5.59759214677279E-33,1.,1.0842021724855E-16));
#7727=DIRECTION('ref_axis',(0.,-1.0842021724855E-16,1.));
#7728=DIRECTION('',(0.,1.0842021724855E-16,-1.));
#7729=DIRECTION('',(-1.,0.,5.16286748802622E-17));
#7730=DIRECTION('',(-1.,5.59759214677279E-33,6.06892156621885E-49));
#7731=DIRECTION('',(-2.69729847387502E-49,-1.0842021724855E-16,1.));
#7732=DIRECTION('',(1.,-5.59759214677279E-33,-6.06892156621885E-49));
#7733=DIRECTION('',(2.69729847387502E-49,1.0842021724855E-16,-1.));
#7734=DIRECTION('center_axis',(3.6506986111509E-17,0.707106781186546,0.707106781186549));
#7735=DIRECTION('ref_axis',(0.,-0.707106781186549,0.707106781186546));
#7736=DIRECTION('',(0.,0.707106781186549,-0.707106781186546));
#7737=DIRECTION('center_axis',(0.,-1.,0.));
#7738=DIRECTION('ref_axis',(0.,0.,-1.));
#7739=DIRECTION('',(0.,0.,-1.));
#7740=DIRECTION('',(1.,0.,0.));
#7741=DIRECTION('',(0.,0.,-1.));
#7742=DIRECTION('center_axis',(0.,0.400818834019708,0.916157334902189));
#7743=DIRECTION('ref_axis',(0.,-0.916157334902189,0.400818834019708));
#7744=DIRECTION('',(0.,-0.916157334902189,0.400818834019708));
#7745=DIRECTION('',(0.,-0.916157334902189,0.400818834019708));
#7746=DIRECTION('center_axis',(-1.,0.,0.));
#7747=DIRECTION('ref_axis',(0.,0.,1.));
#7748=DIRECTION('center_axis',(-1.,0.,0.));
#7749=DIRECTION('ref_axis',(0.,0.,1.));
#7750=DIRECTION('center_axis',(-1.,0.,0.));
#7751=DIRECTION('ref_axis',(0.,0.,1.));
#7752=DIRECTION('',(0.,0.,1.));
#7753=DIRECTION('center_axis',(1.,0.,0.));
#7754=DIRECTION('ref_axis',(0.,0.,-1.));
#7755=DIRECTION('',(0.,0.,-1.));
#7756=DIRECTION('center_axis',(0.,-1.,0.));
#7757=DIRECTION('ref_axis',(0.,0.,-1.));
#7758=DIRECTION('center_axis',(-1.,0.,0.));
#7759=DIRECTION('ref_axis',(0.,0.,1.));
#7760=DIRECTION('',(0.,0.,1.));
#7761=DIRECTION('center_axis',(1.,0.,0.));
#7762=DIRECTION('ref_axis',(0.,0.,-1.));
#7763=DIRECTION('',(0.,0.,-1.));
#7764=DIRECTION('center_axis',(0.,-1.,0.));
#7765=DIRECTION('ref_axis',(0.,0.,-1.));
#7766=DIRECTION('center_axis',(-1.,0.,0.));
#7767=DIRECTION('ref_axis',(0.,0.,1.));
#7768=DIRECTION('',(0.,0.,1.));
#7769=DIRECTION('center_axis',(1.,0.,0.));
#7770=DIRECTION('ref_axis',(0.,0.,-1.));
#7771=DIRECTION('',(0.,0.,-1.));
#7772=DIRECTION('center_axis',(0.,-1.,0.));
#7773=DIRECTION('ref_axis',(0.,0.,-1.));
#7774=DIRECTION('center_axis',(-0.707106781186552,-0.707106781186543,0.));
#7775=DIRECTION('ref_axis',(0.,0.,1.));
#7776=DIRECTION('center_axis',(0.707106781186552,-0.707106781186543,0.));
#7777=DIRECTION('ref_axis',(0.,0.,-1.));
#7778=DIRECTION('center_axis',(0.,1.,6.02334540269727E-17));
#7779=DIRECTION('ref_axis',(0.,-6.02334540269727E-17,1.));
#7780=DIRECTION('',(3.79822709830392E-65,-6.02334540269727E-17,1.));
#7781=DIRECTION('',(1.,0.,0.));
#7782=DIRECTION('',(-3.79822709830392E-65,6.02334540269727E-17,-1.));
#7783=DIRECTION('',(-1.,0.,0.));
#7784=DIRECTION('center_axis',(0.,-1.0842021724855E-16,1.));
#7785=DIRECTION('ref_axis',(0.,-1.,-1.0842021724855E-16));
#7786=DIRECTION('',(-5.59759214677279E-33,-1.,-1.0842021724855E-16));
#7787=DIRECTION('',(-1.,0.,0.));
#7788=DIRECTION('',(-5.59759214677279E-33,-1.,-1.0842021724855E-16));
#7789=DIRECTION('center_axis',(-1.,5.59759214677279E-33,3.37162309234382E-49));
#7790=DIRECTION('ref_axis',(-5.59759214677279E-33,-1.,0.));
#7791=DIRECTION('',(-3.79822709830392E-65,6.02334540269727E-17,-1.));
#7792=DIRECTION('',(-5.59759214677279E-33,-1.,-1.0842021724855E-16));
#7793=DIRECTION('center_axis',(0.,1.0842021724855E-16,-1.));
#7794=DIRECTION('ref_axis',(0.,1.,1.0842021724855E-16));
#7795=DIRECTION('',(1.,0.,0.));
#7796=DIRECTION('',(-5.59759214677279E-33,-1.,-1.0842021724855E-16));
#7797=DIRECTION('center_axis',(1.,-5.59759214677279E-33,-3.37162309234382E-49));
#7798=DIRECTION('ref_axis',(5.59759214677279E-33,1.,0.));
#7799=DIRECTION('',(3.79822709830392E-65,-6.02334540269727E-17,1.));
#7800=DIRECTION('center_axis',(1.,-5.59759214677279E-33,-3.37162309234382E-49));
#7801=DIRECTION('ref_axis',(5.59759214677279E-33,1.,0.));
#7802=DIRECTION('',(-5.59759214677279E-33,-1.,-1.0842021724855E-16));
#7803=DIRECTION('',(-3.79822709830392E-65,6.02334540269727E-17,-1.));
#7804=DIRECTION('',(-5.59759214677279E-33,-1.,-1.0842021724855E-16));
#7805=DIRECTION('center_axis',(0.,1.0842021724855E-16,-1.));
#7806=DIRECTION('ref_axis',(0.,1.,1.0842021724855E-16));
#7807=DIRECTION('',(-1.,0.,0.));
#7808=DIRECTION('',(-5.59759214677279E-33,-1.,-1.0842021724855E-16));
#7809=DIRECTION('center_axis',(-1.,5.59759214677279E-33,3.37162309234382E-49));
#7810=DIRECTION('ref_axis',(-5.59759214677279E-33,-1.,0.));
#7811=DIRECTION('',(3.79822709830392E-65,-6.02334540269727E-17,1.));
#7812=DIRECTION('',(-5.59759214677279E-33,-1.,-1.0842021724855E-16));
#7813=DIRECTION('center_axis',(0.,-1.0842021724855E-16,1.));
#7814=DIRECTION('ref_axis',(0.,-1.,-1.0842021724855E-16));
#7815=DIRECTION('',(1.,0.,0.));
#7816=DIRECTION('center_axis',(0.,1.,6.02334540269727E-17));
#7817=DIRECTION('ref_axis',(0.,-6.02334540269727E-17,1.));
#7818=DIRECTION('',(-3.79822709830392E-65,6.02334540269727E-17,-1.));
#7819=DIRECTION('',(1.,0.,0.));
#7820=DIRECTION('',(3.79822709830392E-65,-6.02334540269727E-17,1.));
#7821=DIRECTION('',(-1.,0.,0.));
#7822=DIRECTION('center_axis',(-1.16098207488621E-31,1.,6.02334540269725E-17));
#7823=DIRECTION('ref_axis',(0.,-6.02334540269725E-17,1.));
#7824=DIRECTION('',(-1.21543267145725E-63,-6.02334540269725E-17,1.));
#7825=DIRECTION('',(1.,1.16098207488621E-31,1.25873928780836E-47));
#7826=DIRECTION('',(-1.92747052886312E-15,6.02334540269725E-17,-1.));
#7827=DIRECTION('',(-1.,0.,-1.92747052886312E-15));
#7828=DIRECTION('center_axis',(0.,-1.0842021724855E-16,1.));
#7829=DIRECTION('ref_axis',(0.,-1.,-1.0842021724855E-16));
#7830=DIRECTION('',(-5.59759214677279E-33,-1.,-1.0842021724855E-16));
#7831=DIRECTION('',(-1.,-1.16098207488621E-31,-1.25873928780836E-47));
#7832=DIRECTION('',(-5.59759214677279E-33,-1.,-1.0842021724855E-16));
#7833=DIRECTION('center_axis',(-1.,5.59759214677279E-33,3.37162309234381E-49));
#7834=DIRECTION('ref_axis',(-5.59759214677279E-33,-1.,0.));
#7835=DIRECTION('',(6.83680877694706E-64,6.02334540269725E-17,-1.));
#7836=DIRECTION('',(-5.59759214677279E-33,-1.,-1.0842021724855E-16));
#7837=DIRECTION('center_axis',(1.92747052886312E-15,1.0842021724855E-16,
-1.));
#7838=DIRECTION('ref_axis',(-1.,0.,-1.92747052886312E-15));
#7839=DIRECTION('',(1.,0.,1.92747052886312E-15));
#7840=DIRECTION('',(-5.59759214677279E-33,-1.,-1.0842021724855E-16));
#7841=DIRECTION('center_axis',(1.,2.03379181332745E-31,-1.92747052886312E-15));
#7842=DIRECTION('ref_axis',(-1.92747052886312E-15,0.,-1.));
#7843=DIRECTION('',(1.92747052886312E-15,-6.02334540269725E-17,1.));
#7844=DIRECTION('center_axis',(1.,2.03379181332745E-31,-1.92747052886312E-15));
#7845=DIRECTION('ref_axis',(-1.92747052886312E-15,0.,-1.));
#7846=DIRECTION('',(-5.59759214677279E-33,-1.,-1.0842021724855E-16));
#7847=DIRECTION('',(-1.92747052886312E-15,6.02334540269725E-17,-1.));
#7848=DIRECTION('',(-5.59759214677279E-33,-1.,-1.0842021724855E-16));
#7849=DIRECTION('center_axis',(1.92747052886312E-15,1.0842021724855E-16,
-1.));
#7850=DIRECTION('ref_axis',(-1.,0.,-1.92747052886312E-15));
#7851=DIRECTION('',(-1.,0.,-1.92747052886312E-15));
#7852=DIRECTION('',(-5.59759214677279E-33,-1.,-1.0842021724855E-16));
#7853=DIRECTION('center_axis',(-1.,5.59759214677279E-33,3.37162309234381E-49));
#7854=DIRECTION('ref_axis',(-5.59759214677279E-33,-1.,0.));
#7855=DIRECTION('',(-6.83680877694706E-64,-6.02334540269725E-17,1.));
#7856=DIRECTION('',(-5.59759214677279E-33,-1.,-1.0842021724855E-16));
#7857=DIRECTION('center_axis',(0.,-1.0842021724855E-16,1.));
#7858=DIRECTION('ref_axis',(0.,-1.,-1.0842021724855E-16));
#7859=DIRECTION('',(1.,1.16098207488621E-31,1.25873928780836E-47));
#7860=DIRECTION('center_axis',(-1.16098207488621E-31,1.,6.02334540269725E-17));
#7861=DIRECTION('ref_axis',(0.,-6.02334540269725E-17,1.));
#7862=DIRECTION('',(1.21543267145725E-63,6.02334540269725E-17,-1.));
#7863=DIRECTION('',(1.,0.,1.92747052886312E-15));
#7864=DIRECTION('',(1.92747052886312E-15,-6.02334540269725E-17,1.));
#7865=DIRECTION('',(-1.,-1.16098207488621E-31,-1.25873928780836E-47));
#7866=DIRECTION('center_axis',(0.,-1.,-6.02334540269728E-17));
#7867=DIRECTION('ref_axis',(0.,6.02334540269728E-17,-1.));
#7868=DIRECTION('',(0.,-6.02334540269728E-17,1.));
#7869=DIRECTION('',(-1.,0.,0.));
#7870=DIRECTION('',(0.,6.02334540269728E-17,-1.));
#7871=DIRECTION('',(1.,0.,0.));
#7872=DIRECTION('center_axis',(0.,1.0842021724855E-16,-1.));
#7873=DIRECTION('ref_axis',(0.,1.,1.0842021724855E-16));
#7874=DIRECTION('',(-5.59759214677279E-33,-1.,-1.0842021724855E-16));
#7875=DIRECTION('',(-1.,0.,0.));
#7876=DIRECTION('',(-5.59759214677279E-33,-1.,-1.0842021724855E-16));
#7877=DIRECTION('center_axis',(1.,-5.59759214677279E-33,-3.37162309234383E-49));
#7878=DIRECTION('ref_axis',(5.59759214677279E-33,1.,0.));
#7879=DIRECTION('',(-5.59759214677279E-33,-1.,-1.0842021724855E-16));
#7880=DIRECTION('',(0.,6.02334540269728E-17,-1.));
#7881=DIRECTION('center_axis',(0.,-1.0842021724855E-16,1.));
#7882=DIRECTION('ref_axis',(0.,-1.,-1.0842021724855E-16));
#7883=DIRECTION('',(-5.59759214677279E-33,-1.,-1.0842021724855E-16));
#7884=DIRECTION('',(1.,0.,0.));
#7885=DIRECTION('center_axis',(-1.,5.59759214677279E-33,3.37162309234383E-49));
#7886=DIRECTION('ref_axis',(-5.59759214677279E-33,-1.,0.));
#7887=DIRECTION('',(0.,-6.02334540269728E-17,1.));
#7888=DIRECTION('center_axis',(-1.,5.59759214677279E-33,3.37162309234383E-49));
#7889=DIRECTION('ref_axis',(-5.59759214677279E-33,-1.,0.));
#7890=DIRECTION('',(-5.59759214677279E-33,-1.,-1.0842021724855E-16));
#7891=DIRECTION('',(0.,6.02334540269728E-17,-1.));
#7892=DIRECTION('',(-5.59759214677279E-33,-1.,-1.0842021724855E-16));
#7893=DIRECTION('center_axis',(0.,-1.0842021724855E-16,1.));
#7894=DIRECTION('ref_axis',(0.,-1.,-1.0842021724855E-16));
#7895=DIRECTION('',(-5.59759214677279E-33,-1.,-1.0842021724855E-16));
#7896=DIRECTION('',(-1.,0.,0.));
#7897=DIRECTION('center_axis',(1.,-5.59759214677279E-33,-3.37162309234383E-49));
#7898=DIRECTION('ref_axis',(5.59759214677279E-33,1.,0.));
#7899=DIRECTION('',(-5.59759214677279E-33,-1.,-1.0842021724855E-16));
#7900=DIRECTION('',(0.,-6.02334540269728E-17,1.));
#7901=DIRECTION('center_axis',(0.,1.0842021724855E-16,-1.));
#7902=DIRECTION('ref_axis',(0.,1.,1.0842021724855E-16));
#7903=DIRECTION('',(1.,0.,0.));
#7904=DIRECTION('center_axis',(0.,-1.,-6.02334540269728E-17));
#7905=DIRECTION('ref_axis',(0.,6.02334540269728E-17,-1.));
#7906=DIRECTION('',(0.,6.02334540269728E-17,-1.));
#7907=DIRECTION('',(-1.,0.,0.));
#7908=DIRECTION('',(0.,-6.02334540269728E-17,1.));
#7909=DIRECTION('',(1.,0.,0.));
#7910=DIRECTION('center_axis',(-1.16098207488621E-31,1.,6.02334540269724E-17));
#7911=DIRECTION('ref_axis',(0.,-6.02334540269724E-17,1.));
#7912=DIRECTION('',(-1.,-2.32196414977242E-31,1.92747052886312E-15));
#7913=DIRECTION('',(1.21543267145725E-63,-6.02334540269724E-17,1.));
#7914=DIRECTION('',(1.,2.18952885050753E-47,1.92747052886312E-15));
#7915=DIRECTION('',(0.,6.02334540269724E-17,-1.));
#7916=DIRECTION('center_axis',(-1.,5.59759214677279E-33,3.37162309234382E-49));
#7917=DIRECTION('ref_axis',(-5.59759214677279E-33,-1.,0.));
#7918=DIRECTION('',(-5.59759214677279E-33,-1.,-1.0842021724855E-16));
#7919=DIRECTION('',(-1.32937948440637E-63,6.02334540269724E-17,-1.));
#7920=DIRECTION('',(-5.59759214677279E-33,-1.,-1.0842021724855E-16));
#7921=DIRECTION('center_axis',(-1.92747052886312E-15,1.0842021724855E-16,
-1.));
#7922=DIRECTION('ref_axis',(-1.,0.,1.92747052886312E-15));
#7923=DIRECTION('',(1.,2.32196414977242E-31,-1.92747052886312E-15));
#7924=DIRECTION('',(-5.59759214677279E-33,-1.,-1.0842021724855E-16));
#7925=DIRECTION('center_axis',(1.,-5.59759214677279E-33,-3.37162309234381E-49));
#7926=DIRECTION('ref_axis',(5.59759214677279E-33,1.,0.));
#7927=DIRECTION('',(0.,-6.02334540269724E-17,1.));
#7928=DIRECTION('',(-5.59759214677279E-33,-1.,-1.0842021724855E-16));
#7929=DIRECTION('center_axis',(-1.92747052886312E-15,-1.0842021724855E-16,
1.));
#7930=DIRECTION('ref_axis',(1.,0.,1.92747052886312E-15));
#7931=DIRECTION('',(-1.,0.,-1.92747052886312E-15));
#7932=DIRECTION('center_axis',(-1.92747052886312E-15,-1.0842021724855E-16,
1.));
#7933=DIRECTION('ref_axis',(1.,0.,1.92747052886312E-15));
#7934=DIRECTION('',(-5.59759214677279E-33,-1.,-1.0842021724855E-16));
#7935=DIRECTION('',(1.,0.,1.92747052886312E-15));
#7936=DIRECTION('',(-5.59759214677279E-33,-1.,-1.0842021724855E-16));
#7937=DIRECTION('center_axis',(1.,-5.59759214677279E-33,-3.37162309234381E-49));
#7938=DIRECTION('ref_axis',(5.59759214677279E-33,1.,0.));
#7939=DIRECTION('',(0.,6.02334540269724E-17,-1.));
#7940=DIRECTION('',(-5.59759214677279E-33,-1.,-1.0842021724855E-16));
#7941=DIRECTION('center_axis',(-1.92747052886312E-15,1.0842021724855E-16,
-1.));
#7942=DIRECTION('ref_axis',(-1.,0.,1.92747052886312E-15));
#7943=DIRECTION('',(-1.,-2.32196414977242E-31,1.92747052886312E-15));
#7944=DIRECTION('',(-5.59759214677279E-33,-1.,-1.0842021724855E-16));
#7945=DIRECTION('center_axis',(-1.,5.59759214677279E-33,3.37162309234382E-49));
#7946=DIRECTION('ref_axis',(-5.59759214677279E-33,-1.,0.));
#7947=DIRECTION('',(1.32937948440637E-63,-6.02334540269724E-17,1.));
#7948=DIRECTION('center_axis',(-1.16098207488621E-31,1.,6.02334540269724E-17));
#7949=DIRECTION('ref_axis',(0.,-6.02334540269724E-17,1.));
#7950=DIRECTION('',(1.,2.32196414977242E-31,-1.92747052886312E-15));
#7951=DIRECTION('',(0.,-6.02334540269724E-17,1.));
#7952=DIRECTION('',(-1.,-2.18952885050753E-47,-1.92747052886312E-15));
#7953=DIRECTION('',(-1.21543267145725E-63,6.02334540269724E-17,-1.));
#7954=DIRECTION('center_axis',(0.,-0.707106781186543,0.707106781186552));
#7955=DIRECTION('ref_axis',(1.,0.,0.));
#7956=DIRECTION('',(-0.577350269189624,-0.577350269189631,-0.577350269189623));
#7957=DIRECTION('',(-0.577350269189624,0.577350269189631,0.577350269189623));
#7958=DIRECTION('center_axis',(-0.707106781186552,-0.707106781186543,-4.25914837967603E-17));
#7959=DIRECTION('ref_axis',(0.,-6.02334540269727E-17,1.));
#7960=DIRECTION('',(-0.577350269189624,0.577350269189631,-0.577350269189623));
#7961=DIRECTION('center_axis',(0.707106781186552,-0.707106781186543,-4.25914837967603E-17));
#7962=DIRECTION('ref_axis',(0.,6.02334540269727E-17,-1.));
#7963=DIRECTION('',(-0.577350269189624,-0.577350269189631,0.577350269189623));
#7964=DIRECTION('center_axis',(0.,-0.707106781186543,-0.707106781186552));
#7965=DIRECTION('ref_axis',(-1.,0.,0.));
#7966=DIRECTION('center_axis',(8.20938297988077E-32,-0.707106781186555,
0.70710678118654));
#7967=DIRECTION('ref_axis',(1.,1.16098207488621E-31,2.18952885050753E-47));
#7968=DIRECTION('',(-0.577350269189631,-0.577350269189617,-0.577350269189629));
#7969=DIRECTION('',(-0.577350269189631,0.577350269189617,0.57735026918963));
#7970=DIRECTION('center_axis',(-0.707106781186539,-0.707106781186556,-4.25914837967609E-17));
#7971=DIRECTION('ref_axis',(0.,-6.02334540269725E-17,1.));
#7972=DIRECTION('',(-0.577350269189631,0.577350269189617,-0.57735026918963));
#7973=DIRECTION('center_axis',(0.707106781186539,-0.707106781186556,-1.40551896529308E-15));
#7974=DIRECTION('ref_axis',(-1.92747052886312E-15,6.02334540269722E-17,
-1.));
#7975=DIRECTION('',(-0.57735026918963,-0.577350269189618,0.577350269189629));
#7976=DIRECTION('center_axis',(1.36292748149632E-15,-0.707106781186555,
-0.70710678118654));
#7977=DIRECTION('ref_axis',(-1.,0.,-1.92747052886312E-15));
#7978=DIRECTION('center_axis',(-0.707106781186552,-0.707106781186544,-4.25914837967601E-17));
#7979=DIRECTION('ref_axis',(0.,-6.02334540269724E-17,1.));
#7980=DIRECTION('',(0.577350269189624,-0.577350269189631,-0.577350269189623));
#7981=DIRECTION('',(-0.577350269189624,0.577350269189631,-0.577350269189623));
#7982=DIRECTION('center_axis',(-1.36292748149634E-15,-0.707106781186544,
-0.707106781186552));
#7983=DIRECTION('ref_axis',(-1.,-1.97215226305253E-31,1.92747052886312E-15));
#7984=DIRECTION('',(0.577350269189623,0.57735026918963,-0.577350269189624));
#7985=DIRECTION('center_axis',(-1.36292748149634E-15,-0.707106781186544,
0.707106781186552));
#7986=DIRECTION('ref_axis',(1.,-1.97215226305253E-31,1.92747052886312E-15));
#7987=DIRECTION('',(-0.577350269189623,-0.57735026918963,-0.577350269189624));
#7988=DIRECTION('center_axis',(0.707106781186552,-0.707106781186544,-4.25914837967601E-17));
#7989=DIRECTION('ref_axis',(0.,6.02334540269724E-17,-1.));
#7990=DIRECTION('center_axis',(0.,0.707106781186558,0.707106781186537));
#7991=DIRECTION('ref_axis',(1.,0.,0.));
#7992=DIRECTION('',(0.577350269189632,-0.577350269189614,0.577350269189631));
#7993=DIRECTION('',(0.577350269189629,0.577350269189615,-0.577350269189633));
#7994=DIRECTION('center_axis',(-0.707106781186539,0.707106781186556,4.25914837967612E-17));
#7995=DIRECTION('ref_axis',(0.,-6.02334540269728E-17,1.));
#7996=DIRECTION('',(0.577350269189629,0.577350269189616,0.577350269189633));
#7997=DIRECTION('center_axis',(0.707106781186536,0.707106781186559,4.25914837967613E-17));
#7998=DIRECTION('ref_axis',(0.,6.02334540269728E-17,-1.));
#7999=DIRECTION('',(0.577350269189632,-0.577350269189614,-0.577350269189631));
#8000=DIRECTION('center_axis',(0.,0.707106781186558,-0.707106781186537));
#8001=DIRECTION('ref_axis',(-1.,0.,0.));
#8002=DIRECTION('center_axis',(0.,0.707106781186541,0.707106781186554));
#8003=DIRECTION('ref_axis',(1.,0.,0.));
#8004=DIRECTION('',(0.577350269189622,-0.577350269189633,0.577350269189623));
#8005=DIRECTION('',(0.577350269189625,0.577350269189631,-0.577350269189621));
#8006=DIRECTION('center_axis',(-0.707106781186551,0.707106781186544,4.25914837967604E-17));
#8007=DIRECTION('ref_axis',(0.,-6.02334540269728E-17,1.));
#8008=DIRECTION('',(0.577350269189625,0.577350269189631,0.577350269189621));
#8009=DIRECTION('center_axis',(0.707106781186554,0.707106781186541,4.25914837967603E-17));
#8010=DIRECTION('ref_axis',(-6.16297582203915E-33,6.02334540269728E-17,
-1.));
#8011=DIRECTION('',(0.577350269189622,-0.577350269189633,-0.577350269189623));
#8012=DIRECTION('center_axis',(0.,0.707106781186541,-0.707106781186554));
#8013=DIRECTION('ref_axis',(-1.,0.,0.));
#8014=DIRECTION('center_axis',(-0.707106781186554,-0.707106781186541,-4.25914837967599E-17));
#8015=DIRECTION('ref_axis',(0.,-6.02334540269724E-17,1.));
#8016=DIRECTION('',(0.577350269189621,-0.577350269189632,-0.577350269189624));
#8017=DIRECTION('',(-0.577350269189621,0.577350269189632,-0.577350269189624));
#8018=DIRECTION('center_axis',(1.36292748149634E-15,-0.707106781186542,
-0.707106781186553));
#8019=DIRECTION('ref_axis',(-1.,0.,-1.92747052886312E-15));
#8020=DIRECTION('',(0.577350269189622,0.577350269189633,-0.577350269189623));
#8021=DIRECTION('center_axis',(1.36292748149634E-15,-0.707106781186542,
0.707106781186553));
#8022=DIRECTION('ref_axis',(1.,3.94430452610506E-31,-1.92747052886312E-15));
#8023=DIRECTION('',(-0.577350269189622,-0.577350269189633,-0.577350269189623));
#8024=DIRECTION('center_axis',(0.707106781186554,-0.707106781186541,-4.25914837967599E-17));
#8025=DIRECTION('ref_axis',(0.,6.02334540269724E-17,-1.));
#8026=DIRECTION('center_axis',(-1.36292748149635E-15,-0.707106781186541,
0.707106781186554));
#8027=DIRECTION('ref_axis',(1.,1.97215226305253E-31,1.92747052886312E-15));
#8028=DIRECTION('',(-0.577350269189622,-0.577350269189633,-0.577350269189623));
#8029=DIRECTION('',(-0.577350269189621,0.577350269189634,0.577350269189622));
#8030=DIRECTION('center_axis',(-0.707106781186554,-0.707106781186541,1.32033599769959E-15));
#8031=DIRECTION('ref_axis',(1.92747052886312E-15,-6.02334540269726E-17,
1.));
#8032=DIRECTION('',(-0.577350269189622,0.577350269189632,-0.577350269189623));
#8033=DIRECTION('center_axis',(0.707106781186554,-0.707106781186541,-4.259148379676E-17));
#8034=DIRECTION('ref_axis',(0.,6.02334540269725E-17,-1.));
#8035=DIRECTION('',(-0.577350269189622,-0.577350269189633,0.577350269189623));
#8036=DIRECTION('center_axis',(8.20938297988062E-32,-0.707106781186541,
-0.707106781186554));
#8037=DIRECTION('ref_axis',(-1.,-1.16098207488621E-31,-1.09476442525376E-47));
#8038=DIRECTION('center_axis',(0.,-0.707106781186541,0.707106781186554));
#8039=DIRECTION('ref_axis',(1.,0.,0.));
#8040=DIRECTION('',(-0.577350269189622,-0.577350269189633,-0.577350269189623));
#8041=DIRECTION('',(-0.577350269189622,0.577350269189633,0.577350269189623));
#8042=DIRECTION('center_axis',(-0.707106781186554,-0.707106781186541,-4.25914837967601E-17));
#8043=DIRECTION('ref_axis',(6.16297582203915E-33,-6.02334540269727E-17,
1.));
#8044=DIRECTION('',(-0.577350269189622,0.577350269189633,-0.577350269189623));
#8045=DIRECTION('center_axis',(0.707106781186554,-0.707106781186541,-4.25914837967601E-17));
#8046=DIRECTION('ref_axis',(6.16297582203915E-33,6.02334540269727E-17,-1.));
#8047=DIRECTION('',(-0.577350269189622,-0.577350269189633,0.577350269189623));
#8048=DIRECTION('center_axis',(0.,-0.707106781186541,-0.707106781186554));
#8049=DIRECTION('ref_axis',(-1.,0.,0.));
#8050=DIRECTION('axis',(0.,0.,1.));
#8051=DIRECTION('refdir',(1.,0.,0.));
#8052=DIRECTION('center_axis',(-1.,-3.46944695195351E-18,6.92577690219852E-15));
#8053=DIRECTION('ref_axis',(-3.46944695195636E-18,1.,-4.11069520466887E-16));
#8054=DIRECTION('',(3.46944695195351E-18,-1.,0.));
#8055=DIRECTION('',(-6.92577690219852E-15,-5.91255304213666E-31,-1.));
#8056=DIRECTION('',(3.46944695195351E-18,-1.,0.));
#8057=DIRECTION('',(6.92577690219852E-15,7.2280144832367E-16,1.));
#8058=DIRECTION('',(3.46944695195351E-18,-1.,0.));
#8059=DIRECTION('',(-6.92577690219852E-15,0.,-1.));
#8060=DIRECTION('',(-3.46944695195351E-18,1.,0.));
#8061=DIRECTION('',(6.92577690219852E-15,0.,1.));
#8062=DIRECTION('center_axis',(0.,0.,1.));
#8063=DIRECTION('ref_axis',(1.,0.,0.));
#8064=DIRECTION('',(-1.,0.,0.));
#8065=DIRECTION('',(8.53702498020082E-17,-1.,0.));
#8066=DIRECTION('',(1.,0.,0.));
#8067=DIRECTION('',(-8.34001671142696E-17,1.,0.));
#8068=DIRECTION('',(1.,0.,0.));
#8069=DIRECTION('',(8.34001671142696E-17,-1.,0.));
#8070=DIRECTION('',(-1.,0.,0.));
#8071=DIRECTION('',(8.34001671142696E-17,-1.,0.));
#8072=DIRECTION('',(-1.,0.,0.));
#8073=DIRECTION('',(-8.34001671142696E-17,1.,0.));
#8074=DIRECTION('',(1.,0.,0.));
#8075=DIRECTION('',(8.34001671142696E-17,-1.,0.));
#8076=DIRECTION('',(-1.,0.,0.));
#8077=DIRECTION('',(-8.34001671142696E-17,1.,0.));
#8078=DIRECTION('',(1.,0.,0.));
#8079=DIRECTION('',(8.34001671142696E-17,-1.,0.));
#8080=DIRECTION('',(-1.,0.,0.));
#8081=DIRECTION('',(-8.34001671142696E-17,1.,0.));
#8082=DIRECTION('',(1.,0.,0.));
#8083=DIRECTION('',(8.34001671142696E-17,-1.,0.));
#8084=DIRECTION('',(-1.,0.,0.));
#8085=DIRECTION('',(-8.34001671142696E-17,1.,0.));
#8086=DIRECTION('',(1.,0.,0.));
#8087=DIRECTION('',(8.34001671142696E-17,-1.,0.));
#8088=DIRECTION('',(-1.,0.,0.));
#8089=DIRECTION('',(-8.34001671142696E-17,1.,0.));
#8090=DIRECTION('',(1.,0.,0.));
#8091=DIRECTION('',(1.,0.,0.));
#8092=DIRECTION('',(8.34001671142696E-17,-1.,0.));
#8093=DIRECTION('',(-1.,0.,0.));
#8094=DIRECTION('',(-8.34001671142696E-17,1.,0.));
#8095=DIRECTION('center_axis',(0.,-1.,0.));
#8096=DIRECTION('ref_axis',(0.,0.,-1.));
#8097=DIRECTION('',(1.,0.,0.));
#8098=DIRECTION('',(0.,0.,-1.));
#8099=DIRECTION('center_axis',(0.,0.,1.));
#8100=DIRECTION('ref_axis',(1.,0.,0.));
#8101=DIRECTION('',(-1.,-8.53702498020082E-17,0.));
#8102=DIRECTION('',(-8.53702498020082E-17,1.,0.));
#8103=DIRECTION('center_axis',(-8.53702498020082E-17,1.,-7.2280144832367E-16));
#8104=DIRECTION('ref_axis',(0.,7.2280144832367E-16,1.));
#8105=DIRECTION('',(-1.,-8.53702498020082E-17,0.));
#8106=DIRECTION('',(0.,-7.2280144832367E-16,-1.));
#8107=DIRECTION('center_axis',(0.,-0.707106781186546,0.707106781186549));
#8108=DIRECTION('ref_axis',(1.,0.,0.));
#8109=DIRECTION('',(0.577350269189627,0.577350269189627,0.577350269189624));
#8110=DIRECTION('',(0.577350269189627,-0.577350269189627,-0.577350269189624));
#8111=DIRECTION('',(-1.,0.,0.));
#8112=DIRECTION('center_axis',(0.707106781186546,5.89728237185912E-17,0.707106781186549));
#8113=DIRECTION('ref_axis',(-8.34001671142696E-17,1.,-6.16297582203915E-33));
#8114=DIRECTION('',(0.577350269189627,0.577350269189627,-0.577350269189624));
#8115=DIRECTION('',(8.34001671142696E-17,-1.,0.));
#8116=DIRECTION('center_axis',(0.,0.707106781186546,0.707106781186549));
#8117=DIRECTION('ref_axis',(-1.,0.,0.));
#8118=DIRECTION('',(0.577350269189627,-0.577350269189627,0.577350269189624));
#8119=DIRECTION('',(1.,0.,0.));
#8120=DIRECTION('center_axis',(-0.707106781186546,-5.89728237185912E-17,
0.707106781186549));
#8121=DIRECTION('ref_axis',(8.34001671142696E-17,-1.,-6.16297582203915E-33));
#8122=DIRECTION('',(-8.34001671142696E-17,1.,0.));
#8123=DIRECTION('center_axis',(0.,-1.,0.));
#8124=DIRECTION('ref_axis',(0.,0.,-1.));
#8125=DIRECTION('',(0.,0.,1.));
#8126=DIRECTION('',(1.,0.,0.));
#8127=DIRECTION('',(0.,0.,1.));
#8128=DIRECTION('center_axis',(1.,8.34001671142696E-17,0.));
#8129=DIRECTION('ref_axis',(-8.34001671142696E-17,1.,0.));
#8130=DIRECTION('',(0.,0.,1.));
#8131=DIRECTION('',(-8.34001671142696E-17,1.,0.));
#8132=DIRECTION('center_axis',(0.,1.,0.));
#8133=DIRECTION('ref_axis',(0.,0.,1.));
#8134=DIRECTION('',(0.,0.,1.));
#8135=DIRECTION('',(-1.,0.,0.));
#8136=DIRECTION('center_axis',(-1.,-8.34001671142696E-17,0.));
#8137=DIRECTION('ref_axis',(8.34001671142696E-17,-1.,0.));
#8138=DIRECTION('',(8.34001671142696E-17,-1.,0.));
#8139=DIRECTION('center_axis',(0.,-0.707106781186546,0.707106781186549));
#8140=DIRECTION('ref_axis',(1.,0.,0.));
#8141=DIRECTION('',(0.577350269189627,0.577350269189627,0.577350269189624));
#8142=DIRECTION('',(0.577350269189627,-0.577350269189627,-0.577350269189624));
#8143=DIRECTION('',(-1.,0.,0.));
#8144=DIRECTION('center_axis',(0.707106781186546,5.89728237185912E-17,0.707106781186549));
#8145=DIRECTION('ref_axis',(-8.34001671142696E-17,1.,-6.16297582203915E-33));
#8146=DIRECTION('',(0.577350269189627,0.577350269189627,-0.577350269189624));
#8147=DIRECTION('',(8.34001671142696E-17,-1.,0.));
#8148=DIRECTION('center_axis',(0.,0.707106781186546,0.707106781186549));
#8149=DIRECTION('ref_axis',(-1.,0.,0.));
#8150=DIRECTION('',(0.577350269189627,-0.577350269189627,0.577350269189624));
#8151=DIRECTION('',(1.,0.,0.));
#8152=DIRECTION('center_axis',(-0.707106781186546,-5.89728237185912E-17,
0.707106781186549));
#8153=DIRECTION('ref_axis',(8.34001671142696E-17,-1.,-6.16297582203915E-33));
#8154=DIRECTION('',(-8.34001671142696E-17,1.,0.));
#8155=DIRECTION('center_axis',(0.,-1.,0.));
#8156=DIRECTION('ref_axis',(0.,0.,-1.));
#8157=DIRECTION('',(0.,0.,1.));
#8158=DIRECTION('',(1.,0.,0.));
#8159=DIRECTION('',(0.,0.,1.));
#8160=DIRECTION('center_axis',(1.,8.34001671142696E-17,0.));
#8161=DIRECTION('ref_axis',(-8.34001671142696E-17,1.,0.));
#8162=DIRECTION('',(0.,0.,1.));
#8163=DIRECTION('',(-8.34001671142696E-17,1.,0.));
#8164=DIRECTION('center_axis',(0.,1.,0.));
#8165=DIRECTION('ref_axis',(0.,0.,1.));
#8166=DIRECTION('',(0.,0.,1.));
#8167=DIRECTION('',(-1.,0.,0.));
#8168=DIRECTION('center_axis',(-1.,-8.34001671142696E-17,0.));
#8169=DIRECTION('ref_axis',(8.34001671142696E-17,-1.,0.));
#8170=DIRECTION('',(8.34001671142696E-17,-1.,0.));
#8171=DIRECTION('center_axis',(0.,-0.707106781186546,0.707106781186549));
#8172=DIRECTION('ref_axis',(1.,0.,0.));
#8173=DIRECTION('',(0.577350269189627,0.577350269189627,0.577350269189624));
#8174=DIRECTION('',(0.577350269189627,-0.577350269189627,-0.577350269189624));
#8175=DIRECTION('',(-1.,0.,0.));
#8176=DIRECTION('center_axis',(0.707106781186546,5.89728237185912E-17,0.707106781186549));
#8177=DIRECTION('ref_axis',(-8.34001671142696E-17,1.,-6.16297582203915E-33));
#8178=DIRECTION('',(0.577350269189627,0.577350269189627,-0.577350269189624));
#8179=DIRECTION('',(8.34001671142696E-17,-1.,0.));
#8180=DIRECTION('center_axis',(0.,0.707106781186546,0.707106781186549));
#8181=DIRECTION('ref_axis',(-1.,0.,0.));
#8182=DIRECTION('',(0.577350269189627,-0.577350269189627,0.577350269189624));
#8183=DIRECTION('',(1.,0.,0.));
#8184=DIRECTION('center_axis',(-0.707106781186546,-5.89728237185912E-17,
0.707106781186549));
#8185=DIRECTION('ref_axis',(8.34001671142696E-17,-1.,-6.16297582203915E-33));
#8186=DIRECTION('',(-8.34001671142696E-17,1.,0.));
#8187=DIRECTION('center_axis',(0.,-1.,0.));
#8188=DIRECTION('ref_axis',(0.,0.,-1.));
#8189=DIRECTION('',(0.,0.,1.));
#8190=DIRECTION('',(1.,0.,0.));
#8191=DIRECTION('',(0.,0.,1.));
#8192=DIRECTION('center_axis',(1.,8.34001671142696E-17,0.));
#8193=DIRECTION('ref_axis',(-8.34001671142696E-17,1.,0.));
#8194=DIRECTION('',(0.,0.,1.));
#8195=DIRECTION('',(-8.34001671142696E-17,1.,0.));
#8196=DIRECTION('center_axis',(0.,1.,0.));
#8197=DIRECTION('ref_axis',(0.,0.,1.));
#8198=DIRECTION('',(0.,0.,1.));
#8199=DIRECTION('',(-1.,0.,0.));
#8200=DIRECTION('center_axis',(-1.,-8.34001671142696E-17,0.));
#8201=DIRECTION('ref_axis',(8.34001671142696E-17,-1.,0.));
#8202=DIRECTION('',(8.34001671142696E-17,-1.,0.));
#8203=DIRECTION('center_axis',(0.,-0.707106781186546,0.707106781186549));
#8204=DIRECTION('ref_axis',(1.,0.,0.));
#8205=DIRECTION('',(0.577350269189627,0.577350269189627,0.577350269189624));
#8206=DIRECTION('',(0.577350269189627,-0.577350269189627,-0.577350269189624));
#8207=DIRECTION('',(-1.,0.,0.));
#8208=DIRECTION('center_axis',(0.707106781186546,5.89728237185912E-17,0.707106781186549));
#8209=DIRECTION('ref_axis',(-8.34001671142696E-17,1.,-6.16297582203915E-33));
#8210=DIRECTION('',(0.577350269189627,0.577350269189627,-0.577350269189624));
#8211=DIRECTION('',(8.34001671142696E-17,-1.,0.));
#8212=DIRECTION('center_axis',(0.,0.707106781186546,0.707106781186549));
#8213=DIRECTION('ref_axis',(-1.,0.,0.));
#8214=DIRECTION('',(0.577350269189627,-0.577350269189627,0.577350269189624));
#8215=DIRECTION('',(1.,0.,0.));
#8216=DIRECTION('center_axis',(-0.707106781186546,-5.89728237185912E-17,
0.707106781186549));
#8217=DIRECTION('ref_axis',(8.34001671142696E-17,-1.,-6.16297582203915E-33));
#8218=DIRECTION('',(-8.34001671142696E-17,1.,0.));
#8219=DIRECTION('center_axis',(0.,-1.,0.));
#8220=DIRECTION('ref_axis',(0.,0.,-1.));
#8221=DIRECTION('',(0.,0.,1.));
#8222=DIRECTION('',(1.,0.,0.));
#8223=DIRECTION('',(0.,0.,1.));
#8224=DIRECTION('center_axis',(1.,8.34001671142696E-17,0.));
#8225=DIRECTION('ref_axis',(-8.34001671142696E-17,1.,0.));
#8226=DIRECTION('',(0.,0.,1.));
#8227=DIRECTION('',(-8.34001671142696E-17,1.,0.));
#8228=DIRECTION('center_axis',(0.,1.,0.));
#8229=DIRECTION('ref_axis',(0.,0.,1.));
#8230=DIRECTION('',(0.,0.,1.));
#8231=DIRECTION('',(-1.,0.,0.));
#8232=DIRECTION('center_axis',(-1.,-8.34001671142696E-17,0.));
#8233=DIRECTION('ref_axis',(8.34001671142696E-17,-1.,0.));
#8234=DIRECTION('',(8.34001671142696E-17,-1.,0.));
#8235=DIRECTION('center_axis',(0.,-0.707106781186546,0.707106781186549));
#8236=DIRECTION('ref_axis',(1.,0.,0.));
#8237=DIRECTION('',(0.577350269189627,0.577350269189627,0.577350269189624));
#8238=DIRECTION('',(0.577350269189627,-0.577350269189627,-0.577350269189624));
#8239=DIRECTION('',(-1.,0.,0.));
#8240=DIRECTION('center_axis',(0.707106781186546,5.89728237185912E-17,0.707106781186549));
#8241=DIRECTION('ref_axis',(-8.34001671142696E-17,1.,-6.16297582203915E-33));
#8242=DIRECTION('',(0.577350269189627,0.577350269189627,-0.577350269189624));
#8243=DIRECTION('',(8.34001671142696E-17,-1.,0.));
#8244=DIRECTION('center_axis',(0.,0.707106781186546,0.707106781186549));
#8245=DIRECTION('ref_axis',(-1.,0.,0.));
#8246=DIRECTION('',(0.577350269189627,-0.577350269189627,0.577350269189624));
#8247=DIRECTION('',(1.,0.,0.));
#8248=DIRECTION('center_axis',(-0.707106781186546,-5.89728237185912E-17,
0.707106781186549));
#8249=DIRECTION('ref_axis',(8.34001671142696E-17,-1.,-6.16297582203915E-33));
#8250=DIRECTION('',(-8.34001671142696E-17,1.,0.));
#8251=DIRECTION('center_axis',(0.,-1.,0.));
#8252=DIRECTION('ref_axis',(0.,0.,-1.));
#8253=DIRECTION('',(0.,0.,1.));
#8254=DIRECTION('',(1.,0.,0.));
#8255=DIRECTION('',(0.,0.,1.));
#8256=DIRECTION('center_axis',(1.,8.34001671142696E-17,0.));
#8257=DIRECTION('ref_axis',(-8.34001671142696E-17,1.,0.));
#8258=DIRECTION('',(0.,0.,1.));
#8259=DIRECTION('',(-8.34001671142696E-17,1.,0.));
#8260=DIRECTION('center_axis',(0.,1.,0.));
#8261=DIRECTION('ref_axis',(0.,0.,1.));
#8262=DIRECTION('',(0.,0.,1.));
#8263=DIRECTION('',(-1.,0.,0.));
#8264=DIRECTION('center_axis',(-1.,-8.34001671142696E-17,0.));
#8265=DIRECTION('ref_axis',(8.34001671142696E-17,-1.,0.));
#8266=DIRECTION('',(8.34001671142696E-17,-1.,0.));
#8267=DIRECTION('center_axis',(1.,8.53702498020082E-17,0.));
#8268=DIRECTION('ref_axis',(-8.53702498020082E-17,1.,0.));
#8269=DIRECTION('',(-8.53702498020082E-17,1.,0.));
#8270=DIRECTION('',(0.,0.,1.));
#8271=DIRECTION('',(-8.53702498020082E-17,1.,0.));
#8272=DIRECTION('',(0.,0.,-1.));
#8273=DIRECTION('center_axis',(0.,1.,0.));
#8274=DIRECTION('ref_axis',(0.,0.,1.));
#8275=DIRECTION('',(-1.,0.,0.));
#8276=DIRECTION('center_axis',(0.,0.,1.));
#8277=DIRECTION('ref_axis',(1.,0.,0.));
#8278=DIRECTION('',(1.,8.53702498020082E-17,0.));
#8279=DIRECTION('center_axis',(-1.,-8.34001671142696E-17,0.));
#8280=DIRECTION('ref_axis',(8.34001671142696E-17,-1.,0.));
#8281=DIRECTION('',(0.,0.,1.));
#8282=DIRECTION('',(8.34001671142696E-17,-1.,0.));
#8283=DIRECTION('',(0.,0.,1.));
#8284=DIRECTION('',(8.34001671142696E-17,-1.,0.));
#8285=DIRECTION('center_axis',(0.,1.,0.));
#8286=DIRECTION('ref_axis',(0.,0.,1.));
#8287=DIRECTION('',(-1.,0.,0.));
#8288=DIRECTION('',(0.,0.,1.));
#8289=DIRECTION('',(-1.,0.,0.));
#8290=DIRECTION('center_axis',(1.,8.34001671142696E-17,0.));
#8291=DIRECTION('ref_axis',(-8.34001671142696E-17,1.,0.));
#8292=DIRECTION('',(-8.34001671142696E-17,1.,0.));
#8293=DIRECTION('',(0.,0.,1.));
#8294=DIRECTION('',(-8.34001671142696E-17,1.,0.));
#8295=DIRECTION('center_axis',(0.,-1.,0.));
#8296=DIRECTION('ref_axis',(0.,0.,-1.));
#8297=DIRECTION('',(1.,0.,0.));
#8298=DIRECTION('',(1.,0.,0.));
#8299=DIRECTION('center_axis',(0.,0.707106781186546,0.707106781186549));
#8300=DIRECTION('ref_axis',(-1.,0.,0.));
#8301=DIRECTION('',(0.577350269189627,0.577350269189627,-0.577350269189624));
#8302=DIRECTION('',(0.577350269189627,-0.577350269189627,0.577350269189624));
#8303=DIRECTION('center_axis',(-0.707106781186546,-5.89728237185912E-17,
0.707106781186549));
#8304=DIRECTION('ref_axis',(8.34001671142696E-17,-1.,-6.16297582203915E-33));
#8305=DIRECTION('',(0.577350269189627,0.577350269189627,0.577350269189624));
#8306=DIRECTION('center_axis',(0.707106781186546,5.89728237185912E-17,0.707106781186549));
#8307=DIRECTION('ref_axis',(-8.34001671142696E-17,1.,-6.16297582203915E-33));
#8308=DIRECTION('',(0.577350269189627,-0.577350269189627,-0.577350269189624));
#8309=DIRECTION('center_axis',(0.,-0.707106781186546,0.707106781186549));
#8310=DIRECTION('ref_axis',(1.,0.,0.));
#8311=DIRECTION('center_axis',(-1.,-8.34001671142696E-17,0.));
#8312=DIRECTION('ref_axis',(8.34001671142696E-17,-1.,0.));
#8313=DIRECTION('',(0.,0.,1.));
#8314=DIRECTION('',(8.34001671142696E-17,-1.,0.));
#8315=DIRECTION('',(0.,0.,1.));
#8316=DIRECTION('',(8.34001671142696E-17,-1.,0.));
#8317=DIRECTION('center_axis',(0.,1.,0.));
#8318=DIRECTION('ref_axis',(0.,0.,1.));
#8319=DIRECTION('',(-1.,0.,0.));
#8320=DIRECTION('',(0.,0.,1.));
#8321=DIRECTION('',(-1.,0.,0.));
#8322=DIRECTION('center_axis',(1.,8.34001671142696E-17,0.));
#8323=DIRECTION('ref_axis',(-8.34001671142696E-17,1.,0.));
#8324=DIRECTION('',(-8.34001671142696E-17,1.,0.));
#8325=DIRECTION('',(0.,0.,1.));
#8326=DIRECTION('',(-8.34001671142696E-17,1.,0.));
#8327=DIRECTION('center_axis',(0.,-1.,0.));
#8328=DIRECTION('ref_axis',(0.,0.,-1.));
#8329=DIRECTION('',(1.,0.,0.));
#8330=DIRECTION('',(1.,0.,0.));
#8331=DIRECTION('center_axis',(-0.707106781186546,-5.89728237185912E-17,
0.707106781186549));
#8332=DIRECTION('ref_axis',(8.34001671142696E-17,-1.,-6.16297582203915E-33));
#8333=DIRECTION('',(0.577350269189627,-0.577350269189627,0.577350269189624));
#8334=DIRECTION('',(0.577350269189627,0.577350269189627,0.577350269189624));
#8335=DIRECTION('center_axis',(0.,0.707106781186546,0.707106781186549));
#8336=DIRECTION('ref_axis',(-1.,0.,0.));
#8337=DIRECTION('',(0.577350269189627,0.577350269189627,-0.577350269189624));
#8338=DIRECTION('center_axis',(0.707106781186546,5.89728237185912E-17,0.707106781186549));
#8339=DIRECTION('ref_axis',(-8.34001671142696E-17,1.,-6.16297582203915E-33));
#8340=DIRECTION('',(0.577350269189627,-0.577350269189627,-0.577350269189624));
#8341=DIRECTION('center_axis',(0.,-0.707106781186546,0.707106781186549));
#8342=DIRECTION('ref_axis',(1.,0.,0.));
#8343=DIRECTION('center_axis',(0.,0.,1.));
#8344=DIRECTION('ref_axis',(1.,0.,0.));
#8345=DIRECTION('',(1.,8.53702498020082E-17,0.));
#8346=DIRECTION('center_axis',(8.53702498020082E-17,-1.,0.));
#8347=DIRECTION('ref_axis',(1.,8.53702498020082E-17,0.));
#8348=DIRECTION('center_axis',(-1.94416473754509E-62,-1.,-1.36102082363887E-61));
#8349=DIRECTION('ref_axis',(-2.36615472697563E-30,1.36102082363887E-61,
-1.));
#8350=DIRECTION('',(-2.36615472697563E-30,1.36102082363887E-61,-1.));
#8351=DIRECTION('',(-1.,1.94416473754509E-62,2.36615472697563E-30));
#8352=DIRECTION('',(-2.36615472697563E-30,1.36102082363887E-61,-1.));
#8353=DIRECTION('',(-1.,1.94416473754509E-62,2.36615472697563E-30));
#8354=DIRECTION('center_axis',(1.,-1.80700362080917E-16,-2.36615472697563E-30));
#8355=DIRECTION('ref_axis',(1.80700362080917E-16,1.,-4.2756501590397E-46));
#8356=DIRECTION('',(-1.80700362080917E-16,-1.,4.2756501590397E-46));
#8357=DIRECTION('',(-2.36615472697563E-30,1.36102082363887E-61,-1.));
#8358=DIRECTION('',(-1.80700362080917E-16,-1.,4.2756501590397E-46));
#8359=DIRECTION('center_axis',(-1.94416473754509E-62,-1.,-1.36102082363887E-61));
#8360=DIRECTION('ref_axis',(-2.36615472697563E-30,1.36102082363887E-61,
-1.));
#8361=DIRECTION('',(1.,-1.94416473754509E-62,-2.36615472697563E-30));
#8362=DIRECTION('',(-2.36615472697563E-30,1.36102082363887E-61,-1.));
#8363=DIRECTION('',(-1.,1.94416473754509E-62,2.36615472697563E-30));
#8364=DIRECTION('center_axis',(1.,-1.80700362080917E-16,-2.36615472697563E-30));
#8365=DIRECTION('ref_axis',(1.80700362080917E-16,1.,-4.2756501590397E-46));
#8366=DIRECTION('',(1.80700362080917E-16,1.,-4.2756501590397E-46));
#8367=DIRECTION('',(-1.80700362080917E-16,-1.,4.2756501590397E-46));
#8368=DIRECTION('center_axis',(2.36615472697563E-30,-1.36102082363887E-61,
1.));
#8369=DIRECTION('ref_axis',(1.,-1.94416473754509E-62,-2.36615472697563E-30));
#8370=DIRECTION('center_axis',(2.36615472697563E-30,-1.36102082363887E-61,
1.));
#8371=DIRECTION('ref_axis',(1.,-1.94416473754509E-62,-2.36615472697563E-30));
#8372=DIRECTION('',(1.,-1.94416473754509E-62,-2.36615472697563E-30));
#8373=DIRECTION('',(-1.80700362080917E-16,-1.,4.2756501590397E-46));
#8374=DIRECTION('',(-1.,1.94416473754509E-62,2.36615472697563E-30));
#8375=DIRECTION('',(1.80700362080917E-16,1.,-4.2756501590397E-46));
#8376=DIRECTION('center_axis',(0.70710678118655,-1.27774451390282E-16,0.707106781186545));
#8377=DIRECTION('ref_axis',(-1.80700362080917E-16,-1.,1.23259516440787E-32));
#8378=DIRECTION('',(0.577350269189625,0.577350269189625,-0.577350269189628));
#8379=DIRECTION('',(-0.577350269189625,0.577350269189625,0.577350269189628));
#8380=DIRECTION('center_axis',(1.67312405278107E-30,-0.70710678118655,0.707106781186545));
#8381=DIRECTION('ref_axis',(-1.,1.94416473754509E-62,2.36615472697563E-30));
#8382=DIRECTION('',(0.577350269189625,0.577350269189625,0.577350269189628));
#8383=DIRECTION('center_axis',(-1.67312405278107E-30,-0.70710678118655,
-0.707106781186545));
#8384=DIRECTION('ref_axis',(1.,-1.94416473754509E-62,-2.36615472697563E-30));
#8385=DIRECTION('',(-0.577350269189625,0.577350269189625,-0.577350269189628));
#8386=DIRECTION('center_axis',(0.70710678118655,-1.27774451390282E-16,-0.707106781186545));
#8387=DIRECTION('ref_axis',(1.80700362080917E-16,1.,1.23259516440779E-32));
#8388=DIRECTION('center_axis',(-1.94416473754509E-62,-1.,-1.36102082363887E-61));
#8389=DIRECTION('ref_axis',(-2.36615472697563E-30,1.36102082363887E-61,
-1.));
#8390=DIRECTION('',(-2.36615472697563E-30,1.36102082363887E-61,-1.));
#8391=DIRECTION('',(-1.,1.94416473754509E-62,2.36615472697563E-30));
#8392=DIRECTION('',(-2.36615472697563E-30,1.36102082363887E-61,-1.));
#8393=DIRECTION('',(-1.,1.94416473754509E-62,2.36615472697563E-30));
#8394=DIRECTION('center_axis',(1.,-1.80700362080917E-16,-2.36615472697563E-30));
#8395=DIRECTION('ref_axis',(1.80700362080917E-16,1.,-4.2756501590397E-46));
#8396=DIRECTION('',(-1.80700362080917E-16,-1.,4.2756501590397E-46));
#8397=DIRECTION('',(-2.36615472697563E-30,1.36102082363887E-61,-1.));
#8398=DIRECTION('',(-1.80700362080917E-16,-1.,4.2756501590397E-46));
#8399=DIRECTION('center_axis',(-1.94416473754509E-62,-1.,-1.36102082363887E-61));
#8400=DIRECTION('ref_axis',(-2.36615472697563E-30,1.36102082363887E-61,
-1.));
#8401=DIRECTION('',(1.,-1.94416473754509E-62,-2.36615472697563E-30));
#8402=DIRECTION('',(-2.36615472697563E-30,1.36102082363887E-61,-1.));
#8403=DIRECTION('',(-1.,1.94416473754509E-62,2.36615472697563E-30));
#8404=DIRECTION('center_axis',(1.,-1.80700362080917E-16,-2.36615472697563E-30));
#8405=DIRECTION('ref_axis',(1.80700362080917E-16,1.,-4.2756501590397E-46));
#8406=DIRECTION('',(1.80700362080917E-16,1.,-4.2756501590397E-46));
#8407=DIRECTION('',(-1.80700362080917E-16,-1.,4.2756501590397E-46));
#8408=DIRECTION('center_axis',(2.36615472697563E-30,-1.36102082363887E-61,
1.));
#8409=DIRECTION('ref_axis',(1.,-1.94416473754509E-62,-2.36615472697563E-30));
#8410=DIRECTION('center_axis',(2.36615472697563E-30,-1.36102082363887E-61,
1.));
#8411=DIRECTION('ref_axis',(1.,-1.94416473754509E-62,-2.36615472697563E-30));
#8412=DIRECTION('',(1.,-1.94416473754509E-62,-2.36615472697563E-30));
#8413=DIRECTION('',(-1.80700362080917E-16,-1.,4.2756501590397E-46));
#8414=DIRECTION('',(-1.,1.94416473754509E-62,2.36615472697563E-30));
#8415=DIRECTION('',(1.80700362080917E-16,1.,-4.2756501590397E-46));
#8416=DIRECTION('center_axis',(0.70710678118655,-1.27774451390282E-16,0.707106781186545));
#8417=DIRECTION('ref_axis',(-1.80700362080917E-16,-1.,1.23259516440787E-32));
#8418=DIRECTION('',(0.577350269189625,0.577350269189625,-0.577350269189628));
#8419=DIRECTION('',(-0.577350269189625,0.577350269189625,0.577350269189628));
#8420=DIRECTION('center_axis',(1.67312405278107E-30,-0.70710678118655,0.707106781186545));
#8421=DIRECTION('ref_axis',(-1.,1.94416473754509E-62,2.36615472697563E-30));
#8422=DIRECTION('',(0.577350269189625,0.577350269189625,0.577350269189628));
#8423=DIRECTION('center_axis',(-1.67312405278107E-30,-0.70710678118655,
-0.707106781186545));
#8424=DIRECTION('ref_axis',(1.,-1.94416473754509E-62,-2.36615472697563E-30));
#8425=DIRECTION('',(-0.577350269189625,0.577350269189625,-0.577350269189628));
#8426=DIRECTION('center_axis',(0.70710678118655,-1.27774451390282E-16,-0.707106781186545));
#8427=DIRECTION('ref_axis',(1.80700362080917E-16,1.,1.23259516440779E-32));
#8428=DIRECTION('center_axis',(-1.94416473754509E-62,-1.,-1.36102082363887E-61));
#8429=DIRECTION('ref_axis',(-2.36615472697563E-30,1.36102082363887E-61,
-1.));
#8430=DIRECTION('',(-2.36615472697563E-30,1.36102082363887E-61,-1.));
#8431=DIRECTION('',(-1.,1.94416473754509E-62,2.36615472697563E-30));
#8432=DIRECTION('',(-2.36615472697563E-30,1.36102082363887E-61,-1.));
#8433=DIRECTION('',(-1.,1.94416473754509E-62,2.36615472697563E-30));
#8434=DIRECTION('center_axis',(1.,-1.80700362080917E-16,-2.36615472697563E-30));
#8435=DIRECTION('ref_axis',(1.80700362080917E-16,1.,-4.2756501590397E-46));
#8436=DIRECTION('',(-1.80700362080917E-16,-1.,4.2756501590397E-46));
#8437=DIRECTION('',(-2.36615472697563E-30,1.36102082363887E-61,-1.));
#8438=DIRECTION('',(-1.80700362080917E-16,-1.,4.2756501590397E-46));
#8439=DIRECTION('center_axis',(-1.94416473754509E-62,-1.,-1.36102082363887E-61));
#8440=DIRECTION('ref_axis',(-2.36615472697563E-30,1.36102082363887E-61,
-1.));
#8441=DIRECTION('',(1.,-1.94416473754509E-62,-2.36615472697563E-30));
#8442=DIRECTION('',(-2.36615472697563E-30,1.36102082363887E-61,-1.));
#8443=DIRECTION('',(-1.,1.94416473754509E-62,2.36615472697563E-30));
#8444=DIRECTION('center_axis',(1.,-1.80700362080917E-16,-2.36615472697563E-30));
#8445=DIRECTION('ref_axis',(1.80700362080917E-16,1.,-4.2756501590397E-46));
#8446=DIRECTION('',(1.80700362080917E-16,1.,-4.2756501590397E-46));
#8447=DIRECTION('',(-1.80700362080917E-16,-1.,4.2756501590397E-46));
#8448=DIRECTION('center_axis',(2.36615472697563E-30,-1.36102082363887E-61,
1.));
#8449=DIRECTION('ref_axis',(1.,-1.94416473754509E-62,-2.36615472697563E-30));
#8450=DIRECTION('center_axis',(2.36615472697563E-30,-1.36102082363887E-61,
1.));
#8451=DIRECTION('ref_axis',(1.,-1.94416473754509E-62,-2.36615472697563E-30));
#8452=DIRECTION('',(1.,-1.94416473754509E-62,-2.36615472697563E-30));
#8453=DIRECTION('',(-1.80700362080917E-16,-1.,4.2756501590397E-46));
#8454=DIRECTION('',(-1.,1.94416473754509E-62,2.36615472697563E-30));
#8455=DIRECTION('',(1.80700362080917E-16,1.,-4.2756501590397E-46));
#8456=DIRECTION('center_axis',(0.70710678118655,-1.27774451390282E-16,0.707106781186545));
#8457=DIRECTION('ref_axis',(-1.80700362080917E-16,-1.,1.23259516440787E-32));
#8458=DIRECTION('',(0.577350269189625,0.577350269189625,-0.577350269189628));
#8459=DIRECTION('',(-0.577350269189625,0.577350269189625,0.577350269189628));
#8460=DIRECTION('center_axis',(1.67312405278107E-30,-0.70710678118655,0.707106781186545));
#8461=DIRECTION('ref_axis',(-1.,1.94416473754509E-62,2.36615472697563E-30));
#8462=DIRECTION('',(0.577350269189625,0.577350269189625,0.577350269189628));
#8463=DIRECTION('center_axis',(-1.67312405278107E-30,-0.70710678118655,
-0.707106781186545));
#8464=DIRECTION('ref_axis',(1.,-1.94416473754509E-62,-2.36615472697563E-30));
#8465=DIRECTION('',(-0.577350269189625,0.577350269189625,-0.577350269189628));
#8466=DIRECTION('center_axis',(0.70710678118655,-1.27774451390282E-16,-0.707106781186545));
#8467=DIRECTION('ref_axis',(1.80700362080917E-16,1.,1.23259516440779E-32));
#8468=DIRECTION('center_axis',(-1.94416473754509E-62,-1.,-1.36102082363887E-61));
#8469=DIRECTION('ref_axis',(-2.36615472697563E-30,1.36102082363887E-61,
-1.));
#8470=DIRECTION('',(-2.36615472697563E-30,1.36102082363887E-61,-1.));
#8471=DIRECTION('',(-1.,1.94416473754509E-62,2.36615472697563E-30));
#8472=DIRECTION('',(-2.36615472697563E-30,1.36102082363887E-61,-1.));
#8473=DIRECTION('',(-1.,1.94416473754509E-62,2.36615472697563E-30));
#8474=DIRECTION('center_axis',(1.,-1.80700362080917E-16,-2.36615472697563E-30));
#8475=DIRECTION('ref_axis',(1.80700362080917E-16,1.,-4.2756501590397E-46));
#8476=DIRECTION('',(-1.80700362080917E-16,-1.,4.2756501590397E-46));
#8477=DIRECTION('',(-2.36615472697563E-30,1.36102082363887E-61,-1.));
#8478=DIRECTION('',(-1.80700362080917E-16,-1.,4.2756501590397E-46));
#8479=DIRECTION('center_axis',(-1.94416473754509E-62,-1.,-1.36102082363887E-61));
#8480=DIRECTION('ref_axis',(-2.36615472697563E-30,1.36102082363887E-61,
-1.));
#8481=DIRECTION('',(1.,-1.94416473754509E-62,-2.36615472697563E-30));
#8482=DIRECTION('',(-2.36615472697563E-30,1.36102082363887E-61,-1.));
#8483=DIRECTION('',(-1.,1.94416473754509E-62,2.36615472697563E-30));
#8484=DIRECTION('center_axis',(1.,-1.80700362080917E-16,-2.36615472697563E-30));
#8485=DIRECTION('ref_axis',(1.80700362080917E-16,1.,-4.2756501590397E-46));
#8486=DIRECTION('',(1.80700362080917E-16,1.,-4.2756501590397E-46));
#8487=DIRECTION('',(-1.80700362080917E-16,-1.,4.2756501590397E-46));
#8488=DIRECTION('center_axis',(2.36615472697563E-30,-1.36102082363887E-61,
1.));
#8489=DIRECTION('ref_axis',(1.,-1.94416473754509E-62,-2.36615472697563E-30));
#8490=DIRECTION('center_axis',(2.36615472697563E-30,-1.36102082363887E-61,
1.));
#8491=DIRECTION('ref_axis',(1.,-1.94416473754509E-62,-2.36615472697563E-30));
#8492=DIRECTION('',(1.,-1.94416473754509E-62,-2.36615472697563E-30));
#8493=DIRECTION('',(-1.80700362080917E-16,-1.,4.2756501590397E-46));
#8494=DIRECTION('',(-1.,1.94416473754509E-62,2.36615472697563E-30));
#8495=DIRECTION('',(1.80700362080917E-16,1.,-4.2756501590397E-46));
#8496=DIRECTION('center_axis',(0.70710678118655,-1.27774451390282E-16,0.707106781186545));
#8497=DIRECTION('ref_axis',(-1.80700362080917E-16,-1.,1.23259516440787E-32));
#8498=DIRECTION('',(0.577350269189625,0.577350269189625,-0.577350269189628));
#8499=DIRECTION('',(-0.577350269189625,0.577350269189625,0.577350269189628));
#8500=DIRECTION('center_axis',(1.67312405278107E-30,-0.70710678118655,0.707106781186545));
#8501=DIRECTION('ref_axis',(-1.,1.94416473754509E-62,2.36615472697563E-30));
#8502=DIRECTION('',(0.577350269189625,0.577350269189625,0.577350269189628));
#8503=DIRECTION('center_axis',(-1.67312405278107E-30,-0.70710678118655,
-0.707106781186545));
#8504=DIRECTION('ref_axis',(1.,-1.94416473754509E-62,-2.36615472697563E-30));
#8505=DIRECTION('',(-0.577350269189625,0.577350269189625,-0.577350269189628));
#8506=DIRECTION('center_axis',(0.70710678118655,-1.27774451390282E-16,-0.707106781186545));
#8507=DIRECTION('ref_axis',(1.80700362080917E-16,1.,1.23259516440779E-32));
#8508=DIRECTION('center_axis',(-1.94416473754509E-62,-1.,-1.36102082363887E-61));
#8509=DIRECTION('ref_axis',(-2.36615472697563E-30,1.36102082363887E-61,
-1.));
#8510=DIRECTION('',(-2.36615472697563E-30,1.36102082363887E-61,-1.));
#8511=DIRECTION('',(-1.,1.94416473754509E-62,2.36615472697563E-30));
#8512=DIRECTION('',(-2.36615472697563E-30,1.36102082363887E-61,-1.));
#8513=DIRECTION('',(-1.,1.94416473754509E-62,2.36615472697563E-30));
#8514=DIRECTION('center_axis',(1.,-1.80700362080917E-16,-2.36615472697563E-30));
#8515=DIRECTION('ref_axis',(1.80700362080917E-16,1.,-4.2756501590397E-46));
#8516=DIRECTION('',(-1.80700362080917E-16,-1.,4.2756501590397E-46));
#8517=DIRECTION('',(-2.36615472697563E-30,1.36102082363887E-61,-1.));
#8518=DIRECTION('',(-1.80700362080917E-16,-1.,4.2756501590397E-46));
#8519=DIRECTION('center_axis',(-1.94416473754509E-62,-1.,-1.36102082363887E-61));
#8520=DIRECTION('ref_axis',(-2.36615472697563E-30,1.36102082363887E-61,
-1.));
#8521=DIRECTION('',(1.,-1.94416473754509E-62,-2.36615472697563E-30));
#8522=DIRECTION('',(-2.36615472697563E-30,1.36102082363887E-61,-1.));
#8523=DIRECTION('',(-1.,1.94416473754509E-62,2.36615472697563E-30));
#8524=DIRECTION('center_axis',(1.,-1.80700362080917E-16,-2.36615472697563E-30));
#8525=DIRECTION('ref_axis',(1.80700362080917E-16,1.,-4.2756501590397E-46));
#8526=DIRECTION('',(1.80700362080917E-16,1.,-4.2756501590397E-46));
#8527=DIRECTION('',(-1.80700362080917E-16,-1.,4.2756501590397E-46));
#8528=DIRECTION('center_axis',(2.36615472697563E-30,-1.36102082363887E-61,
1.));
#8529=DIRECTION('ref_axis',(1.,-1.94416473754509E-62,-2.36615472697563E-30));
#8530=DIRECTION('center_axis',(2.36615472697563E-30,-1.36102082363887E-61,
1.));
#8531=DIRECTION('ref_axis',(1.,-1.94416473754509E-62,-2.36615472697563E-30));
#8532=DIRECTION('',(1.,-1.94416473754509E-62,-2.36615472697563E-30));
#8533=DIRECTION('',(-1.80700362080917E-16,-1.,4.2756501590397E-46));
#8534=DIRECTION('',(-1.,1.94416473754509E-62,2.36615472697563E-30));
#8535=DIRECTION('',(1.80700362080917E-16,1.,-4.2756501590397E-46));
#8536=DIRECTION('center_axis',(0.70710678118655,-1.27774451390282E-16,0.707106781186545));
#8537=DIRECTION('ref_axis',(-1.80700362080917E-16,-1.,1.23259516440787E-32));
#8538=DIRECTION('',(0.577350269189625,0.577350269189625,-0.577350269189628));
#8539=DIRECTION('',(-0.577350269189625,0.577350269189625,0.577350269189628));
#8540=DIRECTION('center_axis',(1.67312405278107E-30,-0.70710678118655,0.707106781186545));
#8541=DIRECTION('ref_axis',(-1.,1.94416473754509E-62,2.36615472697563E-30));
#8542=DIRECTION('',(0.577350269189625,0.577350269189625,0.577350269189628));
#8543=DIRECTION('center_axis',(-1.67312405278107E-30,-0.70710678118655,
-0.707106781186545));
#8544=DIRECTION('ref_axis',(1.,-1.94416473754509E-62,-2.36615472697563E-30));
#8545=DIRECTION('',(-0.577350269189625,0.577350269189625,-0.577350269189628));
#8546=DIRECTION('center_axis',(0.70710678118655,-1.27774451390282E-16,-0.707106781186545));
#8547=DIRECTION('ref_axis',(1.80700362080917E-16,1.,1.23259516440779E-32));
#8548=DIRECTION('center_axis',(-1.94416473754509E-62,-1.,-1.36102082363887E-61));
#8549=DIRECTION('ref_axis',(-2.36615472697563E-30,1.36102082363887E-61,
-1.));
#8550=DIRECTION('',(-2.36615472697563E-30,1.36102082363887E-61,-1.));
#8551=DIRECTION('',(-1.,1.94416473754509E-62,2.36615472697563E-30));
#8552=DIRECTION('',(-2.36615472697563E-30,1.36102082363887E-61,-1.));
#8553=DIRECTION('',(-1.,1.94416473754509E-62,2.36615472697563E-30));
#8554=DIRECTION('center_axis',(1.,-1.80700362080917E-16,-2.36615472697563E-30));
#8555=DIRECTION('ref_axis',(1.80700362080917E-16,1.,-4.2756501590397E-46));
#8556=DIRECTION('',(-1.80700362080917E-16,-1.,4.2756501590397E-46));
#8557=DIRECTION('',(-2.36615472697563E-30,1.36102082363887E-61,-1.));
#8558=DIRECTION('',(-1.80700362080917E-16,-1.,4.2756501590397E-46));
#8559=DIRECTION('center_axis',(-1.94416473754509E-62,-1.,-1.36102082363887E-61));
#8560=DIRECTION('ref_axis',(-2.36615472697563E-30,1.36102082363887E-61,
-1.));
#8561=DIRECTION('',(1.,-1.94416473754509E-62,-2.36615472697563E-30));
#8562=DIRECTION('',(-2.36615472697563E-30,1.36102082363887E-61,-1.));
#8563=DIRECTION('',(-1.,1.94416473754509E-62,2.36615472697563E-30));
#8564=DIRECTION('center_axis',(1.,-1.80700362080917E-16,-2.36615472697563E-30));
#8565=DIRECTION('ref_axis',(1.80700362080917E-16,1.,-4.2756501590397E-46));
#8566=DIRECTION('',(1.80700362080917E-16,1.,-4.2756501590397E-46));
#8567=DIRECTION('',(-1.80700362080917E-16,-1.,4.2756501590397E-46));
#8568=DIRECTION('center_axis',(2.36615472697563E-30,-1.36102082363887E-61,
1.));
#8569=DIRECTION('ref_axis',(1.,-1.94416473754509E-62,-2.36615472697563E-30));
#8570=DIRECTION('center_axis',(2.36615472697563E-30,-1.36102082363887E-61,
1.));
#8571=DIRECTION('ref_axis',(1.,-1.94416473754509E-62,-2.36615472697563E-30));
#8572=DIRECTION('',(1.,-1.94416473754509E-62,-2.36615472697563E-30));
#8573=DIRECTION('',(-1.80700362080917E-16,-1.,4.2756501590397E-46));
#8574=DIRECTION('',(-1.,1.94416473754509E-62,2.36615472697563E-30));
#8575=DIRECTION('',(1.80700362080917E-16,1.,-4.2756501590397E-46));
#8576=DIRECTION('center_axis',(0.70710678118655,-1.27774451390282E-16,0.707106781186545));
#8577=DIRECTION('ref_axis',(-1.80700362080917E-16,-1.,1.23259516440787E-32));
#8578=DIRECTION('',(0.577350269189625,0.577350269189625,-0.577350269189628));
#8579=DIRECTION('',(-0.577350269189625,0.577350269189625,0.577350269189628));
#8580=DIRECTION('center_axis',(1.67312405278107E-30,-0.70710678118655,0.707106781186545));
#8581=DIRECTION('ref_axis',(-1.,1.94416473754509E-62,2.36615472697563E-30));
#8582=DIRECTION('',(0.577350269189625,0.577350269189625,0.577350269189628));
#8583=DIRECTION('center_axis',(-1.67312405278107E-30,-0.70710678118655,
-0.707106781186545));
#8584=DIRECTION('ref_axis',(1.,-1.94416473754509E-62,-2.36615472697563E-30));
#8585=DIRECTION('',(-0.577350269189625,0.577350269189625,-0.577350269189628));
#8586=DIRECTION('center_axis',(0.70710678118655,-1.27774451390282E-16,-0.707106781186545));
#8587=DIRECTION('ref_axis',(1.80700362080917E-16,1.,1.23259516440779E-32));
#8588=DIRECTION('center_axis',(-1.94416473754509E-62,-1.,-1.36102082363887E-61));
#8589=DIRECTION('ref_axis',(-2.36615472697563E-30,1.36102082363887E-61,
-1.));
#8590=DIRECTION('',(-2.36615472697563E-30,1.36102082363887E-61,-1.));
#8591=DIRECTION('',(-1.,1.94416473754509E-62,2.36615472697563E-30));
#8592=DIRECTION('',(-2.36615472697563E-30,1.36102082363887E-61,-1.));
#8593=DIRECTION('',(-1.,1.94416473754509E-62,2.36615472697563E-30));
#8594=DIRECTION('center_axis',(1.,-1.80700362080917E-16,-2.36615472697563E-30));
#8595=DIRECTION('ref_axis',(1.80700362080917E-16,1.,-4.2756501590397E-46));
#8596=DIRECTION('',(-1.80700362080917E-16,-1.,4.2756501590397E-46));
#8597=DIRECTION('',(-2.36615472697563E-30,1.36102082363887E-61,-1.));
#8598=DIRECTION('',(-1.80700362080917E-16,-1.,4.2756501590397E-46));
#8599=DIRECTION('center_axis',(-1.94416473754509E-62,-1.,-1.36102082363887E-61));
#8600=DIRECTION('ref_axis',(-2.36615472697563E-30,1.36102082363887E-61,
-1.));
#8601=DIRECTION('',(1.,-1.94416473754509E-62,-2.36615472697563E-30));
#8602=DIRECTION('',(-2.36615472697563E-30,1.36102082363887E-61,-1.));
#8603=DIRECTION('',(-1.,1.94416473754509E-62,2.36615472697563E-30));
#8604=DIRECTION('center_axis',(1.,-1.80700362080917E-16,-2.36615472697563E-30));
#8605=DIRECTION('ref_axis',(1.80700362080917E-16,1.,-4.2756501590397E-46));
#8606=DIRECTION('',(1.80700362080917E-16,1.,-4.2756501590397E-46));
#8607=DIRECTION('',(-1.80700362080917E-16,-1.,4.2756501590397E-46));
#8608=DIRECTION('center_axis',(2.36615472697563E-30,-1.36102082363887E-61,
1.));
#8609=DIRECTION('ref_axis',(1.,-1.94416473754509E-62,-2.36615472697563E-30));
#8610=DIRECTION('center_axis',(2.36615472697563E-30,-1.36102082363887E-61,
1.));
#8611=DIRECTION('ref_axis',(1.,-1.94416473754509E-62,-2.36615472697563E-30));
#8612=DIRECTION('',(1.,-1.94416473754509E-62,-2.36615472697563E-30));
#8613=DIRECTION('',(-1.80700362080917E-16,-1.,4.2756501590397E-46));
#8614=DIRECTION('',(-1.,1.94416473754509E-62,2.36615472697563E-30));
#8615=DIRECTION('',(1.80700362080917E-16,1.,-4.2756501590397E-46));
#8616=DIRECTION('center_axis',(0.70710678118655,-1.27774451390282E-16,0.707106781186545));
#8617=DIRECTION('ref_axis',(-1.80700362080917E-16,-1.,1.23259516440787E-32));
#8618=DIRECTION('',(0.577350269189625,0.577350269189625,-0.577350269189628));
#8619=DIRECTION('',(-0.577350269189625,0.577350269189625,0.577350269189628));
#8620=DIRECTION('center_axis',(1.67312405278107E-30,-0.70710678118655,0.707106781186545));
#8621=DIRECTION('ref_axis',(-1.,1.94416473754509E-62,2.36615472697563E-30));
#8622=DIRECTION('',(0.577350269189625,0.577350269189625,0.577350269189628));
#8623=DIRECTION('center_axis',(-1.67312405278107E-30,-0.70710678118655,
-0.707106781186545));
#8624=DIRECTION('ref_axis',(1.,-1.94416473754509E-62,-2.36615472697563E-30));
#8625=DIRECTION('',(-0.577350269189625,0.577350269189625,-0.577350269189628));
#8626=DIRECTION('center_axis',(0.70710678118655,-1.27774451390282E-16,-0.707106781186545));
#8627=DIRECTION('ref_axis',(1.80700362080917E-16,1.,1.23259516440779E-32));
#8628=DIRECTION('center_axis',(0.,1.,0.));
#8629=DIRECTION('ref_axis',(-1.,0.,0.));
#8630=DIRECTION('center_axis',(0.,-1.,0.));
#8631=DIRECTION('ref_axis',(-1.,0.,0.));
#8632=DIRECTION('',(0.,-1.,0.));
#8633=DIRECTION('center_axis',(0.,1.,0.));
#8634=DIRECTION('ref_axis',(-1.,0.,0.));
#8635=DIRECTION('center_axis',(-1.,0.,0.));
#8636=DIRECTION('ref_axis',(0.,0.,1.));
#8637=DIRECTION('',(0.,0.,-1.));
#8638=DIRECTION('',(0.,1.,0.));
#8639=DIRECTION('',(0.,0.,1.));
#8640=DIRECTION('',(0.,1.,0.));
#8641=DIRECTION('center_axis',(0.,0.,-1.));
#8642=DIRECTION('ref_axis',(-1.,0.,0.));
#8643=DIRECTION('',(1.,0.,0.));
#8644=DIRECTION('',(-1.,0.,0.));
#8645=DIRECTION('',(0.,1.,0.));
#8646=DIRECTION('center_axis',(1.,0.,0.));
#8647=DIRECTION('ref_axis',(0.,0.,-1.));
#8648=DIRECTION('',(0.,0.,1.));
#8649=DIRECTION('',(0.,0.,-1.));
#8650=DIRECTION('',(0.,1.,0.));
#8651=DIRECTION('center_axis',(0.,0.,1.));
#8652=DIRECTION('ref_axis',(1.,0.,0.));
#8653=DIRECTION('',(-1.,0.,0.));
#8654=DIRECTION('',(1.,0.,0.));
#8655=DIRECTION('center_axis',(0.,1.,0.));
#8656=DIRECTION('ref_axis',(-1.,0.,0.));
#8657=DIRECTION('center_axis',(0.,1.,0.));
#8658=DIRECTION('ref_axis',(1.,0.,0.));
#8659=DIRECTION('',(0.,0.,1.));
#8660=DIRECTION('center_axis',(0.,-1.,0.));
#8661=DIRECTION('ref_axis',(1.,0.,4.45291230099564E-15));
#8662=DIRECTION('',(0.,0.,-1.));
#8663=DIRECTION('center_axis',(0.,1.,0.));
#8664=DIRECTION('ref_axis',(0.,0.,-1.));
#8665=DIRECTION('',(-1.,0.,0.));
#8666=DIRECTION('center_axis',(0.,1.,0.));
#8667=DIRECTION('ref_axis',(-1.,0.,2.03720737770552E-13));
#8668=DIRECTION('',(0.,0.,1.));
#8669=DIRECTION('center_axis',(0.,1.,0.));
#8670=DIRECTION('ref_axis',(6.35782877508772E-7,0.,0.999999999999798));
#8671=DIRECTION('',(1.,0.,0.));
#8672=DIRECTION('center_axis',(0.,1.,0.));
#8673=DIRECTION('ref_axis',(1.,0.,0.));
#8674=DIRECTION('',(0.,0.,-1.));
#8675=DIRECTION('center_axis',(0.,-1.,0.));
#8676=DIRECTION('ref_axis',(-1.,0.,0.));
#8677=DIRECTION('',(0.,0.,1.));
#8678=DIRECTION('center_axis',(0.,1.,0.));
#8679=DIRECTION('ref_axis',(0.,0.,1.));
#8680=DIRECTION('',(1.,0.,0.));
#8681=DIRECTION('center_axis',(0.,1.,0.));
#8682=DIRECTION('ref_axis',(1.,0.,-1.11322807524891E-15));
#8683=DIRECTION('',(0.,0.,-1.));
#8684=DIRECTION('center_axis',(0.,1.,0.));
#8685=DIRECTION('ref_axis',(0.,0.,-1.));
#8686=DIRECTION('',(-1.,0.,0.));
#8687=DIRECTION('center_axis',(0.,1.,0.));
#8688=DIRECTION('ref_axis',(-1.,0.,0.));
#8689=DIRECTION('center_axis',(0.,-1.,0.));
#8690=DIRECTION('ref_axis',(-1.,0.,0.));
#8691=DIRECTION('center_axis',(0.,-1.,0.));
#8692=DIRECTION('ref_axis',(-1.,0.,0.));
#8693=DIRECTION('center_axis',(0.,-1.,0.));
#8694=DIRECTION('ref_axis',(-1.,0.,0.));
#8695=DIRECTION('center_axis',(0.,-1.,0.));
#8696=DIRECTION('ref_axis',(-1.,0.,0.));
#8697=DIRECTION('center_axis',(0.,-1.,0.));
#8698=DIRECTION('ref_axis',(-1.,0.,0.));
#8699=DIRECTION('center_axis',(0.,-1.,0.));
#8700=DIRECTION('ref_axis',(-1.,0.,0.));
#8701=DIRECTION('center_axis',(0.,-1.,0.));
#8702=DIRECTION('ref_axis',(-1.,0.,0.));
#8703=DIRECTION('',(0.,0.,1.));
#8704=DIRECTION('',(-1.,0.,0.));
#8705=DIRECTION('',(0.,0.,-1.));
#8706=DIRECTION('',(1.,0.,0.));
#8707=DIRECTION('center_axis',(0.,-1.,0.));
#8708=DIRECTION('ref_axis',(-1.,0.,0.));
#8709=DIRECTION('center_axis',(0.,-1.,0.));
#8710=DIRECTION('ref_axis',(-1.,0.,0.));
#8711=DIRECTION('center_axis',(0.,-1.,0.));
#8712=DIRECTION('ref_axis',(-1.,0.,0.));
#8713=DIRECTION('center_axis',(0.,-1.,0.));
#8714=DIRECTION('ref_axis',(-1.,0.,0.));
#8715=DIRECTION('center_axis',(0.,-1.,0.));
#8716=DIRECTION('ref_axis',(-1.,0.,0.));
#8717=DIRECTION('center_axis',(0.,-1.,0.));
#8718=DIRECTION('ref_axis',(-1.,0.,0.));
#8719=DIRECTION('center_axis',(0.,-1.,0.));
#8720=DIRECTION('ref_axis',(-1.,0.,0.));
#8721=DIRECTION('center_axis',(0.,-1.,0.));
#8722=DIRECTION('ref_axis',(-1.,0.,0.));
#8723=DIRECTION('center_axis',(0.,-1.,0.));
#8724=DIRECTION('ref_axis',(-1.,0.,0.));
#8725=DIRECTION('center_axis',(0.,-1.,0.));
#8726=DIRECTION('ref_axis',(-1.,0.,0.));
#8727=DIRECTION('',(-2.39635799709064E-16,0.,-1.));
#8728=DIRECTION('center_axis',(0.,-1.,0.));
#8729=DIRECTION('ref_axis',(-1.,0.,0.));
#8730=DIRECTION('',(-2.39635799709064E-16,0.,1.));
#8731=DIRECTION('center_axis',(0.,-1.,0.));
#8732=DIRECTION('ref_axis',(-1.,0.,0.));
#8733=DIRECTION('center_axis',(0.,-1.,0.));
#8734=DIRECTION('ref_axis',(-1.,0.,0.));
#8735=DIRECTION('center_axis',(0.,-1.,0.));
#8736=DIRECTION('ref_axis',(-1.,0.,0.));
#8737=DIRECTION('center_axis',(0.,-1.,0.));
#8738=DIRECTION('ref_axis',(-1.,0.,0.));
#8739=DIRECTION('center_axis',(0.,-1.,0.));
#8740=DIRECTION('ref_axis',(-1.,0.,0.));
#8741=DIRECTION('center_axis',(0.,-1.,0.));
#8742=DIRECTION('ref_axis',(-1.,0.,0.));
#8743=DIRECTION('',(1.,0.,0.));
#8744=DIRECTION('',(0.,0.,1.));
#8745=DIRECTION('',(-1.,0.,0.));
#8746=DIRECTION('',(0.,0.,-1.));
#8747=DIRECTION('center_axis',(0.,-1.,0.));
#8748=DIRECTION('ref_axis',(-1.,0.,0.));
#8749=DIRECTION('center_axis',(0.,-1.,0.));
#8750=DIRECTION('ref_axis',(-1.,0.,0.));
#8751=DIRECTION('center_axis',(0.,-1.,0.));
#8752=DIRECTION('ref_axis',(-1.,0.,0.));
#8753=DIRECTION('center_axis',(0.,-1.,0.));
#8754=DIRECTION('ref_axis',(-1.,0.,0.));
#8755=DIRECTION('center_axis',(0.,1.,0.));
#8756=DIRECTION('ref_axis',(-1.,0.,0.));
#8757=DIRECTION('center_axis',(0.,-1.,0.));
#8758=DIRECTION('ref_axis',(-1.,0.,0.));
#8759=DIRECTION('',(0.,-1.,0.));
#8760=DIRECTION('center_axis',(0.,1.,0.));
#8761=DIRECTION('ref_axis',(-1.,0.,0.));
#8762=DIRECTION('center_axis',(0.,1.,0.));
#8763=DIRECTION('ref_axis',(-1.,0.,0.));
#8764=DIRECTION('center_axis',(0.,1.,0.));
#8765=DIRECTION('ref_axis',(-1.,0.,0.));
#8766=DIRECTION('',(0.,-1.,0.));
#8767=DIRECTION('center_axis',(0.,1.,0.));
#8768=DIRECTION('ref_axis',(-1.,0.,0.));
#8769=DIRECTION('center_axis',(0.,1.,0.));
#8770=DIRECTION('ref_axis',(-1.,0.,0.));
#8771=DIRECTION('center_axis',(0.,-1.,0.));
#8772=DIRECTION('ref_axis',(-1.,0.,0.));
#8773=DIRECTION('',(0.,-1.,0.));
#8774=DIRECTION('center_axis',(0.,1.,0.));
#8775=DIRECTION('ref_axis',(-1.,0.,0.));
#8776=DIRECTION('center_axis',(0.,1.,0.));
#8777=DIRECTION('ref_axis',(-1.,0.,0.));
#8778=DIRECTION('center_axis',(0.,1.,0.));
#8779=DIRECTION('ref_axis',(-1.,0.,0.));
#8780=DIRECTION('',(0.,-1.,0.));
#8781=DIRECTION('center_axis',(0.,1.,0.));
#8782=DIRECTION('ref_axis',(-1.,0.,0.));
#8783=DIRECTION('center_axis',(0.,1.,0.));
#8784=DIRECTION('ref_axis',(-1.,0.,0.));
#8785=DIRECTION('center_axis',(0.,-1.,0.));
#8786=DIRECTION('ref_axis',(-1.,0.,0.));
#8787=DIRECTION('',(0.,-1.,0.));
#8788=DIRECTION('center_axis',(0.,1.,0.));
#8789=DIRECTION('ref_axis',(-1.,0.,0.));
#8790=DIRECTION('center_axis',(0.,1.,0.));
#8791=DIRECTION('ref_axis',(-1.,0.,0.));
#8792=DIRECTION('center_axis',(0.,1.,0.));
#8793=DIRECTION('ref_axis',(-1.,0.,0.));
#8794=DIRECTION('',(0.,-1.,0.));
#8795=DIRECTION('center_axis',(0.,1.,0.));
#8796=DIRECTION('ref_axis',(-1.,0.,0.));
#8797=DIRECTION('center_axis',(0.,1.,0.));
#8798=DIRECTION('ref_axis',(-1.,0.,0.));
#8799=DIRECTION('center_axis',(0.,-1.,0.));
#8800=DIRECTION('ref_axis',(-1.,0.,0.));
#8801=DIRECTION('',(0.,-1.,0.));
#8802=DIRECTION('center_axis',(0.,1.,0.));
#8803=DIRECTION('ref_axis',(-1.,0.,0.));
#8804=DIRECTION('center_axis',(0.,1.,0.));
#8805=DIRECTION('ref_axis',(-1.,0.,0.));
#8806=DIRECTION('center_axis',(0.,1.,0.));
#8807=DIRECTION('ref_axis',(-1.,0.,0.));
#8808=DIRECTION('',(0.,-1.,0.));
#8809=DIRECTION('center_axis',(0.,1.,0.));
#8810=DIRECTION('ref_axis',(-1.,0.,0.));
#8811=DIRECTION('center_axis',(0.,1.,0.));
#8812=DIRECTION('ref_axis',(-1.,0.,0.));
#8813=DIRECTION('center_axis',(0.,-1.,0.));
#8814=DIRECTION('ref_axis',(-1.,0.,0.));
#8815=DIRECTION('',(0.,-1.,0.));
#8816=DIRECTION('center_axis',(0.,1.,0.));
#8817=DIRECTION('ref_axis',(-1.,0.,0.));
#8818=DIRECTION('center_axis',(0.,1.,0.));
#8819=DIRECTION('ref_axis',(-1.,0.,0.));
#8820=DIRECTION('center_axis',(0.,1.,0.));
#8821=DIRECTION('ref_axis',(-1.,0.,0.));
#8822=DIRECTION('',(0.,-1.,0.));
#8823=DIRECTION('center_axis',(0.,1.,0.));
#8824=DIRECTION('ref_axis',(-1.,0.,0.));
#8825=DIRECTION('center_axis',(0.,1.,0.));
#8826=DIRECTION('ref_axis',(-1.,0.,0.));
#8827=DIRECTION('center_axis',(0.,-1.,0.));
#8828=DIRECTION('ref_axis',(-1.,0.,0.));
#8829=DIRECTION('',(0.,-1.,0.));
#8830=DIRECTION('center_axis',(0.,1.,0.));
#8831=DIRECTION('ref_axis',(-1.,0.,0.));
#8832=DIRECTION('center_axis',(0.,1.,0.));
#8833=DIRECTION('ref_axis',(-1.,0.,0.));
#8834=DIRECTION('center_axis',(0.,1.,0.));
#8835=DIRECTION('ref_axis',(-1.,0.,0.));
#8836=DIRECTION('',(0.,-1.,0.));
#8837=DIRECTION('center_axis',(0.,1.,0.));
#8838=DIRECTION('ref_axis',(-1.,0.,0.));
#8839=DIRECTION('center_axis',(0.,1.,0.));
#8840=DIRECTION('ref_axis',(-1.,0.,0.));
#8841=DIRECTION('center_axis',(0.,-1.,0.));
#8842=DIRECTION('ref_axis',(-1.,0.,0.));
#8843=DIRECTION('',(0.,-1.,0.));
#8844=DIRECTION('center_axis',(0.,1.,0.));
#8845=DIRECTION('ref_axis',(-1.,0.,0.));
#8846=DIRECTION('center_axis',(0.,1.,0.));
#8847=DIRECTION('ref_axis',(-1.,0.,0.));
#8848=DIRECTION('center_axis',(0.,1.,0.));
#8849=DIRECTION('ref_axis',(-1.,0.,0.));
#8850=DIRECTION('',(0.,-1.,0.));
#8851=DIRECTION('center_axis',(0.,1.,0.));
#8852=DIRECTION('ref_axis',(-1.,0.,0.));
#8853=DIRECTION('center_axis',(0.,1.,0.));
#8854=DIRECTION('ref_axis',(-1.,0.,0.));
#8855=DIRECTION('center_axis',(0.,-1.,0.));
#8856=DIRECTION('ref_axis',(-1.,0.,0.));
#8857=DIRECTION('',(0.,-1.,0.));
#8858=DIRECTION('center_axis',(0.,1.,0.));
#8859=DIRECTION('ref_axis',(-1.,0.,0.));
#8860=DIRECTION('center_axis',(0.,1.,0.));
#8861=DIRECTION('ref_axis',(-1.,0.,0.));
#8862=DIRECTION('center_axis',(0.,1.,0.));
#8863=DIRECTION('ref_axis',(-1.,0.,0.));
#8864=DIRECTION('',(0.,-1.,0.));
#8865=DIRECTION('center_axis',(0.,1.,0.));
#8866=DIRECTION('ref_axis',(-1.,0.,0.));
#8867=DIRECTION('center_axis',(0.,1.,0.));
#8868=DIRECTION('ref_axis',(-1.,0.,0.));
#8869=DIRECTION('center_axis',(0.,-1.,0.));
#8870=DIRECTION('ref_axis',(-1.,0.,0.));
#8871=DIRECTION('',(0.,-1.,0.));
#8872=DIRECTION('center_axis',(0.,1.,0.));
#8873=DIRECTION('ref_axis',(-1.,0.,0.));
#8874=DIRECTION('center_axis',(0.,1.,0.));
#8875=DIRECTION('ref_axis',(-1.,0.,0.));
#8876=DIRECTION('center_axis',(0.,1.,0.));
#8877=DIRECTION('ref_axis',(-1.,0.,0.));
#8878=DIRECTION('',(0.,-1.,0.));
#8879=DIRECTION('center_axis',(0.,1.,0.));
#8880=DIRECTION('ref_axis',(-1.,0.,0.));
#8881=DIRECTION('center_axis',(0.,1.,0.));
#8882=DIRECTION('ref_axis',(-1.,0.,0.));
#8883=DIRECTION('center_axis',(0.,-1.,0.));
#8884=DIRECTION('ref_axis',(-1.,0.,0.));
#8885=DIRECTION('',(0.,-1.,0.));
#8886=DIRECTION('center_axis',(0.,1.,0.));
#8887=DIRECTION('ref_axis',(-1.,0.,0.));
#8888=DIRECTION('center_axis',(0.,0.,-1.));
#8889=DIRECTION('ref_axis',(-1.,0.,0.));
#8890=DIRECTION('',(0.,1.,0.));
#8891=DIRECTION('',(-1.,0.,0.));
#8892=DIRECTION('',(0.,1.,0.));
#8893=DIRECTION('center_axis',(1.,0.,0.));
#8894=DIRECTION('ref_axis',(0.,0.,-1.));
#8895=DIRECTION('',(0.,0.,-1.));
#8896=DIRECTION('',(0.,1.,0.));
#8897=DIRECTION('center_axis',(0.,0.,1.));
#8898=DIRECTION('ref_axis',(1.,0.,0.));
#8899=DIRECTION('',(1.,0.,0.));
#8900=DIRECTION('',(0.,1.,0.));
#8901=DIRECTION('center_axis',(-1.,0.,0.));
#8902=DIRECTION('ref_axis',(0.,0.,1.));
#8903=DIRECTION('',(0.,0.,1.));
#8904=DIRECTION('center_axis',(0.,1.,0.));
#8905=DIRECTION('ref_axis',(-1.,0.,0.));
#8906=DIRECTION('center_axis',(0.,1.,0.));
#8907=DIRECTION('ref_axis',(-1.,0.,0.));
#8908=DIRECTION('center_axis',(0.,-1.,0.));
#8909=DIRECTION('ref_axis',(-1.,0.,0.));
#8910=DIRECTION('',(0.,-1.,0.));
#8911=DIRECTION('center_axis',(0.,1.,0.));
#8912=DIRECTION('ref_axis',(-1.,0.,0.));
#8913=DIRECTION('center_axis',(0.,1.,0.));
#8914=DIRECTION('ref_axis',(-1.,0.,0.));
#8915=DIRECTION('center_axis',(0.,1.,0.));
#8916=DIRECTION('ref_axis',(-1.,0.,0.));
#8917=DIRECTION('',(0.,-1.,0.));
#8918=DIRECTION('center_axis',(0.,1.,0.));
#8919=DIRECTION('ref_axis',(-1.,0.,0.));
#8920=DIRECTION('center_axis',(0.,1.,0.));
#8921=DIRECTION('ref_axis',(-1.,0.,0.));
#8922=DIRECTION('center_axis',(0.,-1.,0.));
#8923=DIRECTION('ref_axis',(-1.,0.,0.));
#8924=DIRECTION('',(0.,-1.,0.));
#8925=DIRECTION('center_axis',(0.,1.,0.));
#8926=DIRECTION('ref_axis',(-1.,0.,0.));
#8927=DIRECTION('center_axis',(0.,1.,0.));
#8928=DIRECTION('ref_axis',(-1.,0.,0.));
#8929=DIRECTION('center_axis',(0.,1.,0.));
#8930=DIRECTION('ref_axis',(-1.,0.,0.));
#8931=DIRECTION('',(0.,-1.,0.));
#8932=DIRECTION('center_axis',(0.,1.,0.));
#8933=DIRECTION('ref_axis',(-1.,0.,0.));
#8934=DIRECTION('center_axis',(0.,1.,0.));
#8935=DIRECTION('ref_axis',(-1.,0.,0.));
#8936=DIRECTION('center_axis',(0.,-1.,0.));
#8937=DIRECTION('ref_axis',(-1.,0.,0.));
#8938=DIRECTION('',(0.,-1.,0.));
#8939=DIRECTION('center_axis',(0.,1.,0.));
#8940=DIRECTION('ref_axis',(-1.,0.,0.));
#8941=DIRECTION('center_axis',(0.,1.,0.));
#8942=DIRECTION('ref_axis',(-1.,0.,0.));
#8943=DIRECTION('center_axis',(0.,1.,0.));
#8944=DIRECTION('ref_axis',(-1.,0.,0.));
#8945=DIRECTION('',(0.,-1.,0.));
#8946=DIRECTION('center_axis',(0.,1.,0.));
#8947=DIRECTION('ref_axis',(-1.,0.,0.));
#8948=DIRECTION('center_axis',(0.707106781186568,-1.70688446400946E-27,
0.707106781186527));
#8949=DIRECTION('ref_axis',(0.707106781186527,0.,-0.707106781186568));
#8950=DIRECTION('',(-1.22942354140346E-40,1.,2.4138991584063E-27));
#8951=DIRECTION('',(-0.577350269189594,0.577350269189657,0.577350269189627));
#8952=DIRECTION('',(1.22942354140346E-40,-1.,-2.4138991584063E-27));
#8953=DIRECTION('',(-0.57735026918959,-0.577350269189659,0.577350269189629));
#8954=DIRECTION('center_axis',(0.707106781186549,0.707106781186546,3.60136719071032E-14));
#8955=DIRECTION('ref_axis',(5.09310232418801E-14,0.,-1.));
#8956=DIRECTION('',(5.09310232418801E-14,0.,-1.));
#8957=DIRECTION('',(-0.577350269189594,0.577350269189627,-0.577350269189657));
#8958=DIRECTION('',(-5.09310232418801E-14,0.,1.));
#8959=DIRECTION('center_axis',(0.707106781186582,0.,-0.707106781186513));
#8960=DIRECTION('ref_axis',(-0.707106781186513,0.,-0.707106781186582));
#8961=DIRECTION('',(0.,-1.,0.));
#8962=DIRECTION('',(-0.57735026918953,-0.577350269189659,-0.577350269189688));
#8963=DIRECTION('',(0.,1.,0.));
#8964=DIRECTION('center_axis',(0.707106781186609,-0.707106781186487,3.60136719071062E-14));
#8965=DIRECTION('ref_axis',(5.09310232418801E-14,0.,-1.));
#8966=DIRECTION('',(5.09310232418801E-14,0.,-1.));
#8967=DIRECTION('',(-5.09310232418801E-14,0.,1.));
#8968=DIRECTION('center_axis',(0.,-1.,0.));
#8969=DIRECTION('ref_axis',(0.,0.,-1.));
#8970=DIRECTION('',(1.,0.,5.09310232418801E-14));
#8971=DIRECTION('',(0.,0.,1.));
#8972=DIRECTION('',(1.,0.,5.09310232418801E-14));
#8973=DIRECTION('center_axis',(-5.09310232418801E-14,-2.4138991584063E-27,
1.));
#8974=DIRECTION('ref_axis',(4.7395457714295E-14,-1.,0.));
#8975=DIRECTION('',(1.,0.,5.09310232418801E-14));
#8976=DIRECTION('',(0.,1.,2.4138991584063E-27));
#8977=DIRECTION('center_axis',(1.,0.,5.09310232418801E-14));
#8978=DIRECTION('ref_axis',(5.09310232418801E-14,0.,-1.));
#8979=DIRECTION('center_axis',(0.,1.,0.));
#8980=DIRECTION('ref_axis',(-5.08761426861351E-14,0.,1.));
#8981=DIRECTION('',(1.,0.,5.09310232418801E-14));
#8982=DIRECTION('',(0.,0.,-1.));
#8983=DIRECTION('center_axis',(5.09310232418801E-14,0.,-1.));
#8984=DIRECTION('ref_axis',(0.,1.,0.));
#8985=DIRECTION('',(0.,-1.,0.));
#8986=DIRECTION('center_axis',(1.,0.,0.));
#8987=DIRECTION('ref_axis',(0.,0.,-1.));
#8988=DIRECTION('',(0.,1.,0.));
#8989=DIRECTION('',(0.,0.,-1.));
#8990=DIRECTION('',(0.,1.,0.));
#8991=DIRECTION('center_axis',(0.,0.,1.));
#8992=DIRECTION('ref_axis',(1.,0.,0.));
#8993=DIRECTION('',(1.,0.,0.));
#8994=DIRECTION('',(0.,1.,0.));
#8995=DIRECTION('center_axis',(-1.,0.,0.));
#8996=DIRECTION('ref_axis',(0.,0.,1.));
#8997=DIRECTION('',(0.,0.,1.));
#8998=DIRECTION('',(0.,1.,0.));
#8999=DIRECTION('center_axis',(0.,0.,-1.));
#9000=DIRECTION('ref_axis',(-1.,0.,0.));
#9001=DIRECTION('',(-1.,0.,0.));
#9002=DIRECTION('center_axis',(0.,1.,0.));
#9003=DIRECTION('ref_axis',(0.,0.,1.));
#9004=DIRECTION('center_axis',(0.,-1.,0.));
#9005=DIRECTION('ref_axis',(-1.,0.,0.));
#9006=DIRECTION('',(0.,-1.,0.));
#9007=DIRECTION('center_axis',(0.,1.,0.));
#9008=DIRECTION('ref_axis',(-1.,0.,0.));
#9009=DIRECTION('center_axis',(0.,-1.,0.));
#9010=DIRECTION('ref_axis',(-1.,0.,0.));
#9011=DIRECTION('',(0.,-1.,0.));
#9012=DIRECTION('center_axis',(0.,1.,0.));
#9013=DIRECTION('ref_axis',(-1.,0.,0.));
#9014=DIRECTION('center_axis',(0.,-1.,0.));
#9015=DIRECTION('ref_axis',(-1.,0.,0.));
#9016=DIRECTION('',(0.,-1.,0.));
#9017=DIRECTION('center_axis',(0.,1.,0.));
#9018=DIRECTION('ref_axis',(-1.,0.,0.));
#9019=DIRECTION('center_axis',(0.,-1.,0.));
#9020=DIRECTION('ref_axis',(-1.,0.,0.));
#9021=DIRECTION('',(0.,-1.,0.));
#9022=DIRECTION('center_axis',(0.,1.,0.));
#9023=DIRECTION('ref_axis',(-1.,0.,0.));
#9024=DIRECTION('center_axis',(0.,-1.,0.));
#9025=DIRECTION('ref_axis',(-1.,0.,0.));
#9026=DIRECTION('',(0.,-1.,0.));
#9027=DIRECTION('center_axis',(0.,1.,0.));
#9028=DIRECTION('ref_axis',(-1.,0.,0.));
#9029=DIRECTION('center_axis',(0.,-1.,0.));
#9030=DIRECTION('ref_axis',(-1.,0.,0.));
#9031=DIRECTION('',(0.,-1.,0.));
#9032=DIRECTION('center_axis',(0.,1.,0.));
#9033=DIRECTION('ref_axis',(-1.,0.,0.));
#9034=DIRECTION('center_axis',(0.,-1.,0.));
#9035=DIRECTION('ref_axis',(-1.,0.,0.));
#9036=DIRECTION('',(0.,-1.,0.));
#9037=DIRECTION('center_axis',(0.,1.,0.));
#9038=DIRECTION('ref_axis',(-1.,0.,0.));
#9039=DIRECTION('center_axis',(0.,-1.,0.));
#9040=DIRECTION('ref_axis',(-1.,0.,0.));
#9041=DIRECTION('',(0.,-1.,0.));
#9042=DIRECTION('center_axis',(0.,1.,0.));
#9043=DIRECTION('ref_axis',(-1.,0.,0.));
#9044=DIRECTION('center_axis',(0.,-1.,0.));
#9045=DIRECTION('ref_axis',(-1.,0.,0.));
#9046=DIRECTION('',(0.,-1.,0.));
#9047=DIRECTION('center_axis',(0.,1.,0.));
#9048=DIRECTION('ref_axis',(-1.,0.,0.));
#9049=DIRECTION('center_axis',(0.,-1.,0.));
#9050=DIRECTION('ref_axis',(-1.,0.,0.));
#9051=DIRECTION('',(0.,-1.,0.));
#9052=DIRECTION('center_axis',(0.,1.,0.));
#9053=DIRECTION('ref_axis',(-1.,0.,0.));
#9054=DIRECTION('center_axis',(-1.,0.,2.39635799709064E-16));
#9055=DIRECTION('ref_axis',(-2.39635799709064E-16,0.,-1.));
#9056=DIRECTION('',(0.,-1.,0.));
#9057=DIRECTION('',(2.39635799709064E-16,0.,1.));
#9058=DIRECTION('',(0.,-1.,0.));
#9059=DIRECTION('center_axis',(0.,-1.,0.));
#9060=DIRECTION('ref_axis',(-3.36129717776639E-8,0.,0.999999999999999));
#9061=DIRECTION('',(0.,-1.,0.));
#9062=DIRECTION('center_axis',(0.,1.,0.));
#9063=DIRECTION('ref_axis',(-1.,0.,0.));
#9064=DIRECTION('center_axis',(1.,0.,2.39635799709064E-16));
#9065=DIRECTION('ref_axis',(-2.39635799709064E-16,0.,1.));
#9066=DIRECTION('',(0.,-1.,0.));
#9067=DIRECTION('',(2.39635799709064E-16,0.,-1.));
#9068=DIRECTION('center_axis',(0.,-1.,0.));
#9069=DIRECTION('ref_axis',(-1.,0.,0.));
#9070=DIRECTION('center_axis',(0.,1.,0.));
#9071=DIRECTION('ref_axis',(-1.,0.,0.));
#9072=DIRECTION('center_axis',(0.,-1.,0.));
#9073=DIRECTION('ref_axis',(-1.,0.,0.));
#9074=DIRECTION('',(0.,-1.,0.));
#9075=DIRECTION('center_axis',(0.,1.,0.));
#9076=DIRECTION('ref_axis',(-1.,0.,0.));
#9077=DIRECTION('center_axis',(0.,-1.,0.));
#9078=DIRECTION('ref_axis',(-1.,0.,0.));
#9079=DIRECTION('',(0.,-1.,0.));
#9080=DIRECTION('center_axis',(0.,1.,0.));
#9081=DIRECTION('ref_axis',(-1.,0.,0.));
#9082=DIRECTION('center_axis',(0.,-1.,0.));
#9083=DIRECTION('ref_axis',(-1.,0.,0.));
#9084=DIRECTION('',(0.,-1.,0.));
#9085=DIRECTION('center_axis',(0.,1.,0.));
#9086=DIRECTION('ref_axis',(-1.,0.,0.));
#9087=DIRECTION('center_axis',(0.,-1.,0.));
#9088=DIRECTION('ref_axis',(-1.,0.,0.));
#9089=DIRECTION('',(0.,-1.,0.));
#9090=DIRECTION('center_axis',(0.,1.,0.));
#9091=DIRECTION('ref_axis',(-1.,0.,0.));
#9092=DIRECTION('center_axis',(0.,1.,0.));
#9093=DIRECTION('ref_axis',(-1.,0.,0.));
#9094=DIRECTION('center_axis',(0.,-1.,0.));
#9095=DIRECTION('ref_axis',(-1.,0.,0.));
#9096=DIRECTION('',(0.,1.,0.));
#9097=DIRECTION('',(0.,1.,0.));
#9098=DIRECTION('center_axis',(0.,0.,-1.));
#9099=DIRECTION('ref_axis',(-1.,0.,0.));
#9100=DIRECTION('',(1.,0.,0.));
#9101=DIRECTION('',(0.,1.,0.));
#9102=DIRECTION('center_axis',(0.,1.,0.));
#9103=DIRECTION('ref_axis',(0.,0.,-1.));
#9104=DIRECTION('center_axis',(0.,-1.,0.));
#9105=DIRECTION('ref_axis',(0.,0.,-1.));
#9106=DIRECTION('',(0.,1.,0.));
#9107=DIRECTION('center_axis',(1.,0.,0.));
#9108=DIRECTION('ref_axis',(0.,0.,-1.));
#9109=DIRECTION('',(0.,0.,1.));
#9110=DIRECTION('',(0.,1.,0.));
#9111=DIRECTION('center_axis',(0.,1.,0.));
#9112=DIRECTION('ref_axis',(1.,0.,-1.11322807524891E-15));
#9113=DIRECTION('center_axis',(0.,-1.,0.));
#9114=DIRECTION('ref_axis',(1.,0.,-1.11322807524891E-15));
#9115=DIRECTION('',(0.,1.,0.));
#9116=DIRECTION('center_axis',(0.,0.,1.));
#9117=DIRECTION('ref_axis',(1.,0.,0.));
#9118=DIRECTION('',(1.,0.,0.));
#9119=DIRECTION('',(0.,1.,0.));
#9120=DIRECTION('center_axis',(0.,1.,0.));
#9121=DIRECTION('ref_axis',(0.,0.,1.));
#9122=DIRECTION('center_axis',(0.,-1.,0.));
#9123=DIRECTION('ref_axis',(0.,0.,1.));
#9124=DIRECTION('',(0.,1.,0.));
#9125=DIRECTION('center_axis',(-1.,0.,0.));
#9126=DIRECTION('ref_axis',(0.,0.,1.));
#9127=DIRECTION('',(0.,0.,-1.));
#9128=DIRECTION('',(0.,1.,0.));
#9129=DIRECTION('center_axis',(0.,1.,0.));
#9130=DIRECTION('ref_axis',(-1.,0.,0.));
#9131=DIRECTION('center_axis',(0.,-1.,0.));
#9132=DIRECTION('ref_axis',(-1.,0.,0.));
#9133=DIRECTION('',(0.,1.,0.));
#9134=DIRECTION('center_axis',(1.,0.,0.));
#9135=DIRECTION('ref_axis',(0.,0.,-1.));
#9136=DIRECTION('',(0.,0.,1.));
#9137=DIRECTION('',(0.,1.,0.));
#9138=DIRECTION('center_axis',(0.,1.,0.));
#9139=DIRECTION('ref_axis',(1.,0.,0.));
#9140=DIRECTION('center_axis',(0.,-1.,0.));
#9141=DIRECTION('ref_axis',(1.,0.,0.));
#9142=DIRECTION('',(0.,1.,0.));
#9143=DIRECTION('center_axis',(0.,0.,1.));
#9144=DIRECTION('ref_axis',(1.,0.,0.));
#9145=DIRECTION('',(-1.,0.,0.));
#9146=DIRECTION('',(0.,1.,0.));
#9147=DIRECTION('center_axis',(0.,1.,0.));
#9148=DIRECTION('ref_axis',(6.35782877508772E-7,0.,0.999999999999798));
#9149=DIRECTION('center_axis',(0.,-1.,0.));
#9150=DIRECTION('ref_axis',(6.35782877508772E-7,0.,0.999999999999798));
#9151=DIRECTION('',(0.,1.,0.));
#9152=DIRECTION('center_axis',(-1.,0.,0.));
#9153=DIRECTION('ref_axis',(0.,0.,1.));
#9154=DIRECTION('',(0.,0.,-1.));
#9155=DIRECTION('',(0.,1.,0.));
#9156=DIRECTION('center_axis',(0.,1.,0.));
#9157=DIRECTION('ref_axis',(-1.,0.,2.03720737770552E-13));
#9158=DIRECTION('center_axis',(0.,-1.,0.));
#9159=DIRECTION('ref_axis',(-1.,0.,2.03720737770552E-13));
#9160=DIRECTION('',(0.,1.,0.));
#9161=DIRECTION('center_axis',(0.,0.,-1.));
#9162=DIRECTION('ref_axis',(-1.,0.,0.));
#9163=DIRECTION('',(-1.,0.,0.));
#9164=DIRECTION('',(0.,1.,0.));
#9165=DIRECTION('center_axis',(0.,1.,0.));
#9166=DIRECTION('ref_axis',(0.,0.,-1.));
#9167=DIRECTION('center_axis',(0.,-1.,0.));
#9168=DIRECTION('ref_axis',(0.,0.,-1.));
#9169=DIRECTION('',(0.,1.,0.));
#9170=DIRECTION('center_axis',(1.,0.,0.));
#9171=DIRECTION('ref_axis',(0.,0.,-1.));
#9172=DIRECTION('',(0.,0.,-1.));
#9173=DIRECTION('',(0.,1.,0.));
#9174=DIRECTION('center_axis',(0.,1.,0.));
#9175=DIRECTION('ref_axis',(1.,0.,4.45291230099564E-15));
#9176=DIRECTION('center_axis',(0.,-1.,0.));
#9177=DIRECTION('ref_axis',(1.,0.,4.45291230099564E-15));
#9178=DIRECTION('',(0.,1.,0.));
#9179=DIRECTION('center_axis',(-1.,0.,0.));
#9180=DIRECTION('ref_axis',(0.,0.,1.));
#9181=DIRECTION('',(0.,0.,1.));
#9182=DIRECTION('center_axis',(0.,1.,0.));
#9183=DIRECTION('ref_axis',(1.,0.,0.));
#9184=DIRECTION('',(-0.999999996593765,-1.83218001436462E-15,8.25376101887609E-5));
#9185=DIRECTION('',(8.25376101885003E-5,-3.78030683916501E-15,0.999999996593773));
#9186=DIRECTION('',(-0.999999996593756,-1.83241782460761E-15,8.25376101887607E-5));
#9187=DIRECTION('',(8.25376101885006E-5,-5.2347873147305E-15,0.999999996593774));
#9188=DIRECTION('',(-0.999999996593752,-9.36133422275203E-16,8.25376101887611E-5));
#9189=DIRECTION('',(8.25376101885006E-5,-5.23469152403935E-15,0.999999996593778));
#9190=DIRECTION('',(-0.99999999659376,-9.35895612032204E-16,8.25376101887613E-5));
#9191=DIRECTION('',(8.25376101885003E-5,-3.78021104847386E-15,0.999999996593776));
#9192=DIRECTION('',(-0.999999996593765,-1.83217541215672E-15,8.25376101887609E-5));
#9193=DIRECTION('',(8.25376101885005E-5,-3.70173674850872E-15,0.999999996593773));
#9194=DIRECTION('',(-0.999999996593757,-1.83241322239972E-15,8.25376101887608E-5));
#9195=DIRECTION('',(8.25376101885008E-5,-5.15621722407421E-15,0.999999996593775));
#9196=DIRECTION('',(-0.999999996593752,-9.36128820067317E-16,8.25376101887612E-5));
#9197=DIRECTION('',(8.25376101885008E-5,-5.15612143338307E-15,0.999999996593778));
#9198=DIRECTION('',(-0.999999996593761,-9.35891009824317E-16,8.25376101887613E-5));
#9199=DIRECTION('',(8.25376101885005E-5,-3.70164095781758E-15,0.999999996593776));
#9200=DIRECTION('',(2.60902410786905E-15,0.999999999999995,8.84708972748157E-17));
#9201=DIRECTION('',(1.,4.16333634234438E-15,3.46944695194738E-18));
#9202=DIRECTION('',(2.49800180540653E-15,0.999999999999995,8.84708972748157E-17));
#9203=DIRECTION('',(1.,4.27435864480689E-15,3.46944695194733E-18));
#9204=CARTESIAN_POINT('',(0.,0.,0.));
#9205=CARTESIAN_POINT('',(0.,0.,0.));
#9206=CARTESIAN_POINT('Origin',(-3.46944695195361E-15,1.,3.25260651745653E-16));
#9207=CARTESIAN_POINT('',(6.575,1.,-1.1));
#9208=CARTESIAN_POINT('',(5.25,1.,-1.1));
#9209=CARTESIAN_POINT('',(8.4,0.999999999999999,-1.1));
#9210=CARTESIAN_POINT('',(6.575,1.,-0.8));
#9211=CARTESIAN_POINT('',(6.575,1.,-0.8));
#9212=CARTESIAN_POINT('',(5.25,1.,-0.8));
#9213=CARTESIAN_POINT('',(1.6,1.,-0.800000000000003));
#9214=CARTESIAN_POINT('',(5.25,1.,-0.8));
#9215=CARTESIAN_POINT('Origin',(-3.46944695195361E-15,1.,3.25260651745653E-16));
#9216=CARTESIAN_POINT('',(5.25,1.,-5.));
#9217=CARTESIAN_POINT('',(6.575,1.,-5.));
#9218=CARTESIAN_POINT('',(1.6,1.,-5.));
#9219=CARTESIAN_POINT('',(6.575,1.,-4.7));
#9220=CARTESIAN_POINT('',(6.575,1.,-0.8));
#9221=CARTESIAN_POINT('',(5.25,1.,-4.7));
#9222=CARTESIAN_POINT('',(8.4,1.,-4.7));
#9223=CARTESIAN_POINT('',(5.25,1.,-0.8));
#9224=CARTESIAN_POINT('Origin',(8.4,0.2,-1.9));
#9225=CARTESIAN_POINT('',(6.575,0.2,-1.9));
#9226=CARTESIAN_POINT('',(5.25,0.2,-1.9));
#9227=CARTESIAN_POINT('',(8.4,0.2,-1.9));
#9228=CARTESIAN_POINT('',(6.575,0.2,-1.9));
#9229=CARTESIAN_POINT('',(5.25,0.2,-1.9));
#9230=CARTESIAN_POINT('Origin',(8.4,0.2,-3.9));
#9231=CARTESIAN_POINT('',(6.575,0.2,-3.9));
#9232=CARTESIAN_POINT('',(5.25,0.2,-3.9));
#9233=CARTESIAN_POINT('',(8.4,0.2,-3.9));
#9234=CARTESIAN_POINT('',(6.575,0.2,-3.9));
#9235=CARTESIAN_POINT('',(5.25,0.2,-3.9));
#9236=CARTESIAN_POINT('',(5.775,0.2,-3.125));
#9237=CARTESIAN_POINT('',(5.775,0.2,-2.675));
#9238=CARTESIAN_POINT('',(5.775,0.2,-3.9));
#9239=CARTESIAN_POINT('',(6.225,0.2,-2.675));
#9240=CARTESIAN_POINT('',(8.4,0.2,-2.675));
#9241=CARTESIAN_POINT('',(6.225,0.2,-3.125));
#9242=CARTESIAN_POINT('',(6.225,0.2,-3.9));
#9243=CARTESIAN_POINT('',(8.4,0.2,-3.12500000000001));
#9244=CARTESIAN_POINT('Origin',(8.4,1.,-4.7));
#9245=CARTESIAN_POINT('',(6.575,1.,-4.7));
#9246=CARTESIAN_POINT('',(5.25,1.,-4.7));
#9247=CARTESIAN_POINT('Origin',(-3.46944695195361E-15,1.,3.25260651745653E-16));
#9248=CARTESIAN_POINT('',(2.925,0.999999999999999,-1.1));
#9249=CARTESIAN_POINT('',(1.6,1.,-1.1));
#9250=CARTESIAN_POINT('',(8.4,0.999999999999999,-1.1));
#9251=CARTESIAN_POINT('',(2.925,1.,-0.800000000000003));
#9252=CARTESIAN_POINT('',(2.925,1.,-0.799999999999999));
#9253=CARTESIAN_POINT('',(1.7,1.,-0.8));
#9254=CARTESIAN_POINT('',(1.6,1.,-0.800000000000003));
#9255=CARTESIAN_POINT('',(1.7,1.,-2.64545330086463E-16));
#9256=CARTESIAN_POINT('',(1.7,1.,0.));
#9257=CARTESIAN_POINT('',(-3.46944695195361E-15,1.,3.25260651745653E-16));
#9258=CARTESIAN_POINT('',(-3.46944695195361E-15,1.,3.25260651745653E-16));
#9259=CARTESIAN_POINT('',(-3.46944695195361E-15,1.,-0.8));
#9260=CARTESIAN_POINT('',(-3.46944695195361E-15,1.,3.25260651745653E-16));
#9261=CARTESIAN_POINT('',(1.6,1.,-0.800000000000003));
#9262=CARTESIAN_POINT('',(-3.46944695195361E-15,1.,-0.8));
#9263=CARTESIAN_POINT('',(1.6,1.,-0.800000000000003));
#9264=CARTESIAN_POINT('Origin',(-3.46944695195361E-15,1.,3.25260651745653E-16));
#9265=CARTESIAN_POINT('',(1.6,1.,-5.));
#9266=CARTESIAN_POINT('',(2.925,1.,-5.));
#9267=CARTESIAN_POINT('',(1.6,1.,-5.));
#9268=CARTESIAN_POINT('',(2.925,1.,-4.7));
#9269=CARTESIAN_POINT('',(2.925,1.,-0.799999999999999));
#9270=CARTESIAN_POINT('',(1.6,1.,-4.7));
#9271=CARTESIAN_POINT('',(8.4,1.,-4.7));
#9272=CARTESIAN_POINT('',(1.6,1.,-0.800000000000003));
#9273=CARTESIAN_POINT('Origin',(8.4,0.2,-1.9));
#9274=CARTESIAN_POINT('',(2.925,0.2,-1.9));
#9275=CARTESIAN_POINT('',(1.6,0.2,-1.9));
#9276=CARTESIAN_POINT('',(8.4,0.2,-1.9));
#9277=CARTESIAN_POINT('',(2.925,0.2,-1.9));
#9278=CARTESIAN_POINT('',(1.6,0.2,-1.9));
#9279=CARTESIAN_POINT('Origin',(8.4,0.2,-3.9));
#9280=CARTESIAN_POINT('',(2.925,0.2,-3.9));
#9281=CARTESIAN_POINT('',(1.6,0.2,-3.9));
#9282=CARTESIAN_POINT('',(8.4,0.2,-3.9));
#9283=CARTESIAN_POINT('',(2.925,0.2,-3.9));
#9284=CARTESIAN_POINT('',(1.6,0.2,-3.9));
#9285=CARTESIAN_POINT('',(1.775,0.2,-2.675));
#9286=CARTESIAN_POINT('',(2.225,0.2,-2.675));
#9287=CARTESIAN_POINT('',(8.4,0.2,-2.675));
#9288=CARTESIAN_POINT('',(2.225,0.2,-3.125));
#9289=CARTESIAN_POINT('',(2.225,0.2,-3.9));
#9290=CARTESIAN_POINT('',(1.775,0.2,-3.125));
#9291=CARTESIAN_POINT('',(8.4,0.2,-3.125));
#9292=CARTESIAN_POINT('',(1.775,0.2,-3.9));
#9293=CARTESIAN_POINT('Origin',(8.4,1.,-4.7));
#9294=CARTESIAN_POINT('',(2.925,1.,-4.7));
#9295=CARTESIAN_POINT('',(1.6,1.,-4.7));
#9296=CARTESIAN_POINT('Origin',(-3.46944695195361E-15,1.,3.25260651745653E-16));
#9297=CARTESIAN_POINT('',(4.75,1.,-0.8));
#9298=CARTESIAN_POINT('',(3.425,1.,-0.800000000000003));
#9299=CARTESIAN_POINT('',(1.6,1.,-0.800000000000003));
#9300=CARTESIAN_POINT('',(3.425,0.999999999999999,-1.1));
#9301=CARTESIAN_POINT('',(3.425,1.,-0.799999999999999));
#9302=CARTESIAN_POINT('',(4.75,1.,-1.1));
#9303=CARTESIAN_POINT('',(8.4,0.999999999999999,-1.1));
#9304=CARTESIAN_POINT('',(4.75,1.,-0.8));
#9305=CARTESIAN_POINT('Origin',(-3.46944695195361E-15,1.,3.25260651745653E-16));
#9306=CARTESIAN_POINT('',(4.75,1.,-4.7));
#9307=CARTESIAN_POINT('',(3.425,1.,-4.7));
#9308=CARTESIAN_POINT('',(8.4,1.,-4.7));
#9309=CARTESIAN_POINT('',(3.425,1.,-5.));
#9310=CARTESIAN_POINT('',(3.425,1.,-0.799999999999999));
#9311=CARTESIAN_POINT('',(4.75,1.,-5.));
#9312=CARTESIAN_POINT('',(1.6,1.,-5.));
#9313=CARTESIAN_POINT('',(4.75,1.,-0.8));
#9314=CARTESIAN_POINT('Origin',(8.4,0.2,-1.9));
#9315=CARTESIAN_POINT('',(3.425,0.2,-1.9));
#9316=CARTESIAN_POINT('',(3.425,0.2,-1.9));
#9317=CARTESIAN_POINT('',(4.75,0.2,-1.9));
#9318=CARTESIAN_POINT('',(8.4,0.2,-1.9));
#9319=CARTESIAN_POINT('',(4.75,0.2,-1.9));
#9320=CARTESIAN_POINT('Origin',(8.4,0.2,-3.9));
#9321=CARTESIAN_POINT('',(3.425,0.2,-3.9));
#9322=CARTESIAN_POINT('',(3.425,0.2,-3.9));
#9323=CARTESIAN_POINT('',(4.75,0.2,-3.9));
#9324=CARTESIAN_POINT('',(8.4,0.2,-3.9));
#9325=CARTESIAN_POINT('',(4.75,0.2,-3.9));
#9326=CARTESIAN_POINT('',(3.775,0.2,-2.675));
#9327=CARTESIAN_POINT('',(4.225,0.2,-2.675));
#9328=CARTESIAN_POINT('',(8.4,0.2,-2.675));
#9329=CARTESIAN_POINT('',(4.225,0.2,-3.125));
#9330=CARTESIAN_POINT('',(4.225,0.2,-3.9));
#9331=CARTESIAN_POINT('',(3.775,0.2,-3.125));
#9332=CARTESIAN_POINT('',(8.4,0.2,-3.12499999999999));
#9333=CARTESIAN_POINT('',(3.775,0.2,-3.9));
#9334=CARTESIAN_POINT('Origin',(8.4,1.,-4.7));
#9335=CARTESIAN_POINT('',(3.425,1.,-4.7));
#9336=CARTESIAN_POINT('',(4.75,1.,-4.7));
#9337=CARTESIAN_POINT('Origin',(-3.46944695195361E-15,1.,3.25260651745653E-16));
#9338=CARTESIAN_POINT('',(8.3,1.,-0.800000000000003));
#9339=CARTESIAN_POINT('',(7.075,1.,-0.8));
#9340=CARTESIAN_POINT('',(1.6,1.,-0.800000000000003));
#9341=CARTESIAN_POINT('',(7.075,1.,-1.1));
#9342=CARTESIAN_POINT('',(7.075,1.,-0.8));
#9343=CARTESIAN_POINT('',(8.4,1.,-1.1));
#9344=CARTESIAN_POINT('',(8.4,0.999999999999999,-1.1));
#9345=CARTESIAN_POINT('',(8.4,1.,-0.800000000000003));
#9346=CARTESIAN_POINT('',(8.4,1.,-0.800000000000003));
#9347=CARTESIAN_POINT('',(10.,1.,-0.800000000000003));
#9348=CARTESIAN_POINT('',(-3.46944695195361E-15,1.,-0.8));
#9349=CARTESIAN_POINT('',(10.,1.,-3.14418630020796E-15));
#9350=CARTESIAN_POINT('',(10.,1.,-3.14418630020796E-15));
#9351=CARTESIAN_POINT('',(8.3,1.,-2.55438031837585E-15));
#9352=CARTESIAN_POINT('',(-3.46944695195361E-15,1.,3.25260651745653E-16));
#9353=CARTESIAN_POINT('',(8.3,1.,0.));
#9354=CARTESIAN_POINT('Origin',(-3.46944695195361E-15,1.,3.25260651745653E-16));
#9355=CARTESIAN_POINT('',(8.4,1.,-4.7));
#9356=CARTESIAN_POINT('',(7.075,1.,-4.7));
#9357=CARTESIAN_POINT('',(8.4,1.,-4.7));
#9358=CARTESIAN_POINT('',(7.075,1.,-5.));
#9359=CARTESIAN_POINT('',(7.075,1.,-0.8));
#9360=CARTESIAN_POINT('',(8.4,1.,-5.));
#9361=CARTESIAN_POINT('',(1.6,1.,-5.));
#9362=CARTESIAN_POINT('',(8.4,1.,-0.800000000000003));
#9363=CARTESIAN_POINT('Origin',(1.6,1.,-0.800000000000003));
#9364=CARTESIAN_POINT('',(1.6,0.,-0.800000000000003));
#9365=CARTESIAN_POINT('',(1.6,1.,-0.800000000000003));
#9366=CARTESIAN_POINT('',(1.6,0.,-5.));
#9367=CARTESIAN_POINT('',(1.6,0.,-0.800000000000003));
#9368=CARTESIAN_POINT('',(1.6,1.,-5.));
#9369=CARTESIAN_POINT('Origin',(8.4,1.,-0.800000000000003));
#9370=CARTESIAN_POINT('',(8.4,0.2,-1.9));
#9371=CARTESIAN_POINT('',(8.4,0.2,-1.9));
#9372=CARTESIAN_POINT('',(8.4,0.2,-3.9));
#9373=CARTESIAN_POINT('',(8.4,0.2,-3.9));
#9374=CARTESIAN_POINT('',(8.4,1.,-4.7));
#9375=CARTESIAN_POINT('',(8.4,0.,-5.));
#9376=CARTESIAN_POINT('',(8.4,1.,-5.));
#9377=CARTESIAN_POINT('',(8.4,0.,-0.800000000000003));
#9378=CARTESIAN_POINT('',(8.4,0.,-0.800000000000003));
#9379=CARTESIAN_POINT('',(8.4,1.,-0.800000000000003));
#9380=CARTESIAN_POINT('Origin',(0.,0.,0.));
#9381=CARTESIAN_POINT('',(-3.46944695195361E-15,0.,-0.8));
#9382=CARTESIAN_POINT('',(1.7,0.,-0.8));
#9383=CARTESIAN_POINT('',(0.,0.,-5.));
#9384=CARTESIAN_POINT('',(0.,0.,0.));
#9385=CARTESIAN_POINT('',(0.,0.,-5.));
#9386=CARTESIAN_POINT('Origin',(1.7,0.,-0.8));
#9387=CARTESIAN_POINT('',(-3.46944695195361E-15,0.,-0.8));
#9388=CARTESIAN_POINT('Origin',(1.7,0.,-0.8));
#9389=CARTESIAN_POINT('',(2.2,5.,-0.8));
#9390=CARTESIAN_POINT('',(2.2,7.85,-0.8));
#9391=CARTESIAN_POINT('',(2.2,5.,-0.8));
#9392=CARTESIAN_POINT('',(2.05,8.,-0.8));
#9393=CARTESIAN_POINT('',(2.2,7.85,-0.8));
#9394=CARTESIAN_POINT('',(1.7,8.,-0.8));
#9395=CARTESIAN_POINT('',(1.7,8.,-0.8));
#9396=CARTESIAN_POINT('',(1.7,0.,-0.8));
#9397=CARTESIAN_POINT('',(2.925,0.,-0.799999999999999));
#9398=CARTESIAN_POINT('',(2.925,0.,-0.799999999999999));
#9399=CARTESIAN_POINT('',(3.425,0.,-0.799999999999999));
#9400=CARTESIAN_POINT('',(2.925,0.,-0.799999999999999));
#9401=CARTESIAN_POINT('',(3.425,0.,-0.799999999999999));
#9402=CARTESIAN_POINT('',(4.75,0.,-0.8));
#9403=CARTESIAN_POINT('',(4.75,0.,-0.8));
#9404=CARTESIAN_POINT('',(5.25,0.,-0.8));
#9405=CARTESIAN_POINT('',(4.75,0.,-0.8));
#9406=CARTESIAN_POINT('',(5.25,0.,-0.8));
#9407=CARTESIAN_POINT('',(6.575,0.,-0.8));
#9408=CARTESIAN_POINT('',(6.575,0.,-0.8));
#9409=CARTESIAN_POINT('',(7.075,0.,-0.8));
#9410=CARTESIAN_POINT('',(6.575,0.,-0.8));
#9411=CARTESIAN_POINT('',(7.075,0.,-0.8));
#9412=CARTESIAN_POINT('',(8.3,8.,-0.8));
#9413=CARTESIAN_POINT('',(8.3,0.,-0.8));
#9414=CARTESIAN_POINT('',(7.94999999999999,8.,-0.8));
#9415=CARTESIAN_POINT('',(1.7,8.,-0.8));
#9416=CARTESIAN_POINT('',(7.8,7.85,-0.8));
#9417=CARTESIAN_POINT('',(7.8,7.85,-0.8));
#9418=CARTESIAN_POINT('',(7.8,5.,-0.8));
#9419=CARTESIAN_POINT('',(7.8,5.,-0.8));
#9420=CARTESIAN_POINT('',(7.,5.,-0.8));
#9421=CARTESIAN_POINT('',(2.2,5.,-0.8));
#9422=CARTESIAN_POINT('',(7.,3.4,-0.8));
#9423=CARTESIAN_POINT('',(7.,3.4,-0.8));
#9424=CARTESIAN_POINT('',(3.,3.4,-0.8));
#9425=CARTESIAN_POINT('',(3.,3.4,-0.8));
#9426=CARTESIAN_POINT('',(3.,5.,-0.8));
#9427=CARTESIAN_POINT('',(3.,3.4,-0.8));
#9428=CARTESIAN_POINT('',(2.2,5.,-0.8));
#9429=CARTESIAN_POINT('Origin',(0.,8.,0.));
#9430=CARTESIAN_POINT('',(2.05,8.,-1.3));
#9431=CARTESIAN_POINT('',(2.05,8.,0.));
#9432=CARTESIAN_POINT('',(1.2,8.,-1.3));
#9433=CARTESIAN_POINT('',(1.2,8.,-1.3));
#9434=CARTESIAN_POINT('',(1.2,8.,-0.5));
#9435=CARTESIAN_POINT('',(1.2,8.,-0.5));
#9436=CARTESIAN_POINT('',(0.5,8.,-0.5));
#9437=CARTESIAN_POINT('',(0.5,8.,-0.5));
#9438=CARTESIAN_POINT('',(0.5,8.,-4.5));
#9439=CARTESIAN_POINT('',(0.5,8.,-4.5));
#9440=CARTESIAN_POINT('',(2.,8.,-4.5));
#9441=CARTESIAN_POINT('',(9.49999999999999,8.,-4.5));
#9442=CARTESIAN_POINT('',(2.,8.,-5.));
#9443=CARTESIAN_POINT('',(2.,8.,-5.));
#9444=CARTESIAN_POINT('',(0.,8.,-5.));
#9445=CARTESIAN_POINT('',(0.,8.,-5.));
#9446=CARTESIAN_POINT('',(0.,8.,0.));
#9447=CARTESIAN_POINT('',(0.,8.,0.));
#9448=CARTESIAN_POINT('',(1.7,8.,0.));
#9449=CARTESIAN_POINT('',(0.,8.,0.));
#9450=CARTESIAN_POINT('',(1.7,8.,0.));
#9451=CARTESIAN_POINT('Origin',(0.,8.,0.));
#9452=CARTESIAN_POINT('',(0.,8.,0.));
#9453=CARTESIAN_POINT('',(1.7,0.,0.));
#9454=CARTESIAN_POINT('Origin',(0.,8.,0.));
#9455=CARTESIAN_POINT('',(0.,8.,-5.));
#9456=CARTESIAN_POINT('Origin',(0.,8.,0.));
#9457=CARTESIAN_POINT('',(8.3,8.,0.));
#9458=CARTESIAN_POINT('',(8.3,0.,0.));
#9459=CARTESIAN_POINT('',(10.,8.,0.));
#9460=CARTESIAN_POINT('',(10.,8.,0.));
#9461=CARTESIAN_POINT('',(0.,8.,0.));
#9462=CARTESIAN_POINT('Origin',(10.,8.,0.));
#9463=CARTESIAN_POINT('',(10.,0.,-0.800000000000003));
#9464=CARTESIAN_POINT('',(10.,0.,-0.800000000000003));
#9465=CARTESIAN_POINT('',(10.,0.,-5.));
#9466=CARTESIAN_POINT('',(10.,0.,0.));
#9467=CARTESIAN_POINT('',(10.,8.,-5.));
#9468=CARTESIAN_POINT('',(10.,8.,-5.));
#9469=CARTESIAN_POINT('',(10.,8.,0.));
#9470=CARTESIAN_POINT('Origin',(0.,8.,-5.));
#9471=CARTESIAN_POINT('',(2.,7.,-5.));
#9472=CARTESIAN_POINT('',(2.,7.,-5.));
#9473=CARTESIAN_POINT('',(8.,7.,-5.));
#9474=CARTESIAN_POINT('',(2.,7.,-5.));
#9475=CARTESIAN_POINT('',(8.,8.,-5.));
#9476=CARTESIAN_POINT('',(8.,7.,-5.));
#9477=CARTESIAN_POINT('',(0.,8.,-5.));
#9478=CARTESIAN_POINT('',(0.,0.,-5.));
#9479=CARTESIAN_POINT('',(7.075,0.,-5.));
#9480=CARTESIAN_POINT('',(7.075,0.,-5.));
#9481=CARTESIAN_POINT('',(6.575,0.,-5.));
#9482=CARTESIAN_POINT('',(6.575,0.,-5.));
#9483=CARTESIAN_POINT('',(6.575,0.,-5.));
#9484=CARTESIAN_POINT('',(5.25,0.,-5.));
#9485=CARTESIAN_POINT('',(5.25,0.,-5.));
#9486=CARTESIAN_POINT('',(4.75,0.,-5.));
#9487=CARTESIAN_POINT('',(4.75,0.,-5.));
#9488=CARTESIAN_POINT('',(4.75,0.,-5.));
#9489=CARTESIAN_POINT('',(3.425,0.,-5.));
#9490=CARTESIAN_POINT('',(3.425,0.,-5.));
#9491=CARTESIAN_POINT('',(2.925,0.,-5.));
#9492=CARTESIAN_POINT('',(2.925,0.,-5.));
#9493=CARTESIAN_POINT('',(2.925,0.,-5.));
#9494=CARTESIAN_POINT('Origin',(0.,8.,0.));
#9495=CARTESIAN_POINT('',(7.95,8.,-1.3));
#9496=CARTESIAN_POINT('',(8.8,8.,-1.3));
#9497=CARTESIAN_POINT('',(1.2,8.,-1.3));
#9498=CARTESIAN_POINT('',(7.95,8.,0.));
#9499=CARTESIAN_POINT('',(8.3,8.,0.));
#9500=CARTESIAN_POINT('',(8.,8.,-4.5));
#9501=CARTESIAN_POINT('',(8.,8.,-5.));
#9502=CARTESIAN_POINT('',(9.49999999999999,8.,-4.5));
#9503=CARTESIAN_POINT('',(9.49999999999999,8.,-4.5));
#9504=CARTESIAN_POINT('',(9.5,8.,-0.5));
#9505=CARTESIAN_POINT('',(9.5,8.,-0.5));
#9506=CARTESIAN_POINT('',(8.8,8.,-0.5));
#9507=CARTESIAN_POINT('',(8.8,8.,-0.5));
#9508=CARTESIAN_POINT('',(8.8,8.,-1.3));
#9509=CARTESIAN_POINT('Origin',(0.,0.,0.));
#9510=CARTESIAN_POINT('',(1.7,0.,-0.8));
#9511=CARTESIAN_POINT('Origin',(1.7,0.,0.));
#9512=CARTESIAN_POINT('Origin',(1.7,0.,-0.8));
#9513=CARTESIAN_POINT('Origin',(8.3,0.,0.));
#9514=CARTESIAN_POINT('Origin',(0.5,1.5,-4.5));
#9515=CARTESIAN_POINT('',(0.5,1.5,-0.5));
#9516=CARTESIAN_POINT('',(0.5,1.5,-0.5));
#9517=CARTESIAN_POINT('',(0.5,1.5,-4.5));
#9518=CARTESIAN_POINT('',(0.5,1.5,-4.5));
#9519=CARTESIAN_POINT('',(0.5,1.5,-4.5));
#9520=CARTESIAN_POINT('Origin',(9.49999999999999,1.5,-4.5));
#9521=CARTESIAN_POINT('',(2.,7.,-4.5));
#9522=CARTESIAN_POINT('',(8.,7.,-4.5));
#9523=CARTESIAN_POINT('',(2.,7.,-4.5));
#9524=CARTESIAN_POINT('',(2.,7.,-4.5));
#9525=CARTESIAN_POINT('',(9.49999999999999,1.5,-4.5));
#9526=CARTESIAN_POINT('',(9.49999999999999,1.5,-4.5));
#9527=CARTESIAN_POINT('',(9.49999999999999,1.5,-4.5));
#9528=CARTESIAN_POINT('',(8.,7.,-4.5));
#9529=CARTESIAN_POINT('Origin',(9.5,1.5,-0.5));
#9530=CARTESIAN_POINT('',(9.5,1.5,-0.5));
#9531=CARTESIAN_POINT('',(9.5,1.5,-0.5));
#9532=CARTESIAN_POINT('',(9.5,1.5,-0.5));
#9533=CARTESIAN_POINT('Origin',(8.8,1.5,-0.5));
#9534=CARTESIAN_POINT('',(8.8,1.5,-0.5));
#9535=CARTESIAN_POINT('',(8.8,1.5,-0.5));
#9536=CARTESIAN_POINT('',(8.8,1.5,-0.5));
#9537=CARTESIAN_POINT('Origin',(8.8,1.5,-1.3));
#9538=CARTESIAN_POINT('',(8.8,1.5,-1.3));
#9539=CARTESIAN_POINT('',(8.8,1.5,-1.3));
#9540=CARTESIAN_POINT('',(8.8,1.5,-1.3));
#9541=CARTESIAN_POINT('Origin',(1.2,1.5,-1.3));
#9542=CARTESIAN_POINT('',(2.2,7.85,-1.3));
#9543=CARTESIAN_POINT('',(2.2,7.85,-1.3));
#9544=CARTESIAN_POINT('',(2.2,5.,-1.3));
#9545=CARTESIAN_POINT('',(2.2,5.,-1.3));
#9546=CARTESIAN_POINT('',(7.8,5.,-1.3));
#9547=CARTESIAN_POINT('',(2.2,5.,-1.3));
#9548=CARTESIAN_POINT('',(7.8,7.85,-1.3));
#9549=CARTESIAN_POINT('',(7.8,5.,-1.3));
#9550=CARTESIAN_POINT('',(7.8,7.85,-1.3));
#9551=CARTESIAN_POINT('',(1.2,1.5,-1.3));
#9552=CARTESIAN_POINT('',(1.2,1.5,-1.3));
#9553=CARTESIAN_POINT('',(1.2,1.5,-1.3));
#9554=CARTESIAN_POINT('Origin',(1.2,1.5,-0.5));
#9555=CARTESIAN_POINT('',(1.2,1.5,-0.5));
#9556=CARTESIAN_POINT('',(1.2,1.5,-0.5));
#9557=CARTESIAN_POINT('',(1.2,1.5,-0.5));
#9558=CARTESIAN_POINT('Origin',(0.5,1.5,-0.5));
#9559=CARTESIAN_POINT('',(0.5,1.5,-0.5));
#9560=CARTESIAN_POINT('Origin',(0.,1.5,0.));
#9561=CARTESIAN_POINT('',(5.775,1.5,-2.675));
#9562=CARTESIAN_POINT('',(6.225,1.5,-2.675));
#9563=CARTESIAN_POINT('',(5.15598366470887E-15,1.5,-2.67500000000001));
#9564=CARTESIAN_POINT('',(5.775,1.5,-3.125));
#9565=CARTESIAN_POINT('',(5.775,1.5,-1.94711233582856E-48));
#9566=CARTESIAN_POINT('',(6.225,1.5,-3.125));
#9567=CARTESIAN_POINT('',(-6.02334540269723E-15,1.5,-3.12499999999999));
#9568=CARTESIAN_POINT('',(6.225,1.5,-2.09883537498402E-48));
#9569=CARTESIAN_POINT('',(7.775,1.5,-3.125));
#9570=CARTESIAN_POINT('',(7.775,1.5,-2.675));
#9571=CARTESIAN_POINT('',(7.775,1.5,-2.62143695429733E-48));
#9572=CARTESIAN_POINT('',(8.225,1.5,-3.125));
#9573=CARTESIAN_POINT('',(0.,1.5,-3.125));
#9574=CARTESIAN_POINT('',(8.225,1.5,-2.675));
#9575=CARTESIAN_POINT('',(8.225,1.5,-2.7731599934528E-48));
#9576=CARTESIAN_POINT('',(0.,1.5,-2.675));
#9577=CARTESIAN_POINT('',(4.225,1.5,-2.675));
#9578=CARTESIAN_POINT('',(4.225,1.5,-3.125));
#9579=CARTESIAN_POINT('',(4.225,1.5,-8.14356298444669E-15));
#9580=CARTESIAN_POINT('',(3.775,1.5,-2.675));
#9581=CARTESIAN_POINT('',(0.,1.5,-2.675));
#9582=CARTESIAN_POINT('',(3.775,1.5,-3.125));
#9583=CARTESIAN_POINT('',(3.775,1.5,-1.27278771735979E-48));
#9584=CARTESIAN_POINT('',(6.02334540269727E-15,1.5,-3.12500000000001));
#9585=CARTESIAN_POINT('',(2.225,1.5,-2.675));
#9586=CARTESIAN_POINT('',(2.225,1.5,-3.125));
#9587=CARTESIAN_POINT('',(2.225,1.5,-7.501861380465E-49));
#9588=CARTESIAN_POINT('',(1.775,1.5,-2.675));
#9589=CARTESIAN_POINT('',(0.,1.5,-2.675));
#9590=CARTESIAN_POINT('',(1.775,1.5,-3.125));
#9591=CARTESIAN_POINT('',(1.775,1.5,-5.98463098891028E-49));
#9592=CARTESIAN_POINT('',(0.,1.5,-3.125));
#9593=CARTESIAN_POINT('Origin',(2.,7.,-5.));
#9594=CARTESIAN_POINT('',(2.,7.,-5.));
#9595=CARTESIAN_POINT('Origin',(8.,7.,-5.));
#9596=CARTESIAN_POINT('',(8.,7.,-5.));
#9597=CARTESIAN_POINT('Origin',(0.,7.,0.));
#9598=CARTESIAN_POINT('Origin',(2.2,5.,-1.3));
#9599=CARTESIAN_POINT('',(2.2,7.85,-1.3));
#9600=CARTESIAN_POINT('',(2.2,5.,-1.3));
#9601=CARTESIAN_POINT('Origin',(7.8,5.,-1.3));
#9602=CARTESIAN_POINT('',(7.8,7.85,-1.3));
#9603=CARTESIAN_POINT('',(7.8,5.,-1.3));
#9604=CARTESIAN_POINT('Origin',(0.,5.,0.));
#9605=CARTESIAN_POINT('',(3.,5.,-0.8));
#9606=CARTESIAN_POINT('Origin',(8.4,0.2,-1.9));
#9607=CARTESIAN_POINT('',(7.075,0.2,-1.9));
#9608=CARTESIAN_POINT('',(7.075,0.2,-1.9));
#9609=CARTESIAN_POINT('',(8.4,0.2,-1.9));
#9610=CARTESIAN_POINT('Origin',(8.4,0.2,-3.9));
#9611=CARTESIAN_POINT('',(7.075,0.2,-3.9));
#9612=CARTESIAN_POINT('',(7.075,0.2,-3.9));
#9613=CARTESIAN_POINT('',(8.4,0.2,-3.9));
#9614=CARTESIAN_POINT('',(8.225,0.2,-3.125));
#9615=CARTESIAN_POINT('',(7.775,0.2,-3.125));
#9616=CARTESIAN_POINT('',(8.4,0.2,-3.125));
#9617=CARTESIAN_POINT('',(7.775,0.2,-2.675));
#9618=CARTESIAN_POINT('',(7.775,0.2,-3.9));
#9619=CARTESIAN_POINT('',(8.225,0.2,-2.675));
#9620=CARTESIAN_POINT('',(8.4,0.2,-2.675));
#9621=CARTESIAN_POINT('',(8.225,0.2,-3.9));
#9622=CARTESIAN_POINT('Origin',(8.4,1.,-4.7));
#9623=CARTESIAN_POINT('',(7.075,1.,-4.7));
#9624=CARTESIAN_POINT('Origin',(3.,3.4,-0.1));
#9625=CARTESIAN_POINT('',(7.,3.4,-0.1));
#9626=CARTESIAN_POINT('',(7.,3.4,-0.1));
#9627=CARTESIAN_POINT('',(3.,3.4,-0.1));
#9628=CARTESIAN_POINT('',(3.,3.4,-0.1));
#9629=CARTESIAN_POINT('',(3.,3.4,-0.1));
#9630=CARTESIAN_POINT('Origin',(3.,5.,-0.8));
#9631=CARTESIAN_POINT('',(7.,5.,-0.8));
#9632=CARTESIAN_POINT('',(3.,5.,-0.8));
#9633=CARTESIAN_POINT('Origin',(3.,0.,0.));
#9634=CARTESIAN_POINT('Origin',(7.,0.,0.));
#9635=CARTESIAN_POINT('Origin',(4.75,0.,-0.8));
#9636=CARTESIAN_POINT('',(4.75,0.,-0.8));
#9637=CARTESIAN_POINT('Origin',(5.25,0.,-0.8));
#9638=CARTESIAN_POINT('',(5.25,0.,-0.8));
#9639=CARTESIAN_POINT('Origin',(0.,0.,0.));
#9640=CARTESIAN_POINT('Origin',(2.925,0.,-0.799999999999999));
#9641=CARTESIAN_POINT('',(2.925,0.,-0.799999999999999));
#9642=CARTESIAN_POINT('Origin',(3.425,0.,-0.799999999999999));
#9643=CARTESIAN_POINT('',(3.425,0.,-0.799999999999999));
#9644=CARTESIAN_POINT('Origin',(0.,0.,0.));
#9645=CARTESIAN_POINT('Origin',(6.575,0.,-0.8));
#9646=CARTESIAN_POINT('',(6.575,0.,-0.8));
#9647=CARTESIAN_POINT('Origin',(7.075,0.,-0.8));
#9648=CARTESIAN_POINT('',(7.075,0.,-0.8));
#9649=CARTESIAN_POINT('Origin',(0.,0.,0.));
#9650=CARTESIAN_POINT('Origin',(2.2,7.85,-1.3));
#9651=CARTESIAN_POINT('Origin',(7.8,7.85,-1.3));
#9652=CARTESIAN_POINT('Origin',(2.7987960733864E-32,5.2,5.54147777048146E-16));
#9653=CARTESIAN_POINT('',(1.875,5.2,-3.025));
#9654=CARTESIAN_POINT('',(1.875,5.2,-2.775));
#9655=CARTESIAN_POINT('',(1.875,5.2,5.54147777048146E-16));
#9656=CARTESIAN_POINT('',(2.125,5.2,-2.775));
#9657=CARTESIAN_POINT('',(2.7987960733864E-32,5.2,-2.775));
#9658=CARTESIAN_POINT('',(2.125,5.2,-3.025));
#9659=CARTESIAN_POINT('',(2.125,5.2,5.54147777048146E-16));
#9660=CARTESIAN_POINT('',(2.7987960733864E-32,5.2,-3.025));
#9661=CARTESIAN_POINT('Origin',(2.225,5.2,-2.675));
#9662=CARTESIAN_POINT('',(2.225,5.1,-2.675));
#9663=CARTESIAN_POINT('',(2.225,5.2,-2.675));
#9664=CARTESIAN_POINT('',(1.775,5.1,-2.675));
#9665=CARTESIAN_POINT('',(2.225,5.1,-2.675));
#9666=CARTESIAN_POINT('',(1.775,5.2,-2.675));
#9667=CARTESIAN_POINT('Origin',(1.775,5.2,-2.675));
#9668=CARTESIAN_POINT('',(1.775,5.1,-3.125));
#9669=CARTESIAN_POINT('',(1.775,5.1,-2.675));
#9670=CARTESIAN_POINT('',(1.775,5.2,-3.125));
#9671=CARTESIAN_POINT('Origin',(2.225,5.2,-3.125));
#9672=CARTESIAN_POINT('',(2.225,5.1,-3.125));
#9673=CARTESIAN_POINT('',(2.225,5.1,-3.125));
#9674=CARTESIAN_POINT('',(2.225,5.2,-3.125));
#9675=CARTESIAN_POINT('Origin',(2.225,5.2,-2.675));
#9676=CARTESIAN_POINT('',(2.225,5.1,-2.675));
#9677=CARTESIAN_POINT('Origin',(2.225,5.2,-2.675));
#9678=CARTESIAN_POINT('',(2.225,-2.9,-2.675));
#9679=CARTESIAN_POINT('',(2.225,5.2,-2.675));
#9680=CARTESIAN_POINT('',(2.225,-2.9,-3.125));
#9681=CARTESIAN_POINT('',(2.225,-2.9,-3.125));
#9682=CARTESIAN_POINT('',(2.225,5.2,-3.125));
#9683=CARTESIAN_POINT('Origin',(2.225,5.2,-3.125));
#9684=CARTESIAN_POINT('',(1.775,-2.9,-3.125));
#9685=CARTESIAN_POINT('',(1.775,-2.9,-3.125));
#9686=CARTESIAN_POINT('',(1.775,5.2,-3.125));
#9687=CARTESIAN_POINT('Origin',(1.775,5.2,-2.675));
#9688=CARTESIAN_POINT('',(1.775,-2.9,-2.675));
#9689=CARTESIAN_POINT('',(1.775,-2.9,-2.675));
#9690=CARTESIAN_POINT('',(1.775,5.2,-2.675));
#9691=CARTESIAN_POINT('Origin',(2.225,5.2,-2.675));
#9692=CARTESIAN_POINT('',(2.225,-2.9,-2.675));
#9693=CARTESIAN_POINT('Origin',(-1.79122948696729E-32,-3.,-3.34898004389966E-16));
#9694=CARTESIAN_POINT('',(1.875,-3.,-2.775));
#9695=CARTESIAN_POINT('',(1.875,-3.,-3.025));
#9696=CARTESIAN_POINT('',(1.875,-3.,-3.125));
#9697=CARTESIAN_POINT('',(2.125,-3.,-3.025));
#9698=CARTESIAN_POINT('',(2.225,-3.,-3.025));
#9699=CARTESIAN_POINT('',(2.125,-3.,-2.775));
#9700=CARTESIAN_POINT('',(2.125,-3.,-2.675));
#9701=CARTESIAN_POINT('',(1.775,-3.,-2.775));
#9702=CARTESIAN_POINT('Origin',(4.76831923613977E-33,5.2,5.54147777048146E-16));
#9703=CARTESIAN_POINT('',(3.875,5.2,-3.025));
#9704=CARTESIAN_POINT('',(3.875,5.2,-2.775));
#9705=CARTESIAN_POINT('',(3.875,5.2,5.54147777048146E-16));
#9706=CARTESIAN_POINT('',(4.125,5.2,-2.775));
#9707=CARTESIAN_POINT('',(4.76831923613979E-33,5.2,-2.775));
#9708=CARTESIAN_POINT('',(4.125,5.2,-3.025));
#9709=CARTESIAN_POINT('',(4.125,5.2,-7.39666815451223E-15));
#9710=CARTESIAN_POINT('',(5.83059834981096E-15,5.2,-3.02500000000001));
#9711=CARTESIAN_POINT('Origin',(4.225,5.2,-2.675));
#9712=CARTESIAN_POINT('',(4.225,5.1,-2.675));
#9713=CARTESIAN_POINT('',(4.225,5.2,-2.675));
#9714=CARTESIAN_POINT('',(3.775,5.1,-2.675));
#9715=CARTESIAN_POINT('',(4.225,5.1,-2.675));
#9716=CARTESIAN_POINT('',(3.775,5.2,-2.675));
#9717=CARTESIAN_POINT('Origin',(3.775,5.2,-2.675));
#9718=CARTESIAN_POINT('',(3.775,5.1,-3.125));
#9719=CARTESIAN_POINT('',(3.775,5.1,-2.675));
#9720=CARTESIAN_POINT('',(3.775,5.2,-3.125));
#9721=CARTESIAN_POINT('Origin',(4.225,5.2,-3.125));
#9722=CARTESIAN_POINT('',(4.225,5.1,-3.125));
#9723=CARTESIAN_POINT('',(4.225,5.1,-3.125));
#9724=CARTESIAN_POINT('',(4.225,5.2,-3.125));
#9725=CARTESIAN_POINT('Origin',(4.225,5.2,-2.675));
#9726=CARTESIAN_POINT('',(4.225,5.1,-2.675));
#9727=CARTESIAN_POINT('Origin',(4.225,5.2,-2.675));
#9728=CARTESIAN_POINT('',(4.225,-2.9,-2.675));
#9729=CARTESIAN_POINT('',(4.225,5.2,-2.675));
#9730=CARTESIAN_POINT('',(4.225,-2.9,-3.125));
#9731=CARTESIAN_POINT('',(4.225,-2.9,-3.125));
#9732=CARTESIAN_POINT('',(4.225,5.2,-3.125));
#9733=CARTESIAN_POINT('Origin',(4.225,5.2,-3.125));
#9734=CARTESIAN_POINT('',(3.775,-2.9,-3.125));
#9735=CARTESIAN_POINT('',(3.775,-2.9,-3.125));
#9736=CARTESIAN_POINT('',(3.775,5.2,-3.125));
#9737=CARTESIAN_POINT('Origin',(3.775,5.2,-2.675));
#9738=CARTESIAN_POINT('',(3.775,-2.9,-2.675));
#9739=CARTESIAN_POINT('',(3.775,-2.9,-2.675));
#9740=CARTESIAN_POINT('',(3.775,5.2,-2.675));
#9741=CARTESIAN_POINT('Origin',(4.225,5.2,-2.675));
#9742=CARTESIAN_POINT('',(4.225,-2.9,-2.675));
#9743=CARTESIAN_POINT('Origin',(-4.11319363673971E-32,-3.,-3.34898004389966E-16));
#9744=CARTESIAN_POINT('',(3.875,-3.,-2.775));
#9745=CARTESIAN_POINT('',(3.875,-3.,-3.025));
#9746=CARTESIAN_POINT('',(3.875,-3.,-3.125));
#9747=CARTESIAN_POINT('',(4.125,-3.,-3.025));
#9748=CARTESIAN_POINT('',(4.225,-3.,-3.025));
#9749=CARTESIAN_POINT('',(4.125,-3.,-2.775));
#9750=CARTESIAN_POINT('',(4.125,-3.,-2.675));
#9751=CARTESIAN_POINT('',(3.775,-3.,-2.775));
#9752=CARTESIAN_POINT('Origin',(-1.79122948696729E-32,-3.,-3.34898004389966E-16));
#9753=CARTESIAN_POINT('',(8.125,-3.,-3.025));
#9754=CARTESIAN_POINT('',(8.125,-3.,-2.775));
#9755=CARTESIAN_POINT('',(8.125,-3.,-3.34898004389966E-16));
#9756=CARTESIAN_POINT('',(7.875,-3.,-2.775));
#9757=CARTESIAN_POINT('',(-1.79122948696729E-32,-3.,-2.775));
#9758=CARTESIAN_POINT('',(7.875,-3.,-3.025));
#9759=CARTESIAN_POINT('',(7.875,-3.,-3.34898004389966E-16));
#9760=CARTESIAN_POINT('',(-1.79122948696729E-32,-3.,-3.025));
#9761=CARTESIAN_POINT('Origin',(7.775,5.2,-3.125));
#9762=CARTESIAN_POINT('',(8.225,-2.9,-3.125));
#9763=CARTESIAN_POINT('',(8.225,5.2,-3.125));
#9764=CARTESIAN_POINT('',(7.775,-2.9,-3.125));
#9765=CARTESIAN_POINT('',(7.775,-2.9,-3.125));
#9766=CARTESIAN_POINT('',(7.775,5.2,-3.125));
#9767=CARTESIAN_POINT('Origin',(8.225,5.2,-2.675));
#9768=CARTESIAN_POINT('',(8.225,-2.9,-2.675));
#9769=CARTESIAN_POINT('',(8.225,5.2,-2.675));
#9770=CARTESIAN_POINT('',(8.225,-2.9,-2.675));
#9771=CARTESIAN_POINT('Origin',(7.775,5.2,-2.675));
#9772=CARTESIAN_POINT('',(7.775,-2.9,-2.675));
#9773=CARTESIAN_POINT('',(7.775,5.2,-2.675));
#9774=CARTESIAN_POINT('',(7.775,-2.9,-2.675));
#9775=CARTESIAN_POINT('Origin',(7.775,5.2,-2.675));
#9776=CARTESIAN_POINT('',(7.775,-2.9,-2.675));
#9777=CARTESIAN_POINT('Origin',(7.775,5.2,-2.675));
#9778=CARTESIAN_POINT('',(7.775,5.1,-2.675));
#9779=CARTESIAN_POINT('',(7.775,5.2,-2.675));
#9780=CARTESIAN_POINT('',(7.775,5.1,-3.125));
#9781=CARTESIAN_POINT('',(7.775,5.1,-3.125));
#9782=CARTESIAN_POINT('',(7.775,5.2,-3.125));
#9783=CARTESIAN_POINT('Origin',(7.775,5.2,-2.675));
#9784=CARTESIAN_POINT('',(8.225,5.1,-2.675));
#9785=CARTESIAN_POINT('',(8.225,5.2,-2.675));
#9786=CARTESIAN_POINT('',(7.775,5.1,-2.675));
#9787=CARTESIAN_POINT('Origin',(8.225,5.2,-2.675));
#9788=CARTESIAN_POINT('',(8.225,5.1,-3.125));
#9789=CARTESIAN_POINT('',(8.225,5.2,-3.125));
#9790=CARTESIAN_POINT('',(8.225,5.1,-2.675));
#9791=CARTESIAN_POINT('Origin',(7.775,5.2,-3.125));
#9792=CARTESIAN_POINT('',(8.225,5.1,-3.125));
#9793=CARTESIAN_POINT('Origin',(2.7987960733864E-32,5.2,5.54147777048146E-16));
#9794=CARTESIAN_POINT('',(8.125,5.2,-2.775));
#9795=CARTESIAN_POINT('',(8.125,5.2,-3.025));
#9796=CARTESIAN_POINT('',(8.125,5.2,-3.125));
#9797=CARTESIAN_POINT('',(7.875,5.2,-3.025));
#9798=CARTESIAN_POINT('',(7.775,5.2,-3.025));
#9799=CARTESIAN_POINT('',(7.875,5.2,-2.775));
#9800=CARTESIAN_POINT('',(7.875,5.2,-2.675));
#9801=CARTESIAN_POINT('',(8.225,5.2,-2.775));
#9802=CARTESIAN_POINT('Origin',(4.76831923613984E-33,5.2,5.54147777048146E-16));
#9803=CARTESIAN_POINT('',(6.125,5.2,-3.025));
#9804=CARTESIAN_POINT('',(5.875,5.2,-3.025));
#9805=CARTESIAN_POINT('',(-5.83059834981091E-15,5.2,-3.02499999999999));
#9806=CARTESIAN_POINT('',(5.875,5.2,-2.775));
#9807=CARTESIAN_POINT('',(5.875,5.2,5.54147777048146E-16));
#9808=CARTESIAN_POINT('',(6.125,5.2,-2.775));
#9809=CARTESIAN_POINT('',(5.34873071759518E-15,5.2,-2.77500000000001));
#9810=CARTESIAN_POINT('',(6.125,5.2,5.54147777048146E-16));
#9811=CARTESIAN_POINT('Origin',(5.775,5.2,-2.675));
#9812=CARTESIAN_POINT('',(5.775,5.1,-2.675));
#9813=CARTESIAN_POINT('',(5.775,5.2,-2.675));
#9814=CARTESIAN_POINT('',(5.775,5.1,-3.125));
#9815=CARTESIAN_POINT('',(5.775,5.1,-2.675));
#9816=CARTESIAN_POINT('',(5.775,5.2,-3.125));
#9817=CARTESIAN_POINT('Origin',(5.775,5.2,-3.125));
#9818=CARTESIAN_POINT('',(6.225,5.1,-3.125));
#9819=CARTESIAN_POINT('',(5.775,5.1,-3.125));
#9820=CARTESIAN_POINT('',(6.225,5.2,-3.125));
#9821=CARTESIAN_POINT('Origin',(6.225,5.2,-2.675));
#9822=CARTESIAN_POINT('',(6.225,5.1,-2.675));
#9823=CARTESIAN_POINT('',(6.225,5.1,-2.675));
#9824=CARTESIAN_POINT('',(6.225,5.2,-2.675));
#9825=CARTESIAN_POINT('Origin',(5.775,5.2,-2.675));
#9826=CARTESIAN_POINT('',(5.775,5.1,-2.675));
#9827=CARTESIAN_POINT('Origin',(5.775,5.2,-2.675));
#9828=CARTESIAN_POINT('',(5.775,-2.9,-2.675));
#9829=CARTESIAN_POINT('',(5.775,5.2,-2.675));
#9830=CARTESIAN_POINT('',(6.225,-2.9,-2.675));
#9831=CARTESIAN_POINT('',(6.225,-2.9,-2.675));
#9832=CARTESIAN_POINT('',(6.225,5.2,-2.675));
#9833=CARTESIAN_POINT('Origin',(6.225,5.2,-2.675));
#9834=CARTESIAN_POINT('',(6.225,-2.9,-3.125));
#9835=CARTESIAN_POINT('',(6.225,-2.9,-3.125));
#9836=CARTESIAN_POINT('',(6.225,5.2,-3.125));
#9837=CARTESIAN_POINT('Origin',(5.775,5.2,-3.125));
#9838=CARTESIAN_POINT('',(5.775,-2.9,-3.125));
#9839=CARTESIAN_POINT('',(5.775,-2.9,-3.125));
#9840=CARTESIAN_POINT('',(5.775,5.2,-3.125));
#9841=CARTESIAN_POINT('Origin',(5.775,5.2,-2.675));
#9842=CARTESIAN_POINT('',(5.775,-2.9,-2.675));
#9843=CARTESIAN_POINT('Origin',(-4.11319363673971E-32,-3.,-3.34898004389966E-16));
#9844=CARTESIAN_POINT('',(5.875,-3.,-3.025));
#9845=CARTESIAN_POINT('',(6.125,-3.,-3.025));
#9846=CARTESIAN_POINT('',(6.225,-3.,-3.025));
#9847=CARTESIAN_POINT('',(6.125,-3.,-2.775));
#9848=CARTESIAN_POINT('',(6.125,-3.,-2.675));
#9849=CARTESIAN_POINT('',(5.875,-3.,-2.775));
#9850=CARTESIAN_POINT('',(5.775,-3.,-2.775));
#9851=CARTESIAN_POINT('',(5.875,-3.,-3.125));
#9852=CARTESIAN_POINT('Origin',(-1.79122948696729E-32,-3.,-2.775));
#9853=CARTESIAN_POINT('',(3.04999999999999,-2.075,-1.85000000000001));
#9854=CARTESIAN_POINT('',(1.25,-2.375,-2.15000000000001));
#9855=CARTESIAN_POINT('Origin',(1.875,-3.,-3.34898004389966E-16));
#9856=CARTESIAN_POINT('',(2.88333333333332,-4.00833333333334,-2.01666666666668));
#9857=CARTESIAN_POINT('Origin',(2.125,-3.,-3.34898004389966E-16));
#9858=CARTESIAN_POINT('',(1.11666666666667,-4.00833333333334,-2.01666666666668));
#9859=CARTESIAN_POINT('Origin',(-1.79122948696729E-32,-3.,-3.025));
#9860=CARTESIAN_POINT('Origin',(-4.11319363673971E-32,-3.,-2.775));
#9861=CARTESIAN_POINT('',(5.05000000000001,-2.07500000000001,-1.84999999999999));
#9862=CARTESIAN_POINT('',(2.58333333333331,-1.70833333333334,-1.48333333333332));
#9863=CARTESIAN_POINT('Origin',(3.875,-3.,-3.34898004389966E-16));
#9864=CARTESIAN_POINT('',(4.88333333333335,-4.00833333333333,-2.01666666666665));
#9865=CARTESIAN_POINT('Origin',(4.125,-3.,-8.28571393595034E-15));
#9866=CARTESIAN_POINT('',(3.11666666666665,-4.00833333333332,-2.01666666666666));
#9867=CARTESIAN_POINT('Origin',(5.83059834981096E-15,-3.,-3.02500000000001));
#9868=CARTESIAN_POINT('Origin',(5.875,-3.,-3.34898004389966E-16));
#9869=CARTESIAN_POINT('',(3.91666666666668,-1.04166666666666,-0.816666666666691));
#9870=CARTESIAN_POINT('',(6.88333333333332,-4.00833333333334,-2.01666666666668));
#9871=CARTESIAN_POINT('Origin',(-5.83059834981092E-15,-3.,-3.02499999999999));
#9872=CARTESIAN_POINT('',(4.08333333333335,-5.04166666666668,-0.983333333333343));
#9873=CARTESIAN_POINT('Origin',(5.34873071759518E-15,-3.,-2.77500000000001));
#9874=CARTESIAN_POINT('',(4.08333333333335,-5.04166666666667,-4.81666666666665));
#9875=CARTESIAN_POINT('Origin',(6.125,-3.,-3.34898004389966E-16));
#9876=CARTESIAN_POINT('Origin',(-1.79122948696729E-32,-3.,-3.025));
#9877=CARTESIAN_POINT('',(8.88333333333335,-4.00833333333332,-2.01666666666665));
#9878=CARTESIAN_POINT('',(5.41666666666663,-5.7083333333333,-0.316666666666617));
#9879=CARTESIAN_POINT('Origin',(8.125,-3.,-3.34898004389966E-16));
#9880=CARTESIAN_POINT('',(9.05000000000001,-2.075,-1.84999999999998));
#9881=CARTESIAN_POINT('Origin',(7.875,-3.,-3.34898004389966E-16));
#9882=CARTESIAN_POINT('',(6.94999999999998,-2.07500000000001,-1.84999999999999));
#9883=CARTESIAN_POINT('Origin',(-1.79122948696729E-32,-3.,-2.775));
#9884=CARTESIAN_POINT('Origin',(7.775,5.1,-2.675));
#9885=CARTESIAN_POINT('',(8.075,5.25,-2.825));
#9886=CARTESIAN_POINT('',(7.775,5.1,-2.675));
#9887=CARTESIAN_POINT('Origin',(7.775,5.1,-2.675));
#9888=CARTESIAN_POINT('',(7.925,5.25,-2.975));
#9889=CARTESIAN_POINT('Origin',(8.225,5.1,-2.675));
#9890=CARTESIAN_POINT('',(8.075,5.25,-2.975));
#9891=CARTESIAN_POINT('Origin',(7.775,5.1,-3.125));
#9892=CARTESIAN_POINT('Origin',(6.225,5.1,-2.675));
#9893=CARTESIAN_POINT('',(6.075,5.25,-2.975));
#9894=CARTESIAN_POINT('',(6.075,5.25,-2.825));
#9895=CARTESIAN_POINT('Origin',(5.775,5.1,-2.675));
#9896=CARTESIAN_POINT('',(5.775,5.1,-2.675));
#9897=CARTESIAN_POINT('Origin',(5.775,5.1,-3.125));
#9898=CARTESIAN_POINT('',(5.775,5.1,-3.125));
#9899=CARTESIAN_POINT('Origin',(5.775,5.1,-2.675));
#9900=CARTESIAN_POINT('Origin',(4.225,5.1,-3.125));
#9901=CARTESIAN_POINT('',(3.925,5.25,-2.975));
#9902=CARTESIAN_POINT('',(4.075,5.25,-2.975));
#9903=CARTESIAN_POINT('Origin',(4.225,5.1,-2.675));
#9904=CARTESIAN_POINT('',(4.225,5.1,-2.675));
#9905=CARTESIAN_POINT('Origin',(3.775,5.1,-2.675));
#9906=CARTESIAN_POINT('',(3.775,5.1,-2.675));
#9907=CARTESIAN_POINT('Origin',(4.225,5.1,-2.675));
#9908=CARTESIAN_POINT('Origin',(2.225,5.1,-3.125));
#9909=CARTESIAN_POINT('',(1.925,5.25,-2.975));
#9910=CARTESIAN_POINT('',(2.075,5.25,-2.975));
#9911=CARTESIAN_POINT('Origin',(2.225,5.1,-2.675));
#9912=CARTESIAN_POINT('',(2.225,5.1,-2.675));
#9913=CARTESIAN_POINT('Origin',(1.775,5.1,-2.675));
#9914=CARTESIAN_POINT('',(1.775,5.1,-2.675));
#9915=CARTESIAN_POINT('Origin',(2.225,5.1,-2.675));
#9916=CARTESIAN_POINT('',(0.,0.,0.));
#9917=CARTESIAN_POINT('Origin',(16.5224150789251,-1.26999999999943,8.4999999999999));
#9918=CARTESIAN_POINT('',(16.522415078925,-0.599999999999998,4.));
#9919=CARTESIAN_POINT('',(16.522415078925,-1.26999999999943,4.));
#9920=CARTESIAN_POINT('',(16.522415078925,-0.634999999999715,4.));
#9921=CARTESIAN_POINT('',(16.522415078925,-0.599999999999999,4.3));
#9922=CARTESIAN_POINT('',(16.522415078925,-0.599999999999998,4.24999999999996));
#9923=CARTESIAN_POINT('',(16.522415078925,0.600000000000004,4.3));
#9924=CARTESIAN_POINT('',(16.522415078925,-0.334999999999714,4.3));
#9925=CARTESIAN_POINT('',(16.522415078925,0.600000000000004,4.));
#9926=CARTESIAN_POINT('',(16.522415078925,0.600000000000004,4.24999999999996));
#9927=CARTESIAN_POINT('',(16.522415078925,1.27000000000045,4.));
#9928=CARTESIAN_POINT('',(16.522415078925,-0.634999999999715,4.));
#9929=CARTESIAN_POINT('',(16.5224150789251,1.27000000000045,8.4999999999999));
#9930=CARTESIAN_POINT('',(16.5224150789251,1.27,8.49999999999989));
#9931=CARTESIAN_POINT('',(16.5224150789251,-1.26999999999943,8.4999999999999));
#9932=CARTESIAN_POINT('',(16.5224150789251,-0.634999999999715,8.5));
#9933=CARTESIAN_POINT('',(16.5224150789251,-1.27,8.49999999999989));
#9934=CARTESIAN_POINT('Origin',(0.,0.,8.5));
#9935=CARTESIAN_POINT('',(-1.27,1.27,8.5));
#9936=CARTESIAN_POINT('',(-1.27,1.27,8.5));
#9937=CARTESIAN_POINT('',(-1.27,-1.27,8.5));
#9938=CARTESIAN_POINT('',(-1.27,1.27,8.5));
#9939=CARTESIAN_POINT('',(-1.27,-1.27,8.5));
#9940=CARTESIAN_POINT('',(-0.975000000000001,-0.975000000000001,8.5));
#9941=CARTESIAN_POINT('',(-0.975000000000001,0.975000000000001,8.5));
#9942=CARTESIAN_POINT('',(-0.975000000000001,0.325,8.5));
#9943=CARTESIAN_POINT('',(0.975000000000001,0.975000000000001,8.5));
#9944=CARTESIAN_POINT('',(0.325,0.975000000000001,8.5));
#9945=CARTESIAN_POINT('',(0.975000000000001,-0.975000000000001,8.5));
#9946=CARTESIAN_POINT('',(0.975000000000001,-0.325,8.5));
#9947=CARTESIAN_POINT('',(-0.325,-0.975000000000001,8.5));
#9948=CARTESIAN_POINT('',(16.215,0.975000000000001,8.5));
#9949=CARTESIAN_POINT('',(16.215,-0.975000000000001,8.5));
#9950=CARTESIAN_POINT('',(16.215,-0.325,8.5));
#9951=CARTESIAN_POINT('',(14.265,-0.975000000000001,8.5));
#9952=CARTESIAN_POINT('',(14.915,-0.975000000000001,8.5));
#9953=CARTESIAN_POINT('',(14.265,0.975000000000001,8.5));
#9954=CARTESIAN_POINT('',(14.265,0.325,8.5));
#9955=CARTESIAN_POINT('',(15.565,0.975000000000001,8.5));
#9956=CARTESIAN_POINT('',(13.675,0.975000000000001,8.5));
#9957=CARTESIAN_POINT('',(13.675,-0.975000000000001,8.5));
#9958=CARTESIAN_POINT('',(13.675,-0.325,8.5));
#9959=CARTESIAN_POINT('',(11.725,-0.975000000000001,8.5));
#9960=CARTESIAN_POINT('',(12.375,-0.975000000000001,8.5));
#9961=CARTESIAN_POINT('',(11.725,0.975000000000001,8.5));
#9962=CARTESIAN_POINT('',(11.725,0.325,8.5));
#9963=CARTESIAN_POINT('',(13.025,0.975000000000001,8.5));
#9964=CARTESIAN_POINT('',(11.135,0.975000000000001,8.5));
#9965=CARTESIAN_POINT('',(11.135,-0.975000000000001,8.5));
#9966=CARTESIAN_POINT('',(11.135,-0.325,8.5));
#9967=CARTESIAN_POINT('',(9.185,-0.975000000000001,8.5));
#9968=CARTESIAN_POINT('',(9.835,-0.975000000000001,8.5));
#9969=CARTESIAN_POINT('',(9.185,0.975000000000001,8.5));
#9970=CARTESIAN_POINT('',(9.185,0.325,8.5));
#9971=CARTESIAN_POINT('',(10.485,0.975000000000001,8.5));
#9972=CARTESIAN_POINT('',(8.595,0.975000000000001,8.5));
#9973=CARTESIAN_POINT('',(8.595,-0.975000000000001,8.5));
#9974=CARTESIAN_POINT('',(8.595,-0.325,8.5));
#9975=CARTESIAN_POINT('',(6.645,-0.975000000000001,8.5));
#9976=CARTESIAN_POINT('',(7.295,-0.975000000000001,8.5));
#9977=CARTESIAN_POINT('',(6.645,0.975000000000001,8.5));
#9978=CARTESIAN_POINT('',(6.645,0.325,8.5));
#9979=CARTESIAN_POINT('',(7.945,0.975000000000001,8.5));
#9980=CARTESIAN_POINT('',(6.055,0.975000000000001,8.5));
#9981=CARTESIAN_POINT('',(6.055,-0.975000000000001,8.5));
#9982=CARTESIAN_POINT('',(6.055,-0.325,8.5));
#9983=CARTESIAN_POINT('',(4.105,-0.975000000000001,8.5));
#9984=CARTESIAN_POINT('',(4.755,-0.975000000000001,8.5));
#9985=CARTESIAN_POINT('',(4.105,0.975000000000001,8.5));
#9986=CARTESIAN_POINT('',(4.105,0.325,8.5));
#9987=CARTESIAN_POINT('',(5.405,0.975000000000001,8.5));
#9988=CARTESIAN_POINT('',(1.565,0.975000000000001,8.5));
#9989=CARTESIAN_POINT('',(3.515,0.975000000000001,8.5));
#9990=CARTESIAN_POINT('',(2.865,0.975000000000001,8.5));
#9991=CARTESIAN_POINT('',(3.515,-0.975000000000001,8.5));
#9992=CARTESIAN_POINT('',(3.515,-0.325,8.5));
#9993=CARTESIAN_POINT('',(1.565,-0.975000000000001,8.5));
#9994=CARTESIAN_POINT('',(2.215,-0.975000000000001,8.5));
#9995=CARTESIAN_POINT('',(1.565,0.325,8.5));
#9996=CARTESIAN_POINT('Origin',(-1.27,1.27,8.5));
#9997=CARTESIAN_POINT('',(-1.27,1.27,4.));
#9998=CARTESIAN_POINT('',(-0.635,1.27,4.));
#9999=CARTESIAN_POINT('',(-1.27,1.27,8.5));
#10000=CARTESIAN_POINT('Origin',(0.,0.,4.));
#10001=CARTESIAN_POINT('',(-1.27,0.600000000000003,4.));
#10002=CARTESIAN_POINT('',(9.525,0.600000000000004,4.));
#10003=CARTESIAN_POINT('',(-1.27,0.635,4.));
#10004=CARTESIAN_POINT('Origin',(19.05,0.600000000000001,-4.98741446469969E-17));
#10005=CARTESIAN_POINT('',(-1.27,0.600000000000003,4.3));
#10006=CARTESIAN_POINT('',(19.05,0.600000000000005,4.3));
#10007=CARTESIAN_POINT('',(-1.27,0.6,-4.98741446469969E-17));
#10008=CARTESIAN_POINT('Origin',(14.915,0.325,7.85));
#10009=CARTESIAN_POINT('',(15.565,0.325,7.85));
#10010=CARTESIAN_POINT('',(15.3483333333333,0.108333333333333,7.63333333333334));
#10011=CARTESIAN_POINT('',(14.915,0.325,7.85));
#10012=CARTESIAN_POINT('',(14.915,0.325,7.85));
#10013=CARTESIAN_POINT('',(14.915,0.325,7.85));
#10014=CARTESIAN_POINT('Origin',(14.915,0.325,7.85));
#10015=CARTESIAN_POINT('',(14.915,-0.325,7.85));
#10016=CARTESIAN_POINT('',(14.915,-0.325,7.85));
#10017=CARTESIAN_POINT('',(14.915,-0.325,7.85));
#10018=CARTESIAN_POINT('Origin',(14.915,-0.325,7.85));
#10019=CARTESIAN_POINT('',(15.565,-0.325,7.85));
#10020=CARTESIAN_POINT('',(15.3483333333333,-0.108333333333333,7.63333333333334));
#10021=CARTESIAN_POINT('',(15.565,-0.325,7.85));
#10022=CARTESIAN_POINT('Origin',(15.565,0.325,7.85));
#10023=CARTESIAN_POINT('',(15.565,0.325,7.85));
#10024=CARTESIAN_POINT('Origin',(14.915,-0.325,0.));
#10025=CARTESIAN_POINT('',(15.565,-0.325,4.3));
#10026=CARTESIAN_POINT('',(15.565,-0.325,0.));
#10027=CARTESIAN_POINT('',(14.915,-0.325,4.3));
#10028=CARTESIAN_POINT('',(16.9825,-0.325,4.3));
#10029=CARTESIAN_POINT('',(14.915,-0.325,0.));
#10030=CARTESIAN_POINT('Origin',(15.565,0.325,0.));
#10031=CARTESIAN_POINT('',(15.565,0.325,4.3));
#10032=CARTESIAN_POINT('',(15.565,0.325,0.));
#10033=CARTESIAN_POINT('',(15.565,0.462500000000001,4.3));
#10034=CARTESIAN_POINT('Origin',(14.915,0.325,0.));
#10035=CARTESIAN_POINT('',(14.915,0.325,4.3));
#10036=CARTESIAN_POINT('',(14.915,0.325,0.));
#10037=CARTESIAN_POINT('',(16.9825,0.325,4.3));
#10038=CARTESIAN_POINT('Origin',(14.915,0.325,0.));
#10039=CARTESIAN_POINT('',(14.915,0.462500000000001,4.3));
#10040=CARTESIAN_POINT('Origin',(12.375,0.325,7.85));
#10041=CARTESIAN_POINT('',(13.025,0.325,7.85));
#10042=CARTESIAN_POINT('',(12.8083333333333,0.108333333333333,7.63333333333334));
#10043=CARTESIAN_POINT('',(12.375,0.325,7.85));
#10044=CARTESIAN_POINT('',(12.375,0.325,7.85));
#10045=CARTESIAN_POINT('',(12.375,0.325,7.85));
#10046=CARTESIAN_POINT('Origin',(12.375,0.325,7.85));
#10047=CARTESIAN_POINT('',(12.375,-0.325,7.85));
#10048=CARTESIAN_POINT('',(12.375,-0.325,7.85));
#10049=CARTESIAN_POINT('',(12.375,-0.325,7.85));
#10050=CARTESIAN_POINT('Origin',(12.375,-0.325,7.85));
#10051=CARTESIAN_POINT('',(13.025,-0.325,7.85));
#10052=CARTESIAN_POINT('',(12.8083333333333,-0.108333333333333,7.63333333333334));
#10053=CARTESIAN_POINT('',(13.025,-0.325,7.85));
#10054=CARTESIAN_POINT('Origin',(13.025,0.325,7.85));
#10055=CARTESIAN_POINT('',(13.025,0.325,7.85));
#10056=CARTESIAN_POINT('Origin',(12.375,-0.325,0.));
#10057=CARTESIAN_POINT('',(13.025,-0.325,4.3));
#10058=CARTESIAN_POINT('',(13.025,-0.325,0.));
#10059=CARTESIAN_POINT('',(12.375,-0.325,4.3));
#10060=CARTESIAN_POINT('',(15.7125,-0.325,4.3));
#10061=CARTESIAN_POINT('',(12.375,-0.325,0.));
#10062=CARTESIAN_POINT('Origin',(13.025,0.325,0.));
#10063=CARTESIAN_POINT('',(13.025,0.325,4.3));
#10064=CARTESIAN_POINT('',(13.025,0.325,0.));
#10065=CARTESIAN_POINT('',(13.025,0.462500000000001,4.3));
#10066=CARTESIAN_POINT('Origin',(12.375,0.325,0.));
#10067=CARTESIAN_POINT('',(12.375,0.325,4.3));
#10068=CARTESIAN_POINT('',(12.375,0.325,0.));
#10069=CARTESIAN_POINT('',(15.7125,0.325,4.3));
#10070=CARTESIAN_POINT('Origin',(12.375,0.325,0.));
#10071=CARTESIAN_POINT('',(12.375,0.462500000000001,4.3));
#10072=CARTESIAN_POINT('Origin',(9.835,0.325,7.85));
#10073=CARTESIAN_POINT('',(10.485,0.325,7.85));
#10074=CARTESIAN_POINT('',(10.2683333333333,0.108333333333333,7.63333333333334));
#10075=CARTESIAN_POINT('',(9.835,0.325,7.85));
#10076=CARTESIAN_POINT('',(9.835,0.325,7.85));
#10077=CARTESIAN_POINT('',(9.835,0.325,7.85));
#10078=CARTESIAN_POINT('Origin',(9.835,0.325,7.85));
#10079=CARTESIAN_POINT('',(9.835,-0.325,7.85));
#10080=CARTESIAN_POINT('',(9.835,-0.325,7.85));
#10081=CARTESIAN_POINT('',(9.835,-0.325,7.85));
#10082=CARTESIAN_POINT('Origin',(9.835,-0.325,7.85));
#10083=CARTESIAN_POINT('',(10.485,-0.325,7.85));
#10084=CARTESIAN_POINT('',(10.2683333333333,-0.108333333333333,7.63333333333334));
#10085=CARTESIAN_POINT('',(10.485,-0.325,7.85));
#10086=CARTESIAN_POINT('Origin',(10.485,0.325,7.85));
#10087=CARTESIAN_POINT('',(10.485,0.325,7.85));
#10088=CARTESIAN_POINT('Origin',(9.835,-0.325,0.));
#10089=CARTESIAN_POINT('',(10.485,-0.325,4.3));
#10090=CARTESIAN_POINT('',(10.485,-0.325,0.));
#10091=CARTESIAN_POINT('',(9.835,-0.325,4.3));
#10092=CARTESIAN_POINT('',(14.4425,-0.325,4.3));
#10093=CARTESIAN_POINT('',(9.835,-0.325,0.));
#10094=CARTESIAN_POINT('Origin',(10.485,0.325,0.));
#10095=CARTESIAN_POINT('',(10.485,0.325,4.3));
#10096=CARTESIAN_POINT('',(10.485,0.325,0.));
#10097=CARTESIAN_POINT('',(10.485,0.4625,4.3));
#10098=CARTESIAN_POINT('Origin',(9.835,0.325,0.));
#10099=CARTESIAN_POINT('',(9.835,0.325,4.3));
#10100=CARTESIAN_POINT('',(9.835,0.325,0.));
#10101=CARTESIAN_POINT('',(14.4425,0.325,4.3));
#10102=CARTESIAN_POINT('Origin',(9.835,0.325,0.));
#10103=CARTESIAN_POINT('',(9.835,0.4625,4.3));
#10104=CARTESIAN_POINT('Origin',(7.295,0.325,7.85));
#10105=CARTESIAN_POINT('',(7.945,0.325,7.85));
#10106=CARTESIAN_POINT('',(7.72833333333333,0.108333333333333,7.63333333333334));
#10107=CARTESIAN_POINT('',(7.295,0.325,7.85));
#10108=CARTESIAN_POINT('',(7.295,0.325,7.85));
#10109=CARTESIAN_POINT('',(7.295,0.325,7.85));
#10110=CARTESIAN_POINT('Origin',(7.295,0.325,7.85));
#10111=CARTESIAN_POINT('',(7.295,-0.325,7.85));
#10112=CARTESIAN_POINT('',(7.295,-0.325,7.85));
#10113=CARTESIAN_POINT('',(7.295,-0.325,7.85));
#10114=CARTESIAN_POINT('Origin',(7.295,-0.325,7.85));
#10115=CARTESIAN_POINT('',(7.945,-0.325,7.85));
#10116=CARTESIAN_POINT('',(7.72833333333333,-0.108333333333333,7.63333333333334));
#10117=CARTESIAN_POINT('',(7.945,-0.325,7.85));
#10118=CARTESIAN_POINT('Origin',(7.945,0.325,7.85));
#10119=CARTESIAN_POINT('',(7.945,0.325,7.85));
#10120=CARTESIAN_POINT('Origin',(7.295,-0.325,0.));
#10121=CARTESIAN_POINT('',(7.945,-0.325,4.3));
#10122=CARTESIAN_POINT('',(7.945,-0.325,0.));
#10123=CARTESIAN_POINT('',(7.295,-0.325,4.3));
#10124=CARTESIAN_POINT('',(13.1725,-0.325,4.3));
#10125=CARTESIAN_POINT('',(7.295,-0.325,0.));
#10126=CARTESIAN_POINT('Origin',(7.945,0.325,0.));
#10127=CARTESIAN_POINT('',(7.945,0.325,4.3));
#10128=CARTESIAN_POINT('',(7.945,0.325,0.));
#10129=CARTESIAN_POINT('',(7.945,0.4625,4.3));
#10130=CARTESIAN_POINT('Origin',(7.295,0.325,0.));
#10131=CARTESIAN_POINT('',(7.295,0.325,4.3));
#10132=CARTESIAN_POINT('',(7.295,0.325,0.));
#10133=CARTESIAN_POINT('',(13.1725,0.325,4.3));
#10134=CARTESIAN_POINT('Origin',(7.295,0.325,0.));
#10135=CARTESIAN_POINT('',(7.295,0.4625,4.3));
#10136=CARTESIAN_POINT('Origin',(4.755,0.325,7.85));
#10137=CARTESIAN_POINT('',(5.405,0.325,7.85));
#10138=CARTESIAN_POINT('',(5.18833333333333,0.108333333333333,7.63333333333334));
#10139=CARTESIAN_POINT('',(4.755,0.325,7.85));
#10140=CARTESIAN_POINT('',(4.755,0.325,7.85));
#10141=CARTESIAN_POINT('',(4.755,0.325,7.85));
#10142=CARTESIAN_POINT('Origin',(4.755,0.325,7.85));
#10143=CARTESIAN_POINT('',(4.755,-0.325,7.85));
#10144=CARTESIAN_POINT('',(4.755,-0.325,7.85));
#10145=CARTESIAN_POINT('',(4.755,-0.325,7.85));
#10146=CARTESIAN_POINT('Origin',(4.755,-0.325,7.85));
#10147=CARTESIAN_POINT('',(5.405,-0.325,7.85));
#10148=CARTESIAN_POINT('',(5.18833333333333,-0.108333333333333,7.63333333333334));
#10149=CARTESIAN_POINT('',(5.405,-0.325,7.85));
#10150=CARTESIAN_POINT('Origin',(5.405,0.325,7.85));
#10151=CARTESIAN_POINT('',(5.405,0.325,7.85));
#10152=CARTESIAN_POINT('Origin',(4.755,-0.325,0.));
#10153=CARTESIAN_POINT('',(5.405,-0.325,4.3));
#10154=CARTESIAN_POINT('',(5.405,-0.325,0.));
#10155=CARTESIAN_POINT('',(4.755,-0.325,4.3));
#10156=CARTESIAN_POINT('',(11.9025,-0.325,4.3));
#10157=CARTESIAN_POINT('',(4.755,-0.325,0.));
#10158=CARTESIAN_POINT('Origin',(5.405,0.325,0.));
#10159=CARTESIAN_POINT('',(5.405,0.325,4.3));
#10160=CARTESIAN_POINT('',(5.405,0.325,0.));
#10161=CARTESIAN_POINT('',(5.405,0.4625,4.3));
#10162=CARTESIAN_POINT('Origin',(4.755,0.325,0.));
#10163=CARTESIAN_POINT('',(4.755,0.325,4.3));
#10164=CARTESIAN_POINT('',(4.755,0.325,0.));
#10165=CARTESIAN_POINT('',(11.9025,0.325,4.3));
#10166=CARTESIAN_POINT('Origin',(4.755,0.325,0.));
#10167=CARTESIAN_POINT('',(4.755,0.4625,4.3));
#10168=CARTESIAN_POINT('Origin',(-1.27,1.27,8.5));
#10169=CARTESIAN_POINT('',(-1.27,-0.6,4.3));
#10170=CARTESIAN_POINT('',(-1.27,0.935,4.3));
#10171=CARTESIAN_POINT('',(-1.27,-0.6,4.));
#10172=CARTESIAN_POINT('',(-1.27,-0.6,1.70562279199527E-16));
#10173=CARTESIAN_POINT('',(-1.27,-1.27,4.));
#10174=CARTESIAN_POINT('',(-1.27,0.635,4.));
#10175=CARTESIAN_POINT('',(-1.27,-1.27,8.5));
#10176=CARTESIAN_POINT('Origin',(-1.27,-1.27,8.5));
#10177=CARTESIAN_POINT('',(-0.635,-1.27,4.));
#10178=CARTESIAN_POINT('Origin',(0.,0.,4.));
#10179=CARTESIAN_POINT('',(9.525,-0.599999999999999,4.));
#10180=CARTESIAN_POINT('Origin',(-0.325,0.325,0.));
#10181=CARTESIAN_POINT('',(-0.325000000000001,-0.325,4.3));
#10182=CARTESIAN_POINT('',(-0.325,-0.325,7.85));
#10183=CARTESIAN_POINT('',(-0.325,-0.325,0.));
#10184=CARTESIAN_POINT('',(-0.325000000000001,0.325,4.3));
#10185=CARTESIAN_POINT('',(-0.325,0.4625,4.3));
#10186=CARTESIAN_POINT('',(-0.325,0.325,7.85));
#10187=CARTESIAN_POINT('',(-0.325,0.325,0.));
#10188=CARTESIAN_POINT('',(-0.325,-0.325,7.85));
#10189=CARTESIAN_POINT('Origin',(-0.325,0.325,0.));
#10190=CARTESIAN_POINT('',(0.325,0.325,4.3));
#10191=CARTESIAN_POINT('',(9.3625,0.325,4.3));
#10192=CARTESIAN_POINT('',(0.325,0.325,7.85));
#10193=CARTESIAN_POINT('',(0.325,0.325,0.));
#10194=CARTESIAN_POINT('',(-0.325,0.325,7.85));
#10195=CARTESIAN_POINT('Origin',(0.325,0.325,0.));
#10196=CARTESIAN_POINT('',(0.325,-0.325,4.3));
#10197=CARTESIAN_POINT('',(0.325,0.4625,4.3));
#10198=CARTESIAN_POINT('',(0.325,-0.325,7.85));
#10199=CARTESIAN_POINT('',(0.325,-0.325,0.));
#10200=CARTESIAN_POINT('',(0.325,0.325,7.85));
#10201=CARTESIAN_POINT('Origin',(-0.325,-0.325,0.));
#10202=CARTESIAN_POINT('',(9.3625,-0.325,4.3));
#10203=CARTESIAN_POINT('',(0.325,-0.325,7.85));
#10204=CARTESIAN_POINT('Origin',(-0.325,-0.325,7.85));
#10205=CARTESIAN_POINT('',(-0.325,-0.325,7.85));
#10206=CARTESIAN_POINT('',(0.108333333333333,-0.108333333333333,7.63333333333334));
#10207=CARTESIAN_POINT('Origin',(0.325,0.325,7.85));
#10208=CARTESIAN_POINT('',(0.108333333333333,0.108333333333333,7.63333333333334));
#10209=CARTESIAN_POINT('Origin',(-0.325,0.325,7.85));
#10210=CARTESIAN_POINT('',(-0.325,0.325,7.85));
#10211=CARTESIAN_POINT('Origin',(-0.325,0.325,7.85));
#10212=CARTESIAN_POINT('Origin',(2.215,0.325,0.));
#10213=CARTESIAN_POINT('',(2.215,-0.325,4.3));
#10214=CARTESIAN_POINT('',(2.215,-0.325,7.85));
#10215=CARTESIAN_POINT('',(2.215,-0.325,0.));
#10216=CARTESIAN_POINT('',(2.215,0.325,4.3));
#10217=CARTESIAN_POINT('',(2.215,0.4625,4.3));
#10218=CARTESIAN_POINT('',(2.215,0.325,7.85));
#10219=CARTESIAN_POINT('',(2.215,0.325,0.));
#10220=CARTESIAN_POINT('',(2.215,-0.325,7.85));
#10221=CARTESIAN_POINT('Origin',(2.215,0.325,0.));
#10222=CARTESIAN_POINT('',(2.865,0.325,4.3));
#10223=CARTESIAN_POINT('',(10.6325,0.325,4.3));
#10224=CARTESIAN_POINT('',(2.865,0.325,7.85));
#10225=CARTESIAN_POINT('',(2.865,0.325,0.));
#10226=CARTESIAN_POINT('',(2.215,0.325,7.85));
#10227=CARTESIAN_POINT('Origin',(2.865,0.325,0.));
#10228=CARTESIAN_POINT('',(2.865,-0.325,4.3));
#10229=CARTESIAN_POINT('',(2.865,0.4625,4.3));
#10230=CARTESIAN_POINT('',(2.865,-0.325,7.85));
#10231=CARTESIAN_POINT('',(2.865,-0.325,0.));
#10232=CARTESIAN_POINT('',(2.865,0.325,7.85));
#10233=CARTESIAN_POINT('Origin',(2.215,-0.325,0.));
#10234=CARTESIAN_POINT('',(10.6325,-0.325,4.3));
#10235=CARTESIAN_POINT('',(2.865,-0.325,7.85));
#10236=CARTESIAN_POINT('Origin',(2.865,0.325,7.85));
#10237=CARTESIAN_POINT('',(2.64833333333333,-0.108333333333333,7.63333333333334));
#10238=CARTESIAN_POINT('',(2.64833333333333,0.108333333333333,7.63333333333334));
#10239=CARTESIAN_POINT('Origin',(2.215,-0.325,7.85));
#10240=CARTESIAN_POINT('',(2.215,-0.325,7.85));
#10241=CARTESIAN_POINT('Origin',(2.215,0.325,7.85));
#10242=CARTESIAN_POINT('',(2.215,0.325,7.85));
#10243=CARTESIAN_POINT('Origin',(2.215,0.325,7.85));
#10244=CARTESIAN_POINT('Origin',(19.05,0.600000000000002,4.3));
#10245=CARTESIAN_POINT('',(19.05,-0.599999999999998,4.3));
#10246=CARTESIAN_POINT('Origin',(19.05,-0.599999999999998,1.70562279199527E-16));
#10247=CARTESIAN_POINT('Origin',(0.3,0.3,6.85789485882878));
#10248=CARTESIAN_POINT('',(0.3,0.3,6.85789485882878));
#10249=CARTESIAN_POINT('',(0.3,0.3,1.00789485882878));
#10250=CARTESIAN_POINT('',(0.3,0.3,6.85789485882878));
#10251=CARTESIAN_POINT('',(-0.3,0.3,1.00789485882878));
#10252=CARTESIAN_POINT('',(0.3,0.3,1.00789485882878));
#10253=CARTESIAN_POINT('',(-0.3,0.3,6.85789485882878));
#10254=CARTESIAN_POINT('',(-0.3,0.3,6.85789485882878));
#10255=CARTESIAN_POINT('',(0.3,0.3,6.85789485882878));
#10256=CARTESIAN_POINT('Origin',(-0.3,0.3,6.85789485882878));
#10257=CARTESIAN_POINT('',(-0.3,-0.3,1.00789485882878));
#10258=CARTESIAN_POINT('',(-0.3,0.3,1.00789485882878));
#10259=CARTESIAN_POINT('',(-0.3,-0.3,6.85789485882878));
#10260=CARTESIAN_POINT('',(-0.3,-0.3,6.85789485882878));
#10261=CARTESIAN_POINT('',(-0.3,0.3,6.85789485882878));
#10262=CARTESIAN_POINT('Origin',(0.3,-0.3,6.85789485882878));
#10263=CARTESIAN_POINT('',(0.3,-0.3,1.00789485882878));
#10264=CARTESIAN_POINT('',(0.3,-0.3,1.00789485882878));
#10265=CARTESIAN_POINT('',(0.3,-0.3,6.85789485882878));
#10266=CARTESIAN_POINT('',(0.3,-0.3,6.85789485882878));
#10267=CARTESIAN_POINT('',(0.3,-0.3,6.85789485882878));
#10268=CARTESIAN_POINT('Origin',(0.3,0.3,6.85789485882878));
#10269=CARTESIAN_POINT('',(0.3,0.3,1.00789485882878));
#10270=CARTESIAN_POINT('',(0.3,0.3,6.85789485882878));
#10271=CARTESIAN_POINT('Origin',(7.09846418092689E-30,6.84227765783561E-48,
6.85789485882878));
#10272=CARTESIAN_POINT('Origin',(-7.09846418092689E-30,6.84227765783643E-48,
0.857894858828775));
#10273=CARTESIAN_POINT('',(-0.149999999999999,0.149999999999999,0.857894858828775));
#10274=CARTESIAN_POINT('',(0.149999999999999,0.149999999999999,0.857894858828775));
#10275=CARTESIAN_POINT('',(-7.09846418092689E-30,0.149999999999999,0.857894858828775));
#10276=CARTESIAN_POINT('',(0.149999999999999,-0.149999999999999,0.857894858828775));
#10277=CARTESIAN_POINT('',(0.149999999999999,-0.3,0.857894858828775));
#10278=CARTESIAN_POINT('',(-0.149999999999999,-0.149999999999999,0.857894858828775));
#10279=CARTESIAN_POINT('',(-0.3,-0.149999999999999,0.857894858828775));
#10280=CARTESIAN_POINT('',(-0.149999999999999,2.71050543121375E-17,0.857894858828775));
#10281=CARTESIAN_POINT('Origin',(-0.3,0.3,1.00789485882878));
#10282=CARTESIAN_POINT('',(-0.0999999999999997,-0.0999999999999995,0.807894858828775));
#10283=CARTESIAN_POINT('',(-0.3,0.3,1.00789485882878));
#10284=CARTESIAN_POINT('Origin',(0.3,0.3,1.00789485882878));
#10285=CARTESIAN_POINT('',(0.3,0.3,1.00789485882878));
#10286=CARTESIAN_POINT('Origin',(-7.09846418092689E-30,-0.149999999999999,
0.857894858828775));
#10287=CARTESIAN_POINT('',(0.0999999999999996,-0.0999999999999996,0.807894858828775));
#10288=CARTESIAN_POINT('Origin',(0.149999999999999,-2.71050543121374E-17,
0.857894858828775));
#10289=CARTESIAN_POINT('Origin',(2.84,0.3,6.85789485882878));
#10290=CARTESIAN_POINT('',(2.84,0.3,6.85789485882878));
#10291=CARTESIAN_POINT('',(2.84,0.3,1.00789485882878));
#10292=CARTESIAN_POINT('',(2.84,0.3,6.85789485882878));
#10293=CARTESIAN_POINT('',(2.24,0.3,1.00789485882878));
#10294=CARTESIAN_POINT('',(2.84,0.3,1.00789485882878));
#10295=CARTESIAN_POINT('',(2.24,0.3,6.85789485882878));
#10296=CARTESIAN_POINT('',(2.24,0.3,6.85789485882878));
#10297=CARTESIAN_POINT('',(2.84,0.3,6.85789485882878));
#10298=CARTESIAN_POINT('Origin',(2.24,0.3,6.85789485882878));
#10299=CARTESIAN_POINT('',(2.24,-0.3,1.00789485882878));
#10300=CARTESIAN_POINT('',(2.24,0.3,1.00789485882878));
#10301=CARTESIAN_POINT('',(2.24,-0.3,6.85789485882878));
#10302=CARTESIAN_POINT('',(2.24,-0.3,6.85789485882878));
#10303=CARTESIAN_POINT('',(2.24,0.3,6.85789485882878));
#10304=CARTESIAN_POINT('Origin',(2.84,-0.3,6.85789485882878));
#10305=CARTESIAN_POINT('',(2.84,-0.3,1.00789485882878));
#10306=CARTESIAN_POINT('',(2.84,-0.3,1.00789485882878));
#10307=CARTESIAN_POINT('',(2.84,-0.3,6.85789485882878));
#10308=CARTESIAN_POINT('',(2.84,-0.3,6.85789485882878));
#10309=CARTESIAN_POINT('',(2.84,-0.3,6.85789485882878));
#10310=CARTESIAN_POINT('Origin',(2.84,0.3,6.85789485882878));
#10311=CARTESIAN_POINT('',(2.84,0.3,1.00789485882878));
#10312=CARTESIAN_POINT('',(2.84,0.3,6.85789485882878));
#10313=CARTESIAN_POINT('Origin',(2.54,6.84227765783556E-48,6.85789485882878));
#10314=CARTESIAN_POINT('Origin',(2.54,6.84227765783638E-48,0.857894858828775));
#10315=CARTESIAN_POINT('',(2.39,0.149999999999999,0.857894858828775));
#10316=CARTESIAN_POINT('',(2.69,0.149999999999999,0.857894858828775));
#10317=CARTESIAN_POINT('',(2.54,0.149999999999999,0.857894858828775));
#10318=CARTESIAN_POINT('',(2.69,-0.149999999999999,0.857894858828775));
#10319=CARTESIAN_POINT('',(2.69,-0.3,0.857894858828775));
#10320=CARTESIAN_POINT('',(2.39,-0.149999999999999,0.857894858828775));
#10321=CARTESIAN_POINT('',(2.24,-0.149999999999999,0.857894858828775));
#10322=CARTESIAN_POINT('',(2.39,2.71050543121375E-17,0.857894858828775));
#10323=CARTESIAN_POINT('Origin',(2.24,0.3,1.00789485882878));
#10324=CARTESIAN_POINT('',(2.44,-0.0999999999999995,0.807894858828775));
#10325=CARTESIAN_POINT('',(2.24,0.3,1.00789485882878));
#10326=CARTESIAN_POINT('Origin',(2.84,0.3,1.00789485882878));
#10327=CARTESIAN_POINT('',(2.84,0.3,1.00789485882878));
#10328=CARTESIAN_POINT('Origin',(2.54,-0.149999999999999,0.857894858828775));
#10329=CARTESIAN_POINT('',(2.64,-0.0999999999999996,0.807894858828775));
#10330=CARTESIAN_POINT('Origin',(2.69,-2.71050543121374E-17,0.857894858828775));
#10331=CARTESIAN_POINT('Origin',(5.38,0.3,6.85789485882878));
#10332=CARTESIAN_POINT('',(5.38,0.3,6.85789485882878));
#10333=CARTESIAN_POINT('',(5.38,0.3,1.00789485882878));
#10334=CARTESIAN_POINT('',(5.38,0.3,6.85789485882878));
#10335=CARTESIAN_POINT('',(4.78,0.3,1.00789485882878));
#10336=CARTESIAN_POINT('',(5.38,0.3,1.00789485882878));
#10337=CARTESIAN_POINT('',(4.78,0.3,6.85789485882878));
#10338=CARTESIAN_POINT('',(4.78,0.3,6.85789485882878));
#10339=CARTESIAN_POINT('',(5.38,0.3,6.85789485882878));
#10340=CARTESIAN_POINT('Origin',(4.78,0.3,6.85789485882878));
#10341=CARTESIAN_POINT('',(4.78,-0.3,1.00789485882878));
#10342=CARTESIAN_POINT('',(4.78,0.3,1.00789485882878));
#10343=CARTESIAN_POINT('',(4.78,-0.3,6.85789485882878));
#10344=CARTESIAN_POINT('',(4.78,-0.3,6.85789485882878));
#10345=CARTESIAN_POINT('',(4.78,0.3,6.85789485882878));
#10346=CARTESIAN_POINT('Origin',(5.38,-0.3,6.85789485882878));
#10347=CARTESIAN_POINT('',(5.38,-0.3,1.00789485882878));
#10348=CARTESIAN_POINT('',(5.38,-0.3,1.00789485882878));
#10349=CARTESIAN_POINT('',(5.38,-0.3,6.85789485882878));
#10350=CARTESIAN_POINT('',(5.38,-0.3,6.85789485882878));
#10351=CARTESIAN_POINT('',(5.38,-0.3,6.85789485882878));
#10352=CARTESIAN_POINT('Origin',(5.38,0.3,6.85789485882878));
#10353=CARTESIAN_POINT('',(5.38,0.3,1.00789485882878));
#10354=CARTESIAN_POINT('',(5.38,0.3,6.85789485882878));
#10355=CARTESIAN_POINT('Origin',(5.08,6.84227765783551E-48,6.85789485882878));
#10356=CARTESIAN_POINT('Origin',(5.08,6.84227765783633E-48,0.857894858828775));
#10357=CARTESIAN_POINT('',(4.93,0.149999999999999,0.857894858828775));
#10358=CARTESIAN_POINT('',(5.23,0.149999999999999,0.857894858828775));
#10359=CARTESIAN_POINT('',(5.08,0.149999999999999,0.857894858828775));
#10360=CARTESIAN_POINT('',(5.23,-0.149999999999999,0.857894858828775));
#10361=CARTESIAN_POINT('',(5.23,-0.3,0.857894858828775));
#10362=CARTESIAN_POINT('',(4.93,-0.149999999999999,0.857894858828775));
#10363=CARTESIAN_POINT('',(4.78,-0.149999999999999,0.857894858828775));
#10364=CARTESIAN_POINT('',(4.93,2.71050543121375E-17,0.857894858828775));
#10365=CARTESIAN_POINT('Origin',(4.78,0.3,1.00789485882878));
#10366=CARTESIAN_POINT('',(4.98,-0.0999999999999995,0.807894858828775));
#10367=CARTESIAN_POINT('',(4.78,0.3,1.00789485882878));
#10368=CARTESIAN_POINT('Origin',(5.38,0.3,1.00789485882878));
#10369=CARTESIAN_POINT('',(5.38,0.3,1.00789485882878));
#10370=CARTESIAN_POINT('Origin',(5.08,-0.149999999999999,0.857894858828775));
#10371=CARTESIAN_POINT('',(5.18,-0.0999999999999996,0.807894858828775));
#10372=CARTESIAN_POINT('Origin',(5.23,-2.71050543121374E-17,0.857894858828775));
#10373=CARTESIAN_POINT('Origin',(7.92,0.3,6.85789485882878));
#10374=CARTESIAN_POINT('',(7.92,0.3,6.85789485882878));
#10375=CARTESIAN_POINT('',(7.92,0.3,1.00789485882878));
#10376=CARTESIAN_POINT('',(7.92,0.3,6.85789485882878));
#10377=CARTESIAN_POINT('',(7.32,0.3,1.00789485882878));
#10378=CARTESIAN_POINT('',(7.92,0.3,1.00789485882878));
#10379=CARTESIAN_POINT('',(7.32,0.3,6.85789485882878));
#10380=CARTESIAN_POINT('',(7.32,0.3,6.85789485882878));
#10381=CARTESIAN_POINT('',(7.92,0.3,6.85789485882878));
#10382=CARTESIAN_POINT('Origin',(7.32,0.3,6.85789485882878));
#10383=CARTESIAN_POINT('',(7.32,-0.3,1.00789485882878));
#10384=CARTESIAN_POINT('',(7.32,0.3,1.00789485882878));
#10385=CARTESIAN_POINT('',(7.32,-0.3,6.85789485882878));
#10386=CARTESIAN_POINT('',(7.32,-0.3,6.85789485882878));
#10387=CARTESIAN_POINT('',(7.32,0.3,6.85789485882878));
#10388=CARTESIAN_POINT('Origin',(7.92,-0.3,6.85789485882878));
#10389=CARTESIAN_POINT('',(7.92,-0.3,1.00789485882878));
#10390=CARTESIAN_POINT('',(7.92,-0.3,1.00789485882878));
#10391=CARTESIAN_POINT('',(7.92,-0.3,6.85789485882878));
#10392=CARTESIAN_POINT('',(7.92,-0.3,6.85789485882878));
#10393=CARTESIAN_POINT('',(7.92,-0.3,6.85789485882878));
#10394=CARTESIAN_POINT('Origin',(7.92,0.3,6.85789485882878));
#10395=CARTESIAN_POINT('',(7.92,0.3,1.00789485882878));
#10396=CARTESIAN_POINT('',(7.92,0.3,6.85789485882878));
#10397=CARTESIAN_POINT('Origin',(7.62,6.84227765783546E-48,6.85789485882878));
#10398=CARTESIAN_POINT('Origin',(7.62,6.84227765783628E-48,0.857894858828775));
#10399=CARTESIAN_POINT('',(7.47,0.149999999999999,0.857894858828775));
#10400=CARTESIAN_POINT('',(7.77,0.149999999999999,0.857894858828775));
#10401=CARTESIAN_POINT('',(7.62,0.149999999999999,0.857894858828775));
#10402=CARTESIAN_POINT('',(7.77,-0.149999999999999,0.857894858828775));
#10403=CARTESIAN_POINT('',(7.77,-0.3,0.857894858828775));
#10404=CARTESIAN_POINT('',(7.47,-0.149999999999999,0.857894858828775));
#10405=CARTESIAN_POINT('',(7.32,-0.149999999999999,0.857894858828775));
#10406=CARTESIAN_POINT('',(7.47,2.71050543121375E-17,0.857894858828775));
#10407=CARTESIAN_POINT('Origin',(7.32,0.3,1.00789485882878));
#10408=CARTESIAN_POINT('',(7.52,-0.0999999999999995,0.807894858828775));
#10409=CARTESIAN_POINT('',(7.32,0.3,1.00789485882878));
#10410=CARTESIAN_POINT('Origin',(7.92,0.3,1.00789485882878));
#10411=CARTESIAN_POINT('',(7.92,0.3,1.00789485882878));
#10412=CARTESIAN_POINT('Origin',(7.62,-0.149999999999999,0.857894858828775));
#10413=CARTESIAN_POINT('',(7.72,-0.0999999999999996,0.807894858828775));
#10414=CARTESIAN_POINT('Origin',(7.77,-2.71050543121374E-17,0.857894858828775));
#10415=CARTESIAN_POINT('Origin',(10.46,0.3,6.85789485882878));
#10416=CARTESIAN_POINT('',(10.46,0.3,6.85789485882878));
#10417=CARTESIAN_POINT('',(10.46,0.3,1.00789485882878));
#10418=CARTESIAN_POINT('',(10.46,0.3,6.85789485882878));
#10419=CARTESIAN_POINT('',(9.86,0.3,1.00789485882878));
#10420=CARTESIAN_POINT('',(10.46,0.3,1.00789485882878));
#10421=CARTESIAN_POINT('',(9.86,0.3,6.85789485882878));
#10422=CARTESIAN_POINT('',(9.86,0.3,6.85789485882878));
#10423=CARTESIAN_POINT('',(10.46,0.3,6.85789485882878));
#10424=CARTESIAN_POINT('Origin',(9.86,0.3,6.85789485882878));
#10425=CARTESIAN_POINT('',(9.86,-0.3,1.00789485882878));
#10426=CARTESIAN_POINT('',(9.86,0.3,1.00789485882878));
#10427=CARTESIAN_POINT('',(9.86,-0.3,6.85789485882878));
#10428=CARTESIAN_POINT('',(9.86,-0.3,6.85789485882878));
#10429=CARTESIAN_POINT('',(9.86,0.3,6.85789485882878));
#10430=CARTESIAN_POINT('Origin',(10.46,-0.3,6.85789485882878));
#10431=CARTESIAN_POINT('',(10.46,-0.3,1.00789485882878));
#10432=CARTESIAN_POINT('',(10.46,-0.3,1.00789485882878));
#10433=CARTESIAN_POINT('',(10.46,-0.3,6.85789485882878));
#10434=CARTESIAN_POINT('',(10.46,-0.3,6.85789485882878));
#10435=CARTESIAN_POINT('',(10.46,-0.3,6.85789485882878));
#10436=CARTESIAN_POINT('Origin',(10.46,0.3,6.85789485882878));
#10437=CARTESIAN_POINT('',(10.46,0.3,1.00789485882878));
#10438=CARTESIAN_POINT('',(10.46,0.3,6.85789485882878));
#10439=CARTESIAN_POINT('Origin',(10.16,6.84227765783541E-48,6.85789485882878));
#10440=CARTESIAN_POINT('Origin',(10.16,6.84227765783623E-48,0.857894858828775));
#10441=CARTESIAN_POINT('',(10.01,0.149999999999999,0.857894858828775));
#10442=CARTESIAN_POINT('',(10.31,0.149999999999999,0.857894858828775));
#10443=CARTESIAN_POINT('',(10.16,0.149999999999999,0.857894858828775));
#10444=CARTESIAN_POINT('',(10.31,-0.149999999999999,0.857894858828775));
#10445=CARTESIAN_POINT('',(10.31,-0.3,0.857894858828775));
#10446=CARTESIAN_POINT('',(10.01,-0.149999999999999,0.857894858828775));
#10447=CARTESIAN_POINT('',(9.86,-0.149999999999999,0.857894858828775));
#10448=CARTESIAN_POINT('',(10.01,2.71050543121375E-17,0.857894858828775));
#10449=CARTESIAN_POINT('Origin',(9.86,0.3,1.00789485882878));
#10450=CARTESIAN_POINT('',(10.06,-0.0999999999999995,0.807894858828775));
#10451=CARTESIAN_POINT('',(9.86,0.3,1.00789485882878));
#10452=CARTESIAN_POINT('Origin',(10.46,0.3,1.00789485882878));
#10453=CARTESIAN_POINT('',(10.46,0.3,1.00789485882878));
#10454=CARTESIAN_POINT('Origin',(10.16,-0.149999999999999,0.857894858828775));
#10455=CARTESIAN_POINT('',(10.26,-0.0999999999999996,0.807894858828775));
#10456=CARTESIAN_POINT('Origin',(10.31,-2.71050543121374E-17,0.857894858828775));
#10457=CARTESIAN_POINT('Origin',(13.,0.3,6.85789485882878));
#10458=CARTESIAN_POINT('',(13.,0.3,6.85789485882878));
#10459=CARTESIAN_POINT('',(13.,0.3,1.00789485882878));
#10460=CARTESIAN_POINT('',(13.,0.3,6.85789485882878));
#10461=CARTESIAN_POINT('',(12.4,0.3,1.00789485882878));
#10462=CARTESIAN_POINT('',(13.,0.3,1.00789485882878));
#10463=CARTESIAN_POINT('',(12.4,0.3,6.85789485882878));
#10464=CARTESIAN_POINT('',(12.4,0.3,6.85789485882878));
#10465=CARTESIAN_POINT('',(13.,0.3,6.85789485882878));
#10466=CARTESIAN_POINT('Origin',(12.4,0.3,6.85789485882878));
#10467=CARTESIAN_POINT('',(12.4,-0.3,1.00789485882878));
#10468=CARTESIAN_POINT('',(12.4,0.3,1.00789485882878));
#10469=CARTESIAN_POINT('',(12.4,-0.3,6.85789485882878));
#10470=CARTESIAN_POINT('',(12.4,-0.3,6.85789485882878));
#10471=CARTESIAN_POINT('',(12.4,0.3,6.85789485882878));
#10472=CARTESIAN_POINT('Origin',(13.,-0.3,6.85789485882878));
#10473=CARTESIAN_POINT('',(13.,-0.3,1.00789485882878));
#10474=CARTESIAN_POINT('',(13.,-0.3,1.00789485882878));
#10475=CARTESIAN_POINT('',(13.,-0.3,6.85789485882878));
#10476=CARTESIAN_POINT('',(13.,-0.3,6.85789485882878));
#10477=CARTESIAN_POINT('',(13.,-0.3,6.85789485882878));
#10478=CARTESIAN_POINT('Origin',(13.,0.3,6.85789485882878));
#10479=CARTESIAN_POINT('',(13.,0.3,1.00789485882878));
#10480=CARTESIAN_POINT('',(13.,0.3,6.85789485882878));
#10481=CARTESIAN_POINT('Origin',(12.7,6.84227765783537E-48,6.85789485882878));
#10482=CARTESIAN_POINT('Origin',(12.7,6.84227765783618E-48,0.857894858828775));
#10483=CARTESIAN_POINT('',(12.55,0.149999999999999,0.857894858828775));
#10484=CARTESIAN_POINT('',(12.85,0.149999999999999,0.857894858828775));
#10485=CARTESIAN_POINT('',(12.7,0.149999999999999,0.857894858828775));
#10486=CARTESIAN_POINT('',(12.85,-0.149999999999999,0.857894858828775));
#10487=CARTESIAN_POINT('',(12.85,-0.3,0.857894858828775));
#10488=CARTESIAN_POINT('',(12.55,-0.149999999999999,0.857894858828775));
#10489=CARTESIAN_POINT('',(12.4,-0.149999999999999,0.857894858828775));
#10490=CARTESIAN_POINT('',(12.55,2.71050543121375E-17,0.857894858828775));
#10491=CARTESIAN_POINT('Origin',(12.4,0.3,1.00789485882878));
#10492=CARTESIAN_POINT('',(12.6,-0.0999999999999995,0.807894858828775));
#10493=CARTESIAN_POINT('',(12.4,0.3,1.00789485882878));
#10494=CARTESIAN_POINT('Origin',(13.,0.3,1.00789485882878));
#10495=CARTESIAN_POINT('',(13.,0.3,1.00789485882878));
#10496=CARTESIAN_POINT('Origin',(12.7,-0.149999999999999,0.857894858828775));
#10497=CARTESIAN_POINT('',(12.8,-0.0999999999999996,0.807894858828775));
#10498=CARTESIAN_POINT('Origin',(12.85,-2.71050543121374E-17,0.857894858828775));
#10499=CARTESIAN_POINT('Origin',(15.54,0.3,6.85789485882878));
#10500=CARTESIAN_POINT('',(15.54,0.3,6.85789485882878));
#10501=CARTESIAN_POINT('',(15.54,0.3,1.00789485882878));
#10502=CARTESIAN_POINT('',(15.54,0.3,6.85789485882878));
#10503=CARTESIAN_POINT('',(14.94,0.3,1.00789485882878));
#10504=CARTESIAN_POINT('',(15.54,0.3,1.00789485882878));
#10505=CARTESIAN_POINT('',(14.94,0.3,6.85789485882878));
#10506=CARTESIAN_POINT('',(14.94,0.3,6.85789485882878));
#10507=CARTESIAN_POINT('',(15.54,0.3,6.85789485882878));
#10508=CARTESIAN_POINT('Origin',(14.94,0.3,6.85789485882878));
#10509=CARTESIAN_POINT('',(14.94,-0.3,1.00789485882878));
#10510=CARTESIAN_POINT('',(14.94,0.3,1.00789485882878));
#10511=CARTESIAN_POINT('',(14.94,-0.3,6.85789485882878));
#10512=CARTESIAN_POINT('',(14.94,-0.3,6.85789485882878));
#10513=CARTESIAN_POINT('',(14.94,0.3,6.85789485882878));
#10514=CARTESIAN_POINT('Origin',(15.54,-0.3,6.85789485882878));
#10515=CARTESIAN_POINT('',(15.54,-0.3,1.00789485882878));
#10516=CARTESIAN_POINT('',(15.54,-0.3,1.00789485882878));
#10517=CARTESIAN_POINT('',(15.54,-0.3,6.85789485882878));
#10518=CARTESIAN_POINT('',(15.54,-0.3,6.85789485882878));
#10519=CARTESIAN_POINT('',(15.54,-0.3,6.85789485882878));
#10520=CARTESIAN_POINT('Origin',(15.54,0.3,6.85789485882878));
#10521=CARTESIAN_POINT('',(15.54,0.3,1.00789485882878));
#10522=CARTESIAN_POINT('',(15.54,0.3,6.85789485882878));
#10523=CARTESIAN_POINT('Origin',(15.24,6.84227765783532E-48,6.85789485882878));
#10524=CARTESIAN_POINT('Origin',(15.24,6.84227765783613E-48,0.857894858828775));
#10525=CARTESIAN_POINT('',(15.09,0.149999999999999,0.857894858828775));
#10526=CARTESIAN_POINT('',(15.39,0.149999999999999,0.857894858828775));
#10527=CARTESIAN_POINT('',(15.24,0.149999999999999,0.857894858828775));
#10528=CARTESIAN_POINT('',(15.39,-0.149999999999999,0.857894858828775));
#10529=CARTESIAN_POINT('',(15.39,-0.3,0.857894858828775));
#10530=CARTESIAN_POINT('',(15.09,-0.149999999999999,0.857894858828775));
#10531=CARTESIAN_POINT('',(14.94,-0.149999999999999,0.857894858828775));
#10532=CARTESIAN_POINT('',(15.09,2.71050543121375E-17,0.857894858828775));
#10533=CARTESIAN_POINT('Origin',(14.94,0.3,1.00789485882878));
#10534=CARTESIAN_POINT('',(15.14,-0.0999999999999995,0.807894858828775));
#10535=CARTESIAN_POINT('',(14.94,0.3,1.00789485882878));
#10536=CARTESIAN_POINT('Origin',(15.54,0.3,1.00789485882878));
#10537=CARTESIAN_POINT('',(15.54,0.3,1.00789485882878));
#10538=CARTESIAN_POINT('Origin',(15.24,-0.149999999999999,0.857894858828775));
#10539=CARTESIAN_POINT('',(15.34,-0.0999999999999996,0.807894858828775));
#10540=CARTESIAN_POINT('Origin',(15.39,-2.71050543121374E-17,0.857894858828775));
#10541=CARTESIAN_POINT('Origin',(9.78785535891575,1.6,4.87328311586621));
#10542=CARTESIAN_POINT('',(10.2878553589158,1.61,4.87328311586621));
#10543=CARTESIAN_POINT('Origin',(9.78785535891575,1.61,4.87328311586621));
#10544=CARTESIAN_POINT('',(10.2878553589158,0.,4.87328311586621));
#10545=CARTESIAN_POINT('',(10.2878553589158,1.6,4.87328311586621));
#10546=CARTESIAN_POINT('Origin',(9.78785535891575,0.,4.87328311586621));
#10547=CARTESIAN_POINT('Origin',(8.93785535891575,1.6,4.02328311586621));
#10548=CARTESIAN_POINT('',(8.93785535891575,1.6,5.72328311586621));
#10549=CARTESIAN_POINT('',(8.93785535891575,1.6,4.02328311586621));
#10550=CARTESIAN_POINT('',(8.93785535891575,1.6,-1.08508935768471));
#10551=CARTESIAN_POINT('',(8.93785535891575,1.61,5.72328311586621));
#10552=CARTESIAN_POINT('',(8.93785535891575,1.6,5.72328311586621));
#10553=CARTESIAN_POINT('',(8.93785535891575,1.61,4.02328311586621));
#10554=CARTESIAN_POINT('',(8.93785535891575,1.61,5.72328311586621));
#10555=CARTESIAN_POINT('',(8.93785535891575,1.6,4.02328311586621));
#10556=CARTESIAN_POINT('Origin',(10.6378553589158,1.6,4.02328311586621));
#10557=CARTESIAN_POINT('',(10.6378553589158,1.6,4.02328311586621));
#10558=CARTESIAN_POINT('',(-2.91207765811423,1.6,4.02328311586621));
#10559=CARTESIAN_POINT('',(10.6378553589158,1.61,4.02328311586621));
#10560=CARTESIAN_POINT('',(8.93785535891575,1.61,4.02328311586621));
#10561=CARTESIAN_POINT('',(10.6378553589158,1.6,4.02328311586621));
#10562=CARTESIAN_POINT('Origin',(10.6378553589158,1.6,5.72328311586621));
#10563=CARTESIAN_POINT('',(10.6378553589158,1.6,5.72328311586621));
#10564=CARTESIAN_POINT('',(10.6378553589158,1.6,-0.235089357684715));
#10565=CARTESIAN_POINT('',(10.6378553589158,1.61,5.72328311586621));
#10566=CARTESIAN_POINT('',(10.6378553589158,1.61,4.02328311586621));
#10567=CARTESIAN_POINT('',(10.6378553589158,1.6,5.72328311586621));
#10568=CARTESIAN_POINT('Origin',(8.93785535891575,1.6,5.72328311586621));
#10569=CARTESIAN_POINT('',(-3.76207765811423,1.6,5.72328311586621));
#10570=CARTESIAN_POINT('',(10.6378553589158,1.61,5.72328311586621));
#10571=CARTESIAN_POINT('Origin',(9.78785535891575,1.61,4.87328311586621));
#10572=CARTESIAN_POINT('Origin',(-16.4620106751442,1.6,-6.19346183123564));
#10573=CARTESIAN_POINT('',(-26.9335331610742,1.6,-16.6651177881942));
#10574=CARTESIAN_POINT('',(-26.9335331610742,1.6,-15.4361438225852));
#10575=CARTESIAN_POINT('',(-26.9335331610742,1.6,-16.6651177881942));
#10576=CARTESIAN_POINT('',(-27.9308337585972,1.6,-15.4361438225852));
#10577=CARTESIAN_POINT('Origin',(-27.4321834598357,1.6,-15.4361438225852));
#10578=CARTESIAN_POINT('',(-27.9308337585972,1.6,-16.6651177881942));
#10579=CARTESIAN_POINT('',(-27.9308337585972,1.6,-15.4361438225852));
#10580=CARTESIAN_POINT('',(-29.9254349536433,1.6,-18.6597189832402));
#10581=CARTESIAN_POINT('Origin',(-29.9254349536433,1.6,-16.6651177881942));
#10582=CARTESIAN_POINT('',(-43.3889930202042,1.6,-18.6597189832402));
#10583=CARTESIAN_POINT('',(-29.9254349536433,1.6,-18.6597189832402));
#10584=CARTESIAN_POINT('',(-45.3835954833836,1.6,-16.6651177881942));
#10585=CARTESIAN_POINT('Origin',(-43.3889942883375,1.6,-16.6651177881946));
#10586=CARTESIAN_POINT('',(-45.3835954833836,1.6,4.27819412572286));
#10587=CARTESIAN_POINT('',(-45.3835954833836,1.6,4.27819412572287));
#10588=CARTESIAN_POINT('',(-43.3889930202042,1.6,6.27279532076893));
#10589=CARTESIAN_POINT('Origin',(-43.3889942883375,1.6,4.27819412572326));
#10590=CARTESIAN_POINT('',(-29.9254349536433,1.6,6.27279532076893));
#10591=CARTESIAN_POINT('',(-29.9254349536433,1.6,6.27279532076893));
#10592=CARTESIAN_POINT('',(-27.9308337585972,1.6,4.27819412572286));
#10593=CARTESIAN_POINT('Origin',(-29.9254349536433,1.6,4.27819412572287));
#10594=CARTESIAN_POINT('',(-27.9308337585972,1.6,3.09569534289931));
#10595=CARTESIAN_POINT('',(-27.9308337585972,1.6,3.09569534289931));
#10596=CARTESIAN_POINT('',(-26.9335331610742,1.6,3.09569534289931));
#10597=CARTESIAN_POINT('Origin',(-27.4321834598357,1.6,3.09569534289931));
#10598=CARTESIAN_POINT('',(-26.9335331610742,1.6,4.27819412572286));
#10599=CARTESIAN_POINT('',(-26.9335331610742,1.6,4.27819412572287));
#10600=CARTESIAN_POINT('',(-24.9389319660282,1.6,6.27279532076893));
#10601=CARTESIAN_POINT('Origin',(-24.9389319660282,1.6,4.27819412572287));
#10602=CARTESIAN_POINT('',(10.4649729380491,1.6,6.27279532076893));
#10603=CARTESIAN_POINT('',(-24.9389319660282,1.6,6.27279532076893));
#10604=CARTESIAN_POINT('',(12.4595741330952,1.6,4.27819412572286));
#10605=CARTESIAN_POINT('Origin',(10.4649729380491,1.6,4.27819412572287));
#10606=CARTESIAN_POINT('',(12.4595741330952,1.6,-16.6651177881942));
#10607=CARTESIAN_POINT('',(12.4595741330952,1.6,-16.6651177881942));
#10608=CARTESIAN_POINT('',(10.4649729380491,1.6,-18.6597189832402));
#10609=CARTESIAN_POINT('Origin',(10.4649729380491,1.6,-16.6651177881942));
#10610=CARTESIAN_POINT('',(-24.9389319660282,1.6,-18.6597189832402));
#10611=CARTESIAN_POINT('',(-24.9389319660282,1.6,-18.6597189832402));
#10612=CARTESIAN_POINT('Origin',(-24.9389319660282,1.6,-16.6651177881942));
#10613=CARTESIAN_POINT('',(0.439916875293562,1.6,4.87328311586621));
#10614=CARTESIAN_POINT('Origin',(-0.483744641084246,1.6,4.87328311586621));
#10615=CARTESIAN_POINT('',(8.17151687529356,1.6,-17.4660444027188));
#10616=CARTESIAN_POINT('Origin',(7.24785535891575,1.6,-17.4660444027188));
#10617=CARTESIAN_POINT('',(-4.71448312470644,1.6,-17.4660444027188));
#10618=CARTESIAN_POINT('Origin',(-5.63814464108424,1.6,-17.4660444027188));
#10619=CARTESIAN_POINT('',(8.17151687529356,1.6,4.87328311586621));
#10620=CARTESIAN_POINT('Origin',(7.24785535891575,1.6,4.87328311586621));
#10621=CARTESIAN_POINT('',(0.439916875293562,1.6,-17.4660444027188));
#10622=CARTESIAN_POINT('Origin',(-0.483744641084246,1.6,-17.4660444027188));
#10623=CARTESIAN_POINT('',(3.01711687529356,1.6,-17.4660444027188));
#10624=CARTESIAN_POINT('Origin',(2.09345535891575,1.6,-17.4660444027188));
#10625=CARTESIAN_POINT('',(5.59431687529356,1.6,4.87328311586621));
#10626=CARTESIAN_POINT('Origin',(4.67065535891575,1.6,4.87328311586621));
#10627=CARTESIAN_POINT('',(12.0078443562553,1.6,-12.2404418256259));
#10628=CARTESIAN_POINT('',(12.0078443562553,1.6,-3.92508229562825));
#10629=CARTESIAN_POINT('',(12.0078443562553,1.6,-5.05927206343195));
#10630=CARTESIAN_POINT('',(8.57703168303951,1.6,-3.92508229562825));
#10631=CARTESIAN_POINT('',(-3.94248949605235,1.6,-3.92508229562825));
#10632=CARTESIAN_POINT('',(8.57703168303951,1.6,-12.2404418256259));
#10633=CARTESIAN_POINT('',(8.57703168303951,1.6,-9.21695182843077));
#10634=CARTESIAN_POINT('',(-2.22708315944444,1.6,-12.2404418256259));
#10635=CARTESIAN_POINT('',(-26.9335331610742,1.6,-0.881864818252938));
#10636=CARTESIAN_POINT('Origin',(-27.4321834598357,1.6,-0.881864818252938));
#10637=CARTESIAN_POINT('',(-26.9335331610742,1.6,-10.2735596724762));
#10638=CARTESIAN_POINT('Origin',(-27.4321834598357,1.6,-10.2735596724762));
#10639=CARTESIAN_POINT('',(-26.9335331610742,1.6,-14.3055596724762));
#10640=CARTESIAN_POINT('Origin',(-27.4321834598357,1.6,-14.3055596724762));
#10641=CARTESIAN_POINT('',(-26.9335331610742,1.6,-8.92955967247618));
#10642=CARTESIAN_POINT('Origin',(-27.4321834598357,1.6,-8.92955967247618));
#10643=CARTESIAN_POINT('',(-26.9335331610742,1.6,0.462135181747061));
#10644=CARTESIAN_POINT('Origin',(-27.4321834598357,1.6,0.462135181747061));
#10645=CARTESIAN_POINT('',(-26.9335331610742,1.6,-2.22586481825294));
#10646=CARTESIAN_POINT('Origin',(-27.4321834598357,1.6,-2.22586481825294));
#10647=CARTESIAN_POINT('',(-26.9335331610742,1.6,-11.6175596724762));
#10648=CARTESIAN_POINT('Origin',(-27.4321834598357,1.6,-11.6175596724762));
#10649=CARTESIAN_POINT('',(-26.9335331610742,1.6,-12.9615596724762));
#10650=CARTESIAN_POINT('Origin',(-27.4321834598357,1.6,-12.9615596724762));
#10651=CARTESIAN_POINT('',(-26.9335331610742,1.6,-3.56986481825294));
#10652=CARTESIAN_POINT('Origin',(-27.4321834598357,1.6,-3.56986481825294));
#10653=CARTESIAN_POINT('',(-26.9335331610742,1.6,1.80613518174706));
#10654=CARTESIAN_POINT('Origin',(-27.4321834598357,1.6,1.80613518174706));
#10655=CARTESIAN_POINT('',(-27.9308337585972,1.6,-4.8402940746385));
#10656=CARTESIAN_POINT('',(-27.9308337585972,1.6,-7.73517014920412));
#10657=CARTESIAN_POINT('',(-27.9308337585972,1.6,-5.51687795293707));
#10658=CARTESIAN_POINT('',(-26.9335331610742,1.6,-7.73517019635135));
#10659=CARTESIAN_POINT('Origin',(-27.4321834598357,1.6,-7.73517019635135));
#10660=CARTESIAN_POINT('',(-26.9335331610742,1.6,-4.84029404111626));
#10661=CARTESIAN_POINT('',(-26.9335331610742,1.6,-6.9643160137935));
#10662=CARTESIAN_POINT('Origin',(-27.4321834598357,1.6,-4.84029400845558));
#10663=CARTESIAN_POINT('',(-7.6117424108922,1.6,-16.3150640747837));
#10664=CARTESIAN_POINT('Origin',(-8.6117424108922,1.6,-16.3150640747837));
#10665=CARTESIAN_POINT('',(-42.8457625370144,1.6,-16.3150640747837));
#10666=CARTESIAN_POINT('Origin',(-43.8457625370144,1.6,-16.3150640747837));
#10667=CARTESIAN_POINT('',(-7.6117424108922,1.6,3.84838198432796));
#10668=CARTESIAN_POINT('Origin',(-8.6117424108922,1.6,3.84838198432796));
#10669=CARTESIAN_POINT('',(-42.8457625370144,1.6,3.84838198432796));
#10670=CARTESIAN_POINT('Origin',(-43.8457625370144,1.6,3.84838198432796));
#10671=CARTESIAN_POINT('',(-4.71448312470644,1.6,4.87328311586621));
#10672=CARTESIAN_POINT('Origin',(-5.63814464108424,1.6,4.87328311586621));
#10673=CARTESIAN_POINT('',(8.93785535891576,1.6,-18.3160444027188));
#10674=CARTESIAN_POINT('',(10.6378553589158,1.6,-18.3160444027188));
#10675=CARTESIAN_POINT('',(-2.91207765811423,1.6,-18.3160444027188));
#10676=CARTESIAN_POINT('',(10.6378553589158,1.6,-16.6160444027188));
#10677=CARTESIAN_POINT('',(10.6378553589158,1.6,-11.4047531169772));
#10678=CARTESIAN_POINT('',(8.93785535891576,1.6,-16.6160444027188));
#10679=CARTESIAN_POINT('',(-3.76207765811423,1.6,-16.6160444027188));
#10680=CARTESIAN_POINT('',(8.93785535891575,1.6,-12.2547531169772));
#10681=CARTESIAN_POINT('',(-2.13728312470644,1.6,4.87328311586621));
#10682=CARTESIAN_POINT('Origin',(-3.06094464108425,1.6,4.87328311586621));
#10683=CARTESIAN_POINT('',(3.01711687529356,1.6,4.87328311586621));
#10684=CARTESIAN_POINT('Origin',(2.09345535891575,1.6,4.87328311586621));
#10685=CARTESIAN_POINT('',(5.59431687529356,1.6,-17.4660444027188));
#10686=CARTESIAN_POINT('Origin',(4.67065535891575,1.6,-17.4660444027188));
#10687=CARTESIAN_POINT('',(-2.13728312470644,1.6,-17.4660444027188));
#10688=CARTESIAN_POINT('Origin',(-3.06094464108425,1.6,-17.4660444027188));
#10689=CARTESIAN_POINT('Origin',(-0.483744641084246,1.6,4.87328311586621));
#10690=CARTESIAN_POINT('',(0.0162553589157538,1.61,4.87328311586621));
#10691=CARTESIAN_POINT('Origin',(-0.483744641084246,1.61,4.87328311586621));
#10692=CARTESIAN_POINT('',(0.0162553589157538,0.,4.87328311586621));
#10693=CARTESIAN_POINT('',(0.0162553589157538,1.6,4.87328311586621));
#10694=CARTESIAN_POINT('Origin',(-0.483744641084246,0.,4.87328311586621));
#10695=CARTESIAN_POINT('Origin',(-0.483744641084246,1.6,4.87328311586621));
#10696=CARTESIAN_POINT('',(0.439916875293562,1.61,4.87328311586621));
#10697=CARTESIAN_POINT('Origin',(-0.483744641084246,1.61,4.87328311586621));
#10698=CARTESIAN_POINT('',(0.439916875293562,1.6,4.87328311586621));
#10699=CARTESIAN_POINT('Origin',(-0.483744641084246,1.61,4.87328311586621));
#10700=CARTESIAN_POINT('Origin',(-3.06094464108425,1.6,-17.4660444027188));
#10701=CARTESIAN_POINT('',(-2.56094464108425,1.61,-17.4660444027188));
#10702=CARTESIAN_POINT('Origin',(-3.06094464108425,1.61,-17.4660444027188));
#10703=CARTESIAN_POINT('',(-2.56094464108425,0.,-17.4660444027188));
#10704=CARTESIAN_POINT('',(-2.56094464108425,1.6,-17.4660444027188));
#10705=CARTESIAN_POINT('Origin',(-3.06094464108425,0.,-17.4660444027188));
#10706=CARTESIAN_POINT('Origin',(-3.06094464108425,1.6,-17.4660444027188));
#10707=CARTESIAN_POINT('',(-2.13728312470644,1.61,-17.4660444027188));
#10708=CARTESIAN_POINT('Origin',(-3.06094464108425,1.61,-17.4660444027188));
#10709=CARTESIAN_POINT('',(-2.13728312470644,1.6,-17.4660444027188));
#10710=CARTESIAN_POINT('Origin',(-3.06094464108425,1.61,-17.4660444027188));
#10711=CARTESIAN_POINT('Origin',(7.24785535891575,1.6,-17.4660444027188));
#10712=CARTESIAN_POINT('',(7.74785535891575,1.61,-17.4660444027188));
#10713=CARTESIAN_POINT('Origin',(7.24785535891575,1.61,-17.4660444027188));
#10714=CARTESIAN_POINT('',(7.74785535891575,0.,-17.4660444027188));
#10715=CARTESIAN_POINT('',(7.74785535891575,1.6,-17.4660444027188));
#10716=CARTESIAN_POINT('Origin',(7.24785535891575,0.,-17.4660444027188));
#10717=CARTESIAN_POINT('Origin',(7.24785535891575,1.6,-17.4660444027188));
#10718=CARTESIAN_POINT('',(8.17151687529356,1.61,-17.4660444027188));
#10719=CARTESIAN_POINT('Origin',(7.24785535891575,1.61,-17.4660444027188));
#10720=CARTESIAN_POINT('',(8.17151687529356,1.6,-17.4660444027188));
#10721=CARTESIAN_POINT('Origin',(7.24785535891575,1.61,-17.4660444027188));
#10722=CARTESIAN_POINT('Origin',(4.67065535891575,1.6,-17.4660444027188));
#10723=CARTESIAN_POINT('',(5.17065535891575,1.61,-17.4660444027188));
#10724=CARTESIAN_POINT('Origin',(4.67065535891575,1.61,-17.4660444027188));
#10725=CARTESIAN_POINT('',(5.17065535891575,0.,-17.4660444027188));
#10726=CARTESIAN_POINT('',(5.17065535891575,1.6,-17.4660444027188));
#10727=CARTESIAN_POINT('Origin',(4.67065535891575,0.,-17.4660444027188));
#10728=CARTESIAN_POINT('Origin',(4.67065535891575,1.6,-17.4660444027188));
#10729=CARTESIAN_POINT('',(5.59431687529356,1.61,-17.4660444027188));
#10730=CARTESIAN_POINT('Origin',(4.67065535891575,1.61,-17.4660444027188));
#10731=CARTESIAN_POINT('',(5.59431687529356,1.6,-17.4660444027188));
#10732=CARTESIAN_POINT('Origin',(4.67065535891575,1.61,-17.4660444027188));
#10733=CARTESIAN_POINT('Origin',(-5.63814464108424,1.6,-17.4660444027188));
#10734=CARTESIAN_POINT('',(-5.13814464108425,1.61,-17.4660444027188));
#10735=CARTESIAN_POINT('Origin',(-5.63814464108424,1.61,-17.4660444027188));
#10736=CARTESIAN_POINT('',(-5.13814464108425,0.,-17.4660444027188));
#10737=CARTESIAN_POINT('',(-5.13814464108425,1.6,-17.4660444027188));
#10738=CARTESIAN_POINT('Origin',(-5.63814464108424,0.,-17.4660444027188));
#10739=CARTESIAN_POINT('Origin',(-5.63814464108424,1.6,-17.4660444027188));
#10740=CARTESIAN_POINT('',(-4.71448312470644,1.61,-17.4660444027188));
#10741=CARTESIAN_POINT('Origin',(-5.63814464108424,1.61,-17.4660444027188));
#10742=CARTESIAN_POINT('',(-4.71448312470644,1.6,-17.4660444027188));
#10743=CARTESIAN_POINT('Origin',(-5.63814464108424,1.61,-17.4660444027188));
#10744=CARTESIAN_POINT('Origin',(2.09345535891575,1.6,4.87328311586621));
#10745=CARTESIAN_POINT('',(2.59345535891575,1.61,4.87328311586621));
#10746=CARTESIAN_POINT('Origin',(2.09345535891575,1.61,4.87328311586621));
#10747=CARTESIAN_POINT('',(2.59345535891575,0.,4.87328311586621));
#10748=CARTESIAN_POINT('',(2.59345535891575,1.6,4.87328311586621));
#10749=CARTESIAN_POINT('Origin',(2.09345535891575,0.,4.87328311586621));
#10750=CARTESIAN_POINT('Origin',(2.09345535891575,1.6,4.87328311586621));
#10751=CARTESIAN_POINT('',(3.01711687529356,1.61,4.87328311586621));
#10752=CARTESIAN_POINT('Origin',(2.09345535891575,1.61,4.87328311586621));
#10753=CARTESIAN_POINT('',(3.01711687529356,1.6,4.87328311586621));
#10754=CARTESIAN_POINT('Origin',(2.09345535891575,1.61,4.87328311586621));
#10755=CARTESIAN_POINT('Origin',(7.24785535891575,1.6,4.87328311586621));
#10756=CARTESIAN_POINT('',(7.74785535891575,1.61,4.87328311586621));
#10757=CARTESIAN_POINT('Origin',(7.24785535891575,1.61,4.87328311586621));
#10758=CARTESIAN_POINT('',(7.74785535891575,0.,4.87328311586621));
#10759=CARTESIAN_POINT('',(7.74785535891575,1.6,4.87328311586621));
#10760=CARTESIAN_POINT('Origin',(7.24785535891575,0.,4.87328311586621));
#10761=CARTESIAN_POINT('Origin',(7.24785535891575,1.6,4.87328311586621));
#10762=CARTESIAN_POINT('',(8.17151687529356,1.61,4.87328311586621));
#10763=CARTESIAN_POINT('Origin',(7.24785535891575,1.61,4.87328311586621));
#10764=CARTESIAN_POINT('',(8.17151687529356,1.6,4.87328311586621));
#10765=CARTESIAN_POINT('Origin',(7.24785535891575,1.61,4.87328311586621));
#10766=CARTESIAN_POINT('Origin',(-3.06094464108425,1.6,4.87328311586621));
#10767=CARTESIAN_POINT('',(-2.56094464108425,1.61,4.87328311586621));
#10768=CARTESIAN_POINT('Origin',(-3.06094464108425,1.61,4.87328311586621));
#10769=CARTESIAN_POINT('',(-2.56094464108425,0.,4.87328311586621));
#10770=CARTESIAN_POINT('',(-2.56094464108425,1.6,4.87328311586621));
#10771=CARTESIAN_POINT('Origin',(-3.06094464108425,0.,4.87328311586621));
#10772=CARTESIAN_POINT('Origin',(-3.06094464108425,1.6,4.87328311586621));
#10773=CARTESIAN_POINT('',(-2.13728312470644,1.61,4.87328311586621));
#10774=CARTESIAN_POINT('Origin',(-3.06094464108425,1.61,4.87328311586621));
#10775=CARTESIAN_POINT('',(-2.13728312470644,1.6,4.87328311586621));
#10776=CARTESIAN_POINT('Origin',(-3.06094464108425,1.61,4.87328311586621));
#10777=CARTESIAN_POINT('Origin',(-0.483744641084246,1.6,-17.4660444027188));
#10778=CARTESIAN_POINT('',(0.0162553589157538,1.61,-17.4660444027188));
#10779=CARTESIAN_POINT('Origin',(-0.483744641084246,1.61,-17.4660444027188));
#10780=CARTESIAN_POINT('',(0.0162553589157538,0.,-17.4660444027188));
#10781=CARTESIAN_POINT('',(0.0162553589157538,1.6,-17.4660444027188));
#10782=CARTESIAN_POINT('Origin',(-0.483744641084246,0.,-17.4660444027188));
#10783=CARTESIAN_POINT('Origin',(-0.483744641084246,1.6,-17.4660444027188));
#10784=CARTESIAN_POINT('',(0.439916875293562,1.61,-17.4660444027188));
#10785=CARTESIAN_POINT('Origin',(-0.483744641084246,1.61,-17.4660444027188));
#10786=CARTESIAN_POINT('',(0.439916875293562,1.6,-17.4660444027188));
#10787=CARTESIAN_POINT('Origin',(-0.483744641084246,1.61,-17.4660444027188));
#10788=CARTESIAN_POINT('Origin',(9.78785535891575,1.6,-17.4660444027188));
#10789=CARTESIAN_POINT('',(10.2878553589158,1.61,-17.4660444027188));
#10790=CARTESIAN_POINT('Origin',(9.78785535891575,1.61,-17.4660444027188));
#10791=CARTESIAN_POINT('',(10.2878553589158,0.,-17.4660444027188));
#10792=CARTESIAN_POINT('',(10.2878553589158,1.6,-17.4660444027188));
#10793=CARTESIAN_POINT('Origin',(9.78785535891575,0.,-17.4660444027188));
#10794=CARTESIAN_POINT('Origin',(10.6378553589158,1.6,-18.3160444027188));
#10795=CARTESIAN_POINT('',(8.93785535891576,1.61,-18.3160444027188));
#10796=CARTESIAN_POINT('',(8.93785535891576,1.6,-18.3160444027188));
#10797=CARTESIAN_POINT('',(10.6378553589158,1.61,-18.3160444027188));
#10798=CARTESIAN_POINT('',(10.6378553589158,1.61,-18.3160444027188));
#10799=CARTESIAN_POINT('',(10.6378553589158,1.6,-18.3160444027188));
#10800=CARTESIAN_POINT('Origin',(10.6378553589158,1.6,-16.6160444027188));
#10801=CARTESIAN_POINT('',(10.6378553589158,1.61,-16.6160444027188));
#10802=CARTESIAN_POINT('',(10.6378553589158,1.61,-16.6160444027188));
#10803=CARTESIAN_POINT('',(10.6378553589158,1.6,-16.6160444027188));
#10804=CARTESIAN_POINT('Origin',(8.93785535891576,1.6,-16.6160444027188));
#10805=CARTESIAN_POINT('',(8.93785535891576,1.61,-16.6160444027188));
#10806=CARTESIAN_POINT('',(8.93785535891576,1.61,-16.6160444027188));
#10807=CARTESIAN_POINT('',(8.93785535891576,1.6,-16.6160444027188));
#10808=CARTESIAN_POINT('Origin',(8.93785535891576,1.6,-18.3160444027188));
#10809=CARTESIAN_POINT('',(8.93785535891576,1.61,-18.3160444027188));
#10810=CARTESIAN_POINT('Origin',(9.78785535891575,1.61,-17.4660444027188));
#10811=CARTESIAN_POINT('Origin',(2.09345535891575,1.6,-17.4660444027188));
#10812=CARTESIAN_POINT('',(2.59345535891575,1.61,-17.4660444027188));
#10813=CARTESIAN_POINT('Origin',(2.09345535891575,1.61,-17.4660444027188));
#10814=CARTESIAN_POINT('',(2.59345535891575,0.,-17.4660444027188));
#10815=CARTESIAN_POINT('',(2.59345535891575,1.6,-17.4660444027188));
#10816=CARTESIAN_POINT('Origin',(2.09345535891575,0.,-17.4660444027188));
#10817=CARTESIAN_POINT('Origin',(2.09345535891575,1.6,-17.4660444027188));
#10818=CARTESIAN_POINT('',(3.01711687529356,1.61,-17.4660444027188));
#10819=CARTESIAN_POINT('Origin',(2.09345535891575,1.61,-17.4660444027188));
#10820=CARTESIAN_POINT('',(3.01711687529356,1.6,-17.4660444027188));
#10821=CARTESIAN_POINT('Origin',(2.09345535891575,1.61,-17.4660444027188));
#10822=CARTESIAN_POINT('Origin',(-5.63814464108424,1.6,4.87328311586621));
#10823=CARTESIAN_POINT('',(-5.13814464108425,1.61,4.87328311586621));
#10824=CARTESIAN_POINT('Origin',(-5.63814464108424,1.61,4.87328311586621));
#10825=CARTESIAN_POINT('',(-5.13814464108425,0.,4.87328311586621));
#10826=CARTESIAN_POINT('',(-5.13814464108425,1.6,4.87328311586621));
#10827=CARTESIAN_POINT('Origin',(-5.63814464108424,0.,4.87328311586621));
#10828=CARTESIAN_POINT('Origin',(-5.63814464108424,1.6,4.87328311586621));
#10829=CARTESIAN_POINT('',(-4.71448312470644,1.61,4.87328311586621));
#10830=CARTESIAN_POINT('Origin',(-5.63814464108424,1.61,4.87328311586621));
#10831=CARTESIAN_POINT('',(-4.71448312470644,1.6,4.87328311586621));
#10832=CARTESIAN_POINT('Origin',(-5.63814464108424,1.61,4.87328311586621));
#10833=CARTESIAN_POINT('Origin',(4.67065535891575,1.6,4.87328311586621));
#10834=CARTESIAN_POINT('',(5.17065535891575,1.61,4.87328311586621));
#10835=CARTESIAN_POINT('Origin',(4.67065535891575,1.61,4.87328311586621));
#10836=CARTESIAN_POINT('',(5.17065535891575,0.,4.87328311586621));
#10837=CARTESIAN_POINT('',(5.17065535891575,1.6,4.87328311586621));
#10838=CARTESIAN_POINT('Origin',(4.67065535891575,0.,4.87328311586621));
#10839=CARTESIAN_POINT('Origin',(4.67065535891575,1.6,4.87328311586621));
#10840=CARTESIAN_POINT('',(5.59431687529356,1.61,4.87328311586621));
#10841=CARTESIAN_POINT('Origin',(4.67065535891575,1.61,4.87328311586621));
#10842=CARTESIAN_POINT('',(5.59431687529356,1.6,4.87328311586621));
#10843=CARTESIAN_POINT('Origin',(4.67065535891575,1.61,4.87328311586621));
#10844=CARTESIAN_POINT('Origin',(14.9308443562553,3.4034412515706,-6.51921243516214));
#10845=CARTESIAN_POINT('',(15.0378443562553,2.49305702253224,-6.62621243516214));
#10846=CARTESIAN_POINT('',(15.0378443562553,3.56423599458338,-6.62621243516214));
#10847=CARTESIAN_POINT('',(15.0378443562553,3.4034412515706,-6.62621243516214));
#10848=CARTESIAN_POINT('',(14.8238443562554,3.77823599458338,-6.41221243516215));
#10849=CARTESIAN_POINT('',(15.0378443562553,3.56423599458338,-6.62621243516214));
#10850=CARTESIAN_POINT('',(14.8238443562554,2.27905702253224,-6.41221243516215));
#10851=CARTESIAN_POINT('',(14.8238443562554,3.4034412515706,-6.41221243516215));
#10852=CARTESIAN_POINT('',(15.0378443562553,2.49305702253224,-6.62621243516214));
#10853=CARTESIAN_POINT('Origin',(14.9308443562554,3.67123599458338,-7.45967205706722));
#10854=CARTESIAN_POINT('',(15.0378443562554,3.56423599458338,-7.5948252643689));
#10855=CARTESIAN_POINT('',(15.0378443562554,3.56423599458338,-7.45967205706721));
#10856=CARTESIAN_POINT('',(14.8238443562554,3.77823599458338,-7.80882526436891));
#10857=CARTESIAN_POINT('',(15.0378443562554,3.56423599458338,-7.5948252643689));
#10858=CARTESIAN_POINT('',(14.8238443562554,3.77823599458338,-7.45967205706722));
#10859=CARTESIAN_POINT('Origin',(14.9308443562554,2.65385176554503,-7.70182526436891));
#10860=CARTESIAN_POINT('',(15.0378443562554,2.49305702253224,-7.5948252643689));
#10861=CARTESIAN_POINT('',(15.0378443562554,2.65385176554503,-7.5948252643689));
#10862=CARTESIAN_POINT('',(14.8238443562554,2.27905702253224,-7.80882526436891));
#10863=CARTESIAN_POINT('',(15.0378443562554,2.49305702253224,-7.5948252643689));
#10864=CARTESIAN_POINT('',(14.8238443562554,2.65385176554503,-7.80882526436891));
#10865=CARTESIAN_POINT('Origin',(14.9308443562554,2.38605702253224,-6.76136564246384));
#10866=CARTESIAN_POINT('',(14.8238443562554,2.27905702253224,-6.76136564246384));
#10867=CARTESIAN_POINT('',(15.0378443562553,2.49305702253224,-6.76136564246383));
#10868=CARTESIAN_POINT('Origin',(12.0078443562554,2.27905702253224,-6.41221243516229));
#10869=CARTESIAN_POINT('',(12.0078443562554,2.27905702253224,-6.41221243516229));
#10870=CARTESIAN_POINT('',(12.0078443562554,2.27905702253224,-6.41221243516229));
#10871=CARTESIAN_POINT('',(12.0078443562554,2.27905702253224,-7.80882526436906));
#10872=CARTESIAN_POINT('',(12.0078443562553,2.27905702253224,-5.16864736539527));
#10873=CARTESIAN_POINT('',(12.0078443562554,2.27905702253224,-7.80882526436906));
#10874=CARTESIAN_POINT('Origin',(12.0078443562553,3.77823599458338,-6.41221243516229));
#10875=CARTESIAN_POINT('',(12.0078443562553,3.77823599458338,-6.41221243516229));
#10876=CARTESIAN_POINT('',(12.0078443562553,3.77823599458338,-6.41221243516229));
#10877=CARTESIAN_POINT('',(12.0078443562553,2.68911799729169,-6.41221243516229));
#10878=CARTESIAN_POINT('Origin',(15.0378443562554,3.02864650855781,-7.11051884976552));
#10879=CARTESIAN_POINT('Origin',(12.0078443562554,3.77823599458338,-7.80882526436906));
#10880=CARTESIAN_POINT('',(12.0078443562554,3.77823599458338,-7.80882526436906));
#10881=CARTESIAN_POINT('',(12.0078443562554,3.77823599458338,-7.80882526436906));
#10882=CARTESIAN_POINT('',(12.0078443562553,3.77823599458338,-5.86695377999866));
#10883=CARTESIAN_POINT('Origin',(12.0078443562554,2.27905702253224,-7.80882526436906));
#10884=CARTESIAN_POINT('',(12.0078443562553,1.93952851126612,-7.80882526436906));
#10885=CARTESIAN_POINT('Origin',(12.0078443562553,1.6,-3.92508229562825));
#10886=CARTESIAN_POINT('',(12.0078443562553,4.6,-12.2404418256259));
#10887=CARTESIAN_POINT('',(12.0078443562553,1.6,-12.2404418256259));
#10888=CARTESIAN_POINT('',(12.0078443562553,4.6,-3.92508229562825));
#10889=CARTESIAN_POINT('',(12.0078443562553,4.6,-12.2404418256259));
#10890=CARTESIAN_POINT('',(12.0078443562553,1.6,-3.92508229562825));
#10891=CARTESIAN_POINT('Origin',(8.57703168303951,1.6,-3.92508229562825));
#10892=CARTESIAN_POINT('',(8.57703168303951,4.6,-3.92508229562825));
#10893=CARTESIAN_POINT('',(12.0078443562553,4.6,-3.92508229562825));
#10894=CARTESIAN_POINT('',(8.57703168303951,1.6,-3.92508229562825));
#10895=CARTESIAN_POINT('Origin',(8.57703168303951,1.6,-12.2404418256259));
#10896=CARTESIAN_POINT('',(8.57703168303951,4.6,-12.2404418256259));
#10897=CARTESIAN_POINT('',(8.57703168303951,4.6,-3.92508229562825));
#10898=CARTESIAN_POINT('',(8.57703168303951,1.6,-12.2404418256259));
#10899=CARTESIAN_POINT('Origin',(12.0078443562553,1.6,-12.2404418256259));
#10900=CARTESIAN_POINT('',(8.57703168303951,4.6,-12.2404418256259));
#10901=CARTESIAN_POINT('Origin',(10.2924380196474,4.6,-8.08276206062707));
#10902=CARTESIAN_POINT('Origin',(-27.4321834598357,1.6,-0.881864818252938));
#10903=CARTESIAN_POINT('',(-26.9335331610742,0.,-0.881864818252938));
#10904=CARTESIAN_POINT('',(-26.9335331610742,1.6,-0.881864818252938));
#10905=CARTESIAN_POINT('Origin',(-27.4321834598357,0.,-0.881864818252938));
#10906=CARTESIAN_POINT('Origin',(-27.4321834598357,1.6,-10.2735596724762));
#10907=CARTESIAN_POINT('',(-26.9335331610742,0.,-10.2735596724762));
#10908=CARTESIAN_POINT('',(-26.9335331610742,1.6,-10.2735596724762));
#10909=CARTESIAN_POINT('Origin',(-27.4321834598357,0.,-10.2735596724762));
#10910=CARTESIAN_POINT('Origin',(-27.4321834598357,1.6,-14.3055596724762));
#10911=CARTESIAN_POINT('',(-26.9335331610742,0.,-14.3055596724762));
#10912=CARTESIAN_POINT('',(-26.9335331610742,1.6,-14.3055596724762));
#10913=CARTESIAN_POINT('Origin',(-27.4321834598357,0.,-14.3055596724762));
#10914=CARTESIAN_POINT('Origin',(-27.4321834598357,1.6,-8.92955967247618));
#10915=CARTESIAN_POINT('',(-26.9335331610742,0.,-8.92955967247618));
#10916=CARTESIAN_POINT('',(-26.9335331610742,1.6,-8.92955967247618));
#10917=CARTESIAN_POINT('Origin',(-27.4321834598357,0.,-8.92955967247618));
#10918=CARTESIAN_POINT('Origin',(-27.4321834598357,1.6,0.462135181747061));
#10919=CARTESIAN_POINT('',(-26.9335331610742,0.,0.462135181747061));
#10920=CARTESIAN_POINT('',(-26.9335331610742,1.6,0.462135181747061));
#10921=CARTESIAN_POINT('Origin',(-27.4321834598357,0.,0.462135181747061));
#10922=CARTESIAN_POINT('Origin',(-27.4321834598357,1.6,-2.22586481825294));
#10923=CARTESIAN_POINT('',(-26.9335331610742,0.,-2.22586481825294));
#10924=CARTESIAN_POINT('',(-26.9335331610742,1.6,-2.22586481825294));
#10925=CARTESIAN_POINT('Origin',(-27.4321834598357,0.,-2.22586481825294));
#10926=CARTESIAN_POINT('Origin',(-27.4321834598357,1.6,-11.6175596724762));
#10927=CARTESIAN_POINT('',(-26.9335331610742,0.,-11.6175596724762));
#10928=CARTESIAN_POINT('',(-26.9335331610742,1.6,-11.6175596724762));
#10929=CARTESIAN_POINT('Origin',(-27.4321834598357,0.,-11.6175596724762));
#10930=CARTESIAN_POINT('Origin',(-27.4321834598357,1.6,-12.9615596724762));
#10931=CARTESIAN_POINT('',(-26.9335331610742,0.,-12.9615596724762));
#10932=CARTESIAN_POINT('',(-26.9335331610742,1.6,-12.9615596724762));
#10933=CARTESIAN_POINT('Origin',(-27.4321834598357,0.,-12.9615596724762));
#10934=CARTESIAN_POINT('Origin',(-27.4321834598357,1.6,-3.56986481825294));
#10935=CARTESIAN_POINT('',(-26.9335331610742,0.,-3.56986481825294));
#10936=CARTESIAN_POINT('',(-26.9335331610742,1.6,-3.56986481825294));
#10937=CARTESIAN_POINT('Origin',(-27.4321834598357,0.,-3.56986481825294));
#10938=CARTESIAN_POINT('Origin',(-27.4321834598357,1.6,1.80613518174706));
#10939=CARTESIAN_POINT('',(-26.9335331610742,0.,1.80613518174706));
#10940=CARTESIAN_POINT('',(-26.9335331610742,1.6,1.80613518174706));
#10941=CARTESIAN_POINT('Origin',(-27.4321834598357,0.,1.80613518174706));
#10942=CARTESIAN_POINT('Origin',(-27.9308337585972,1.6,-4.8402940746385));
#10943=CARTESIAN_POINT('',(-27.9308337585972,0.,-4.8402940746385));
#10944=CARTESIAN_POINT('',(-27.9308337585972,1.6,-4.8402940746385));
#10945=CARTESIAN_POINT('',(-27.9308337585972,0.,-7.73517014920412));
#10946=CARTESIAN_POINT('',(-27.9308337585972,0.,-5.51687795293707));
#10947=CARTESIAN_POINT('',(-27.9308337585972,1.6,-7.73517014920412));
#10948=CARTESIAN_POINT('Origin',(-27.4321834598357,1.6,-4.84029400845558));
#10949=CARTESIAN_POINT('',(-26.9335331610742,0.,-4.84029404111626));
#10950=CARTESIAN_POINT('',(-26.9335331610742,1.6,-4.84029404111626));
#10951=CARTESIAN_POINT('Origin',(-27.4321834598357,0.,-4.84029400845558));
#10952=CARTESIAN_POINT('Origin',(-26.9335331610742,1.6,-7.73517019635135));
#10953=CARTESIAN_POINT('',(-26.9335331610742,0.,-7.73517019635135));
#10954=CARTESIAN_POINT('',(-26.9335331610742,1.6,-7.73517019635135));
#10955=CARTESIAN_POINT('',(-26.9335331610742,0.,-6.9643160137935));
#10956=CARTESIAN_POINT('Origin',(-27.4321834598357,1.6,-7.73517019635135));
#10957=CARTESIAN_POINT('Origin',(-27.4321834598357,0.,-7.73517019635135));
#10958=CARTESIAN_POINT('Origin',(-8.6117424108922,1.6,-16.3150640747837));
#10959=CARTESIAN_POINT('',(-7.6117424108922,0.,-16.3150640747837));
#10960=CARTESIAN_POINT('',(-7.6117424108922,1.6,-16.3150640747837));
#10961=CARTESIAN_POINT('Origin',(-8.6117424108922,0.,-16.3150640747837));
#10962=CARTESIAN_POINT('Origin',(-43.8457625370144,1.6,-16.3150640747837));
#10963=CARTESIAN_POINT('',(-42.8457625370144,0.,-16.3150640747837));
#10964=CARTESIAN_POINT('',(-42.8457625370144,1.6,-16.3150640747837));
#10965=CARTESIAN_POINT('Origin',(-43.8457625370144,0.,-16.3150640747837));
#10966=CARTESIAN_POINT('Origin',(-8.6117424108922,1.6,3.84838198432796));
#10967=CARTESIAN_POINT('',(-7.6117424108922,0.,3.84838198432796));
#10968=CARTESIAN_POINT('',(-7.6117424108922,1.6,3.84838198432796));
#10969=CARTESIAN_POINT('Origin',(-8.6117424108922,0.,3.84838198432796));
#10970=CARTESIAN_POINT('Origin',(-43.8457625370144,1.6,3.84838198432796));
#10971=CARTESIAN_POINT('',(-42.8457625370144,0.,3.84838198432796));
#10972=CARTESIAN_POINT('',(-42.8457625370144,1.6,3.84838198432796));
#10973=CARTESIAN_POINT('Origin',(-43.8457625370144,0.,3.84838198432796));
#10974=CARTESIAN_POINT('Origin',(-24.9389319660282,0.,-16.6651177881942));
#10975=CARTESIAN_POINT('',(-26.9335331610742,0.,-16.6651177881942));
#10976=CARTESIAN_POINT('',(-24.9389319660282,0.,-18.6597189832402));
#10977=CARTESIAN_POINT('Origin',(-24.9389319660282,0.,-16.6651177881942));
#10978=CARTESIAN_POINT('',(-26.9335331610742,0.,-16.6651177881942));
#10979=CARTESIAN_POINT('',(-24.9389319660282,0.,-18.6597189832402));
#10980=CARTESIAN_POINT('Origin',(10.4649729380491,0.,-18.6597189832402));
#10981=CARTESIAN_POINT('',(10.4649729380491,0.,-18.6597189832402));
#10982=CARTESIAN_POINT('',(-24.9389319660282,0.,-18.6597189832402));
#10983=CARTESIAN_POINT('',(10.4649729380491,0.,-18.6597189832402));
#10984=CARTESIAN_POINT('Origin',(10.4649729380491,0.,-16.6651177881942));
#10985=CARTESIAN_POINT('',(12.4595741330952,0.,-16.6651177881942));
#10986=CARTESIAN_POINT('Origin',(10.4649729380491,0.,-16.6651177881942));
#10987=CARTESIAN_POINT('',(12.4595741330952,0.,-16.6651177881942));
#10988=CARTESIAN_POINT('Origin',(12.4595741330952,0.,4.27819412572286));
#10989=CARTESIAN_POINT('',(12.4595741330952,0.,4.27819412572286));
#10990=CARTESIAN_POINT('',(12.4595741330952,0.,-16.6651177881942));
#10991=CARTESIAN_POINT('',(12.4595741330952,0.,4.27819412572286));
#10992=CARTESIAN_POINT('Origin',(10.4649729380491,0.,4.27819412572287));
#10993=CARTESIAN_POINT('',(10.4649729380491,0.,6.27279532076893));
#10994=CARTESIAN_POINT('Origin',(10.4649729380491,0.,4.27819412572287));
#10995=CARTESIAN_POINT('',(10.4649729380491,0.,6.27279532076893));
#10996=CARTESIAN_POINT('Origin',(-24.9389319660282,0.,6.27279532076893));
#10997=CARTESIAN_POINT('',(-24.9389319660282,0.,6.27279532076893));
#10998=CARTESIAN_POINT('',(-24.9389319660282,0.,6.27279532076893));
#10999=CARTESIAN_POINT('',(-24.9389319660282,0.,6.27279532076893));
#11000=CARTESIAN_POINT('Origin',(-24.9389319660282,0.,4.27819412572287));
#11001=CARTESIAN_POINT('',(-26.9335331610742,0.,4.27819412572287));
#11002=CARTESIAN_POINT('Origin',(-24.9389319660282,0.,4.27819412572287));
#11003=CARTESIAN_POINT('',(-26.9335331610742,0.,4.27819412572287));
#11004=CARTESIAN_POINT('Origin',(-26.9335331610742,0.,3.09569534289931));
#11005=CARTESIAN_POINT('',(-26.9335331610742,0.,3.09569534289931));
#11006=CARTESIAN_POINT('',(-26.9335331610742,0.,4.27819412572287));
#11007=CARTESIAN_POINT('',(-26.9335331610742,0.,3.09569534289931));
#11008=CARTESIAN_POINT('Origin',(-27.4321834598357,0.,3.09569534289931));
#11009=CARTESIAN_POINT('',(-27.9308337585972,0.,3.09569534289931));
#11010=CARTESIAN_POINT('Origin',(-27.4321834598357,0.,3.09569534289931));
#11011=CARTESIAN_POINT('',(-27.9308337585972,0.,3.09569534289931));
#11012=CARTESIAN_POINT('Origin',(-27.9308337585972,0.,4.27819412572287));
#11013=CARTESIAN_POINT('',(-27.9308337585972,0.,4.27819412572287));
#11014=CARTESIAN_POINT('',(-27.9308337585972,0.,3.09569534289931));
#11015=CARTESIAN_POINT('',(-27.9308337585972,0.,4.27819412572287));
#11016=CARTESIAN_POINT('Origin',(-29.9254349536433,0.,4.27819412572287));
#11017=CARTESIAN_POINT('',(-29.9254349536433,0.,6.27279532076893));
#11018=CARTESIAN_POINT('Origin',(-29.9254349536433,0.,4.27819412572287));
#11019=CARTESIAN_POINT('',(-29.9254349536433,0.,6.27279532076893));
#11020=CARTESIAN_POINT('Origin',(-43.3889930202042,0.,6.27279532076893));
#11021=CARTESIAN_POINT('',(-43.3889930202042,0.,6.27279532076893));
#11022=CARTESIAN_POINT('',(-29.9254349536433,0.,6.27279532076893));
#11023=CARTESIAN_POINT('',(-43.3889930202042,0.,6.27279532076893));
#11024=CARTESIAN_POINT('Origin',(-43.3889942883375,0.,4.27819412572326));
#11025=CARTESIAN_POINT('',(-45.3835954833836,0.,4.27819412572287));
#11026=CARTESIAN_POINT('Origin',(-43.3889942883375,0.,4.27819412572326));
#11027=CARTESIAN_POINT('',(-45.3835954833836,0.,4.27819412572287));
#11028=CARTESIAN_POINT('Origin',(-45.3835954833836,0.,-16.6651177881942));
#11029=CARTESIAN_POINT('',(-45.3835954833836,0.,-16.6651177881942));
#11030=CARTESIAN_POINT('',(-45.3835954833836,0.,4.27819412572287));
#11031=CARTESIAN_POINT('',(-45.3835954833836,0.,-16.6651177881942));
#11032=CARTESIAN_POINT('Origin',(-43.3889942883375,0.,-16.6651177881946));
#11033=CARTESIAN_POINT('',(-43.3889930202042,0.,-18.6597189832402));
#11034=CARTESIAN_POINT('Origin',(-43.3889942883375,0.,-16.6651177881946));
#11035=CARTESIAN_POINT('',(-43.3889930202042,0.,-18.6597189832402));
#11036=CARTESIAN_POINT('Origin',(-29.9254349536433,0.,-18.6597189832402));
#11037=CARTESIAN_POINT('',(-29.9254349536433,0.,-18.6597189832402));
#11038=CARTESIAN_POINT('',(-29.9254349536433,0.,-18.6597189832402));
#11039=CARTESIAN_POINT('',(-29.9254349536433,0.,-18.6597189832402));
#11040=CARTESIAN_POINT('Origin',(-29.9254349536433,0.,-16.6651177881942));
#11041=CARTESIAN_POINT('',(-27.9308337585972,0.,-16.6651177881942));
#11042=CARTESIAN_POINT('Origin',(-29.9254349536433,0.,-16.6651177881942));
#11043=CARTESIAN_POINT('',(-27.9308337585972,0.,-16.6651177881942));
#11044=CARTESIAN_POINT('Origin',(-27.9308337585972,0.,-15.4361438225852));
#11045=CARTESIAN_POINT('',(-27.9308337585972,0.,-15.4361438225852));
#11046=CARTESIAN_POINT('',(-27.9308337585972,0.,-15.4361438225852));
#11047=CARTESIAN_POINT('',(-27.9308337585972,0.,-15.4361438225852));
#11048=CARTESIAN_POINT('Origin',(-27.4321834598357,0.,-15.4361438225852));
#11049=CARTESIAN_POINT('',(-26.9335331610742,0.,-15.4361438225852));
#11050=CARTESIAN_POINT('Origin',(-27.4321834598357,0.,-15.4361438225852));
#11051=CARTESIAN_POINT('',(-26.9335331610742,0.,-15.4361438225852));
#11052=CARTESIAN_POINT('Origin',(-26.9335331610742,0.,-16.6651177881942));
#11053=CARTESIAN_POINT('',(-26.9335331610742,0.,-16.6651177881942));
#11054=CARTESIAN_POINT('Origin',(-16.4620106751442,0.,-6.19346183123564));
#11055=CARTESIAN_POINT('',(-42.4686920918155,1.66513610058625,-4.22049866579291));
#11056=CARTESIAN_POINT('',(-34.1840296670506,1.66513610058626,-4.22118246203301));
#11057=CARTESIAN_POINT('',(-34.1851913512446,1.66513610058633,-18.2957866017117));
#11058=CARTESIAN_POINT('',(-42.4698537760093,1.66513610058633,-18.2951028054716));
#11059=CARTESIAN_POINT('',(-24.3459167899757,1.66513610058629,-4.2219944763614));
#11060=CARTESIAN_POINT('',(-16.0612543652107,1.6651361005863,-4.22267827260149));
#11061=CARTESIAN_POINT('',(-16.0624160494047,1.66513610058636,-18.2972824122802));
#11062=CARTESIAN_POINT('',(-24.3470784741694,1.66513610058636,-18.2965986160401));
#11063=CARTESIAN_POINT('',(-5.61548480038815,-2.36270931634481,1.22246283961904));
#11064=CARTESIAN_POINT('',(-5.61548480038814,-2.35667185123456,-14.1966391569899));
#11065=UNCERTAINTY_MEASURE_WITH_UNIT(LENGTH_MEASURE(0.01),#11073,
'DISTANCE_ACCURACY_VALUE',
'Maximum model space distance between geometric entities at asserted c
onnectivities');
#11066=UNCERTAINTY_MEASURE_WITH_UNIT(LENGTH_MEASURE(0.01),#11073,
'DISTANCE_ACCURACY_VALUE',
'Maximum model space distance between geometric entities at asserted c
onnectivities');
#11067=UNCERTAINTY_MEASURE_WITH_UNIT(LENGTH_MEASURE(0.01),#11073,
'DISTANCE_ACCURACY_VALUE',
'Maximum model space distance between geometric entities at asserted c
onnectivities');
#11068=UNCERTAINTY_MEASURE_WITH_UNIT(LENGTH_MEASURE(0.01),#11073,
'DISTANCE_ACCURACY_VALUE',
'Maximum model space distance between geometric entities at asserted c
onnectivities');
#11069=(
GEOMETRIC_REPRESENTATION_CONTEXT(3)
GLOBAL_UNCERTAINTY_ASSIGNED_CONTEXT((#11065))
GLOBAL_UNIT_ASSIGNED_CONTEXT((#11073,#11075,#11076))
REPRESENTATION_CONTEXT('','3D')
);
#11070=(
GEOMETRIC_REPRESENTATION_CONTEXT(3)
GLOBAL_UNCERTAINTY_ASSIGNED_CONTEXT((#11066))
GLOBAL_UNIT_ASSIGNED_CONTEXT((#11073,#11075,#11076))
REPRESENTATION_CONTEXT('','3D')
);
#11071=(
GEOMETRIC_REPRESENTATION_CONTEXT(3)
GLOBAL_UNCERTAINTY_ASSIGNED_CONTEXT((#11067))
GLOBAL_UNIT_ASSIGNED_CONTEXT((#11073,#11075,#11076))
REPRESENTATION_CONTEXT('','3D')
);
#11072=(
GEOMETRIC_REPRESENTATION_CONTEXT(3)
GLOBAL_UNCERTAINTY_ASSIGNED_CONTEXT((#11068))
GLOBAL_UNIT_ASSIGNED_CONTEXT((#11073,#11075,#11076))
REPRESENTATION_CONTEXT('','3D')
);
#11073=(
LENGTH_UNIT()
NAMED_UNIT(*)
SI_UNIT(.MILLI.,.METRE.)
);
#11074=(
LENGTH_UNIT()
NAMED_UNIT(*)
SI_UNIT($,.METRE.)
);
#11075=(
NAMED_UNIT(*)
PLANE_ANGLE_UNIT()
SI_UNIT($,.RADIAN.)
);
#11076=(
NAMED_UNIT(*)
SI_UNIT($,.STERADIAN.)
SOLID_ANGLE_UNIT()
);
#11077=SHAPE_DEFINITION_REPRESENTATION(#11080,#11093);
#11078=SHAPE_DEFINITION_REPRESENTATION(#11081,#11094);
#11079=SHAPE_DEFINITION_REPRESENTATION(#11082,#11095);
#11080=PRODUCT_DEFINITION_SHAPE('',$,#11097);
#11081=PRODUCT_DEFINITION_SHAPE('',$,#11098);
#11082=PRODUCT_DEFINITION_SHAPE('',$,#11099);
#11083=PRODUCT_DEFINITION_SHAPE($,$,#41);
#11084=PRODUCT_DEFINITION_SHAPE($,$,#42);
#11085=PRODUCT_DEFINITION_SHAPE($,$,#43);
#11086=PRODUCT_DEFINITION_SHAPE($,$,#44);
#11087=PRODUCT_DEFINITION_SHAPE($,$,#45);
#11088=PRODUCT_DEFINITION_SHAPE($,$,#46);
#11089=PRODUCT_DEFINITION_SHAPE($,$,#47);
#11090=PRODUCT_DEFINITION_SHAPE($,$,#48);
#11091=PRODUCT_DEFINITION_SHAPE($,$,#49);
#11092=PRODUCT_DEFINITION_SHAPE($,$,#50);
#11093=SHAPE_REPRESENTATION('',(#6927,#7410,#7411,#7412,#7413,#7414,#7415,
#7416,#7417,#7418,#7419),#11069);
#11094=SHAPE_REPRESENTATION('',(#6928),#11070);
#11095=SHAPE_REPRESENTATION('',(#7067),#11071);
#11096=PRODUCT_DEFINITION_CONTEXT('part definition',#11107,'design');
#11097=PRODUCT_DEFINITION('Grove Shield for Seeeduino XIAO',
'Grove Shield for Seeeduino XIAO v3',#11100,#11096);
#11098=PRODUCT_DEFINITION('Grove Connector (standing)',
'Grove Connector (standing) v1',#11101,#11096);
#11099=PRODUCT_DEFINITION('FemaleHeader','FemaleHeader v1',#11102,#11096);
#11100=PRODUCT_DEFINITION_FORMATION('',$,#11109);
#11101=PRODUCT_DEFINITION_FORMATION('',$,#11110);
#11102=PRODUCT_DEFINITION_FORMATION('',$,#11111);
#11103=PRODUCT_RELATED_PRODUCT_CATEGORY(
'Grove Shield for Seeeduino XIAO v3',
'Grove Shield for Seeeduino XIAO v3',(#11109));
#11104=PRODUCT_RELATED_PRODUCT_CATEGORY('Grove Connector (standing) v1',
'Grove Connector (standing) v1',(#11110));
#11105=PRODUCT_RELATED_PRODUCT_CATEGORY('FemaleHeader v1',
'FemaleHeader v1',(#11111));
#11106=APPLICATION_PROTOCOL_DEFINITION('international standard',
'ap242_managed_model_based_3d_engineering',2011,#11107);
#11107=APPLICATION_CONTEXT('Managed model based 3d engineering');
#11108=PRODUCT_CONTEXT('part definition',#11107,'mechanical');
#11109=PRODUCT('Grove Shield for Seeeduino XIAO',
'Grove Shield for Seeeduino XIAO v3',$,(#11108));
#11110=PRODUCT('Grove Connector (standing)',
'Grove Connector (standing) v1','STEP AP214',(#11108));
#11111=PRODUCT('FemaleHeader','FemaleHeader v1','STEP AP214',(#11108));
#11112=PRESENTATION_STYLE_ASSIGNMENT((#11118));
#11113=PRESENTATION_STYLE_ASSIGNMENT((#11119));
#11114=PRESENTATION_STYLE_ASSIGNMENT((#11120));
#11115=PRESENTATION_STYLE_ASSIGNMENT((#11121));
#11116=PRESENTATION_STYLE_ASSIGNMENT((#11122));
#11117=PRESENTATION_STYLE_ASSIGNMENT((#11123));
#11118=SURFACE_STYLE_USAGE(.BOTH.,#11124);
#11119=SURFACE_STYLE_USAGE(.BOTH.,#11125);
#11120=SURFACE_STYLE_USAGE(.BOTH.,#11126);
#11121=SURFACE_STYLE_USAGE(.BOTH.,#11127);
#11122=SURFACE_STYLE_USAGE(.BOTH.,#11128);
#11123=SURFACE_STYLE_USAGE(.BOTH.,#11129);
#11124=SURFACE_SIDE_STYLE('',(#11130));
#11125=SURFACE_SIDE_STYLE('',(#11131));
#11126=SURFACE_SIDE_STYLE('',(#11132));
#11127=SURFACE_SIDE_STYLE('',(#11133));
#11128=SURFACE_SIDE_STYLE('',(#11134));
#11129=SURFACE_SIDE_STYLE('',(#11135));
#11130=SURFACE_STYLE_FILL_AREA(#11136);
#11131=SURFACE_STYLE_FILL_AREA(#11137);
#11132=SURFACE_STYLE_FILL_AREA(#11138);
#11133=SURFACE_STYLE_FILL_AREA(#11139);
#11134=SURFACE_STYLE_FILL_AREA(#11140);
#11135=SURFACE_STYLE_FILL_AREA(#11141);
#11136=FILL_AREA_STYLE('Steel - Satin',(#11142));
#11137=FILL_AREA_STYLE('Opaque(76,76,76)',(#11143));
#11138=FILL_AREA_STYLE('Gold - Polished',(#11144));
#11139=FILL_AREA_STYLE('Opaque(202,209,238)',(#11145));
#11140=FILL_AREA_STYLE('Opaque(255,255,255)',(#11146));
#11141=FILL_AREA_STYLE('Opaque(229,235,237)',(#11147));
#11142=FILL_AREA_STYLE_COLOUR('Steel - Satin',#11148);
#11143=FILL_AREA_STYLE_COLOUR('Opaque(76,76,76)',#11149);
#11144=FILL_AREA_STYLE_COLOUR('Gold - Polished',#11150);
#11145=FILL_AREA_STYLE_COLOUR('Opaque(202,209,238)',#11151);
#11146=FILL_AREA_STYLE_COLOUR('Opaque(255,255,255)',#11152);
#11147=FILL_AREA_STYLE_COLOUR('Opaque(229,235,237)',#11153);
#11148=COLOUR_RGB('Steel - Satin',0.627450980392157,0.627450980392157,0.627450980392157);
#11149=COLOUR_RGB('Opaque(76,76,76)',0.298039215686275,0.298039215686275,
0.298039215686275);
#11150=COLOUR_RGB('Gold - Polished',0.956862745098039,0.898039215686275,
0.654901960784314);
#11151=COLOUR_RGB('Opaque(202,209,238)',0.792156862745098,0.819607843137255,
0.933333333333333);
#11152=COLOUR_RGB('Opaque(255,255,255)',1.,1.,1.);
#11153=COLOUR_RGB('Opaque(229,235,237)',0.898039215686275,0.92156862745098,
0.929411764705882);
ENDSEC;
END-ISO-10303-21;
